{"charger": {"N1": {"/r/RelatedTo": ["chargerless", "firearm", "underplate", "magazine", "cavalry", "destrier", "trooper", "battery booster", "courser", "charge", "speedloader", "power supply", "rechargeable", "decollation", "recharge", "service plate", "unit", "chargers", "load", "cartridge"], "/r/UsedFor": [], "/r/LocatedAt": [], "/r/FormOf": ["chargers"], "/r/IsA": [" animalwarhorse animal", " artifactdevice artifact"], "/r/PartOf": [], "/r/HasA": [], "/r/CapableOf": ["charge battery"], "/r/AtLocation": [], "/r/HasProperty": [], "/r/CreatedBy": [], "/r/Synonym": ["battery charger artifact", "courser animal", "speed loader", "stripper clip"], "/r/LocatedNear": [], "/r/SimilarTo": [], "/r/MadeOf": [], "/r/ReceivesAction": []}, "N2": {"/r/RelatedTo": {"/r/RelatedTo": [["abattery", "acharger"], ["gu", "rifle", "45", "muzzleloader", "percussion", "lead", "snap", "windage", "charge", "straight pull", "small arms", "lead poisoning", "sleeve gun", "s w", "get drop on", "firelock", "wall hanger", "chip shot", "barretta", "gunshot", "paltik", "pepperbox", "shoot from hip", "snaphance", "gunsmith", "matchlock", "rimfire", "pull through", "speedloader", "powerhead", "smoke pole", "repeating", "harquebus", "cartridge belt", "calibre", "rangemaster", "shooting", "recoil pad", "breech pin", "muzzle brake", "ruger", "leade", "long gun", "aho", "hand cannon", "hair trigger", "gun control", "backsight", "gun lobby", "gut shoot", "load", "noob tube", "recoil", "shooting iron", "flintlock", "eat one's gun", "pistol grip", "running fire", "rechamber", "hold fire", "stripper clip", "magnum", "under fire", "discharger", "subcaliber", "gunpoint", "autoloader", "suicide by cop", "sporterize", "blunderbuss", "right to keep and bear arms", "open carry", "picatinny rail", "firearms", "suppressor", "shell", "burst", "ventilate", "gunpowder empire", "escopet", "semi automatic", "foregrip", "hose", "ammo belt", "flash suppressor", "percussion cap", "tracer", "bear banger", "ramrod", "projectile", "rolling block", "shootist", "shooter", "target", "field strip", "matching numbers", "sight radius", "microstamp", "pop gun", "worm", "elephant gun", "crosshairs", "bullet", "magazine", "fire off", "breechloader", "charger", "marksman", "peabody action", "trigger happy", "powder burn", "bolt action", "underlug", "barrel shroud", "nut behind bolt", "leaf sight", "concealed carry", "gun sock", "musketoon", "muzzle blast", "fusillade", "strelets", "port arms", "slamfire", "rem", "gun do v", "sporter", "antifirearm", "ventwikten 1", "markswoman", "gun paper", "antifirearms", "needle gun", "chambering", "zero", "musket", "machine gun", "retractor", "arquebus", "assault weapon", "obturation", "trigger finger", "pot shot", "gunplay", "22", "bullet hole", "fermeture", "ballproof", "hardware", "lacking", "organ gun", "handloading", "speed loader", "microstamping"], ["underplates", "tectonic", "lock", "mortice", "charger", "plate", "underplating"], ["article", "cover", "periodical", "book", "glossy", "city", "stripper clip", "automatic rifle", "pulp magazine", "magalogue", "nonmagazine", "derringer", "lad mag", "fanzine", "jazz mag", "house organ", "playmate", "reading material", "teenzine", "clubzine", "make up artist", "promag", "frontispiece", "type in", "voguette", "newsmagazine", "filler", "insert", "dog ear", "magazinist", "cyberzine", "covermount", "cover girl", "center spread", "lightroom", "centerfold", "publicatio", "thompson submachine gun", "adverticle", "stove", "platform", "illustrator", "bookazine", "contributor", "organ", "country", "back number", "newsstand", "stfzine", "comic book", "webmag", "fold", "academic", "tell all", "baquote", "newstrade", "coffee table", "magazineless", "canterbury", "columnist", "spread", "magazinelike", "armamentary", "charger", "contemporary", "district", "desk rejection", "welrod", "webzine", "syndicated", "store", "multimagazine", "magazineland", "biblezine", "trade magazine", "staggers and naggers", "catalogue", "dinkus", "center", "vogue", "e magazine", "tv guide", "property porn", "newsagent", "photo romance", "battery", "speed loader", "powder monkey", "newsroom", "natural product", "blogzine", "catazine", "e version", "fanmag", "partwork", "decoupage", "tit mag", "supply", "litmag", "magaziner", "prozine", "hate read", "carrier", "ammunitio", "bacover", "polybag", "horrorzine", "impressum", "pictorial", "modesty bag", "top shelf", "storehouse", "subscribe", "copy", "coverline", "barbette", "e zine", "round", "reservoir", "pass box", "girlie magazine", "shop", "chamber", "speedloader", "stfanzine", "marketing", "back issue", "magazining", "rocket pod", "playboy", "pulp", "gatefold", "headline", "journal", "news correspondent", "firearm", "back page", "porno mag", "printed matter", "journalese", "typesetting", "flexi disc", "small ad", "camera", "news", "issue", "fashio"], ["roughrider", "hypaspist", "cavalrywoman", "sabretache", "melee", "ironside", "cavalier", "chapka", "reiter", "horse soldier", "silladar", "capeline", "peterloo", "cavalryman", "naginata", "trooper", "warhorse", "troop", "legion", "uhlan", "shabrack", "rissaldar", "sarissophoros", "cheval de frise", "cavalries", "selictar", "purchase system", "prodromos", "yeomanry", "rittmaster", "mechanized cavalry", "infantry", "man at arms", "chevauchee", "light horseman", "cuirassier", "iron fist", "ressala", "charger", "cossack", "serrefile", "lancer", "hippeus", "horse", "middle ages", "heavy cavalry"], ["warhorse", "destriers", "charger"], ["vjob", "ginete", "state trooper", "stoicism", "ironside", "policema", "mounted", "statie", "commando", "troupe", "vwork", "cavalry", "charger", "vcomplaint", "vunpleasant", "armour", "vsteadily", "persistence", "rodelero", "troopship", "troopers", "soldier", "tpr"], [], ["stone", "racehorse", "species", "building", "hunter", "bird", "glareolid", "dog", "cursorius", "course", "coursing", "charger", "glareolidae", "swiftfoot", "coursers", "blood"], ["credit", "tax", "card", "credit card", "bill", "captai", "chief", "battery", "payment", "assess", "chargee", "responsibility", "forecharge", "complain", "bengal tiger", "overcharge", "agistment", "cartridge", "purge", "accosted", "ion", "sem\u00e9", "milking booster", "chargelessness", "holding charge", "indict", "praemunire facias", "vdischarge", "carriage", "conduction band", "discharge", "structural formula", "accusation", "pay per view", "replenisher", "anchor", "dianion", "nucleophile", "enjoin", "fireball", "ladle", "vload", "izori", "supercharge", "pelletron", "charity stamp", "pipage", "farad", "cyanocarbon acid", "electrode", "vduty", "delf", "electropolar", "indictment", "hellbox", "comic strip", "jacket", "isoionic", "vcargo", "vformal", "load", "polynegative", "accuse", "undercharge", "vresponsibility", "forward", "vigorish", "supercation", "goutte", "accusatio", "mancheron", "midcharge", "guilty", "z boson", "thistle", "cpt symmetry", "vimpute", "thunderbolt", "smift", "run", "monoion", "tachiai", "polyanion", "cc ram", "antidot", "electrophoresis", "label", "vcombat", "amperage", "polycation", "contrafield", "vcrime", "interfretted", "mass spectrometry", "chargeless", "affirmative defense", "person of interest", "delation", "crutter", "presymmetry", "coulomb attraction", "in charge", "antiproton", "vquick", "terminal", "delate", "multiplet", "postage meter", "misentry", "lathicharge", "tauon", "multipole", "action", "monoanion", "muon neutrino", "burde", "vascribe", "gratis", "porterage", "vidicon", "screening constant", "zwitterion", "towage", "alkalide", "charging", "trickle charger", "portcullis", "vaccount", "vdebit", "static electricity", "active matrix", "harp", "net earnings", "interest rate", "electric charge", "oxidize", "dipositive"], ["charger", "firearm", "magazine", "mechanism", "reloader", "turboload", "load", "ammunitio"], [], ["lithium ion battery", "acharger", "recharged", "abattery", "solar battery", "device", "nicad", "rechargeability", "rechargeables", "arecharge", "storage cell", "battery electric vehicle", "amains", "aelectricity"], ["decollate", "festival", "charger", "behead", "act", "decapitatio", "picture"], ["voltaic cell", "vinvigorate", "vammunitio", "charge up", "velectric", "vconsumed", "repeating", "vreload", "water", "vaquifer", "vbattery", "rechargeable", "vrevitalize", "charger", "percolated", "vcharge", "vattack", "vgu", "aquifer", "vwater", "vaccuse", "vpower", "reload"], [], ["degree", "cell", "measurement", "hour", "minute", "inch", "single", "measure", "cent", "dollar", "family", "atom", "month", "drop", "word", "note", "stitch", "one", "step", "page", "bone", "class", "gallo", "piece", "number", "department", "letter", "mile", "group", "military", "item", "year", "day", "zettabit", "mapped", "chinese mile", "microdyne", "fanegada", "scoville heat unit", "macrostem", "deca", "litre", "townland", "submorpheme", "ground mobile force", "spesmilo", "carry", "adenomere", "delta force", "millimeter of mercury", "picoelectronvolt", "de moivre number", "drachm", "jugerum", "cyberunit", "pausa", "hypaspist", "yuan", "croupier stick", "sesquiterpene", "watt hour", "fening", "methylene", "age", "microunit", "specific volume", "kandak", "yojana", "japanese foot", "darcy", "authority", "seah", "foot ton", "intelligence", "pico", "cheki", "ideologeme", "fother", "morphon", "borough", "square metre", "microcandela", "ccu", "metrete", "nanobarn", "dalton", "geewikten 3", "troland", "microlitre", "doliawikten 2", "mancus", "decimole", "international unit", "imagen", "megadyne", "paleontologic", "spark spread", "disassociate", "microrad", "kilodyne", "zolotnik", "dol", "hemiterpene", "short ton", "derived unit", "rottolo", "singularity", "nuclear family", "coulomb's constant", "detailed", "megalerg", "microweber", "superpartient", "stradiot", "candareen", "winchester measure", "kiloword", "dot and carry", "mega", "foot lambert", "j", "legion", "ceneme", "sentai", "pastoral charge", "click chemistry", "qafiz", "quantification", "linear metre", "leapfrog", "kilohertz", "phoneme", "plereme", "distinctive", "ionic", "ploughgate", "cataphora", "strelets", "centistoke", "bottom up", "interunit", "centavo", "qubit", "task force", "bedeer", "d\u00e9partement", "rad", "kilostere", "pack year", "gilbert", "float", "call sign", "siloxane", "milli", "trichofolliculoma", "semeion", "nanosiemens", "subdivisio", "mounted police", "chinese foot", "grammeme", "dramwikten 1", "xenno", "natural unit", "whole number", "phratry", "biomotif", "radical", "deci", "feudal rush", "arcminute", "sarkar", "picobarn", "cubic centimetre", "electricity meter", "ad", "poncelet", "gigadalton", "tesla", "chereme", "yocto", "issued", "kilodalton", "electromagnetic unit", "gigarad", "lump", "dyne", "outfit", "cicu", "triple goddess", "meme", "oka", "kilorad", "virelai", "nine", "unit of issue", "plethron", "dunam", "initial", "order of battle", "byte", "texteme", "microgray", "kilowatt hour", "kiloelectronvolt", "peso", "dominant", "microarcsecond", "shotai", "megacoulomb", "car mile", "three", "volt ampere", "gallon", "microjansky", "avoirdupois pound", "modius", "parental unit", "board foot", "phonon", "ab", "takt time", "mithqal", "horsepower", "fluid measure", "tumen", "microgauss", "metrical foot", "electric potential", "fourrag\u00e8re", "against world", "exabyte", "chroneme", "overwatch", "italian mile", "specific energy", "top do a", "entity", "body of work", "tenthmeter", "iraimbilanja", "synchrophasor", "degree celsius", "photwikten 1", "myofibril", "origi", "triterpene", "levanase", "palaeobiocoenosis", "fragmentation", "nondimensionalize", "miner's inch", "ecosystem", "monoterpene", "nanoelectronvolt", "miniature", "zorkmid", "second string", "scolopidium", "serial number", "monophone", "touring company", "gigapascal", "hypermeasure", "troy grain", "standard", "rato", "kiloerg", "associate", "zerg", "picul", "facies", "phon", "magneton", "sector", "nanosyntax", "lithozone", "lexon", "active duty", "hyperbeat", "unit cost", "esterling", "formative", "dolor", "massifier", "stremma", "microlux", "fluid ounce", "megaselling", "kayser", "fireteam", "petrographic", "shore patrol", "extrametricality", "milliunit", "cartesian grid", "federacy", "micromho", "meter kilogram second", "fathom", "qudit", "unipositive", "nanohertz", "congius", "oikos", "cryobed", "selected reserve", "museme", "degree day", "fillrate", "sone", "milliarcsecond", "magnetic susceptibility", "nonindividuated", "millistere", "century", "millipolarization", "agate line", "solar mass", "insolation", "tetri", "jato", "biozone", "battalion", "nanobel", "microlearning", "epoch", "terawatt hour", "roster", "lot", "base unit", "piece work", "linear meter", "withgott effect", "kilounit", "wallbox", "fixture", "polyterpene", "megarad", "tablespoon", "millicurie", "troy pound", "fodder", "quincunx", "internet", "feddan", "gigapixel", "millisievert", "qirat", "forest", "hedon", "flipflash", "adjunctio", "unit of alcohol", "subatomic particle", "krebs cycle", "unitholder", "foot pound", "mobilizatio", "advance guard", "hoonwikten 3", "unition", "train mile", "rod", "raion", "imperial pint", "megaunit", "irish acre", "cup", "daalder", "troy weight", "subunitary", "microcurie", "deceleron", "rotolo", "shekel", "flashbar", "quantity", "medimnus", "maxwell", "cwt", "centilitre", "millijansky", "lispound", "sierpinski curve", "thermopane", "quasiregular", "muscle fiber", "apparent magnitude", "rhu", "wireless operator", "kiloroentgen", "qutrit", "hao", "foot", "turn around", "vdu", "degree rankine", "traffic mile", "field unit", "condominium", "death rate", "agrogorod", "str", "cap carbonate", "juger", "jow", "xenna", "unite", "millilambert", "millimho", "dipositive", "candlepower", "microelectronvolt", "millitorr", "linel", "database transaction", "reig", "stotin", "apartment", "false sharing", "spfa", "chapman code", "metric carat", "astrochronology", "unitholding", "svedberg", "berkovets", "identity functor", "charger", "gatra", "unitary state", "omer", "rock", "outerwikten 1", "milliweber", "millielectronvolt", "multiunit", "arcsecond", "milligray", "commanding officer", "poundal", "nondimensionalization", "pous", "unity", "household", "lone scout", "ampere hour", "kilo", "postfamilial", "microbarn", "medimnos", "comune", "electron volt", "cubic metre", "logogen", "kebele", "air wing", "cellulose", "riot police", "statfarad", "hecto", "plasome", "cubic yard", "rottol", "megawatt hour", "abcoulomb", "nicu", "vershok", "inverse", "picu", "zupa", "massively parallel", "petabit", "schoenus", "unitless", "camcorder", "teraelectron volt", "oneness", "module", "box set"], ["charger"], ["load bearing", "vadulterate", "demand", "onload", "shipment", "aeroelasticity", "gag", "loads", "disburden", "packwikten 1", "lader", "deflectometer", "loadable", "sheetfed", "modulus of rupture", "underload switch", "underloaded", "cigarette", "breechloader", "fodder", "low bridge", "relade", "loading", "vsecond base", "bag", "rowney", "fraught", "lading", "ship's days", "overcharge", "labourage", "underload", "charge", "encumber", "softload", "crotch chain", "vmagnetize", "wheelbarrow", "critical load", "goods yard", "overballast", "prepaging", "output rating", "vmunitio", "carrus", "powder", "vlead", "classloading", "revving", "cartload", "power", "inside work", "tramrail", "lumber", "toploading", "carthorse", "overlade", "let through", "dockworker", "loaded", "deflectometry", "vdata", "draft animal", "prime mover", "bipack", "nonloaded", "onerous", "trackmo", "electrical current", "ringer equivalence number", "sea blue histiocytosis", "picul", "loader", "static load", "loadeth", "ejaculatio", "goods station", "cigar", "load and go", "footplate", "port of call", "boxload", "poisson's ratio", "turboload", "draught animal", "shiralee", "unencumber", "vthird base", "superload", "safety factor", "hardpoint", "etl", "shell", "lazyload", "vweight", "peel strength", "carter", "jetsam", "firearm", "counterweight", "page fault", "crateload", "muzzleloader", "precambered", "wolff's law", "ballast", "weight do v", "overload", "autoload", "pull time", "gwall", "military load classification", "collar", "loadless", "banksman", "torque converter", "loading screen", "recoal", "uncharge", "prefetch", "vanload", "multiload", "reload", "prestressed concrete", "loadspace", "dumper", "force", "rutschblock", "design load", "headload", "vprogram", "monopile"], ["neck do v", "pass box", "cartouche", "cartridgeless", "cartridge pen", "brush pen", "video game console", "cartridge box", "blowback", "shoulder", "fireform", "bandolier", "calibre", "speed loader", "round shot", "casehead", "cassette", "cartridge ejector", "thirty", "casing", "reload", "retractor", "obturation", "shotshell", "read only memory", "boltface", "pinfire", "removable", "epinglette", "wildcat", "rom", "six shooter", "microstamping", "round", "microstamp", "primer", "shell", "cartridges", "vest buster", "rifled slug", "headshell", "belted magnum", "rimfire", "ink", "gunpowder", "seven shooter", "battery backed", "handloading", "software", "multicart", "multicartridge", "tone arm", "cartridgelike", "stripper clip", "cartridge belt", "propellant", "parabellum", "cylinder", "enclosure", "charge", "ammunitio", "repeater", "breechblock", "bullet", "cartomizer", "home computer", "gilding metal", "worm", "bear banger", "stringy floppy", "nitro express", "magnum", "extractor", "reprimer", "buckshot", "carrier", "centerfire", "flobert", "toner", "recapper", "charger", "pentop", "solid slug", "print"]], "/r/UsedFor": [[], ["killing", "killing people"], [], ["pass time"], [], [], [], [], [], ["battery artifact change"], [], [], [], [], [], [], [], [], [], []], "/r/LocatedAt": [[], [], [], [], [], [], [], [], [], [], [], [], [], [], [], [], [], [], [], []], "/r/FormOf": [[], ["firearms"], ["underplates", "underplated", "underplating"], ["magazines"], ["cavalries"], ["destriers"], ["troopering", "troopered", "troopers"], [], ["coursers"], ["chargeth"], ["speedloaders"], [], ["rechargeables"], ["decollations"], ["recharges", "recharging", "recharged"], [], ["units"], ["charger"], ["loading", "loadest", "loaded", "loads", "loaden"], ["cartridges", "cardridge"]], "/r/IsA": [[], ["autoloader artifact", "twenty two artifact", "muzzle loader artifact", " artifactgun artifact", "rifle artifact", "shotgun artifact", "smoothbore artifact", "repeating firearm artifact", "riot gun artifact", "pistol artifact", "rifle", "ranged weapo", "harquebus"], [], ["wired", "newsweek", "linux journal", "colour supplement communication communicatio", " artifactsupply chamber artifact", " communicatiopublication communicatio", "redbook", "pulp communication communicatio", "trade magazine communication communicatio", " artifactstorehouse artifact", "comic book communication communicatio", " grouppublisher group", " artifactproduct artifact", "book", "news magazine communication communicatio", " communicatiopress communicatio", "slick communication communicatio", "tecnology review", "educational magazine seriesopencycmagazine series", "news magazineopencycmagazine series", "time", "regional magazineopencycmagazine series", "opencycmagazine seriesperiodicalopencycperiodical series", "childrens magazineopencycmagazine series", "macworld", "journal", "opencycmagazine seriesconceptual work", "adult magazineopencycmagazine series", "political magazine", "mangaopencycmagazine series", "bridal magazine seriesopencycmagazine series", "international magazineopencycmagazine series", "comic book seriesopencycmagazine series", "fastcompany", "opencycmagazine copyperiodicalopencycperiodical copy", "gay and lesbian magazineopencycmagazine series", "svm", "online magazine seriesopencycmagazine series", "opencycmagazine issueperiodical issue", "comic bookopencycmagazine issue", "pornographic magazineopencycmagazine series", "qwpmagazine", "focuswpgerman magazine", "cashboxwpmagazine", "joywpmagazine", "restaurantwpmagazine", "sylphwpmagazine", "punchwpmagazine", "titanicwpmagazine", "ellewpmagazine", "forbes", "blenderwpmagazine", "pentaclewpmagazine", "tabulawpmagazine", "strad", "heavy metalwpmagazine", "panoramawpmagazine", "advocate", "gq", "new yorker", "vanity fairwpmagazine", "melodywpmagazine", "eggwpmagazine", "soundswpmagazine", "residentwpmagazine", "tenniswpmagazine", "shapewpmagazine", "closerwpmagazine", "edgewpmagazine", "black beltwpmagazine", "circuswpmagazine", "biswpmagazine", "blastwpmagazine", "hardcore gamer", "esquirewpmagazine", "searchlightwpmagazine", "glamourwpmagazine", "classic rockwpmagazine", "kisswpmagazine", "interzonewpmagazine", "ok", "acewpgames magazine", "counterpunch", "wiredwpmagazine", "bitchwpmagazine", "optionwpcar magazine", "vibewpmagazine", "seventeenwpjapanese magazine", "commonweal", "mojowpmagazine", "attitudewpmagazine", "outwpmagazine", "junewpmanga magazine", "uncutwpmagazine", "banzaiwpmagazine", "literary review", "trainswpmagazine", "timewpmagazine", "tv guide", "argosywpmagazine", "cheese", "organiserwpnewspaper", "cosmopolitanwpmagazine", "dessertwpmagazine", "wizardwpmagazine", "premierewpmagazine", "locuswpmagazine", "fortunewpmagazine", "sternwpmagazine", "rolling stone", "der spiegel", "vicewpmagazine", "casus belliwpmagazine", "wirewpmagazine", "arch", "playboy", "awake", "slamwpmagazine", "geowpmagazine", "avnwpmagazine", "knickerbocker", "guitar player", "total", "kickerwpsports magazine", "maxwpgerman magazine", "dungeonwpmagazine", "mbwpmagazine", "faustwpmagazine", "mademoisellewpmagazine", "crashwpmagazine", "punkwpmagazine", "mother joneswpmagazine", "popular science", "scientist", "lifewpmagazine", "ariawpmagazine", "trendswpbelgian magazine", "curvewpmagazine", "penthousewpmagazine", "surferwpmagazine", "playwpus magazine", "eveningwpmagazine", "billboardwpmagazine", "bravowpmagazine", "allurewpmagazine", "lala", "europewpmagazine", "developwpmagazine", "monoclewpmedia company", "hustler", "progressive", "chipwpmagazine", "wingswpmagazine", "white dwarfwpmagazine", "mandatewpmagazine", "peoplewpmagazine", "discoverwpmagazine", "playgirl", "watchtower", "incwpmagazine", "voguewpmagazine", "american renaissancewpmagazine", "boyzwpmagazine", "kerrang", "encounterwpmagazine", "flowerswpmagazine", "ecologist", "moneywpmagazine", "globuswpweekly", "varietywpmagazine", "cicerowpmagazine", "playwpuk magazine", "exclaim", "madwpmagazine", "omniwpmagazine", "emmawpmagazine", "old manwpmagazine", "princesswpmagazine", "red herringwpmagazine"], ["mechanized cavalry military", "squadron group military", " militarymilitary personnel military", "horse cavalry military", "camel cavalry group military", " militaryarmy unit military"], [], [" persopoliceman perso"], [], [" persohunter perso", "crocodile bird animal", " animalshorebird animal", "cream colored courser animal", " animalhunting dog animal"], ["service charge possession possessio", "porterage possession possessio", " possessiocost possessio", "water rate possession possessio", "stowage possession possessio", "fixed charge possession possessio", "accusation communication criminal law", "fleur de lis heraldry artifact", " actattack military", "tankage possession possessio", " artifactheraldry artifact", "negative charge phenomenon phenomeno", "surcharge possession possessio", "encumbrance possession tax", "depreciation charge possession possessio", " taxliabilities possessio", "undercharge artifact", "positive charge phenomenon phenomeno", "installation charge possession possessio", "postage possession possessio", "agio possession possessio", "electrostatic charge phenomenon phenomeno", "undercharge possession possessio", "presentment communication communicatio", "chevron artifact", "levy possession tax", "shot artifact", "demurrage possession possessio", "rate possession possessio", "annulet heraldry artifact", "carrying charge possession possessio", "fare possession possessio", " communicatiorequest communicatio", "rocket fuel substance artifact", "assessment possession tax", "ordinary heraldry artifact", " phenomenoelectrical phenomenon phenomeno", " criminal lawpleading law", "countercharge act", " persodependant perso", " artifactexplosive artifact", "overcharge possession possessio", "poundage possession possessio"], [], [], [], [], [], [], ["chain chemistry object", " grouporganization group", "combination group", "den group", "troop group", "family group", "couple physics object", "company group", " objectthing", " linkdefpart linkdef", "molecule physics object", "outfit group", "fifth column group", "administrative unit group", "member group", "team group", "working group", "crew group", " cognitiowhole cognitio", "one cognition cognitio", "task force group", "intensive care unit group", "political unit group", "klavern terrorism group", "side war group", "instrumentality group", "military unit group", "unit cell object", "gang group", "group chemistry object", "general delivery group", "abcoulomb", "farad", "weber"], [], ["overload artifact", " artifactelectrical device artifact", "dead load artifact", "millstone artifact", "burthen artifact", " artifactweight artifact", " quantityindefinite quantity", "live load artifact", " phenomenoelectrical power phenomeno", "trainload quantity", "fother", "truss", "fotmal", "cartload", "carrus", "wey"], [" artifactmodule artifact", "blank artifact", " artifactammunition artifact", "ball cartridge artifact", "ink cartridge artifact", "crystal pickup artifact", "tape cartridge artifact", "cartouche artifact", " artifactelectro acoustic transducer artifact", "ammunitio", "opencycvideo game cartridgeinformation storage device", "opencycvideo game cartridgemechanical device", "container product", "cartridge case"]], "/r/PartOf": [[], ["lock artifact", "firing pin artifact", "sights artifact"], [], ["center spread communication communicatio", "magazine article communication communicatio", " artifactcamera artifact", "feature communication communicatio"], [], [], [], [], [], [" criminal lawindictment communicatio"], [], [], [], [], [], [], ["part object"], [], [], [" artifactrecord player artifact", "bullet artifact", "stylus artifact"]], "/r/HasA": [[], [], [], ["articles", "pages", "pictures and text"], [], [], [], [], [], [], [], [], [], [], [], [], [], [], [], []], "/r/CapableOf": [[], [], [], ["reach readers", "out gay ma", "cover article"], [], [], [], [], [], [], [], [], [], [], [], [], [], [], [], []], "/r/AtLocation": [[], [], [], ["paper page", "advertisement", "library", "bed", "skin care article", "bullet", "table", "bookstore", "hair care article", "articles", "newsstand", "bus depot", "mailbox", "waiting room", "shop", "train statio", "mail", "adverts", "advertising panel", "rack", "colum"], ["horse"], [], [], [], [], ["huma"], [], [], [], [], [], [], [], [], [], []], "/r/HasProperty": [[], [], [], ["similar to book"], [], [], [], [], [], [], [], [], ["secondary batteries"], [], [], [], [], [], [], []], "/r/CreatedBy": [[], [], [], [], [], [], [], [], [], [], [], [], [], [], [], [], [], [], [], []], "/r/Synonym": [[], ["piece artifact", "small arm artifact", "gun", ""], [], ["powder store artifact", "powder magazine artifact", "mag communication communicatio", "magazine publisher group", "cartridge artifact", " artifactcartridge holder artifact", "periodical", "wpfirearmswpfirearms", ""], ["horse military", "horse cavalry military", "horse", ""], ["warhorse"], [" persocavalryman perso", "state trooper person perso", "troopship", "cavalryma", "survivor", "tanker", "zipperhead"], [], [" animalcharger animal"], ["electric charge phenomenon phenomeno", " actcare act", "bearing artifact", "bill possession possessio", "armorial bearing artifact", "saddle communication communicatio", "burden communication communicatio", "billing communication communicatio", "v contactload contact", "explosive charge artifact", "heraldic bearing artifact", "v emotioagitate emotio", "v socialappoint social", "v possessioconsign possessio", "file communication communicatio", " communicatioaccusation communicatio", "burster artifact", " psychoanalysiscathexis psychoanalysis", "point competition competitio", "bear do v competition competitio", " actmission act", "complaint criminal law", "lodge communication communicatio", "v motiotear motio", "bursting charge artifact", "v possessiocommit possessio", "accuse communication communicatio", " communicatiocommission communicatio", "level competition competitio", " feelingbang feeling", "v cognitioblame cognitio"], ["turboload"], [], [], ["beheading"], ["reload contact", "vunwind", "repower"], [], ["building block object", " whole", " quantityunit of measurement quantity", "social unit group", "credit", "identity element"], [], ["v changeadulterate change", "laden contact", " cognitioburden cognitio", "loading quantity", " artifactwarhead artifact", "loading artifact", "charge contact", " artifactcargo artifact", "burden artifact", " phenomenolode phenomeno", "lade contact", "load up contact", "lode", "clog", "fodder", "lot", "cumload", "cumwad", "fother", "carrus"], ["pickup artifact", " artifactmagazine artifact"]], "/r/LocatedNear": [[], [], [], [], [], [], [], [], [], [], [], [], [], [], [], [], [], [], [], []], "/r/SimilarTo": [[], ["arm"], [], [], ["elephantry"], [], ["uhla", "cuirassier", "cavalryman", "dragoon", "hussar", "yeoma", "cavalryma", "uhlan", "dragoo", "lancer"], [], [], [], [], [], ["reversible a ", "a reversible "], [], [], [], ["lump"], [], [], []], "/r/MadeOf": [[], [], [], [], [], [], [], [], [], [], [], [], [], [], [], [], [], [], [], []], "/r/ReceivesAction": [[], [], [], ["made out of paper"], [], [], [], [], [], [], [], [], [], [], [], [], [], [], [], []]}, "/r/UsedFor": {}, "/r/LocatedAt": {}, "/r/FormOf": {"/r/RelatedTo": [["charger"]], "/r/UsedFor": [[]], "/r/LocatedAt": [[]], "/r/FormOf": [["charger"]], "/r/IsA": [[]], "/r/PartOf": [[]], "/r/HasA": [[]], "/r/CapableOf": [[]], "/r/AtLocation": [[]], "/r/HasProperty": [[]], "/r/CreatedBy": [[]], "/r/Synonym": [[]], "/r/LocatedNear": [[]], "/r/SimilarTo": [[]], "/r/MadeOf": [[]], "/r/ReceivesAction": [[]]}, "/r/IsA": {"/r/RelatedTo": [[], []], "/r/UsedFor": [[], []], "/r/LocatedAt": [[], []], "/r/FormOf": [[], []], "/r/IsA": [[], []], "/r/PartOf": [[], []], "/r/HasA": [[], []], "/r/CapableOf": [[], []], "/r/AtLocation": [[], []], "/r/HasProperty": [[], []], "/r/CreatedBy": [[], []], "/r/Synonym": [[], []], "/r/LocatedNear": [[], []], "/r/SimilarTo": [[], []], "/r/MadeOf": [[], []], "/r/ReceivesAction": [[], []]}, "/r/PartOf": {}, "/r/HasA": {}, "/r/CapableOf": {"/r/RelatedTo": [[]], "/r/UsedFor": [[]], "/r/LocatedAt": [[]], "/r/FormOf": [[]], "/r/IsA": [[]], "/r/PartOf": [[]], "/r/HasA": [[]], "/r/CapableOf": [[]], "/r/AtLocation": [[]], "/r/HasProperty": [[]], "/r/CreatedBy": [[]], "/r/Synonym": [[]], "/r/LocatedNear": [[]], "/r/SimilarTo": [[]], "/r/MadeOf": [[]], "/r/ReceivesAction": [[]]}, "/r/AtLocation": {}, "/r/HasProperty": {}, "/r/CreatedBy": {}, "/r/Synonym": {"/r/RelatedTo": [[], [], [], []], "/r/UsedFor": [[], [], [], []], "/r/LocatedAt": [[], [], [], []], "/r/FormOf": [[], [], [], []], "/r/IsA": [[], [], [], []], "/r/PartOf": [[], [], [], []], "/r/HasA": [[], [], [], []], "/r/CapableOf": [[], [], [], []], "/r/AtLocation": [[], [], [], []], "/r/HasProperty": [[], [], [], []], "/r/CreatedBy": [[], [], [], []], "/r/Synonym": [[], [], [], []], "/r/LocatedNear": [[], [], [], []], "/r/SimilarTo": [[], [], [], []], "/r/MadeOf": [[], [], [], []], "/r/ReceivesAction": [[], [], [], []]}, "/r/LocatedNear": {}, "/r/SimilarTo": {}, "/r/MadeOf": {}, "/r/ReceivesAction": {}}}, "": {"N1": {"/r/RelatedTo": ["windowdoor", "worklabor", "butchermeat", "gallomeasure", "woundgash", "punishmentcrime and", "chickelaying", "thricerthree", "informed educated ", "closed obstructed ", "transpondianrightpondia", "mystifymystery", "audiovisualsaudiovisual"], "/r/UsedFor": ["flash artifactlight physics", "string bassplaying music"], "/r/LocatedAt": [], "/r/FormOf": ["air burstsair burst", "pot belliespot belly", "cross sectionscross sectio"], "/r/IsA": ["suburb locatioresidential district locatio", "western skink animalskink animal", "inertial mass physicsmass attribute", "leading man persoactor perso", "occasion timetime time", "tree toad animalfrog animal", "petaurista animalmammal genus animal", "torch singer persosinger perso", "drop arch artifactpointed artifact", "rottenstone substancelimestone substance", "scorpionfish animalscorpaenid animal", "temporary hookup artifactconnection artifact", "acrylic fiber substanceman made substance", "dependence statestate ", "overhand pitch actpitch baseball", "american spikenard plantsubshrub plant", "hedonist persosensualist perso", "homecoming actreunion act", "aldrovanda plantdicot genus plant", "ambystomatidae animalamphibian family animal", "assist ice hockeymaneuver act", "tithe barn artifactbarn artifact", "hypsometer artifactaltimeter artifact", "papyrus communicatiodocument communicatio", "cacodyl substancegroup chemistry", "penance actsacrament act", "rule of evidence lawrule communicatio", "usherette persousher perso", "hooks bodyhand body", "bilabial communicatiolabial consonant communicatio", "kurdish communicatioiranian communicatio", "theism cognitioreligion cognitio", "aristocrat persoleader perso", "bundesbank groupcentral bank group", "skirtform of female attire", "yardarm artifactend locatio", "supreme court lawfederal group"], "/r/PartOf": ["satachristian myth", "old testament communicatiobible communicatio", "styloid process bodytemporal bone body", "voider artifactbody armor artifact", "tower of london artifactlondon locatio"], "/r/HasA": ["baywater"], "/r/CapableOf": ["blanketscover bed", "chefbone chicke", "authorswrite books"], "/r/AtLocation": ["windowhouse", "dustcarpet", "action figuretoy department", "barbershopmall", "mouselab maze"], "/r/HasProperty": [], "/r/CreatedBy": [], "/r/Synonym": ["hawaiian honeycreeper animalhoneycreeper animal", "thing cognitiomatter cognitio", "dprk locationorth korea locatio", "gas tight air ", "get into possessioget in possessio", "west persocicily isabel fairfield perso", "sapindus drumondii plantwild china tree plant", "abls communicatiobachelor of arts in library science communicatio", "homburg artifactfedora artifact", "choking coil artifactchoke artifact", "sewerage artifactsewer artifact", "fish bowl stategoldfish state", "caddy golfcaddie golf", "moray eel animalmoray animal", "family zygnemataceae animalzygnemataceae animal", "severity attributeaustereness attribute", "hors d oeuvre foodhors food", "chukka artifactchukka boot artifact", "immunise competitioimmunize competitio", "kindling pointautoignition temperature", "corruptlyr corruptedlyr ", "lazy faineant ", "copernicia prunifera plantcarnauba plant", "log z's bodysleep body", "sworn pledged ", "palestine authority grouppalestine national group", "polyodon spathula animalpaddlefish animal", "linnaea borealis americana plantamerican twinflower plant", "stylise artstylize art", "thank youthank you very much", "infirm decrepit ", "uriniferous tubule bodynephron body", "passing actpassage act", "rio nunez coffee plantrobusta plant", "experimentation cognitioexperiment cognitio", "powerful knock do a ", "lichgate artifactlychgate artifact", "take advantage socialtrespass social", "pyrethrum plantpainted daisy plant", "take turns changealternate change", "water level locatiowaterline locatio", "fuddle stateclutter state", "insisting communicatioinsistence communicatio", "vibrate perceptioresonate perceptio", "viridity attributegreen attribute", "yarn dye changeimpress change", "balaenoptera borealis animalsei whale animal", "electron orbit locatioorbit locatio", "lillie persobeatrice perso"], "/r/LocatedNear": [], "/r/SimilarTo": ["large leafed leafy ", "captious critical ", "exaggerated increased ", "effective militaryoperational military", "tasty winey ", "fast breaking news article", "second rate inferior ", "disputatious argumentative ", "private nonpublic ", "coated glazed ", "free clear "], "/r/MadeOf": [], "/r/ReceivesAction": []}, "N2": {}}}