{"clean": {"N1": {"/r/RelatedTo": ["wash", "soap", "tidy", "a religion ", "antiseptic a ", "a religiopure ", "a decent ", "a tidy ", "pure a religio", "tidy a ", "a antiseptic ", "decent a ", "polish", "napki", "spotless", "neat", "air cleaner", "nonclean", "jet machine", "vrock", "purge", "housecleaner", "pressurewash", "dry erase", "spongeable", "ultraclean", "get out", "aalcohol", "detergent", "cleanaholic", "vneat", "clean as hound's tooth", "fluffer", "vdirectory", "do out", "clean slate", "aural toilet", "irrigate", "charlady", "vline", "saddle soap", "boot catcher", "scavenger", "polishing snake", "preeming", "vsweep", "aprotrusio", "overclean", "community service", "scrub up", "vbrush", "washen", "sponge out", "grunge", "antiseptic", "handwipe", "cleanup", "rfully", "snake", "ablutomania", "aimpurity", "sweep up", "hoewikten 1", "afall", "gold finder", "decrassify", "tomb sweeping day", "acool", "auninterrupted", "sweep", "swabber", "screenwash", "way cleaner", "aunmarked", "asexually transmitted disease", "catharize", "bust dust", "vwash", "vclear", "fullery", "clean and jerk", "put one's house in order", "mouthwash", "clean up", "tidy up", "sponge", "sincere", "vsca", "deterge", "purification", "scratchbrush", "cleaned", "vice", "self cleaning", "adamage", "apure", "pot walloper", "rub off", "adrug", "scrubdo ", "swab", "brush", "palimpsest", "renovated butter", "scouring", "bottlebrush", "cleanerwikten 1", "martinize", "asmooth"], "/r/UsedFor": ["cloth", "soap", "vent brush"], "/r/LocatedAt": [], "/r/FormOf": ["cleans", "cleanest", "cleaning"], "/r/IsA": ["opencyccleaning uo component semiconductor processingcleaning tool", "opencyccleaning uo component semiconductor processingsemiconductor processing tool chamber", "scrubberopencyccleaning uo component semiconductor processing", "dry cleanopencycdry cleaning uo component semiconductor processingopencyccleaning processing"], "/r/PartOf": [], "/r/HasA": [], "/r/CapableOf": ["hand sanitizer"], "/r/AtLocation": [], "/r/HasProperty": ["glass", "first class seating areas", "chalk board", "if wash hands"], "/r/CreatedBy": [], "/r/Synonym": ["r fairlyr ", "pick change", "uncontaminating a ", "a clean living ", "v contacthouseclean contact", "a sportsmanlike ", "strip contact", "plumr r ", "plumbr r ", "fair a ", "a blank ", " actclean and jerk act", "a uninfected ", "make clean contact", "v bodycleanse body", "a unclouded ", "unobjectionable a ", "clear a ", "fresh a ", "a neat ", "v chemistryscavenge chemistry", "legible", "athesaurus:clea"], "/r/LocatedNear": [], "/r/SimilarTo": ["a pristine ", "unaddicted a ", "a unqualified ", "a perfect ", "water washed a ", "scrubbed a ", "a complete ", "pure a ", "a water washed ", "dry cleaned a ", "a scrubbed ", "a antiseptic ", "halal islam religio", "pristine a ", "a cleanly ", "a easy ", "a legible ", "easy a ", "a pure ", "a unaddicted ", "cosher judaism religio", "a spick and span ", "a religiohalal islam", "unspotted a ", "a unused ", "a unspotted ", "a cleanable ", "perfect a ", "complete a ", "antiseptic a ", "unused a ", "a unarmed military", "cleanable a ", "spick and span a ", "unarmed military ", "a religiocosher judaism", "unsullied a ", "unqualified a ", "a dry cleaned ", "legible a ", "a unsullied ", "cleanly a "], "/r/MadeOf": [], "/r/ReceivesAction": []}, "N2": {"/r/RelatedTo": {"/r/RelatedTo": [["clea", "cleaning", "soap", "water", "actio", "clothes", "laundry", "cleanse", "vpurify", "bath", "hands", "dry", "bathe", "make clea", "make", "activity", "dishes", "launder", "bathing", "before", "rinse", "car", "shower", "soap water", "cleansing", "use", "before dry", "bushel", "washman", "frame", "welland", "washable", "handhole", "shampooer", "wash up", "backwasher", "steamie", "maundy", "washing day", "vliquid", "hairwashing", "spirit", "garden hose", "pope's head", "tramble", "tumbler washer", "scummings", "sperge", "batlet", "england", "washcloth", "nondrying", "washpan", "diaper pail", "ferment", "rewash", "clean sweep", "krupp process", "ablutomania", "shampoo", "bog", "washed", "face cloth", "hutch", "member", "dolly", "tying", "bluewash", "machine wash", "handwash", "hygienic", "dunder", "buddle", "freshen up", "lighting", "drainer", "bell process", "wince", "washbasin", "dish rack", "washing", "ghusl", "scrub up", "washer", "vmolte", "bottlewasher", "clean", "estuary", "car wash", "wort", "low wine", "awash", "lavage", "sluice", "nipter", "blade", "machine washable", "coat", "effect", "carpet washer", "laundrywoman", "wash dishes", "outscouring", "mandi", "metal", "scrub", "blanket bath", "cast up", "facecloth", "vwater", "washroom", "elute", "spit bath", "tin frame", "washes", "dishcloth", "washload", "mouthwash", "lavatory", "paintbrush", "beauty", "attack", "wake", "washbowl", "carwashing", "vsoluble", "rainwash", "lavement", "vrinse", "cowash", "vpig iro", "marsh", "sloosh", "lotion", "vdephosphorizatio", "overwash", "sheep silver", "molasses", "washday", "vconstituent", "do laundry", "cantharus", "litholapaxy", "have bath", "eyewater", "dishmop", "retrojection", "washproof", "singling", "rainwashed", "washt", "preservatio", "sinkroom"], ["cleaning", "bar", "washing", "cleaner", "shower", "detergent", "wash", "cleanser", "clea", "bubbles", "cleansing", "suds", "body", "agent", "material", "soap opera", "simple", "product", "bath", "bathroom", "washing bar", "cleaning bar", "hands", "lye", "cleaning agent", "sink", "bathing", "liquid", "cleaning product", "object", "item", "substance", "for cleaning", "hand", "lather", "phenethyl alcohol", "marine soap", "hydrotimetry", "soap scum", "tallow tree", "hand sanitizer", "fairy liquid", "chloroxylenol", "soapery", "ganna", "handwash", "shower gel", "superfatting", "potash", "brillo pad", "soaper", "oleic acid", "crotonine", "saponification", "pla", "tall oil", "bubble wand", "soaplesslyr", "hircic acid", "saaj", "soaproot", "money", "stearic acid", "hard water", "myristic acid", "unsoaped", "soapmaker", "anionic detergent", "coal tar", "soapflake", "lauric acid", "protocol", "saponify", "bribing", "assessment", "body wash", "glycerol", "soapy", "soaplessness", "lysol", "saponificatio", "amole", "shampoo", "molline", "pearlash", "synthetically", "arming", "ricinoleic acid", "windsor soap", "lion's leaf", "vflatter", "ricing", "sandsoap", "triclocarban", "saddle soap", "soapdish", "saponaceous", "syndet", "fat", "compo ration", "wash ball", "crutcher", "rapeseed oil", "saponifiable", "vwheedle", "soft water", "sodium stearate", "flattery", "seak", "salt", "micellar water", "objective", "complacent", "sodium hydroxide", "bubble bath", "subjective", "rinse", "soap bubble", "soaps", "tallow", "phoneidoscope", "soapless", "bile soap", "lipin", "nonsoap", "peruvian balsam", "soaplike", "fatty acid", "potassium carbonate", "handsoap", "soapmaking", "palmitic acid", "whale oil", "rebatch", "cleansing bar", "showers", "washing material", "opera", "wash with", "bathtub", "bubble", "bubbly", "cleaning item", "wash bar", "ivory", "square", "for washing", "used", "cleaning material", "in shower", "base", "rectangle", "cleaning thing", "sinks", "cleaning substance", "white", "bath bar", "dove", "washing hands", "water", "cleanliness", "bar cleaner", "power", "slippery", "cleanser bar", "wash hands", "aid", "bar detergent", "body cleaner", "sudsy", "getting clea", "getting", "tub", "body cleanser", "cleaning hands", "cleaning liquid", "bar of", "block", "washing liquid", "washing detergent", "cleaning supply", "supply", "used washing", "cleansing agent", "hand cleaner", "washing product", "washing item", "shower cleaner", "self", "cleaning self", "washing stuff", "stuff", "clean with", "with water", "daytime opera", "daytime", "solid", "aloe", "ski", "for bathing", "showering", "cleaning power", "bar cleanser", "smell", "ash", "cleansing material", "lye ash", "bar liquid", "bathtubs", "use", "washing ivory", "hand wash", "cleaning aid", "cleaning utensil", "utensil", "device", "bathing bar", "box", "white bar", "restroom", "processed fat", "processed", "cleaning block", "maker", "bath substance", "cheese", "rope", "on rope", "foam", "cleans body", "card deck", "deck", "card", "cleans", "cleaning ski"], ["clea", "a groomed ", "clean a ", "a clean ", "a fastidious ", "groomed a ", "fastidious a ", "neat", "aorder", "unmessy", "tidying", "cleanaholic", "well kept", "in order", "neatwikten 2", "presentable", "tatting", "pinafore", "reddwikten 1", "pe", "aappropriate", "tie up loose ends", "acomfortable", "orderly", "tidies", "nice as ninepence", "asatisfactory", "tidy up", "square away", "do out", "ornamental", "snappy", "remble", "aneatly", "tabletop", "kempt", "atidiness", "aoccasio", "tidilyr", "swamp out", "tidied", "acircumstances", "straighten out", "aarrangement", "chair", "clerklike", "vneate", "clean out", "atidily", "cleanup", "sofa", "declutter", "apple pie order", "well groomed", "neat as new pin", "wre", "clean", "container", "tidiness", "straighten up", "sort out", "by starts and leaps", "clean up", "stationery", "shipshape", "neat and", "organized", "cleanliness", "organize", "neat clea", "neat organized", "trim", "organizatio"], [], [], [], [], [], [], [], [], [], ["shine", "shiny", "shoes", "shoe", "shining", "wax", "nail", "make", "nationality", "cleaning", "rub", "furniture", "silver", "polite", "nails", "poland", "clea", "make shiny", "from poland", "cleaner", "buff", "warsaw", "paint", "sausage", "shoe shine", "shiner", "dyngus day", "malinowskian", "tripoli powder", "lechitic", "sand do v", "rouge", "ceresin", "dzierzynszczyzna", "glacial polish", "varnish polish", "refinement", "vpolish up", "rub up", "polished", "putty powder", "jeweller's rouge", "polishness", "cleanliness", "french polish", "sleek", "rabot", "burnish", "nail polish", "shoeshine boy", "polglish", "heelball", "wa\u0142\u0119sa", "\u0142ukasiewiczian", "carnauba", "repolish", "low prussian", "spodik", "polishability", "sejm", "tripoli", "polish up", "substance", "shoeshine girl", "diamond wheel", "unpolished", "vshine", "ozocerite", "re polonizing", "carnauba wax", "micropolish", "golabki", "furniture polish", "wharp", "locative case", "shoe polish", "polonized", "vocative case", "leather", "polonization", "spit and polish", "mazurka", "shoeblack", "unpolish", "marchlewszczyzna", "brush wheel", "polissoir", "vapply", "polishing slate", "rabat", "polishment", "polisht", "upper silesia", "paczki", "polonaise", "conradian", "grosz", "simonize", "pole", "samian stone", "polander", "yorkshire grit", "levigate", "inelegance", "vpolite", "lower silesian", "language", "mazurzenie", "uhlan", "speculum metal", "wikibooks:polish", "krakowiak", "krzyzaniak", "chinese magic mirror", "szlachcic", "overpolish", "emery", "polishing", "furbish", "bush hammer", "vshoe polish", "instrumental case", "roll latten", "znanieckian", "varsovienne", "starost", "glass", "vsmooth", "pan polish", "polonism", "goldwasser", "limation", "vernicose", "chinese wax", "chrusciki", "golumpki", "polishable", "vinterpolish", "abramsky", "lapidary", "vpolish off", "polishes", "supermirror", "polonize", "accomplish", "stove polish", "nugget", "placki", "plate powder", "executionism", "rywingate", "refine", "apoland", "beeswax", "grypsera", "polish remover"], [], ["clea", "aclea", "aimpeccable", "spotlessness", "spick and span", "scratchless", "ablemish", "taintless", "immaculate", "speckless", "spotlesslyr", "aexceptionally"], ["tidy", "clea", "cruelwikten 1", "ox", "feat", "genty", "licksome", "wikten 1geneat", "clean", "neatness", "nest", "scruffy", "awikten 2deductio", "toshy", "kempt", "well groomed", "tidy up", "overneat", "orderly", "sloppy", "awikten 2clea", "apple pie order", "concinnous", "deftlyr", "poignant", "jimp", "wikten 2researcher", "deft", "neats", "dapper", "spiffy", "clean cut", "well kept", "neato", "neatlyr", "taurylic acid", "anal", "awikten 2undiluted", "tippywikten 1", "groovywikten 2", "awikten 2contaminant", "set fair", "awikten 2unadulterated", "featous", "nice as ninepence", "schnapps", "gim", "shipshape", "straight", "trim", "perjink", "lautitious", "spruceness", "neaten", "make bed", "organize", "organizatio", "being", "being tidy", "cleanness", "very orderly", "very", "street", "and clea", "cool", "beneath", "cleanliness", "organized", "adjective", "serving", "alcohol", "serving alcohol"], [], ["aclea"], [], ["humanoid", "vulture", "demo"], ["vrid", "vresponsibility", "purging", "vbowel", "vburde", "chistka", "vclarify", "vclear", "vguilt", "purgative", "purged", "anticathartic", "purginglyr", "vsi", "physic", "vfree", "vcharge", "vcleanse", "vimputatio", "purgativelyr", "expurgation", "vsuspicio", "vdregs", "vcathartic", "bulimia", "vimpurity", "cleanse", "vmisdeed", "catharsis", "purgatory", "purgation", "purges", "expurgate", "vclea", "vthorough", "purgeable", "pantagogue"], ["clea", "clean house", "houseclea"], ["vclea", "vsurface", "vpressure washer", "varea"], [], ["aclea", "adamp", "asponge"], ["aclea"], [], [], ["soap", "surface active", "soap pad", "antiseptol", "detersive", "maltoside", "proteomicelle", "laundry ball", "foscholine", "micellar water", "abstergent", "spray bottle", "sulfonic acid", "liquitab", "stain remover", "nondetergent", "thonzonium", "mundificative", "detersiveness", "methylchloroisothiazolinone", "entsufon", "lithocholic acid", "dishpan hands", "detergence", "detergency", "taurochenodeoxycholic acid", "agent", "flotation", "cleaning", "aclea", "amphiphilic", "windex", "syndet", "amphipathic", "sodium hydroxide", "surfactant", "synthetic", "sugar soap", "sodium lauryl sulfate", "cleanser", "polyglucose", "phosphoric acid", "dimethylimidazole", "apower", "tetraacetylethylenediamine", "abluent", "sodium formate", "tyloxapol", "zwittergent", "etidronic acid", "savinase", "solubilize", "digitonin", "polyethylene glycol", "detergents", "nonylphenol", "glycochenodeoxycholic acid", "detergentless", "washing powder", "all", "gai", "tide", "bleach"], ["cleanliness", "clea", "tidy"], [], [], ["arouse", "publicize", "london underground", "clea", "fluffers", "promote", "track", "tunnel"], [], [], [], [], ["irrigator", "overirrigate", "catch meadow", "jantu", "vfarmland", "virrigatio", "reirrigate", "irrigablyr", "tappoon", "vwound", "vclea", "irrigating", "irrigates", "irriguous", "zanje", "vditch", "water", "irrigated", "pane", "subirrigate", "vpipe", "qasab", "underwater", "irrigable", "irrigatable", "virrigator", "underirrigate", "vfluid"], ["mrs mop", "house", "clea", "charladies", "office"], [], [], [], ["scavenge", "substance", "ascorbic acid", "remove", "impurities", "vscavenge", "solutio", "vrubbish", "cotto", "bioscavenger", "dimethylurea", "search", "animal", "air", "carrio", "decay", "consumer", "pariah dog", "vstreet", "rubbish", "pariah kite", "scavengers", "food", "benthocyanin", "mill", "feed", "vclea", "forager"], [], ["teasel", "clea", "cloth", "manufacture", "handle"], [], [], ["overcleans", "overcleaning", "vclea"], [], [], [], ["aclea"], [], ["filth", "grungy", "yarl", "postgrunge", "punk", "alternative rock", "metal", "cobainesque", "nu metal", "grunger", "dirt", "cobainiac", "clea", "subgenre", "protogrunge", "post grunge", "grungester", "scrunge", "grungelike", "filthy", "grubbiness", "sludge metal"], ["a healthful ", "germfree a ", "healthful a ", "a clean ", "clean a ", "a germfree ", "domiphen bromide", "kestin", "aantiseptics", "sepsis", "tcp", "phenol", "boroglyceride", "antisepticallyr", "hexamidine", "iodine", "nitromersol", "picloxydine", "antiseptol", "propamidine", "antibacterial", "aminacrine", "phenetsal", "abowdlerized", "merbromin", "trichlorophenylmethyliodosalicyl", "hospital soap", "alphol", "inhibit", "iodozone", "antisepsis", "aclea", "amicrobial", "aminoacridine", "calumba", "ainfectio", "savlon", "salol camphor", "chloramine t", "listerism", "bipp", "chlorhexidine", "airol", "chloralum", "antiseptics", "boral", "ethacridine lactate", "lugol's iodine", "benzonaphthol", "boroglycerin", "policresulin", "dibrompropamidine", "biclotymol", "aminol", "microorganism", "thymol", "helmitol", "substance", "amylmetacresol", "betadine", "trinitrocresol", "aaseptic", "anisic acid", "resorcinol", "gallacetophenone", "thimerasol", "ambazone", "chloramine", "lysol", "hexylresorcinol", "growth", "antiputrescent", "bromol", "surgical spirit", "iodoform", "argentamine", "polyhexanide", "disinfectants", "antiputrefactive", "hydrogen peroxide", "thiomersal", "zean", "acrinol", "tibezonium", "chloraseptic", "apreventing", "antibiotic", "aunpleasantness", "cetylpyridinium chloride", "benzosol", "listerize", "listerian", "aseptic", "aantisepsis", "dodecanedioic acid", "benzethonium chloride", "argyrol", "antisepticism", "chlorophenol", "cetrimide", "picric acid", "boric acid", "trichloroacetic acid", "laminaribiose", "domiphen", "ethacridine", "polynoxylin", "metacresol", "alexidine", "policresulen", "salufer", "antisepticize", "reproductio", "antibiotics", "benzoxonium chloride", "sulfur soap", "asanitized"], ["towelette", "clea", "moist", "hand"], ["cleanups", "dust out", "tidy", "clea", "shoot one in sink", "seeing to", "spillionaire", "batting order", "cleanup hitter", "clean up", "cleanliness"], [], ["pytho", "river", "poiso", "dugite", "snakes", "galatrox", "naja", "king bro ", "snakeline", "reptilase", "ophiology", "crayfish snake", "skaapsteker", "ophio", "amphiesmal", "pterapophysis", "ularburong", "madtsoiid", "anaconda", "lenormand", "textilotoxin", "snek", "no legged", "ophiomorphic", "sauro", "mamba", "serpentigenous", "colubrine", "serpenticide", "roller", "roughtail", "ophiolater", "mongoose", "ophiophobia", "tributary", "ophidiarium", "ophidian", "slithery", "many banded krait", "venomization", "joint snake", "aglyph", "viper", "auger", "graveldiver", "vwind", "opisthoglyph", "booid", "eyecap", "teprotide", "patchnose snake", "beadsnake", "vertebral", "alethinophidian", "snakeskin", "big bend patchnose snake", "chinese dragon", "computer game", "kingsnake", "hemocoagulase", "internasal", "brille", "macrostomatan", "hypo", "snake oil", "spectacle", "chicken snake", "lachesis", "green snake", "textilinin", "racer", "botrocetin", "snakish", "copperhead", "thunder snake", "caenophidian", "hiss", "ophiolatry", "shesha", "snakes and ladders", "grass snake", "caecilian", "snaky", "thunderworm", "jararaca", "falx", "garter snake", "snakeproof", "venomoid", "python", "colubrid", "mobile phone", "ophid", "zombie", "gastrostege", "tool", "snaking", "colubriform", "cobra", "shieldtail", "vclea", "striped whipsnake", "cobra de capello", "blind snake", "black turtle", "anguiform", "ophiophobic", "eastern indigo snake", "three step snake", "tiger snake", "thread snake", "venin", "legless", "convulxin", "keelback", "lizard", "chin shield", "slytherin", "vicrostatin", "splenopancreas", "anguinous", "black mamba", "dorsal", "urostege", "milk snake", "krait", "serpens", "preventral", "pit viper", "chutter", "b\u00e9zier curve", "serpentes", "crotalase", "elapid", "snakewiser", "parrot snake", "pine woods snake", "tetrapod", "ophite", "parietal", "snakedom", "hypomelanistic", "joe blake", "sea krait", "reptile", "ventral", "gwarda", "snakemeat", "aspis", "habu", "treacherous", "scarlet snake", "snakelet", "ophiophage", "sss", "boa constrictor", "vmove", "hornsnake", "bungarum", "proteroglyph", "serpent", "theriac", "canthal", "penis", "hognose snake", "xenotyphlopid", "ophidiophobia", "snaked", "mamlambo", "lamprophiid", "cantil", "ophicephalous", "united states", "snakehood", "water snake", "venome"], ["ablutio", "preoccupatio", "ablutomanias", "wash", "clea", "bathing"], [], [], [], [], [], ["vclea"], [], [], [], ["swath", "sweep up", "sweepable", "overrake", "oversweep", "subfamily", "kyphosid", "varc", "steer", "vstone", "vdraw", "street sweeper", "sweeper", "scovel", "horizontal", "mould", "windmill", "turk's head", "sweeped", "upsweep", "clean", "vthoroughly", "rectilinear", "roadsweeper", "movable", "sweep out", "clear out", "vclea", "headland", "rasante", "multisweep", "surf boat", "oropesa", "sweep away", "vabruptly", "scrub", "vcurl", "vmethodically", "fulcrum", "sweeplike", "templet", "tracking shot", "roundhouse", "sway", "sweeps", "searchlight", "rake off", "crossing sweeper", "chimney sweep", "swape", "vdefeat", "sweepage", "vremove", "vquickly", "random", "blade", "bisweptual", "sweepy", "sweepboat", "bug", "takedo ", "search", "shot", "lottery", "oar", "vbroom", "vlose", "throw", "vsearch", "kneeling", "point", "sweeping", "casino", "swoop", "dragon boat", "vhorizontal", "ensweep", "swept", "vbrush", "batsma", "vseries", "raff", "methodical", "may day sweep", "swipe", "push broom", "vice", "besom", "flick", "vwi", "broom", "actio", "broom actio", "cleaning", "motio", "tidying", "clearing motio", "clearing"], ["implement", "whist", "british", "card", "baker", "warship", "clea", "floor", "officer", "swab", "ove", "deck", "bet"], ["windscree", "vsediment", "fluid", "clea", "vbox", "windshield washer fluid", "vsift", "vmicrofossil"], [], [], [], ["vpurify", "vclea", "vthoroughly"], [], [], [], ["clothes", "workshop", "clea", "fulling"], [], [], ["mouth", "wash", "mouthwashes", "collutory", "clea", "mouthwashy", "gargling fluid", "cetylpyridinium chloride", "salinewpmedicine"], [], [], ["cake", "amphiblastula", "spongoblast", "glass sponge", "choanoderm", "radial canal", "vleave", "unsponged", "porous", "paragaster", "pinacocyte", "vdeprive", "bore", "sceptrin", "gemmule", "basopinacocyte", "puupehenone", "bacteriosponge", "peloruside", "vagina", "amphidisc", "steamed", "sponged", "spongiology", "diactine", "spongious", "halichondrin", "spongicolous", "scleroblast", "parazoan", "sea sponge", "sponger", "arenosclerin", "zoophyte", "pseudoscule", "choanosome", "swiss roll", "lunette", "vconvert", "extremity", "sponging", "spongivorous", "spongiole", "osculum", "pudding", "plakohypaphorine", "perifibrum", "neptune's cup", "latrunculin", "apopyle", "paragastric", "heterocoelous", "euplectella", "callystatin", "hexactine", "ascon", "choanoskeleton", "hymenialdisine", "choanocyte", "tunis cake", "fascaplysin", "mop", "mooch", "laulimalide", "horseshoe", "statoblast", "oscarellid", "spiculum", "framestone", "tetractinellid", "bath sponge", "sponge bath", "vdab", "ostium", "petrocortyne", "hexactinellid", "syconoid", "protist", "vyeast", "synocil", "polyactine", "tetraxon", "microsponge", "monoaxon", "silicatein", "wet sanding", "theonellamide", "ventriculite", "porifer", "spongocoel", "sponges", "contraceptive sponge", "homoscleromorph", "jasplakinolide", "chone", "anchor", "silicisponge", "spongobiotic", "neopetrosiamide", "coralline sponge", "spongeable", "charlotte", "cyanobacteriosponge", "foam", "neopeltolide", "spongivore", "exopinacoderm", "psammaplin", "vscrounge", "spongeful", "microsclere", "solomonamide", "heteropiid", "spongelike", "demosponge", "perthamide", "spongiopilin", "pseudostome", "rangeomorph", "agelasimine", "clavula", "haplosclerid", "heel", "leucon", "spiraster", "spongoid", "contraceptio", "wet sand", "skeleto", "sintokamide", "sheepswool sponge", "hemiasterlin", "ceractinomorph", "megasclere", "haliclonadiamine", "calcisponge", "silica", "secomanoalide", "aquiferous system", "lophocyte", "endopinacoderm", "sterraster", "poriferal", "lithophagous", "sponge cake", "kauluamine", "spongeless", "vdough", "renieramycin", "opera cake", "menstrual sponge", "venus's flower basket", "spongo", "palpocil", "scrub", "triactine", "lithistid", "clionasterol", "gossypiboma", "pseudoproct", "spongelet", "chondrillasterol", "spongeth", "vimbibe", "sponge out", "invertebrate", "zimocca", "angel cake", "tetractinomorph", "discharge", "motuporin", "sponge do v", "mesohyl", "fascioquinol", "oroidin", "papuamide", "canno", "mycothiazole", "nap", "tetraxile", "porifera", "calcarean", "zoonerythrin", "sponging house", "vclea", "poriferan", "vimpositio", "spongiform", "absorb", "xestoquinone", "sheepski", "vsoak", "acanthostyle", "spicule", "dictyoceratid", "poriferasterol", "pan cake", "tetractine", "probang", "spongest", "glass rope", "neoproterozoic", "luffariellolide", "embrocate", "cnidarian", "rhabdome", "porocyte", "calyculin", "manoalide", "caminoside", "keratose", "marine", "drinker", "sigmaspire", "spongy", "barrel sponge", "phorboxazole", "tetralophose", "trichite", "jaffa cake", "back scrubber", "homosclerophorid", "microsclerodermin", "dictyodendrin", "nanosponge", "spongiolite", "sponge do ", "loofah", "sclerosponge", "sea", "sink", "cleaning", "bob", "holes", "tool", "cleaning tool", "kitche", "sea creature", "creature", "pores", "washing", "dishes", "washing dishes", "cloth", "wash cloth", "wash", "sea animal", "animal", "soft", "absorbent", "from sea", "square", "bob square", "sea thing", "brai", "water", "soaks", "soaks water", "kitchen sink", "bathing", "aquatic invertebrate", "aquatic", "reef", "item", "kitchen item", "coral reef", "coral"], ["a honest ", "sincerelyr", "sincerity", "ingenuous a ", "genuine a ", "a real ", "a ingenuous ", "a genuine ", "true a ", "real a ", "honest a ", "a true ", "cordial", "forehanded", "candid", "play it straight", "apure", "agenuine", "frank", "open faced", "on level", "candor", "amea", "simple hearted", "unfeigning", "unfacetious", "insincere", "adoes", "cereal", "aclea", "heartistic", "aheartfelt", "plain hearted", "in earnest", "from heartr", "heart to", "atruly", "true hearted", "devout", "oversincere", "asays", "heartful", "undesigning", "fucking", "half hearted", "swing and miss", "concer"], [], ["vundesirable", "vclea", "detersion"], ["purify", "catharsis", "biopurification", "micropurification", "lustrical", "februation", "ificatio", "lithium hydroxide", "lustrum", "ecological service", "gas water", "sweat lodge", "coerulignone", "purgatory", "defiled", "baptism", "impurity", "clea", "februate", "lustral", "metallurgy", "expurgation", "misogi", "heaven", "rectification", "phosphopurification", "depuration", "purifying", "redistillation", "emundation", "prepurification", "copurification", "one pot synthesis", "si", "priest", "recrystallize", "epuration", "cleanse", "tzaraath", "communio", "chalice", "recrystallization", "immunoadsorption", "tahaarah", "candlemas", "kumbh mela", "removal", "purging", "distillation", "electrodeposition", "tlazolteotl", "phytodepuration", "refinement"], ["stiff", "wire", "casting", "metal", "iro", "clea", "brush"], ["uncleaned", "vacuum cleaned", "cleanable", "vclea", "aclea", "precleaned"], ["vitiate", "wikten 1vicious", "immorality", "number two", "pusillanimity", "poetic justice", "wikten 1pornography", "viceless", "deputy", "viceman", "monkey business", "vicious", "moral compass", "abomination", "skid row", "habit", "vitiation", "tlazolteotl", "abandoned", "perversion", "wikten 2lead", "antivice", "vices", "unvirtue", "profligate", "vice squad", "instead of", "underworld", "chapwikten 3", "gluttony", "chopwikten 3", "wikten 1drug", "president", "almost", "almost president", "gore", "miami show", "miami", "show", "second", "squad", "police squad", "police", "eighties", "press", "cops", "presidential second", "presidential", "secondary", "secondary president", "second president", "addictio", "quail"], [], [], [], [], [], [], [], ["sailor", "swabbing", "epaulet", "officer", "unswabbed", "clea", "swabber", "swabby", "sample", "swabs", "ship", "fire swab", "swabbed", "absorbent", "medicine", "naval", "squilgee", "material", "gauze", "wound", "mop", "soft", "fluid", "apply", "body", "immunoswab", "cotto"], ["paint", "comb", "broom", "hair", "carpet sweeper", "slip ring", "brushland", "stopping out", "impressionism", "balsam", "sweep out", "clean", "asperges", "paintbrush", "muscariform", "vremove", "fire iron", "back scrubber", "flick", "grainer", "clothes brush", "scopiferous", "polyhedro", "stippler", "dustpan", "aspergillum", "tool", "brusht", "brush do v", "brushlike", "brusher", "filament", "drum", "shrimp toast", "choke", "brushstroke", "brushed", "dustbrush", "permutator", "implement", "brusheth", "clea", "nihonga", "brushmaker", "scratchbrush", "microbrush", "run in", "brushmaking", "snowbrush", "mandible", "bough", "spoolie", "convex", "bristle", "leadwikten 2", "furry", "brushes", "detangler", "shoe brush", "phrygana", "tuft", "discharge", "four treasures of study", "scrub", "deckscrub", "toothbrush", "sable", "hair brush", "toothbrusher", "spark", "video game", "finger painting", "painterly", "putois", "currycomb", "vtouch", "scopate", "vclea", "mottler", "wisp", "upstroke", "inkbrush", "slash pile", "fine toothed", "wisconsi", "penicil", "brush wheel", "brushing", "vuntangle", "pope's head", "ecouvillon", "casino", "tampico fiber", "tarbrush", "dustpan and brush", "brushinglyr", "dandy brush", "brushful", "kabuki brush"], ["palimpsesting", "document", "crater", "back", "manuscript", "geological", "brass", "undertext", "volcano", "palimpsestic", "lunar", "erase", "vreuse", "verasure", "vclea", "obliterate", "palimpsested", "medium", "vscrape", "vellum", "paper", "engrave", "parchment", "palimpsests", "reuse"], [], ["ridgewalking", "clea", "vscour", "scourings", "offscouring", "diarrhea"], ["genera", "cave", "thi", "conspicuous", "cylindrical", "bottle", "shrub", "supersaturated", "clea", "stalactite", "myrtle", "brush", "tree", "australia", "bottlebrushes", "flower", "formatio", "spike", "stame", "melaleuca", "shaft"], [], ["vclea", "vdry cleaning"], []], "/r/UsedFor": [["water", "bath shower", "stream"], ["clea", "washing yourself", "wash hands", "cleaning", "washing dishes", "get clea", "gel", "washing body", "clean dirty things", "wash yourself", "making water foamy", "clean ski", "clean body", "bathing", "stepping onto and slipping", "emulsify water", "clean yourself", "smelling", "bath", "warsk hands", "washing", "showering", "personal hygiene", "wash cars", "looking at", "washing clothes", "entertainment", "warsh hands", "greasing sticky doors and drawers", "washing hands", "cleaning things", "removing dirt"], [], [], [], [], [], [], [], [], [], [], ["file artifact contact", "cloth", "cleaning"], [], [], [], [], [], [], [], [], [], [], [], [], [], [], [], ["cleaning", "washing clothes"], [], [], [], [], [], [], [], [], [], [], [], [], [], [], [], [], [], [], [], [], [], [], [], [], [], [], [], [], [], [], [], [], [], [], [], [], [], [], [], [], ["broom"], [], [], [], [], [], [], [], [], [], [], [], [], ["cleaning mouth", "freshen breath", "killing germs", "freshening breath", "getting ready for day", "make breath smell fresh", "getting rid of plaque", "clean breath", "killing germa", "disinfecting minor wounds in mouth", "killing germs in mouth", "improving smell of breath", "making mouth smell nicer", "cleaning one's mouth", "keeping breath fresh", "cleaning teeth and gums", "cleansing one's breath", "remove germs cause bad breath", "get rid of stink", "getting ready for bed", "preventing gingivitis", "killing germs cause gingivitis", "preventing bad breath", "keeping mouth healthy", "killing bacteria cause tooth decay", "preparing for date", "fighting gingivitis", "keep teeth clea"], [], [], ["cleaning"], [], [], [], [], [], [], ["squeeze", "squeeze things", "hold objects secure"], [], [], [], [], [], [], [], [], ["painting", " artifactpaint contact", " artifact motio", "brush hair", "detangle person's hair"], [], [], [], [], [], [], []], "/r/LocatedAt": [[], [], [], [], [], [], [], [], [], [], [], [], [], [], [], [], [], [], [], [], [], [], [], [], [], [], [], [], [], [], [], [], [], [], [], [], [], [], [], [], [], [], [], [], [], [], [], [], [], [], [], [], [], [], [], [], [], [], [], [], [], [], [], [], [], [], [], [], [], [], [], [], [], [], [], [], [], [], [], [], [], [], [], [], [], [], [], [], [], [], [], [], [], [], [], [], [], [], [], [], [], [], [], [], [], [], [], [], []], "/r/FormOf": [["washes", "washest", "washen", "washing", "washed", "washedst", "washeth", "warsh"], ["soaps", "soaping", "soaped"], ["tidiest", "tidying", "tidies", "tidied"], [], [], [], [], [], [], [], [], [], ["polishest", "polishing", "polishes", "polished"], [], [], ["neatest", "neats", "neater"], [], [], [], ["vrocks"], ["purged", "purges", "purging", "purgeth", "purgest"], ["housecleaners"], ["pressure wash", "pressurewashing", "pressurewashes", "pressurewashed"], [], [], [], [], [], ["detergents"], ["cleanaholics"], [], [], ["fluffers"], [], [], [], [], ["irrigates", "irrigating", "irrigated"], ["charladies"], [], [], [], ["scavengers", "scavengering", "scavengered"], [], [], [], [], ["overcleans", "overcleaned", "overcleaning"], [], [], [], ["vwash"], [], [], ["antiseptics"], ["handwipes"], ["cleanups", "clean up"], [], ["snek", "snaked", "snakes"], ["ablutomanias"], [], [], [], [], [], ["decrassifying", "decrassifies", "decrassified"], [], [], [], ["sweeps", "sweepest", "sweeping", "sweepeth", "swept"], ["swabbers", "swobber"], ["screenwashes", "screenwashed", "screenwashing"], [], [], [], ["catharizes", "catharized", "catharizing", "catharise"], [], [], [], ["fulleries"], [], [], ["mouth wash", "mouthwashes"], [], [], ["spongeth", "sponges", "sponging", "sponged"], ["sincerest", "sincerer"], [], ["deterged", "deterges", "deterging"], ["purifications"], ["scratchbrushes"], ["vclea", "clean"], ["vices", "vicing"], [], [], [], [], [], [], [], ["swob", "swabbed", "swabs", "swabbing"], ["brushes", "brushed", "brushing"], ["palimpsested", "palimpsesting", "palimpsests"], [], ["vscour", "scourings"], ["bottlebrushes"], [], ["martinized"], []], "/r/IsA": [["washing up act", "calcimine artifact", "rinse act", "laundering act", " objectstreambed object", " artifactwater base paint artifact", " actwork act", "whitewash artifact", "window washing act", "color wash artifact", "blackwash artifact", " actbusiness activity act", "soak act", "ablution act", " artifactwatercolor artifact", "dishwashing act", "washup act"], ["liquid soap artifact", "soap flakes artifact", "toilet soap artifact", " artifactgamma hydroxybutyrate artifact", " artifactcleansing agent artifact", "soap powder artifact", "bar soap artifact", "castile soap artifact", "saddle soap artifact", " possessiobribe possessio", "soft soap artifact", "object", "animal soap", "facial bar", "toiletry", "television program people watch", "serial drama", "solid", "one of things", "pocketsoap", "detergent", "wpshoescompany"], [" artifactreceptacle artifact"], [], [], [], [], [], [], [], [], [], [" attributeradiance attribute", "language", " attributesmoothness attribute", "glaze attribute", " stateperfection state", " substanceformulation substance", " communicatioslavic communicatio", "french polish attribute", "shoe polish substance", "polish person", "person"], [], [], [], [], [], [], [], ["catharsis act", " actcleaning act", "purification act", " actclearing act", "catharsis psychoanalysis act", " actremoval act"], [], [], [], [], [], [], [], [" artifactcleansing agent artifact", "liquid detergent artifact", "anionic detergent substance", "laundry detergent artifact", "dishwasher detergent artifact", "sodium lauryl sulphate substance", " substancewetting agent substance", "cationic detergent substance", "water soluble substance", "soap", "dishwashing soap", "cleaning substance", "body wash", "shampoo", "laundry detergent"], [], [], [], [], [], [], [], [], [], [], [], [], [], ["bottom feeder animal", " animalanimal", " substancechemical agent substance", "hyaena", "clawed lobster", "kiteopencyckite bird", "hammerhead shark", "sea gull", "hermit crab", "prairie wolf", "fox", "cockroach", "carnivore", "vulture", "wild animal", "crayfish", "jackal", "fly"], [], [], [], [], [], [], [], [], [], [], ["music genre"], ["chlorhexidine artifact", " artifactmedicine medicine", "tincture of iodine artifact", "gramicidin artifact", "chloramine artifact", "iodoform artifact", "medicine", "hydrogen peroxide", "hand sanitizer"], [], [" baseballposition sport"], [], ["cobra", "viper animal", "constrictor animal", " persobad person perso", " animaldiapsid animal", "blind snake animal", "anaconda", "elapid animal", "colubrid snake animal", "sea snake animal", "garter snake", "constrictor", "water moccasi", "wonambi", "red bellied black snake", "corn snake", "concho water snake", "yurlunggur snake", "squamata", "eastern indigo snake", "venomous snake", "san francisco garter snake", "gigantophis garstini", "xenophidia", "dinilysia", "eupodophis", "one type of animal", "rattlesnake", "python", "madtsoia", "eastern brown snake", "pytho", "boa constrictor", "cord like object", "rattler"], [], [], [], [], [], [], [], [], [], [], [" attributescope attribute", " artifactoar artifact", " actmotion act", "wpsoftwaresoftware"], [], [], [], [], [], [], [], [], [], [], [], [], ["personal hygeine product", "toiletry", "gargle", "tooth care market category", "scope", "makes breath smell good"], [], [], [" substanceabsorbent material substance", "glass sponge animal", " animalinvertebrate animal", "cleaning implement", "scrubbing pad", "sea sponge", "loufah sponge", "spongy thing", "opaque thing", "animal"], [], [], [], [" actcleaning act", " actceremony act", " actpurge act"], [], [], ["intemperance act", "gambling act", " acttransgression act", "gluttony", "immoral act", "pride", "common carpenters tool", "avarice", "software", "wpmagazinemagazine"], [], [], [], [], [], [], [], [" artifactcleaning implement artifact", "dustmop artifact", "sponge mop artifact", " artifactimplement artifact"], ["paintbrush artifact", "bristle brush artifact", " artifactimplement artifact", " actdental care act", "contretemps act", "toothbrush artifact", "canebrake group", "clothesbrush artifact", "sable artifact", " acthair care act", "spinney group", "nailbrush artifact", " eventtouch event", " groupvegetation plant", "brake group", " actfight act", "underbrush group", "shaving brush artifact", "hairbrush artifact", "bottlebrush artifact", " animaltail animal", " artifactelectrical device artifact", "scrub brush artifact", " actcontact act", "four treasures of study", "manual tool", "body brush", "hairbrush", "bath brush", "lint brush", "shoe brush", "bottle brush", "paint brush"], [" communicatiomanuscript communicatio"], [], [" actsearch act"], [" artifactbrush artifact"], [], [], []], "/r/PartOf": [["rinse act"], [], [], [], [], [], [], [], [], [], [], [], [], [], [], [], [], [], [], [], [], [], [], [], [], [], [], [], [], [], [], [], [], [], [], [], [], [], [], [], [], [], [], [], [], [], [], [], [], [], [], [], [], [], [], [], [" baseballbatting order baseball"], [], [" objectidaho locatio", "twin object", " objectwashington locatio", " objectoregon locatio", " objectwyoming locatio"], [], [], [], [], [], [], [], [], [], [], [], [], [], [], [], [], [], [], [], [], [], [], [], [], [], [], [], [], [], [], [], [], [], [], [], [], [], [], [], [], [], ["mop handle artifact"], [" artifactelectric motor artifact", "handle artifact", "bristle artifact", " artifactgenerator artifact"], [], [], [], [], [], [], []], "/r/HasA": [[], ["degreasing actio"], [], [], [], [], [], [], [], [], [], [], [], [], [], [], [], [], [], [], [], [], [], [], [], [], [], [], [], [], [], [], [], [], [], [], [], [], [], [], [], [], [], [], [], [], [], [], [], [], [], [], [], [], [], [], [], [], ["nest full of babies", "scales", "no legs"], [], [], [], [], [], [], [], [], [], [], [], [], [], [], [], [], [], [], [], [], [], [], [], [], [], [], [], [], [], [], [], [], [], [], [], [], [], [], [], [], [], [], [], [], [], [], [], [], [], []], "/r/CapableOf": [[], ["liquid", "clean cars", "wash hands"], [], [], [], [], [], [], [], [], [], [], ["shine metal", "perfect carving"], [], [], [], [], [], [], [], [], [], [], [], [], [], [], [], ["clean clothes"], [], [], [], [], [], [], [], [], [], [], [], [], [], [], [], [], [], [], [], [], [], [], [], [], [], [], [], [], [], ["sun hide", "eat egg", "sun itself", "slither down street", "rude", "pet"], [], [], [], [], [], [], [], [], [], [], [], [], [], [], [], [], [], [], [], [], [], [], [], [], [], [], ["hold water", "collect water", "wet surface", "clean dishes"], [], [], [], [], [], [], [], [], [], [], [], [], [], [], [], [], [], [], [], [], [], [], []], "/r/AtLocation": [[], ["supermarket", "own home", "cabinet", "soap dish", "gift basket", "doctor", "soapdish", "jail", "sink", "wpshoesunited states"], [], [], [], [], [], [], [], [], [], [], ["shoe", "table", "garage"], [], [], [], [], [], [], [], [], [], [], [], [], [], [], [], ["store", "washing machine", "basement"], [], [], [], [], [], [], [], [], [], [], [], [], [], [], [], [], [], [], [], [], [], [], [], [], [], ["medicine chest"], [], [], [], ["bible", "garde", "field", "tree", "feild", "pit", "snake pit", "amazo", "tropical forest", "ditch", "hole in ground", "cage", "creeks", "pet shops", "kansas", "north america", "pet store", "bed", "aquarium", "outdoors", "texas", "zoo's reptile house", "louisiana", "underbrush", "cave", "bar", "nature", "orego", "glass enclosed case", "france", "tampa", "alabama", "tattoo", "tropical area", "bedroll", "deserted places", "high grass", "form of rubber toy", "rainforest", "arid area", "earth", "garden of ede", "white house", "warm rocky areas", "plummbers bag", "new mexico", "herpatarium", "wyoming", "habitat", "pen at reptile farm", "snake de", "reptilian section of zoo", "neighbor's garage", "western texas", "amazon rainforest", "crack in rocks", "burlap sack", "hands of goddess", "outside in grass", "amazon river", "plumbers truck", "bushland", "pet shop", "bedroom", "meadow", "thick forest", "herpetorium", "dessert", "rocky outcropping", "hollow log", "dark hiding place", "terrarium", "dry aquarium", "jungle or in desert", "damp cave", "burrow", "book about snakes", "claifornia", "forrest", "mountai", "tall moist grass new england species", "burrow in ground", "thegrass", "gully", "river", "kew gardens", "shower", "petting zoo", "woodpile", "austrailia", "cub", "hot country", "wild", "bibles", "hole in rocks", "creek", "wetlands", "desert or mountains", "detroit zoo", "many different environments", "arid climate", "deep grass", "park", "lake", "terror movie"], [], [], [], [], [], [], [], [], [], [], [], [], [], [], [], [], [], [], [], [], [], [], [], ["bathroom", "medicine chest", "drug store", "bottle", "drugstore", "hotel", "person's mouth", "dentist", "dentist's office", "own house"], [], [], ["bottom of sea"], [], [], [], [], [], [], ["workshop"], [], [], [], [], [], [], [], [], ["hair", "garage"], [], [], [], [], [], [], []], "/r/HasProperty": [[], ["slippery when it's wet"], [], [], [], [], [], [], [], [], [], [], [], [], [], ["people", "marijuana"], [], [], [], [], [], [], [], [], [], [], [], [], ["harmful to swallow"], [], [], [], [], [], [], [], [], [], [], [], [], [], [], [], [], [], [], [], [], [], [], [], [], [], [], [], [], [], [], [], [], [], [], [], [], [], [], [], [], [], [], [], [], [], [], [], [], [], [], [], [], [], [], [], [], ["soft"], [], [], [], [], [], [], [], [], [], [], [], [], [], [], [], [], [], [], [], [], [], [], []], "/r/CreatedBy": [[], [], [], [], [], [], [], [], [], [], [], [], [], [], [], [], [], [], [], [], [], [], [], [], [], [], [], [], [], [], [], [], [], [], [], [], [], [], [], [], [], [], [], [], [], [], [], [], [], [], [], [], [], [], [], [], [], [], [], [], [], [], [], [], [], [], [], [], [], [], [], [], [], [], [], [], [], [], [], [], [], [], [], [], [], [], [], [], [], [], [], [], [], [], [], [], [], [], [], [], [], [], [], [], [], [], [], [], []], "/r/Synonym": [["dry wash object", "wash off change", "wash away change", "washing act", "v changelave change", "rinse contact", "lavation act", " phenomenoslipstream phenomeno", "lave body", "v changemoisten change", " artifactlaundry artifact", " locatiowashington locatio", "wash out change", " processwashout process", "wash drawing artifact", "launder contact"], ["grievous bodily harm artifact", "goop artifact", "georgia home boy artifact", "scoop artifact", "v bodylather body", "max artifact", "easy lay artifact", "liquid ecstasy artifact", "vsoft soap", "soap opera", "soapie", "", "wpshoeswpshoes"], ["clean up change", "a kempt ", "straighten change", "a sizeable ", "tidy up change", "straighten out change", "neaten change", "square away change", "clutterless", "declutter", "aspick and spa", "aorderly", "apresentable", "neat", "pudgy", "aneat", "put in order"], [], [], [], [], [], [], [], [], [], ["refinement state", "smoothen contact", "brush up change", "class", "wax", "round off change", "glossiness attribute", "fine tune change", "finish state", "do v change", "burnish attribute", "smooth contact", "polish up change", "culture state", "gloss attribute", "refine change", "round change", "shine contact", "cultivation state", "vhone", "pole", "refinement", "elegance", "panache", "finish", "vwax", "work over", "glosswikten 1"], [], ["unsullied", "a spick and span ", "aimmaculate", "flawless", "immaculate", "aunsullied", "blemishless", "aspick and spa", "undefiled"], ["clean a ", "a facile ", "a bang up ", "a orderly ", "a full strength ", "dainty", "atidy", "tidy", "cattle", "aspic and spa"], [], [], [], [], ["v bodyvomit body", "v changepurify change", "purging act", "v changeflush change", "purgation act", "purging"], [], [], [], [], [], [], [], ["a detersive ", ""], [], [], [], ["fluff girl"], [], [], [], [], ["v changewater change"], ["charwikten 3", "charwoman", "charwoma", "char"], [], [], [], [" persomagpie perso", "necrophage", ""], [], [], [], [], [], [], [], [], [], [], [" statedirt state", ""], [""], [], [" actcleaning act", "cleanup spot baseball", "cleanup position baseball", " possessiokilling possessio"], [], ["snake river object", " objecthydra object", " artifactplumber's snake artifact", "snake in grass person perso", "serpent animal", "ophidian animal", " artifacthydra artifact", "auger", "vslither", "trouser snake", "joe blake", "serpent"], ["mysophobia", "germophobia"], [], [], [], [], [], [], [], [], [], ["broom contact", "v stativecross stative", "sail motion motio", "v stativeembroil stative", " american footballend run football", " persochimneysweeper perso", "sweep oar artifact", "v contactswing contact", "v motiobrush motio", " eventslam event", "expanse attribute", "chimney sweep", "wpsoftwarewpsoftware"], [], ["washer fluid", "screen wash", "windshield wiper fluid", "windshield washer fluid", "wiper fluid"], [], [], [], [], [], [], [], ["fulling mill"], [], [], [" substancegargle substance", "gargle", ""], [], [], ["parazoan animal", " persoquick study perso", "poriferan animal", " persoleech perso", "v possessiomooch possessio", "bath sponge", "sea sponge", "sponge pudding", "vblag", "sponge cake", "souse", "freeloader", "poolish", ""], ["a solemn ", "bona fide", "heartfelt", "hearty", "aearnest", "cordial"], [], [], [" processrefining process", "purgation act", "sanctificatio", "cleansing", "sanctification"], [], [], [" attributefrailty attribute", "vise", "blemish", "foible", "wpmagazinewpmagazine", ""], [], [], [], [], [], [], [], ["swob artifact", "mop artifact", "v contactdab contact", "swob contact", "scrub", "swabby"], ["light touch event", "brushwood group", "encounter act", "coppice group", "brushing act", "sweep motion motio", "copse group", "skirmish act", "clash act", "thicket group", "paint brush", "action", "scrub", "brushwood"], ["codex rescriptus"], [], [" actscrub act"], [], [], [], []], "/r/LocatedNear": [[], [], [], [], [], [], [], [], [], [], [], [], [], [], [], [], [], [], [], [], [], [], [], [], [], [], [], [], [], [], [], [], [], [], [], [], [], [], [], [], [], [], [], [], [], [], [], [], [], [], [], [], [], [], [], [], [], [], [], [], [], [], [], [], [], [], [], [], [], [], [], [], [], [], [], [], [], [], [], [], [], [], [], [], [], [], [], [], [], [], [], [], [], [], [], [], [], [], [], [], [], [], [], [], [], [], [], [], []], "/r/SimilarTo": [[], [], ["neat a ", "straight a ", "a shipshape ", "orderly a ", "shipshape a ", "uncluttered a ", "trig a ", "a trig ", "a uncluttered ", "ruly a ", "a neat ", "a straight ", "a orderly ", "a slicked up ", "slicked up a ", "a ruly ", "vorder"], [], [], [], [], [], [], [], [], [], [], [], [], ["a adroit ", "tidy a ", "adroit a ", "a tidy ", "straight upr"], [], [], [], [], [], [], [], [], [], [], [], [], [], [], [], [], [], [], [], [], [], [], [], [], [], [], [], [], [], [], [], [], [], [], [], [], [], [], ["nonpurulent a ", "a clean ", "cleansing a ", "a nonpurulent ", "aseptic a ", "purifying a ", "incorrupt a ", "bactericidal a ", "a purifying ", "uninfected a ", "a aseptic ", "a bactericidal ", "a cleansing ", "a incorrupt ", "a uninfected ", "clean a "], [], [], [], [], [], [], [], [], [], [], [], [], [], [], [], [], [], [], [], [], [], [], [], [], [], [], [], [], [], [], [], ["cordial a ", "a whole souled ", "bona fide a ", "honest a ", "a cordial ", "a unfeigned ", "unfeigned a ", "a honest ", "heartfelt a ", "a bona fide ", "a heartfelt ", "whole souled a "], [], [], [], [], [], [], [], [], [], [], [], [], [], [], [], [], [], [], [], [], [], []], "/r/MadeOf": [[], ["bubbles"], [], [], [], [], [], [], [], [], [], [], [], [], [], [], [], [], [], [], [], [], [], [], [], [], [], [], [], [], [], [], [], [], [], [], [], [], [], [], [], [], [], [], [], [], [], [], [], [], [], [], [], [], [], [], [], [], [], [], [], [], [], [], [], [], [], [], [], [], [], [], [], [], [], [], [], [], [], [], [], [], [], [], [], [], [], [], [], [], [], [], [], [], [], [], [], [], [], [], [], [], [], [], [], [], [], [], []], "/r/ReceivesAction": [[], ["carved", "used in cleaning", "used in shower", "made from ivory"], [], [], [], [], [], [], [], [], [], [], [], [], [], [], [], [], [], [], [], [], [], [], [], [], [], [], [], [], [], [], [], [], [], [], [], [], [], [], [], [], [], [], [], [], [], [], [], [], [], [], [], [], [], [], [], [], [], [], [], [], [], [], [], [], [], [], [], [], [], [], [], [], [], [], [], [], [], [], [], [], [], [], [], [], [], [], [], [], [], [], [], [], [], [], [], [], [], [], [], ["loaded with watercolor paint"], [], [], [], [], [], [], []]}, "/r/UsedFor": {"/r/RelatedTo": [["napki", "wool", "silk", "cotto", "sock", "flag", "handkerchief", "sail", "dyer", "clothe", "coat", "dress", "velvet", "material", "rib", "seak", "bellyband", "punkahwallah", "clothback", "buttonmould", "wove", "clothmaker", "swaddle", "bainin", "spit bath", "sewing machine", "operameter", "tais", "strouding", "nacarat", "underwrap", "draper", "plaiding", "khaki", "gambroon", "kiddhoge", "marseilles", "kobene", "lisle", "doek", "mandil", "tape measure", "booker", "clothbound", "rumswizzle", "moppet", "waulkmill", "alnager", "jellybag", "piping bag", "petersham", "astrakhan", "sugar tit", "kalmuck", "mandylion", "penwiper", "fuller's earth", "yellow badge", "traycloth", "satara", "cloths", "prayer flag", "aguayo", "substance", "amper", "hoddengray", "carbon fiber", "gusset", "canvaswork", "taminy", "dossil", "cambrasine", "tympan", "ferrandine", "fearnaught", "fullage", "kersey", "domet", "tentering", "deerstalker hat", "whole", "fulling mill", "fabric", "gig mill", "byssus", "jizzrag", "mattress", "sendaline", "face cloth", "overgrip", "turban", "witney", "stroking", "iron", "portyanki", "blanketing", "piece broker", "print", "bed sheet", "french merino", "jassendar", "duvetyne", "ringhead", "kikoi", "dyed in wool", "sponger", "clothes", "overcoating", "bedtick", "gamucha", "fenestral", "twill", "fuller", "tablecloth", "bolting cloth", "clothlike", "laundromat", "kendal green", "everlasting", "housecloth", "crabbing", "tartaryn", "pilot cloth", "empress cloth", "wince", "cum towel", "topcloth", "scratchback", "duster", "parament", "wood carpet", "cassinette", "shayak", "mackinaw", "wrong", "tenterhook", "apron string", "ihram", "quilted", "patchwork quilt", "dreadnought", "bedsheet", "tenter", "kidderminster", "embrocate", "jodhpurs", "curtain", "lewis", "tea towel", "cerate", "ragwikten 1", "canvas", "chador", "haramaki", "shroud", "plaiden", "bleed", "woven", "tarpaulin", "famadihana", "coating", "clergy", "rugging", "haircloth", "washrag", "sackcloth", "textiles", "drapery", "bengal stripes", "sley", "brattice cloth", "crisper", "needlebook", "scarlet letter", "saafa", "flannel", "teabag", "calico", "tapestry", "cloth hall", "caddis", "paper diaper", "blancard", "herringbone", "courtepy", "waltz matilda", "monkscloth", "raploch", "poncho", "batiste", "tassel", "match cloth", "wool dyed", "napkin", "clout", "offertory", "clothy", "lambskin", "flash paper", "driveller", "kikwembe", "nun's veiling", "charpie", "domestics", "coutil", "do rag", "cogware", "moory", "covert coating", "chanlon", "gambison", "orleans", "corporalwikten 3", "rushnyk", "birdeye", "clothify", "pannuscorium", "bleachfield", "thibet cloth", "napping", "sarong", "hippocrates sleeve", "race cloth", "toilinette", "shake out", "duffel", "gremial", "doublecloth", "fuller's thistle", "composition cloth", "burlap", "jasp\u00e9", "adatis", "washcloth", "shrouder", "muslinet", "sarplier", "spongiopilin", "appearance", "kerchief", "crepe", "pouncing", "crumbcloth", "beclout", "drapes"], ["cleaning", "bar", "washing", "cleaner", "shower", "detergent", "wash", "cleanser", "clea", "bubbles", "cleansing", "suds", "body", "agent", "material", "soap opera", "simple", "product", "bath", "bathroom", "washing bar", "cleaning bar", "hands", "lye", "cleaning agent", "sink", "bathing", "liquid", "cleaning product", "object", "item", "substance", "for cleaning", "hand", "lather", "phenethyl alcohol", "marine soap", "hydrotimetry", "soap scum", "tallow tree", "hand sanitizer", "fairy liquid", "chloroxylenol", "soapery", "ganna", "handwash", "shower gel", "superfatting", "potash", "brillo pad", "soaper", "oleic acid", "crotonine", "saponification", "pla", "tall oil", "bubble wand", "soaplesslyr", "hircic acid", "saaj", "soaproot", "money", "stearic acid", "hard water", "myristic acid", "unsoaped", "soapmaker", "anionic detergent", "coal tar", "soapflake", "lauric acid", "protocol", "saponify", "bribing", "assessment", "body wash", "glycerol", "soapy", "soaplessness", "lysol", "saponificatio", "amole", "shampoo", "molline", "pearlash", "synthetically", "arming", "ricinoleic acid", "windsor soap", "lion's leaf", "vflatter", "ricing", "sandsoap", "triclocarban", "saddle soap", "soapdish", "saponaceous", "syndet", "fat", "compo ration", "wash ball", "crutcher", "rapeseed oil", "saponifiable", "vwheedle", "soft water", "sodium stearate", "flattery", "seak", "salt", "micellar water", "objective", "complacent", "sodium hydroxide", "bubble bath", "subjective", "rinse", "soap bubble", "soaps", "tallow", "phoneidoscope", "soapless", "bile soap", "lipin", "nonsoap", "peruvian balsam", "soaplike", "fatty acid", "potassium carbonate", "handsoap", "soapmaking", "palmitic acid", "whale oil", "rebatch", "cleansing bar", "showers", "washing material", "opera", "wash with", "bathtub", "bubble", "bubbly", "cleaning item", "wash bar", "ivory", "square", "for washing", "used", "cleaning material", "in shower", "base", "rectangle", "cleaning thing", "sinks", "cleaning substance", "white", "bath bar", "dove", "washing hands", "water", "cleanliness", "bar cleaner", "power", "slippery", "cleanser bar", "wash hands", "aid", "bar detergent", "body cleaner", "sudsy", "getting clea", "getting", "tub", "body cleanser", "cleaning hands", "cleaning liquid", "bar of", "block", "washing liquid", "washing detergent", "cleaning supply", "supply", "used washing", "cleansing agent", "hand cleaner", "washing product", "washing item", "shower cleaner", "self", "cleaning self", "washing stuff", "stuff", "clean with", "with water", "daytime opera", "daytime", "solid", "aloe", "ski", "for bathing", "showering", "cleaning power", "bar cleanser", "smell", "ash", "cleansing material", "lye ash", "bar liquid", "bathtubs", "use", "washing ivory", "hand wash", "cleaning aid", "cleaning utensil", "utensil", "device", "bathing bar", "box", "white bar", "restroom", "processed fat", "processed", "cleaning block", "maker", "bath substance", "cheese", "rope", "on rope", "foam", "cleans body", "card deck", "deck", "card", "cleans", "cleaning ski"], []], "/r/UsedFor": [["clea", "make clothing", "cleaning", "dry dishes", "clothing", "making clothes", "making clothing", "covering ski", "make pillow", "making dress", "washing dishes", "bind book", "apply salve", "stronger than original thread", "make softer surface", "wipe up spillages", "wiping up dust", "cover ski", "dust furniture", "patch", "holding items", "shine metal", "protect from sunshine", "wiping", "wipe clea", "making bed coverings", "making pillows blankets and quilts", "make pants", "making art", "add color", "bedding", "protect surface", "cut patter", "dusting", "wiping up spill", "cleaning kitche", "washing", "protect from scratches", "making curtains", "absorb water", "wiping up wet spill", "clothes"], ["clea", "washing yourself", "wash hands", "cleaning", "washing dishes", "get clea", "gel", "washing body", "clean dirty things", "wash yourself", "making water foamy", "clean ski", "clean body", "bathing", "stepping onto and slipping", "emulsify water", "clean yourself", "smelling", "bath", "warsk hands", "washing", "showering", "personal hygiene", "wash cars", "looking at", "washing clothes", "entertainment", "warsh hands", "greasing sticky doors and drawers", "washing hands", "cleaning things", "removing dirt"], []], "/r/LocatedAt": [[], [], []], "/r/FormOf": [["cloths"], ["soaps", "soaping", "soaped"], []], "/r/IsA": [["line", "synthetic cloth", "tweed", "interfacing", "drapes", "mixture", "woven plant material", "solid tangible artifact", "textile", "satin cloth", "fabric usually small", "cotton fabric", "hemp cloth", "foldable thing", "linen", "cloth towel", "spandexopencycspandex cloth", "velvet", "lace", "physical surface", "batik", "double knit", "ironed cloth", "piece of cloth", "chenille", "woven thing", "webbing material"], ["liquid soap artifact", "soap flakes artifact", "toilet soap artifact", " artifactgamma hydroxybutyrate artifact", " artifactcleansing agent artifact", "soap powder artifact", "bar soap artifact", "castile soap artifact", "saddle soap artifact", " possessiobribe possessio", "soft soap artifact", "object", "animal soap", "facial bar", "toiletry", "television program people watch", "serial drama", "solid", "one of things", "pocketsoap", "detergent", "wpshoescompany"], []], "/r/PartOf": [[], [], []], "/r/HasA": [[], ["degreasing actio"], []], "/r/CapableOf": [["become wet", "shine metal"], ["liquid", "clean cars", "wash hands"], []], "/r/AtLocation": [["fabric store", "kitche", "bedroom", "bothroom", "clothing processing plant", "linen closet", "clothes factory", "yhe closeth", "bolt", "clothes", "table", "linen cupboard", "old man's pocket", "bathroom", "store", "egyptian tombs", "linen store"], ["supermarket", "own home", "cabinet", "soap dish", "gift basket", "doctor", "soapdish", "jail", "sink", "wpshoesunited states"], []], "/r/HasProperty": [[], ["slippery when it's wet"], []], "/r/CreatedBy": [[], [], []], "/r/Synonym": [[" artifactfabric artifact", "sheeting"], ["grievous bodily harm artifact", "goop artifact", "georgia home boy artifact", "scoop artifact", "v bodylather body", "max artifact", "easy lay artifact", "liquid ecstasy artifact", "vsoft soap", "soap opera", "soapie", "", "wpshoeswpshoes"], []], "/r/LocatedNear": [[], [], []], "/r/SimilarTo": [[], [], []], "/r/MadeOf": [["fibers", "vera bradley"], ["bubbles"], []], "/r/ReceivesAction": [["made from silk", "cut"], ["carved", "used in cleaning", "used in shower", "made from ivory"], []]}, "/r/LocatedAt": {}, "/r/FormOf": {"/r/RelatedTo": [["soap", "vacuum", "napki", "janitor", "paste"], ["vclea"], ["soap", "wash", "napki", "polish", "bath", "vacuum cleaner", "soogee", "home economics", "glass cleaner", "detergent", "ewe", "toothpaste", "rinsate", "afterbirth", "cleanings", "sanitize", "curette", "white glove test", "pulmonary toilet", "housework", "vclea", "cow", "dentifrice", "ultrasonic bath", "precleaning", "rinse aid", "desludging", "toothbrush", "soogee moogee", "janitor", "dry cleaning", "broom", "ammonia", "vacuum", "servant", "sponge", "organize", "paste", "laundry", "shower", "chlorine", "sneeze", "steamer", "rub", "sweep", "handkerchief", "bleach", "dust", "wax", "disinfectant", "errand"]], "/r/UsedFor": [[], [], ["cloth", "wash cloth", "soap", "water", "getting rid of dirt", "detergent", "washing clothes", "rag", "baths", "removing dirt", "fighting entropy", "mug", "sponge", "removing dust from shelves", "getting rid of grime", "ground floor", "making not dirty anymore", "doing housework", "polish", "removing food from dishes", "going to laundromat", "impressing other people", "sanitatio", "towel", "washing car", "creating comfortable environment", "hygiene", "bleach", "getting rid of stink", "cleanliness", "removing dirt from carpets", "tub", "tidiness", "removing stains", "organizatio", "washing hands", "fighting infections", "fighting disease"]], "/r/LocatedAt": [[], [], []], "/r/FormOf": [["clean", "vclea", "clea"], ["vclea", "aclea"], ["cleanings", "clean", "vclea"]], "/r/IsA": [[], [], ["scrub act", "purge act", "sterilization act", " actimprovement act", "washup act", "sweeping act", "spring cleaning act", "sanitation act", "depilation act", "housecleaning act", "purification act", "disinfestation act", "dry cleaning act", "chore", "housework", "washing", "removing", "descaling", "taking care of", "disinfection process", "scrubbing", "dusting", "cleaning object", "polishing", "teeth cleaning", "daily personal cleaning", "chemical wafer clean", "progressing"]], "/r/PartOf": [[], [], []], "/r/HasA": [[], [], []], "/r/CapableOf": [[], [], []], "/r/AtLocation": [[], [], []], "/r/HasProperty": [[], [], []], "/r/CreatedBy": [[], [], []], "/r/Synonym": [[], [], ["cleanup act", "cleansing act", "charwoman"]], "/r/LocatedNear": [[], [], []], "/r/SimilarTo": [[], [], []], "/r/MadeOf": [[], [], []], "/r/ReceivesAction": [[], [], []]}, "/r/IsA": {"/r/RelatedTo": [[], [], [], []], "/r/UsedFor": [[], [], [], []], "/r/LocatedAt": [[], [], [], []], "/r/FormOf": [[], [], [], []], "/r/IsA": [[], [], [], []], "/r/PartOf": [[], [], [], []], "/r/HasA": [[], [], [], []], "/r/CapableOf": [[], [], [], []], "/r/AtLocation": [[], [], [], []], "/r/HasProperty": [[], [], [], []], "/r/CreatedBy": [[], [], [], []], "/r/Synonym": [[], [], [], []], "/r/LocatedNear": [[], [], [], []], "/r/SimilarTo": [[], [], [], []], "/r/MadeOf": [[], [], [], []], "/r/ReceivesAction": [[], [], [], []]}, "/r/PartOf": {}, "/r/HasA": {}, "/r/CapableOf": {"/r/RelatedTo": [[]], "/r/UsedFor": [[]], "/r/LocatedAt": [[]], "/r/FormOf": [[]], "/r/IsA": [[]], "/r/PartOf": [[]], "/r/HasA": [[]], "/r/CapableOf": [[]], "/r/AtLocation": [[]], "/r/HasProperty": [[]], "/r/CreatedBy": [[]], "/r/Synonym": [[]], "/r/LocatedNear": [[]], "/r/SimilarTo": [[]], "/r/MadeOf": [[]], "/r/ReceivesAction": [[]]}, "/r/AtLocation": {}, "/r/HasProperty": {"/r/RelatedTo": [["window", "clear", "material", "drinking", "transparent", "windows", "drink", "sand", "cup", "container", "pane", "window material", "see", "see through", "through", "water", "breakable", " artifactliquid substance", " artifactdrink food", "glassman", "fragile", "vessel", "clear material", "window pane", "drinking vessel", "plate", "silico", "jar", "melted", "melted sand", "solid", "break", "mirror", "panes", "crystal", "holder", "liquid", "in windows", "silica", "made", "tears of wine", "vreflect", "glazier", "ferretto", "lime", "barium copper silicate", "potash", "venetian glass", "vitreous", "lithium oxide", "potichomania", "glass cutter", "sugar glass", "semivitrified", "mullion", "vburnisher", "aquarium", "murrine", "illustrated song", "hyalograph", "gauge glass", "vitrophyre", "glasshouse", "backboard", "telescope", "glassmaker", "vglassy", "quartz halogen lamp", "looking glass", "glass delusion", "optical flat", "riesel iron", "test tube", "red lead", "hyalophagy", "pele's hair", "glarney", "protective", "ambitty", "wine bottle", "volcanic ash", "optical glass", "verrophone", "brouilleur", "shaker", "urinal", "scree", "grozing iron", "glazer", "tankard", "leyden jar", "quarrywikten 3", "milk bottle", "stemware", "mesoglass", "carafe", "sea glass", "cork borer", "chimney", "snow cone", "perlite", "sun room", "polishing slate", "vitrand", "latticinio", "pearlash", "volcanic glass", "flint glass", "bell jar", "tear catcher", "microwire", "boric oxide", "conciator", "vitrified", "schmelze", "verrine", "unglaze", "sandiver", "lattice window", "glass onion", "thermionic valve", "sash door", "lunette", "goldstone", "schwarzlot", "andisol", "rimmer", "wine glass", "glassworks", "polymethyl methyacrylate", "glazen", "caneworking", "limoncello", "vitrinite", "crystallophone", "glass soap", "moonroof", "hyalescence", "nonglass", "glass ceramic", "absinthe spoon", "petalite", "pepsi", "vitrify", "photographic plate", "glassmaking", "vial", "opalotype", "glasslike", "fulgurite", "nonvitrified", "lens blank", "abradant", "crystal ball", "house wine", "tanada effect", "retouching frame", "flacon", "anticoherer", "kelp", "lead crystal", "polymethyl methacrylate", "art glass", "glassless", "marver", "borosilicated", "dramseller", "glassformer", "petri dish", "jingle", "clich\u00e9 verre", "magnifying glass", "prunt", "plate glass", "vitriform", "blow mould", "lead oxide", "legs", "vglaze", "calvados", "knickerbocker glory", "silica glass", "vitrifacture", "casserole", "uviol glass", "water gauge", "strass", "reading stone", "absinthiana", "vaporole", "andic", "orotone", "vmirror", "vsmooth", "devitrification", "mexican breakfast", "tintinnabulation", "autochrome", "pitchstone", "unvitrified", "margarita", "bead proof", "cheval de frise", "glasscutter", "wine flight", "wreath", "fresnel's rhomb", "fibreglass", "substance", "beaufet", "melonade", "pint glass", "patio door", "bocca", "coupe", "double glazing", "crizzle", "glassy", "light mill", "annealing", "fluorite", "dribble glass", "windscreen", "pair of glasses", "paget process", "tumbler", "transparisteel", "interlayer", "bottle bank", "vitrifiable", "microscope slide", "pony glass", "fibre optics", "vlandscape", "frit brick", "glass pane"], [], [], []], "/r/UsedFor": [["drinking", "holding liquid", "seeing through", "drinking liquid from", " artifacthold stative", "drinking from", "drinking out of", "making windows and for drinking cups", "drink from", "holding liquids and ice cubes", "drink margaritas out of", "holding water", "holding liquids", "holding drink"], [], [], []], "/r/LocatedAt": [[], [], [], []], "/r/FormOf": [["glassing", "glassed", "glasses"], [], [], []], "/r/IsA": [["solid", "natural glass substance", "optical glass substance", " substancesolid substance", "ground glass substance", "beer glass artifact", "water glass artifact", "wire glass substance", "rummer artifact", "liqueur glass artifact", "wineglass artifact", "highball glass artifact", "tumbler artifact", "schooner artifact", "bumper artifact", "stained glass substance", "lead glass substance", "snifter artifact", "safety glass substance", " artifactglassware artifact", "opal glass substance", "shot glass artifact", "crown glass substance", "parfait glass artifact", " artifactcontainer artifact", "seidel artifact", "soft glass substance", "soluble glass substance", "goblet artifact", " quantitycontainerful quantity", "solidopencycsolid state of matter", "liquid at room tempeature", "traditional covering for greenhouses", "inorganic substance", "clear glassopencycglass 413", "something you", "vehicle", "opencycglass 413brittle thing", "amorphous solid", "flying implies", "glass wool", "borophosphosilicate glassopencycsilicate glass", "amorpous solid at room temperature", "container", "physical substance"], [], [], []], "/r/PartOf": [["window", " substance artifact", "eyeglasses"], [], [], []], "/r/HasA": [["resonant frequency", "refractive index", "reflective qualitities"], [], [], []], "/r/CapableOf": [["hold liquid", "break easily", "hold water", "appear empty", "harness power of su", "serve as mirror", "cup liquid", "many different colors"], [], [], []], "/r/AtLocation": [["water", "cabinet", "window", "kitche", "table", "cen", "dining room", "street", "dishwasher", "hand", "sink"], [], [], []], "/r/HasProperty": [["clear", "recyclable", "very fragile", "dirty", "clea", "half empty", "gree", "non porous", "half full", "ceramic", "sharp", "opaque", "fragile", "solid", "empty"], [], [], []], "/r/CreatedBy": [[], [], [], []], "/r/Synonym": [[" artifactmethamphetamine artifact", "v changeglaze change", "glass in contact", " artifactfield glass artifact", "glaze possession possessio", "drinking glass artifact", " artifactlooking glass artifact", "glassful quantity", "mirror", "methamphetamine hydrochloride"], [], [], []], "/r/LocatedNear": [[], [], [], []], "/r/SimilarTo": [[], [], [], []], "/r/MadeOf": [["lenses", "lens", "sand", "crt", "tv", "many bottles", "many containers", "plate", "bowl", "vacuum tube", "glasses", "computer monitor", "abottle", "bins"], [], [], []], "/r/ReceivesAction": [["broke", "recycled", "made from sand", "found in kitche", "found in building", "blown into shapes", "coated", "sent for recycling", "found in bus", "tempered", "found in house", "wrapped in napki", "made from fused silicon dioxide", "found in taxi", "tinted", "melted", "blo "], [], [], []]}, "/r/CreatedBy": {}, "/r/Synonym": {"/r/RelatedTo": [[], [], [], [], [], [], [], [], [], [], [], [], [], [], [], [], [], [], [], [], [], ["illegible", "alegibility", "engross", "alegibly", "aintelligible", "legibility", "readable", "intelligible", "interlegible", "areadable", "legiblyr", "semilegible", "hyperlegible"], []], "/r/UsedFor": [[], [], [], [], [], [], [], [], [], [], [], [], [], [], [], [], [], [], [], [], [], [], []], "/r/LocatedAt": [[], [], [], [], [], [], [], [], [], [], [], [], [], [], [], [], [], [], [], [], [], [], []], "/r/FormOf": [[], [], [], [], [], [], [], [], [], [], [], [], [], [], [], [], [], [], [], [], [], ["legable"], []], "/r/IsA": [[], [], [], [], [], [], [], [], [], [], [], [], [], [], [], [], [], [], [], [], [], [], []], "/r/PartOf": [[], [], [], [], [], [], [], [], [], [], [], [], [], [], [], [], [], [], [], [], [], [], []], "/r/HasA": [[], [], [], [], [], [], [], [], [], [], [], [], [], [], [], [], [], [], [], [], [], [], []], "/r/CapableOf": [[], [], [], [], [], [], [], [], [], [], [], [], [], [], [], [], [], [], [], [], [], [], []], "/r/AtLocation": [[], [], [], [], [], [], [], [], [], [], [], [], [], [], [], [], [], [], [], [], [], [], []], "/r/HasProperty": [[], [], [], [], [], [], [], [], [], [], [], [], [], [], [], [], [], [], [], [], [], [], []], "/r/CreatedBy": [[], [], [], [], [], [], [], [], [], [], [], [], [], [], [], [], [], [], [], [], [], [], []], "/r/Synonym": [[], [], [], [], [], [], [], [], [], [], [], [], [], [], [], [], [], [], [], [], [], ["areadable", "readable", "aclea", "afair", "aclear", "adecipherable"], []], "/r/LocatedNear": [[], [], [], [], [], [], [], [], [], [], [], [], [], [], [], [], [], [], [], [], [], [], []], "/r/SimilarTo": [[], [], [], [], [], [], [], [], [], [], [], [], [], [], [], [], [], [], [], [], [], ["a clean ", "decipherable a ", "clean a ", "a decipherable "], []], "/r/MadeOf": [[], [], [], [], [], [], [], [], [], [], [], [], [], [], [], [], [], [], [], [], [], [], []], "/r/ReceivesAction": [[], [], [], [], [], [], [], [], [], [], [], [], [], [], [], [], [], [], [], [], [], [], []]}, "/r/LocatedNear": {}, "/r/SimilarTo": {"/r/RelatedTo": [[], [], [], [], [], [], [], [], [], [], [], [], [], [], [], [], [], [], [], [], [], [], [], [], [], [], [], [], [], [], [], [], [], [], [], [], [], [], [], [], [], []], "/r/UsedFor": [[], [], [], [], [], [], [], [], [], [], [], [], [], [], [], [], [], [], [], [], [], [], [], [], [], [], [], [], [], [], [], [], [], [], [], [], [], [], [], [], [], []], "/r/LocatedAt": [[], [], [], [], [], [], [], [], [], [], [], [], [], [], [], [], [], [], [], [], [], [], [], [], [], [], [], [], [], [], [], [], [], [], [], [], [], [], [], [], [], []], "/r/FormOf": [[], [], [], [], [], [], [], [], [], [], [], [], [], [], [], [], [], [], [], [], [], [], [], [], [], [], [], [], [], [], [], [], [], [], [], [], [], [], [], [], [], []], "/r/IsA": [[], [], [], [], [], [], [], [], [], [], [], [], [], [], [], [], [], [], [], [], [], [], [], [], [], [], [], [], [], [], [], [], [], [], [], [], [], [], [], [], [], []], "/r/PartOf": [[], [], [], [], [], [], [], [], [], [], [], [], [], [], [], [], [], [], [], [], [], [], [], [], [], [], [], [], [], [], [], [], [], [], [], [], [], [], [], [], [], []], "/r/HasA": [[], [], [], [], [], [], [], [], [], [], [], [], [], [], [], [], [], [], [], [], [], [], [], [], [], [], [], [], [], [], [], [], [], [], [], [], [], [], [], [], [], []], "/r/CapableOf": [[], [], [], [], [], [], [], [], [], [], [], [], [], [], [], [], [], [], [], [], [], [], [], [], [], [], [], [], [], [], [], [], [], [], [], [], [], [], [], [], [], []], "/r/AtLocation": [[], [], [], [], [], [], [], [], [], [], [], [], [], [], [], [], [], [], [], [], [], [], [], [], [], [], [], [], [], [], [], [], [], [], [], [], [], [], [], [], [], []], "/r/HasProperty": [[], [], [], [], [], [], [], [], [], [], [], [], [], [], [], [], [], [], [], [], [], [], [], [], [], [], [], [], [], [], [], [], [], [], [], [], [], [], [], [], [], []], "/r/CreatedBy": [[], [], [], [], [], [], [], [], [], [], [], [], [], [], [], [], [], [], [], [], [], [], [], [], [], [], [], [], [], [], [], [], [], [], [], [], [], [], [], [], [], []], "/r/Synonym": [[], [], [], [], [], [], [], [], [], [], [], [], [], [], [], [], [], [], [], [], [], [], [], [], [], [], [], [], [], [], [], [], [], [], [], [], [], [], [], [], [], []], "/r/LocatedNear": [[], [], [], [], [], [], [], [], [], [], [], [], [], [], [], [], [], [], [], [], [], [], [], [], [], [], [], [], [], [], [], [], [], [], [], [], [], [], [], [], [], []], "/r/SimilarTo": [[], [], [], [], [], [], [], [], [], [], [], [], [], [], [], [], [], [], [], [], [], [], [], [], [], [], [], [], [], [], [], [], [], [], [], [], [], [], [], [], [], []], "/r/MadeOf": [[], [], [], [], [], [], [], [], [], [], [], [], [], [], [], [], [], [], [], [], [], [], [], [], [], [], [], [], [], [], [], [], [], [], [], [], [], [], [], [], [], []], "/r/ReceivesAction": [[], [], [], [], [], [], [], [], [], [], [], [], [], [], [], [], [], [], [], [], [], [], [], [], [], [], [], [], [], [], [], [], [], [], [], [], [], [], [], [], [], []]}, "/r/MadeOf": {}, "/r/ReceivesAction": {}}}, "":{}}