{"screwdriver": {"N1": {"/r/RelatedTo": ["turnscrew", "screwdrivers", "orange juice", "phillips screwdriver", "phillips head", "fin key", "screw", "swiss army knife", "tur", "phase tester", "blade", "torque", "vodka", "screwdriving", "hex head wrench", "screw drive", "tool", "drill", "wrench"], "/r/UsedFor": ["tighten screw", "inserting screw", "tighten loose screws", "unscrewing screws", "inserting screws", "screwing screws", "putting things together", "pry", "pulling out screws", "installing or removing screws", "tighten loose screw", "putting in screws", "open can of paint", "stir paint", "fixing loose screws", "building things", "open tin of paint"], "/r/LocatedAt": [], "/r/FormOf": ["screwdrivers"], "/r/IsA": ["drink", "phillips screwdriver artifact", "flat tip screwdriver artifact", " artifacthand tool artifact", " foodcocktail food", "spiral ratchet screwdriver artifact", "drink with vodka and o.j", "carpentry tool", "flat screwdriver", "insulated screwdriver", "cocktail", "flat blade screwdriver", "straight screwdriver", "tool", "prying implement", "opencycscrewdriver drinkedible thing", "standard screwdriver", "industrial equipment", "phiillips screwdriver", "opencycscrewdriver drinkhighball", "phillips head", "rotary driving implement", "phillips screwdriver"], "/r/PartOf": [], "/r/HasA": [], "/r/CapableOf": ["turn screw", "wear out", "weapo"], "/r/AtLocation": ["toolbox", "tool box", "tool belt", "junk drawer", "kitchen junk drawer", "drawer", "toolkit", "repair shop", "tool box or junk drawer", "bar"], "/r/HasProperty": [], "/r/CreatedBy": [], "/r/Synonym": [""], "/r/LocatedNear": [], "/r/SimilarTo": [], "/r/MadeOf": [], "/r/ReceivesAction": []}, "N2": {"/r/RelatedTo": {"/r/RelatedTo": [["turnscrews", "screwdriver"], ["screwdriver"], [], [], [], [], ["backlash", "regulating screw", "fillet", "screw cap", "cheater", "worm drive", "counterbore", "pitch", "screwer", "an", "magnitude", "vscrew over", "set screw", "pilot hole", "leadscrew", "fuck off", "tap bolt", "hair divider", "screwback", "screw drive", "vmiskick", "screw anchor", "tobacco", "screwless", "sexual partner", "belfast confetti", "flathead", "barrel nut", "cap nut", "rotatio", "worm and wheel", "vextortio", "major diameter", "helix", "translatio", "turnbuckle", "bradawl", "wellwikten 2", "head", "screwed", "lamp holder", "microscrew", "thumbscrew", "simple machine", "worm", "wall plug", "cap screw", "knee splitter", "propeller", "roundhead", "parallel", "bed screw", "phillips screw", "vessel", "screwing", "screwdriver", "threaded", "hex head screw", "screwdriving", "minor diameter", "countersink", "archimedes screw", "shank", "screw machine", "unscrew", "axis", "severity", "diestock", "fin key", "miniscrew", "u bolt", "packet", "prison guard", "toenail", "german bit", "crustacea", "forget", "unscrewed", "bolt", "thread", "threadedlyr", "mason jar", "right and left screw", "extortioner", "vcontort", "fastener", "screw top", "gimlet", "helical", "steam", "sexual intercourse", "screwman", "tpi", "molly bolt", "quadruple thread", "screwlike", "vscrew back", "screw peg", "phillips head", "skinflint", "acorn nut", "backspi", "casual", "countersunk hole", "feeze", "choke pear", "screwee", "allen screw", "torx head", "screwable", "amphipod", "instructor", "hindley's screw", "pulley", "linear", "mistake", "tur"], [], ["goat", "turs", "caucasus"], [], ["knife", "sharp", "edge", "helicopter artifact", "cutting", "part", "knife part", "sharp edge", "wootz", "splice", "shears", "absence", "microblade", "crossguard", "bladed", "jimping", "boot knife", "glide", "scissorwiser", "framesaw", "blade server", "poleaxe", "gyroplane", "plumber's snake", "chisel", "corncutter", "halligan bar", "sword", "bifacial core", "zuppinger wheel", "beef", "palette knife", "dirk knife", "knife coloured", "vibroslice", "bladelike", "disengage", "hockey stick", "vulsellum", "mouldboard", "ensiform", "clavichord", "ligule", "mezzaluna", "retroflex", "downwash", "squeegee", "shoulder blade", "carapace", "foil", "autorotation", "parabolic", "petiole", "trephine", "pruning shears", "eggbeater", "lightsaber", "phyllodium", "vbleed", "inside edge", "steak knife", "scalpelliform", "daggerboard", "coulisse", "falcata", "simple leaf", "sideblade", "bladepoint", "presentation", "jigsaw", "trajectory", "scythe", "pocketknife", "tangent", "switch bladed", "drawknife", "shotel", "windmill", "liement", "gullet", "clicking knife", "multibladed", "nirosta", "razor", "gankyil", "opposition parry", "fork", "tongue", "sheath knife", "tooth", "daggerblade", "swashplate", "razor wire", "hot knife", "furbisher", "lance", "languet", "probe scissors", "disengagement", "plain saw", "swiss army knife", "spoon oar", "plowshare", "wash", "folding knife", "laminal", "plate", "iaido", "serriform", "fromward", "whizzer", "shamshir", "coul\u00e9", "serpette", "malparry", "dahwikten 2", "sweep", "oar", "ice skate", "flapping hinge", "texas toothpick", "clasp knife", "nanoblade", "prise de fer", "player", "speedskate", "spudger", "rodmeter", "envelopment", "throw", "coronal", "waiter's friend", "bladework", "macahuitl", "ina bauer", "guillotine", "lamina", "bulldozer", "interrupter gear", "mattock", "screw pile", "leaf", "cut", "centerboard", "spinnerbait", "utility knife", "thi", "propeller", "roof", "feathered", "weedless", "switch blade", "clap skate", "scalpel", "fishtail", "table saw", "crois\u00e9", "oyster knife", "toledo", "fa", "airfoil", "rudder", "pendulum saw", "kickback", "sawshark", "diamond saw", "attitude", "angledozer", "screwdriver", "chuck", "sword breaker", "coach", "swordstick", "bladejob", "compound leaf", "skate", "hacksaw", "shutter", "rototiller", "gouge", "colichemarde", "propeller head", "sword grass", "bipennis", "rotavator", "maker's name", "windshield wiper", "catch crab", "homosexual", "outside edge", "twibill", "bolster", "bladeless", "sub hilt", "sickle", "heel ring", "grass", "male", "corncob", "conversation", "fauchard", "painting knife", "billhook", "immersion blender", "perfoliate", "reciprocating saw", "vrollerblade", "bandsaw", "broadaxe", "axeblade", "cereal", "jacob's ladder", "cake slice", "microkeratome", "jambiya", "fretsaw", "cutting edge", "shucking knife", "safety razor", "balisong", "lateral", "bladelet", "screwback", "grass top", "fish knife", "quillon", "windscreen wiper", "pushstick", "poniard", "penknife", "multiblade", "blades", "flatsa a", "flamberge", "flake", "rafter", "aperture", "tool", "hot saw", "blady", "glaive", "sawblade", "longsword", "toe pick", "flick", "mixer", "dashing", "cinquedea", "cat's paw", "cream slice", "elbow scissors", "urumi", "penitente", "hilt", "oblique", "blender", "knife edge"], ["couple", "leverage", "wikten 1torsio", "ruffini's corpuscle", "differential gear", "flexplate", "torsionmeter", "torqueless", "overtorque", "magnetic moment", "all wheel drive", "retorque", "torquer", "static equilibrium", "moment arm", "through variable", "wikten 1moment of force", "wikten 1force", "torquey", "screwdriver", "precession", "gear", "hysteresis motor", "torquated", "gearheadwikten 1", "tail rotor", "dynamometer", "torquance", "angular momentum", "lsm", "microtorque", "finger tight", "wikten 1newto", "moment", "kinodynamic", "newton metre", "gorget", "nutation", "moment of force", "torsion", "powerband", "couplewpmechanics", "twist"], ["alcohol", "kamikaze", "long island iced tea", "smirnoff", "caipivodka", "kubanskaya", "dry martini", "vodka tonic", "eyeballing", "samogon", "caesar", "vodkalike", "caipiroska", "appletini", "bloody caesar", "vodkaless", "verde mary", "silent sam", "harvey wallbanger", "vodkatini", "sgroppino", "vesper martini", "voddy", "black russian", "vodka sauce", "neutral spirits", "scorpion bowl", "bloody mary", "moscow mule", "zubrowka", "white russian", "hard liquor", "lemon drop", "alcoholic", "cosmopolitan", "vodkas", "white goods", "fourth of july", "cape codder", "brass monkey", "oyster shooter", "krupnik", "martini", "blue hawaii", "jello shooter", "duma", "8 ball", "flirtini", "liquor", "grai", "sex on beach", "screaming orgasm", "stolichnaya", "pink panty dropper", "mash", "strawberry blonde", "stoli", "screwdriver", "distil", "yellow snow", "russia", "health", "russian alcohol", "water", "potato", "sky", "drink", "potato liquor", "booze", "russian booze", "absolutio", "clear"], ["loose", "screw", "faste", "work", "screwdriver"], [], [], ["hammer", "bat", "finger tight", "drill", "rake", "pliers", "hoe", "saw", "level", "eye", "axe", "scale", "guilloche", "straightedge", "electroencephalophone", "caulker", "reamer", "grinding stone", "polespear", "square", "tjanting", "wield", "chiselwikten 2", "fire iron", "oxygen lance", "uniface", "hacker", "warkloom", "taconite", "osteotome", "carpenter's square", "lad mag", "strike while iron is hot", "wandwork", "whiteboard", "engraver", "peavy", "dicer", "flintknapper", "toolcase", "solderer", "route planner", "pitchfork", "croze", "shears", "tine", "scrive", "gummer", "toolset", "hand tool", "pruning shears", "bipoint", "nutpick", "tack claw", "nibbler", "debitage", "lart", "toolstack", "recapper", "tooling", "melon baller", "artifact", "clactonian", "nail punch", "engine", "hoof pick", "instrument", "jointer", "retouch", "applicator", "rabbeter", "defloat", "black bag", "caulking iron", "hand tight", "sidescraper", "apparatus", "fromward", "fudge wheel", "industry", "toolmark", "guilloch\u00e9", "vattack", "bioultrasonics", "real programmer", "batterie de cuisine", "it ain't meat it's motio", "communicable scale", "plastometer", "knife", "painting knife", "pike pole", "barehanded", "marking gauge", "cutting edge", "rootkit", "spanner", "fire beater", "microscalpel", "machete", "stab", "twist drill", "icepick", "scooper", "tools", "assistant", "tuning wrench", "burin", "sonotrode", "drivebolt", "top rake", "manufacture", "clipper", "clearer", "roller", "turrel", "pilot", "jedding ax", "weeder", "trepanner", "dolly", "scriber", "whetstone", "digging fork", "fin key", "lissoir", "megablast", "webtool", "metayer", "hand code", "appliance", "blond metal", "walking stick", "scary sharp", "pickaxe", "abrasive disc", "flintknapping", "nanotool", "fork", "pritchel", "pocketknife", "vdeflect", "unipoint", "unclogger", "hardware", "software", "penis", "edger", "bungstarter", "riveter", "barehandedlyr", "bead breaker", "mattock", "mandrel", "linting", "skiverwikten 2", "toolage", "vintentional", "shaft", "toolchain", "designer", "program slicer", "picket", "mallet", "hardpoint", "gravettian", "chert", "toolsmith", "iron", "garage", "slake trough", "pyrograph", "puller", "vequip", "stretching iron", "shoehorn", "honey drizzler", "nailset", "vout of bounds", "centerpunch", "nomen instrumenti", "cutlass", "choke", "german bit", "duck call", "dibber", "golok", "parer", "vdrive", "tooler", "snake rake", "workloom", "endoilluminator", "stripper", "side tool", "naked handed", "business end", "heijunka box", "toolbox", "endscraper", "manual labor", "surform", "furrower", "undertooled", "torsion wrench", "cork borer", "handlewikten 1", "brakewikten 3", "paint bucket tool", "business intelligence", "flail", "gimlet", "halligan bar", "lithic", "industrial arts", "toolpost", "trowel", "cane knife", "frenchman", "non tas", "embedder", "cigar cutter", "checkuser", "toolroom", "chainbreaker", "niddy noddy", "tooled", "outfit", "greenstone", "honey dipper", "gigantolith", "auger", "screwboard", "toolshed", "vcoach", "twiscar", "pair of pliers", "flosser", "holster", "increment borer", "steelwikten 1", "neogeography", "weapon", "titanium carbide", "hedgebill", "toolstock", "helve", "deburring tool", "protractor", "go equipped", "chainmaker", "pointing trowel", "farseer", "immersion blender", "toolless", "clonk", "toolsy", "try square", "ripping iron", "snake", "hot glue gun", "slungshot", "riving knife", "priest", "toolbelt", "traverse drill", "toolsmithing", "zax", "against grai", "baster", "pecking", "molcajete", "clippers", "grainer", "broad", "flaker", "tooth key", "utility knife"], ["bit", " artifactworker perso", "tool", "drillable", "vodka luge", "vwikten 1drai", "awkward squad", "traverse drill", "crisis actor", "drill bit", "pin drill", "trip out", "audiolingual", "square bashing", "bit shank", "semisubmersible", "drilling fluid", "drillproof", "drill ground", "twist drill", "drillmaster", "driller", "well logging", "drill do ", "dental drill", "unbored", "mohole", "kelly", "vwikten 1trai", "predrill", "nondrilling", "drilled", "drumwikten 1", "pneumatic drill", "hole saw", "drillhole", "drill hall", "wikten 1tool", "air drill", "drillstock", "wildcat", "palette", "wikten 2old world monkey", "salut des armes", "craterization", "vwikten 1hit", "turbodrill", "jackleg", "moon pool", "center punch", "wikten 1trap music", "redrill", "drill floor", "dentistry", "wildcatter", "dentist's drill", "bitwikten 1", "bowwikten 1", "buzzie", "baboon", "wellbore", "countersunk hole", "oil platform", "jackhammer", "machine shop", "handpiece", "boreable", "paddywikten 3", "match drill", "wikten 3bias", "wikten 1sow", "mill drill", "widener", "pilot hole", "drill press", "borefield", "trepanation", "microdrill", "power", "power tool", "oil", "hole", "awl", "spirals", "evacuatio", "maker", "hole maker", "for oil", "hair", "dryer", "hair dryer", "electric tool", "electric", "hole tool", "dig oil", "dig", "used", "bit used", "screwdriver", "wells", "oil wells", "cathedral", "tool chest", "chest", "dance"], ["monkey wrench", "wikten 1twist", "unwrenched", "wramp", "flare nut wrench", "wikten 1adjustable", "socket wrench", "spanner", "wrick", "wrench hammer", "hex head bolt", "cheater", "wrencher", "wikten 1sprai", "hex head screw", "torsion", "ring wrench", "skate key", "plench", "anchor nut", "ratchet wrench", "pipe wrench", "wrenchlike", "wikten 1screw theory", "tool", "pliers", "twist", "screwdriver"]], "/r/UsedFor": [[], [], [], [], [], [], ["holding together", "bolt artifact contact", "fixing two things together", "sexual pleasure", "putting furniture together", "holding things together", "attach item to else", "turning", "hang picture", "fastening two objects together", "fasten things", "securing two objects together", "holding two pieces of wood together", "ratchet screwdriver", "propelling ship"], [], [], [], ["cutting", " artifactslit contact", "cut"], [], [], [], [], [], ["building things", "fixing things", "making things", "building", "fix things", "build", "accomplishing purpose", "perform operatio", "multiple task manipulation of other objects", "repair door", "using", "correcting", "cut things", "added power", "create sculpture", "causing", "adjusting", "altering", "fix or build things", "work", "instrument"], ["drilling holes in things", "diamond", " artifactcut contact", " artifactbore contact", " artifacthole artifact", " artifacthole object", "drilling", "drill hole in wall", "whistle", "fix cavities", "practicing marching", "dowel joint", "opening small holes on walls", "drill hole", "spinning bit", "make hole in wall", "make hols", "removing screws", "drill hole i", "cut holes in objects", "screwing in screws"], ["tighten bolt"]], "/r/LocatedAt": [[], [], [], [], [], [], [], [], [], [], [], [], [], [], [], [], [], [], []], "/r/FormOf": [["turnscrews"], ["screwdriver"], [], [], [], [], ["scrod", "screws", "screwed", "screwing"], [], ["turs"], [], ["blades", "bladed", "blading"], ["torqued", "torq", "torquing", "torques", "torqueing", "torc"], ["vodkas"], [], [], [], ["tooled", "tools", "tooling"], ["drilled", "drills"], ["wrenched", "wrenches", "wrenching"]], "/r/IsA": [[], [], [], [], [], [], ["simple machine", "inclined plane", "setscrew artifact", "machine screw artifact", "cap screw artifact", " artifactpropeller artifact", "thumbscrew artifact", "metal screw artifact", "allen screw artifact", " artifactinclined plane artifact", " artifactfastener artifact", "worm artifact", "woodscrew artifact", "bolt artifact", "simple machine too", "phillips head", "allen screw", "wonderful simple inventio", "modified wedge", "tool"], [], [], [], [" artifactrunner artifact", "knife blade artifact", " bodystructure body", "fan blade artifact", " artifactcutting implement artifact", " plantleaf plant", " objectribbon object", "impeller artifact", "rudder blade artifact", "razorblade artifact", " foodcut of beef food", "vane animal body", " persoyoung person perso", " artifactrotating mechanism artifact", "paddle artifact", "razor blade", "weapo", "cutting implement", "bandsaw blade", "knife blade", "circular saw blade", "sharp thing", "externally powered device", "wpcomicscomics character"], ["turning workpiece on lathe", "torque of screws", "wpgame enginesoftware"], ["alcohol", " foodliquor food", "smirnoff", "absolut", "popular russian drink", "absolute vodka", "in finland", "clear alcohol", "colorlessnessopencyccolorless thing", "alcoholic beverage", "hard liquor", "drink of russians", "intoxicating beverage", "favorite alchoholic drink of russians", "alcoholic drink", "liquor"], [], [], [], ["saw", "object", "axe", "knife", "stethoscope", "abrader artifact", "drill artifact", "hand tool artifact", "plow artifact", "shaping tool artifact", "saw set artifact", " artifactimplement artifact", "jack artifact", "power tool artifact", "bender artifact", "stylus artifact", "punch artifact", "pestle artifact", "strickle artifact", "hack artifact", "ram artifact", "level", "fork artifact", "hoe artifact", "nail gu", "clincher artifact", "lighter", "rounder artifact", "eolith artifact", "tamp artifact", "upset artifact", "grapnel artifact", "paleolith artifact", "tap artifact", "rake artifact", "cutting implement artifact", "neolith artifact", "comb", "gang artifact", "garden tool artifact", "comb artifact", "catheter", "triangle", "opener", "power tool", "framing square", "consumer durable", "item", "rubber stamp", "ramset gu", "awl", "stationary tool", "combination square", "hammer drill", "crowbar", "nut", "pneumatic wrench", "stapler", "hacksaw", "miter saw", "nail punch", "washer", "shaping tool", "chisel", "plumbing tool", "comealong", "phillips screwdriver", "computer", "miter box", "table saw", "circular saw", "device", "trowel", "nail", "nail set", "pick", "lug nut", "drill bit", "open mind", "lever", "wedge", "milling cutter", "gardening tool", "lures", "hole making tool", "saxophone", "punch", "user guided device", "hand plane", "putty knife", "jointer", "clamp binder", "drill press", "band", "pens", "spade", "drill", "stencil", "rasp", "speed square", "vise", "non agentive artifact", "pliers", "allen wrench", "car", "weapo", "pulley", "pot", "screwdriver", "hydraulic jack", "hardware tool", "saber saw", "ratchet"], ["core drill artifact", "bore bit artifact", "dentist's drill artifact", "trepan artifact", "reamer artifact", " animalbaboon animal", " militarytraining act", "breast drill artifact", "hand drill artifact", "brace and bit artifact", " artifacttool artifact", "auger artifact", "power drill artifact", "manual drill", "device", "hardware tool", "firestick", "tool", "auger", "electric drill", "cutting implement", "hole making tool", "wpanimalmammal"], ["open end wrench artifact", " artifacthand tool artifact", "brace wrench artifact", "bulldog wrench artifact", "allen wrench artifact", "torque wrench artifact", "screw key artifact", "socket wrench artifact", "lug wrench artifact", "carriage wrench artifact", " stateinjury state", "dog wrench artifact", "adjustable wrench artifact", "hook wrench artifact", "pin wrench artifact", "sprain state", "sparkplug wrench artifact", "tap wrench artifact", "alligator wrench artifact", "box wrench artifact", "industrial equipment", "screw wrench", "hardware tool", "torque wrench", "box wrench", "tool", "adjustable wrench", "lug wrench", "pipe wrench", "monkey wrench", "injury", "rotary driving implement", "grasping implement", "plumbing tool"]], "/r/PartOf": [[], [], [], [], [], [], [" artifactship artifact", "screw thread artifact", " artifactoutboard motor artifact", "head artifact", "inclined plane"], [], [], [], ["knife", "fa", " artifactscissors artifact", " artifacthelicopter artifact", " artifactsword artifact", "knife edge artifact", " artifactpropeller artifact", " artifactice skate artifact", " artifactax artifact", " artifactlawn mower artifact", " artifactspatula artifact", " foodchuck food", " artifactwindmill artifact", " artifactknife artifact", " artifactoar artifact", " artifactturbine artifact", "hockey stick", "saw", "food processor"], [], [], [], [], [], [], ["chuck artifact", "bit artifact", "bit"], ["jaw artifact", "tool kit"]], "/r/HasA": [[], [], [], [], [], [], [], [], [], [], ["pencil sharpener"], [], ["no odor"], [], [], [], [], [], []], "/r/CapableOf": [[], [], [], [], [], [], ["hold things together", "wood screw or machine"], [], [], [], ["hurt one finger"], [], [], [], [], [], ["help perso", "eat with"], ["electril or manual"], ["turn bolt"]], "/r/AtLocation": [[], [], [], [], [], [], ["motorcycle", "hinges of door", "wall outlet fixture", "computer", "wall", "tool box"], [], [], [], [], [], ["bar", "cabinet"], [], [], [], ["garage", "repair shop", "tool box", "basement", "hardware store", "carpenter's belt", "toolchest"], ["garage", "dentist office", "repair shop", "tool shed", "toolbox", "home improvement store", "cabinet", "basement", "work shop"], ["repair shop", "garage"]], "/r/HasProperty": [[], [], [], [], [], [], [], [], [], [], [], [], ["strong tasting", "colourless", "liquid"], [], [], [], ["hammer"], [], []], "/r/CreatedBy": [[], [], [], [], [], [], [], [], [], [], [], [], [], [], [], [], [], [], []], "/r/Synonym": [[], [], [], [], [], [], [" actfuck act", " persoprison guard perso", "v competitiocheat competitio", "screw propeller artifact", "v contactroll in hay contact", "drive in contact", "screw back", "jailer", "screw it", "vfuck", "fuck", "bolt", "vthesaurus:copulate", "", "wpsimple machinewpsimple machine"], [], [], [], [" artifactsword artifact", "vane artifact", "leaf blade plant", "bulldozer", "", "wpcomicswpcomics"], [" phenomenotorsion phenomeno", "", "wpgame enginewpgame engine"], ["horilka", ""], [], [], [], [" actinstrument act", " bodycock body", " persocreature perso", "v drivingjoyride driving", "apparatus", "vuse", "emboss"], ["v contactbore contact", "practice cognition cognitio", "practise cognition cognitio", "mandrillus leucophaeus animal", "exercise cognition cognitio", " actexercise act", "discipline", "borer", "bore", "wpanimalwpanimal"], ["v bodytwist body", "v contactwring contact", "spanner artifact", "twist state", "twist contact", "spanner", " eventtwist event", "pull state", "extort"]], "/r/LocatedNear": [[], [], [], [], [], [], [], [], [], [], [], [], [], [], [], [], [], [], []], "/r/SimilarTo": [[], [], [], [], [], [], [], [], [], [], [], [], [], [], [], [], [], [], []], "/r/MadeOf": [[], [], [], [], [], [], [], [], [], [], [], [], [], [], [], [], [], [], []], "/r/ReceivesAction": [[], [], [], [], [], [], [], [], [], [], [], [], ["made from potatoes", "made from potato extracts"], [], [], [], [], [], ["used when pull out things"]]}, "/r/UsedFor": {"/r/RelatedTo": [[], [], [], [], [], [], [], ["pries", "pryer", "stickybeak", "prizewikten 1", "prise", "prier", "oyster knife", "vwikten 1nosy", "prying", "maundril", "tire iron", "pryinglyr", "pried", "vwikten 1curiously", "smell out", "gag", "vwikten 1look"], [], [], [], [], [], [], [], [], []], "/r/UsedFor": [[], [], [], [], [], [], [], ["screwdriver"], [], [], [], [], [], [], [], [], []], "/r/LocatedAt": [[], [], [], [], [], [], [], [], [], [], [], [], [], [], [], [], []], "/r/FormOf": [[], [], [], [], [], [], [], ["pryeth", "prieth", "pried", "prys", "prying", "pryest", "pries"], [], [], [], [], [], [], [], [], []], "/r/IsA": [[], [], [], [], [], [], [], [], [], [], [], [], [], [], [], [], []], "/r/PartOf": [[], [], [], [], [], [], [], [], [], [], [], [], [], [], [], [], []], "/r/HasA": [[], [], [], [], [], [], [], [], [], [], [], [], [], [], [], [], []], "/r/CapableOf": [[], [], [], [], [], [], [], [], [], [], [], [], [], [], [], [], []], "/r/AtLocation": [[], [], [], [], [], [], [], [], [], [], [], [], [], [], [], [], []], "/r/HasProperty": [[], [], [], [], [], [], [], [], [], [], [], [], [], [], [], [], []], "/r/CreatedBy": [[], [], [], [], [], [], [], [], [], [], [], [], [], [], [], [], []], "/r/Synonym": [[], [], [], [], [], [], [], ["horn in perception perceptio", "nose perception perceptio", "intrude perception perceptio", "lever contact", " artifactcrowbar artifact", "jimmy contact", "poke perception perceptio", "prise creation creatio", "prize contact", "prise contact"], [], [], [], [], [], [], [], [], []], "/r/LocatedNear": [[], [], [], [], [], [], [], [], [], [], [], [], [], [], [], [], []], "/r/SimilarTo": [[], [], [], [], [], [], [], [], [], [], [], [], [], [], [], [], []], "/r/MadeOf": [[], [], [], [], [], [], [], [], [], [], [], [], [], [], [], [], []], "/r/ReceivesAction": [[], [], [], [], [], [], [], [], [], [], [], [], [], [], [], [], []]}, "/r/LocatedAt": {}, "/r/FormOf": {"/r/RelatedTo": [["screwdriver"]], "/r/UsedFor": [[]], "/r/LocatedAt": [[]], "/r/FormOf": [["screwdriver"]], "/r/IsA": [[]], "/r/PartOf": [[]], "/r/HasA": [[]], "/r/CapableOf": [[]], "/r/AtLocation": [[]], "/r/HasProperty": [[]], "/r/CreatedBy": [[]], "/r/Synonym": [[]], "/r/LocatedNear": [[]], "/r/SimilarTo": [[]], "/r/MadeOf": [[]], "/r/ReceivesAction": [[]]}, "/r/IsA": {"/r/RelatedTo": [["liquid", "beverage", "milk", "water", "wine", "imbibe", "shake", "swallow", "actio", "thirst", "glass", "consume", "eat", "sip", "food", "generic", "bar", "refreshment", "poiso", "cup", "consumptio", "general", "beer", "quenching", "alcohol", "ingest", "consume liquid", "liquids", "swallowing", "thirsty", "tang", "mug artifact food", "cup artifact food", "glass artifact food", "collins", "swallow liquid", "intake", "consuming", "fluid", "soda", "term", "eating", "rum", "coke", "imbibe liquid", "liquid consumptio", "generic beverage", "gulp", "liquid refreshment", "take", "consumable", "activity", "liquid food", "quench", "soup", "brandy", "quenching thirst", "juice", "whiskey", "cocktail", "bars", "liquid intake", "ingest liquid", "libatio", "consumable liquid", "general term", "wet", "cups", "straw", "lemonade", "eat and", "quaffable", "sot", "guzzling", "tantalus", "bumbo", "nineteenth hole", "red eye", "fruit crush", "elderberry", "orange squash", "beverageware", "mistelle", "outdrink", "drunkard", "ap\u00e9ritif", "ginger beer", "quaff", "poison", "tipple", "no host", "nakamal", "bibacious", "akpeteshie", "british wine", "lick spout", "cooler", "prop up bar", "jimmy woodser", "lushy", "waitering", "drinking", "keg stand", "raspberryade", "drinking up time", "mild and bitter", "tincture", "mickey", "munkoyo", "plague water", "sizing", "drinkware", "triple", "slurp", "mabby", "chowder beer", "pineappleade", "break seal", "jaboticaba", "squeeze", "suck do v", "on turps", "gingerade", "refectioner", "strawberryade", "quart pot", "one for road", "mangoade", "muratina", "toast water", "whisky", "undrinkablyr", "koumiss", "bon vivant", "unvintageable", "dipso", "vwikten 1beverage", "kaoliang", "convivialist", "cloudifier", "krupnik", "what's yours", "knock back", "cupbearer", "pre drink", "caudle", "have couple", "patera", "medicine", "wet one's beak", "nightclub", "swizzle", "cherryade", "wet one's whistle", "absinthiana", "noncarb", "syllabub", "pokal", "swizzle stick", "sports drink", "cobbler's punch", "optic", "cooking sherry", "go juice", "sherbet", "designated driver", "soak", "melonade", "guzzle", "drunk", "bibacity", "wassail", "homebrewed"], [], [], [], [], [], [], [], [], [], ["drink", "fuzzy navel", "gin and tonic", "piscola", "frapp\u00e9", "pi\u00f1a colada", "angel's kiss", "caesar", "slammer", "duo", "blue hawaii", "kir royal", "fluffy duck", "bellini", "horse", "green hornet", "mixture", "gin and it", "shirley temple", "crowbar", "fizzler", "tiki bar", "half hearted", "elevate", "tail", "mix", "zombie", "orange juice", "tom and jerry", "trio", "snowball", "incredible hulk", "black russian", "vadulterate", "white lady", "moscow mule", "negroni", "cement mixer", "sazerac", "cocktail party", "jack rose", "blog", "sundowner", "blue lagoon", "white russian", "sgroppino", "pink gin", "pisco sour", "stinger", "sex on beach", "margarita", "cocktailian", "tonic water", "mixed drink", "strawberry blonde", "cuba libre", "bronx", "bloody caesar", "cosmopolitan", "black velvet", "beverage", "singapore sling", "kir", "saketini", "moose milk", "oyster shooter", "swizzle", "kamikaze", "volcano bowl", "cocktail onion", "caipivodka", "catembe", "irish car bomb", "gimlet", "dry martini", "roy rogers", "rove beetle", "mixer", "lemon drop", "japanese slipper", "gibson", "buck's fizz", "hibiscus", "whiskey sour", "mixological", "mint julep", "gin fizz", "batida", "calimocho", "mockito", "flaming doctor pepper", "rumdum", "bar syrup", "swizzle stick", "highball", "red eye", "blastaway", "cape codder", "tequila slammer", "scorpion bowl", "daiquiri", "flirtini", "slippery nipple", "alabama slammer", "rickey", "coca wine", "dirty martini", "rusty nail", "fellow", "clamato", "gold rush", "silver bullet", "mea", "dom pedro", "americano", "ramos gin fizz", "banana boat", "mojito", "j\u00e4gerbomb", "parasol", "appletini", "cocktail stick", "manhattan", "screaming orgasm", "twist", "martini", "alexander", "tom collins", "mai tai", "gin and french", "harvey wallbanger", "rob roy", "mocktini", "michelada", "mimosa", "bloody mary", "long island iced tea", "coward", "pink panty dropper", "margatini", "harley davidson", "cocktail bar", "brandy alexander", "poor man's black velvet", "vfuel", "bramble", "mixology", "muddle", "vesper martini", "old fashioned", "galliano", "beertail", "grasshopper", "alcoholic", "fourth of july", "verde mary", "bar", "alcohol", "secret", "dress", "alcoholic mix", "drinks mix", "drinks", "alcoholic beverage", "wine", "shake", "shake it", "tale", "rock tale", "rock"], [], [], ["hammer", "bat", "finger tight", "drill", "rake", "pliers", "hoe", "saw", "level", "eye", "axe", "scale", "guilloche", "straightedge", "electroencephalophone", "caulker", "reamer", "grinding stone", "polespear", "square", "tjanting", "wield", "chiselwikten 2", "fire iron", "oxygen lance", "uniface", "hacker", "warkloom", "taconite", "osteotome", "carpenter's square", "lad mag", "strike while iron is hot", "wandwork", "whiteboard", "engraver", "peavy", "dicer", "flintknapper", "toolcase", "solderer", "route planner", "pitchfork", "croze", "shears", "tine", "scrive", "gummer", "toolset", "hand tool", "pruning shears", "bipoint", "nutpick", "tack claw", "nibbler", "debitage", "lart", "toolstack", "recapper", "tooling", "melon baller", "artifact", "clactonian", "nail punch", "engine", "hoof pick", "instrument", "jointer", "retouch", "applicator", "rabbeter", "defloat", "black bag", "caulking iron", "hand tight", "sidescraper", "apparatus", "fromward", "fudge wheel", "industry", "toolmark", "guilloch\u00e9", "vattack", "bioultrasonics", "real programmer", "batterie de cuisine", "it ain't meat it's motio", "communicable scale", "plastometer", "knife", "painting knife", "pike pole", "barehanded", "marking gauge", "cutting edge", "rootkit", "spanner", "fire beater", "microscalpel", "machete", "stab", "twist drill", "icepick", "scooper", "tools", "assistant", "tuning wrench", "burin", "sonotrode", "drivebolt", "top rake", "manufacture", "clipper", "clearer", "roller", "turrel", "pilot", "jedding ax", "weeder", "trepanner", "dolly", "scriber", "whetstone", "digging fork", "fin key", "lissoir", "megablast", "webtool", "metayer", "hand code", "appliance", "blond metal", "walking stick", "scary sharp", "pickaxe", "abrasive disc", "flintknapping", "nanotool", "fork", "pritchel", "pocketknife", "vdeflect", "unipoint", "unclogger", "hardware", "software", "penis", "edger", "bungstarter", "riveter", "barehandedlyr", "bead breaker", "mattock", "mandrel", "linting", "skiverwikten 2", "toolage", "vintentional", "shaft", "toolchain", "designer", "program slicer", "picket", "mallet", "hardpoint", "gravettian", "chert", "toolsmith", "iron", "garage", "slake trough", "pyrograph", "puller", "vequip", "stretching iron", "shoehorn", "honey drizzler", "nailset", "vout of bounds", "centerpunch", "nomen instrumenti", "cutlass", "choke", "german bit", "duck call", "dibber", "golok", "parer", "vdrive", "tooler", "snake rake", "workloom", "endoilluminator", "stripper", "side tool", "naked handed", "business end", "heijunka box", "toolbox", "endscraper", "manual labor", "surform", "furrower", "undertooled", "torsion wrench", "cork borer", "handlewikten 1", "brakewikten 3", "paint bucket tool", "business intelligence", "flail", "gimlet", "halligan bar", "lithic", "industrial arts", "toolpost", "trowel", "cane knife", "frenchman", "non tas", "embedder", "cigar cutter", "checkuser", "toolroom", "chainbreaker", "niddy noddy", "tooled", "outfit", "greenstone", "honey dipper", "gigantolith", "auger", "screwboard", "toolshed", "vcoach", "twiscar", "pair of pliers", "flosser", "holster", "increment borer", "steelwikten 1", "neogeography", "weapon", "titanium carbide", "hedgebill", "toolstock", "helve", "deburring tool", "protractor", "go equipped", "chainmaker", "pointing trowel", "farseer", "immersion blender", "toolless", "clonk", "toolsy", "try square", "ripping iron", "snake", "hot glue gun", "slungshot", "riving knife", "priest", "toolbelt", "traverse drill", "toolsmithing", "zax", "against grai", "baster", "pecking", "molcajete", "clippers", "grainer", "broad", "flaker", "tooth key", "utility knife"], [], [], [], [], [], [], [], [], []], "/r/UsedFor": [["water", "ice", "beer mug", "minibar", "going to pub"], [], [], [], [], [], [], [], [], [], [], [], [], ["building things", "fixing things", "making things", "building", "fix things", "build", "accomplishing purpose", "perform operatio", "multiple task manipulation of other objects", "repair door", "using", "correcting", "cut things", "added power", "create sculpture", "causing", "adjusting", "altering", "fix or build things", "work", "instrument"], [], [], [], [], [], [], [], [], []], "/r/LocatedAt": [[], [], [], [], [], [], [], [], [], [], [], [], [], [], [], [], [], [], [], [], [], [], []], "/r/FormOf": [["drunk", "drinken", "drunkest", "drinked", "drinketh", "drinks"], [], [], [], [], [], [], [], [], [], ["cocktails", "cocktailed"], [], [], ["tooled", "tools", "tooling"], [], [], [], [], [], [], [], [], []], "/r/IsA": [["soda", "screwdriver", "tea", "cappuccino", "pepsi", "lemonade", "hair of dog food", " actintemperance act", "pledge food", "draft food", "ice cream soda food", "whiskey neat food", " objectbody of water river", "shandygaff food", "libation food", "chaser food", "eye opener food", "liquid", "whiskey on rocks food", "syllabub food", "sundowner food", "drinking bout act", "milkshake food", "frappe food", "sangaree food", "stirrup cup food", "fruit punch", " foodhelping food", "nightcap food", "posset food", "alcohol", "csd", "one type of hurricane", "champagne", "ice", "alcoholic drink", "applejuice", "one type of huricane", "smoothie"], [], [], [], [], [], [], [], [], [], ["gin and it food", "grasshopper food", "bullshot food", " foodappetizer food", "white russian food", "gimlet food", "planter's punch food", "fruit cocktail food", "daiquiri food", "screwdriver food", "shrimp cocktail food", "sazerac food", "bloody mary food", "sidecar food", "harvey wallbanger food", "old fashioned food", "stinger food", " foodmixed drink food", "pink lady food", "margarita food", "crab cocktail food", "sour food", "manhattan food", "martini food", "grand mimosa", "martini", "dirty harry cocktail", "screwdriver", "mimosaopencycmimosa drink", "pina colada", "wine cocktail", "tequila cocktail", "highball", "margarita", "mixed drink", "sidecar", "gin and tonic"], [], [], ["saw", "object", "axe", "knife", "stethoscope", "abrader artifact", "drill artifact", "hand tool artifact", "plow artifact", "shaping tool artifact", "saw set artifact", " artifactimplement artifact", "jack artifact", "power tool artifact", "bender artifact", "stylus artifact", "punch artifact", "pestle artifact", "strickle artifact", "hack artifact", "ram artifact", "level", "fork artifact", "hoe artifact", "nail gu", "clincher artifact", "lighter", "rounder artifact", "eolith artifact", "tamp artifact", "upset artifact", "grapnel artifact", "paleolith artifact", "tap artifact", "rake artifact", "cutting implement artifact", "neolith artifact", "comb", "gang artifact", "garden tool artifact", "comb artifact", "catheter", "triangle", "opener", "power tool", "framing square", "consumer durable", "item", "rubber stamp", "ramset gu", "awl", "stationary tool", "combination square", "hammer drill", "crowbar", "nut", "pneumatic wrench", "stapler", "hacksaw", "miter saw", "nail punch", "washer", "shaping tool", "chisel", "plumbing tool", "comealong", "phillips screwdriver", "computer", "miter box", "table saw", "circular saw", "device", "trowel", "nail", "nail set", "pick", "lug nut", "drill bit", "open mind", "lever", "wedge", "milling cutter", "gardening tool", "lures", "hole making tool", "saxophone", "punch", "user guided device", "hand plane", "putty knife", "jointer", "clamp binder", "drill press", "band", "pens", "spade", "drill", "stencil", "rasp", "speed square", "vise", "non agentive artifact", "pliers", "allen wrench", "car", "weapo", "pulley", "pot", "screwdriver", "hydraulic jack", "hardware tool", "saber saw", "ratchet"], [], [], [], [], [], [], [], [], []], "/r/PartOf": [["meal"], [], [], [], [], [], [], [], [], [], [], [], [], [], [], [], [], [], [], [], [], [], []], "/r/HasA": [[], [], [], [], [], [], [], [], [], [], [], [], [], [], [], [], [], [], [], [], [], [], []], "/r/CapableOf": [["means alcoholic drink"], [], [], [], [], [], [], [], [], [], [], [], [], ["help perso", "eat with"], [], [], [], [], [], [], [], [], []], "/r/AtLocation": [["ca", "cup", "cabinet", "bottle"], [], [], [], [], [], [], [], [], [], [], [], [], ["garage", "repair shop", "tool box", "basement", "hardware store", "carpenter's belt", "toolchest"], [], [], [], [], [], [], [], [], []], "/r/HasProperty": [[], [], [], [], [], [], [], [], [], [], [], [], [], ["hammer"], [], [], [], [], [], [], [], [], []], "/r/CreatedBy": [[], [], [], [], [], [], [], [], [], [], [], [], [], [], [], [], [], [], [], [], [], [], []], "/r/Synonym": [[" actswallow act", "boozing act", "tope consumption consumptio", "v cognitiodrink in cognitio", " foodbeverage food", "booze consumption consumptio", "imbibe consumption consumptio", "drunkenness act", "v consumptiotoast consumptio", "drinking act", "fuddle consumption consumptio", "hit bottle consumption consumptio", "crapulence act", "wikten 2gulp"], [], [], [], [], [], [], [], [], [], ["mixed drink", ""], [], [], [" actinstrument act", " bodycock body", " persocreature perso", "v drivingjoyride driving", "apparatus", "vuse", "emboss"], [], [], [], [], [], [], [], [], []], "/r/LocatedNear": [[], [], [], [], [], [], [], [], [], [], [], [], [], [], [], [], [], [], [], [], [], [], []], "/r/SimilarTo": [[], [], [], [], [], [], [], [], [], [], [], [], [], [], [], [], [], [], [], [], [], [], []], "/r/MadeOf": [[], [], [], [], [], [], [], [], [], [], [], [], [], [], [], [], [], [], [], [], [], [], []], "/r/ReceivesAction": [["put in containers"], [], [], [], [], [], [], [], [], [], [], [], [], [], [], [], [], [], [], [], [], [], []]}, "/r/PartOf": {}, "/r/HasA": {}, "/r/CapableOf": {"/r/RelatedTo": [[], [], []], "/r/UsedFor": [[], [], []], "/r/LocatedAt": [[], [], []], "/r/FormOf": [[], [], []], "/r/IsA": [[], [], []], "/r/PartOf": [[], [], []], "/r/HasA": [[], [], []], "/r/CapableOf": [[], [], []], "/r/AtLocation": [[], [], []], "/r/HasProperty": [[], [], []], "/r/CreatedBy": [[], [], []], "/r/Synonym": [[], [], []], "/r/LocatedNear": [[], [], []], "/r/SimilarTo": [[], [], []], "/r/MadeOf": [[], [], []], "/r/ReceivesAction": [[], [], []]}, "/r/AtLocation": {"/r/RelatedTo": [["toolkit", "workbox", "idiot", "tool chest", "pre existing", "toolboxes", "set", "toolset", "routine", "program", "dumbass", "writing", "tool"], [], [], [], [], ["lock artifact", "pomander", "knicker drawer", "sideboard", "draw", "retour sans prot\u00eat", "worktop", "crash cart", "draft", "artist", "drawerless", "wagoner", "cabinet", "drawful", "junk drawer", "drawerlike", "desk", "drawerful", "drawers", "check", "drawerswiktfr 1", "devonport", "box", "banker's draft", "chest of drawers", "tub", "cheque", "underground", "cashier's check", "rootle", "push", "hall tree", "vanity", "drawered", "cellaret", "drawee", "toddy", "barma", "beer", "file cabinet", "redraft", "promissory note", "plan chest", "cash register", "tap", "drawerknob", "kneehole desk", "worksurface", "nightstand", "drawing", "telecheck", "pembroke table", "hydrator", "sock", "money", "handle", "register", "painter", "scissors"], ["toolbox", "devkit", "assembly", "toolchai", "component", "tools", "toolset", "toolkits", "software"], [], [], ["place", "drinking", "soap", "pub", "drinks", "alcohol", "establishment", "drinking place", "saloo", "restaurant", "beer", "drink", "drinking establishment", "taver", "club", "bar resto", "nut bar", "counter", "building", "alcoholic", "drunk", "alcohol place", "liquor", "metal", "lounge", "hole", "meeting", "rod", "pole", "locatio", "meeting place", "joint", "stools", "exam", "drinks place", "beverages", "bargirl", "barpost", "latin cross", "barfly", "pick up tab", "belly up", "mark tree", "barboy", "barruly", "mamading", "checkout divider", "ntigram", "oshibori", "crystallophone", "quintuple", "barrier", "splinter bar", "saint andrew's cross", "topbar", "reinforced concrete", "headbanger", "tin cry", "lightbar", "ktv bar", "beer line", "debar", "barrulet", "brotie", "hitching bar", "wikten 1grinder", "moral obligation", "prop up bar", "jumbrella", "overslaugh", "wikten 1hoof", "bar up", "norman", "betty", "cold dra a", "contributory negligence", "wing bar", "navbar", "wikten 1judge", "arsis", "hemiola", "stammtisch", "public house", "turn button", "vwikten 1obstruct", "besides", "whipstaff", "turnbuckle", "wikten 1foo", "transom", "microbar", "wikten 1staff", "bar off", "except", "bridle iron", "strongback", "booze can", "barwalking", "arrowback", "wikten 1navigatio", "meteg", "horizontal bar", "barman", "cross", "piston rod", "tracery", "chinning bar", "barrable", "mouth bar", "hatchetation", "gunfighter seat", "handspike", "rathskeller", "kafunda", "trundle", "strull", "kimetaoshi", "ruin pub", "lup sup bar", "wakeboard tower", "unwrought", "soda siphon", "barlike", "balkie", "picket fence", "strippy", "pullup", "handsoap", "estaminet", "taproom", "brushbar", "fine ounce", "baz", "last call", "soundbar", "barmaid", "wikten 1substance", "wikten 1crust", "saloon", "bebar", "pull up", "ferroconcrete", "grid", "barring", "wikten 2pascal", "picobar", "isobar", "bargoer", "exclude", "middle eight", "cheater", "bar shoe", "climbing frame", "prestressed concrete", "call liquor", "wikten 1ordinary", "uneven bars", "barrister", "cocktail table", "footbar", "chafery", "eyebar", "honky tonk", "sports bar", "copperbar", "statute of frauds", "latticing", "ground bar", "abatewikten 1", "parallel bars", "winstub", "herisson", "niddy noddy", "treviss", "sissy bar", "mamasan", "pintxo", "bierstub", "wine list", "bar line", "kickstand", "swingtree", "fern bar"]], "/r/UsedFor": [[], [], [], [], [], ["storing socks", "storing things", " artifactstore possessio", "hold things", "safe keeping", "putting things i", "segregated storage", "storing clothes", "hiding clutter", "storing personal items", "storing sweaters", "hiding", "storing lingerie", "holding junk", "store jewelry i", "keeping things", "holding things", "organizatio", "storing things i", "opening and closting", "storing underwear", "hiding things away inside", "store things out of sight", "store things", "socks"], [], [], [], ["getting drunk", " artifactseparate stative", " artifactprotect competitio", "make brace", "meet people", "pry window ope", "viewing sushi chef", "meeting new people", "drinking", "get drunk"]], "/r/LocatedAt": [[], [], [], [], [], [], [], [], [], []], "/r/FormOf": [["toolboxes"], [], [], [], [], ["drawers"], ["tool kit", "toolkits"], [], [], ["barring", "bars"]], "/r/IsA": [[" artifactchest artifact", "box"], [], [], [], [], ["container", " artifactstorage space artifact", " persomoney handler perso", " artifactcontainer artifact", "storage device", "desk drawer", "dresser drawer", "place to store clothes", "part of furniture"], [], [], [], ["place", "carpenter's level artifact", " meteorologypressure unit quantity", " artifactobstruction artifact", " lawrailing artifact", " objectbarrier object", "rail artifact", "handlebar artifact", "oyster bar artifact", "drawbar artifact", "cash bar artifact", "handspike artifact", "salad bar artifact", "soda fountain artifact", "grab bar artifact", "shackle artifact", "slice bar artifact", "wet bar artifact", " artifactheating element artifact", "fret artifact", "stabilizer bar artifact", " artifactcounter artifact", "sushi bar artifact", "core artifact", "track artifact", " objectridge object", "belaying pin ship artifact", "rotor artifact", "towel rail artifact", " artifactimplement artifact", " artifactsupport artifact", "sandbar object", "heaver artifact", "bolt artifact", "lever artifact", "chinning bar artifact", "crossbar artifact", "snack bar artifact", "wine bar artifact", "fretopencycbar object", "nightclubopencycnight clubopencycbar drinking establishment", "place where alcoholic drinks", "pub", "opencycbar placeman made structure", "billiards saloonopencycbar drinking establishment", "popular file name in examples", "railopencycrail baropencycbar object"]], "/r/PartOf": [[], [], [], [], [], [" artifactdesk artifact", "lock artifact", " artifactchest of drawers artifact", " artifactchiffonier artifact", " artifactbuffet artifact", "dresser", "furniture"], [], [], [], [" artifacthorizontal bar artifact", " artifactparallel bars artifact", "millibar quantity meteorology", " lawcourt law", "barye quantity meteorology", " artifactgoal artifact"]], "/r/HasA": [["many tools"], [], [], [], [], ["clothing"], [], [], [], ["seafood restaurants"]], "/r/CapableOf": [["includes screwdriver", "store tools"], [], [], [], [], [], [], [], [], []], "/r/AtLocation": [["screwdriver", "garage", "phillips screwdriver", "saw", "file", "drill", "ratchet screwdriver"], [], [], [], [], ["clothing", "sock", "pencil", "knife", "fork", "glasses case", "bag", "phone book", "sweater", "glue stick", "pillow cases", "clippers", "address label", "junk", "envelope", "jeans", "ballpoint pe", "sachet", "paper clip", "file", "potpourri", "office desk", "sheets", "pair of scissors", "panties", "eyeglasses case", "reading glasses", "pe", "nylo", "knickknacks", "papers", "gu", "socks", "stamps", "pots", "dresser", "de", "telephone book", "quill brush", "notepad", "caps", "object", "jewelry box", "garlic crusher", "contraceptive", "checkbook", "labeler", "lids", "nightstand", "chest", "bear", "guarantees", "spatula", "hearing aid", "nylons", "credit cards", "letters", "card case", "phone directory", "scissors", "bag twisters", "glasses", "pamphlets", "pennies", "cosmetics", "tape", "hanging folders", "handle", "whisk", "correspondence", "video", "kitchen knife", "label maker", "utensils", "undershirts", "wash and wear fabric", "chest of drawers", "voltmeter", "chess set", "nut cracker", "winter ware", "knifes", "change", "hankie", "candle", "lingerie", "underpants", "product instructions", "book", "slips", "garters", "clothes", "contraceptive device", "games", "nail clippers", "paper punch", "cork puller", "coins", "letter openers", "kitchen machine accessories", "puzzle", "shave kit", "pantihose", "thumb tack", "paper clips", "tablespoo", "giraffe", "coasters", "egg beater", "handgu", "bra", "underware", "handkerchieves", "old equipment", "giant underpants", "camera", "underwear", "pictures", "prescription medications", "pillow case", "knives", "tape dispenser", "tools", "file cabinet", "thermometer", "checkbook holder", "receipts", "cheque book holder", "mechanical pencil", "serving spoons", "film", "saved letters", "tops", "kitche", "clue", "pantyhose", "toys", "souvenirs", "travel kit", "money", "dishtowels", "waterbed hose", "rocks", "blank checks", "pans", "washclothes", "stylus", "dust", "shirt", "ruler", "files", "important papers", "hair clip", "cds", "kitchen cabinet", "stationery", "currency", "screwdriver", "extra bedding", "socks or undergarments", "paper", "monopoly game", "ear muffs", "curling iro", "pot", "kitchen utensil", "ladle", "fountain pe", "blankets", "scarves", "marker", "bras"], ["phillips head screwdriver", "screwdriver"], [], [], ["beer", "drunk", "city", "alcoholics", "huma", "stools", "vodka", "stool", "drunkards", "bartender", "drunk people", "lemon peel", "waitress", "cocktail waitress", "spirit", "wine", "liquor", "customer", "barstools", "liquor glass", "alcoholic", "tab", "alcoholic beverage", "spirits", "cocktail cabinet", "cigarette smoke", "weasel i", "pretty girls", "mug", "cold tap", "sexual harassment", "sluts", "idiots", "airport", "ash tray", "corner of two streets", "shot glass", "restaurant", "nightclub", "las vegas", "michiga", "law student taking test", "student", "rowdy conduct", "whiskey", "guys looking for pretty girls", "beverages", "new york city", "white russia", "chips", "club", "alcholic drinks"]], "/r/HasProperty": [[], [], [], [], [], [], [], [], [], []], "/r/CreatedBy": [[], [], [], [], [], [], [], [], [], []], "/r/Synonym": [["tool case artifact", "tool cabinet artifact", "tool chest artifact", "toolkit"], [], [], [], [], [" persodraftsman perso", "draftsma", "wpfurniturewpfurniture"], ["toolbox"], [], [], ["v contactbarricade contact", "exclude communication communicatio", "debar communication communicatio", "v socialbanish social", " communicatiomeasure communicatio", "but", " artifactbrowning automatic rifle artifact", " attributestripe attribute", " lawlegal profession law", " artifactcake artifact", " artifactbarroom artifact", " actprevention act", "apart from", "measure", "pipe", "wikten 1barroom"]], "/r/LocatedNear": [[], [], [], [], [], [], [], [], [], []], "/r/SimilarTo": [[], [], [], [], [], [], [], [], [], []], "/r/MadeOf": [[], [], [], [], [], [], [], [], [], []], "/r/ReceivesAction": [[], [], [], [], [], ["contained in chest of drawers"], [], [], [], []]}, "/r/HasProperty": {}, "/r/CreatedBy": {}, "/r/Synonym": {"/r/RelatedTo": [["windowdoor", "worklabor", "butchermeat", "gallomeasure", "woundgash", "punishmentcrime and", "chickelaying", "thricerthree", "informed educated ", "closed obstructed ", "transpondianrightpondia", "mystifymystery", "audiovisualsaudiovisual"]], "/r/UsedFor": [["flash artifactlight physics", "string bassplaying music"]], "/r/LocatedAt": [[]], "/r/FormOf": [["air burstsair burst", "pot belliespot belly", "cross sectionscross sectio"]], "/r/IsA": [["suburb locatioresidential district locatio", "western skink animalskink animal", "inertial mass physicsmass attribute", "leading man persoactor perso", "occasion timetime time", "tree toad animalfrog animal", "petaurista animalmammal genus animal", "torch singer persosinger perso", "drop arch artifactpointed artifact", "rottenstone substancelimestone substance", "scorpionfish animalscorpaenid animal", "temporary hookup artifactconnection artifact", "acrylic fiber substanceman made substance", "dependence statestate ", "overhand pitch actpitch baseball", "american spikenard plantsubshrub plant", "hedonist persosensualist perso", "homecoming actreunion act", "aldrovanda plantdicot genus plant", "ambystomatidae animalamphibian family animal", "assist ice hockeymaneuver act", "tithe barn artifactbarn artifact", "hypsometer artifactaltimeter artifact", "papyrus communicatiodocument communicatio", "cacodyl substancegroup chemistry", "penance actsacrament act", "rule of evidence lawrule communicatio", "usherette persousher perso", "hooks bodyhand body", "bilabial communicatiolabial consonant communicatio", "kurdish communicatioiranian communicatio", "theism cognitioreligion cognitio", "aristocrat persoleader perso", "bundesbank groupcentral bank group", "skirtform of female attire", "yardarm artifactend locatio", "supreme court lawfederal group"]], "/r/PartOf": [["satachristian myth", "old testament communicatiobible communicatio", "styloid process bodytemporal bone body", "voider artifactbody armor artifact", "tower of london artifactlondon locatio"]], "/r/HasA": [["baywater"]], "/r/CapableOf": [["blanketscover bed", "chefbone chicke", "authorswrite books"]], "/r/AtLocation": [["windowhouse", "dustcarpet", "action figuretoy department", "barbershopmall", "mouselab maze"]], "/r/HasProperty": [[]], "/r/CreatedBy": [[]], "/r/Synonym": [["hawaiian honeycreeper animalhoneycreeper animal", "thing cognitiomatter cognitio", "dprk locationorth korea locatio", "gas tight air ", "get into possessioget in possessio", "west persocicily isabel fairfield perso", "sapindus drumondii plantwild china tree plant", "abls communicatiobachelor of arts in library science communicatio", "homburg artifactfedora artifact", "choking coil artifactchoke artifact", "sewerage artifactsewer artifact", "fish bowl stategoldfish state", "caddy golfcaddie golf", "moray eel animalmoray animal", "family zygnemataceae animalzygnemataceae animal", "severity attributeaustereness attribute", "hors d oeuvre foodhors food", "chukka artifactchukka boot artifact", "immunise competitioimmunize competitio", "kindling pointautoignition temperature", "corruptlyr corruptedlyr ", "lazy faineant ", "copernicia prunifera plantcarnauba plant", "log z's bodysleep body", "sworn pledged ", "palestine authority grouppalestine national group", "polyodon spathula animalpaddlefish animal", "linnaea borealis americana plantamerican twinflower plant", "stylise artstylize art", "thank youthank you very much", "infirm decrepit ", "uriniferous tubule bodynephron body", "passing actpassage act", "rio nunez coffee plantrobusta plant", "experimentation cognitioexperiment cognitio", "powerful knock do a ", "lichgate artifactlychgate artifact", "take advantage socialtrespass social", "pyrethrum plantpainted daisy plant", "take turns changealternate change", "water level locatiowaterline locatio", "fuddle stateclutter state", "insisting communicatioinsistence communicatio", "vibrate perceptioresonate perceptio", "viridity attributegreen attribute", "yarn dye changeimpress change", "balaenoptera borealis animalsei whale animal", "electron orbit locatioorbit locatio", "lillie persobeatrice perso"]], "/r/LocatedNear": [[]], "/r/SimilarTo": [["large leafed leafy ", "captious critical ", "exaggerated increased ", "effective militaryoperational military", "tasty winey ", "fast breaking news article", "second rate inferior ", "disputatious argumentative ", "private nonpublic ", "coated glazed ", "free clear "]], "/r/MadeOf": [[]], "/r/ReceivesAction": [[]]}, "/r/LocatedNear": {}, "/r/SimilarTo": {}, "/r/MadeOf": {}, "/r/ReceivesAction": {}}}, "": {"N1": {"/r/RelatedTo": ["windowdoor", "worklabor", "butchermeat", "gallomeasure", "woundgash", "punishmentcrime and", "chickelaying", "thricerthree", "informed educated ", "closed obstructed ", "transpondianrightpondia", "mystifymystery", "audiovisualsaudiovisual"], "/r/UsedFor": ["flash artifactlight physics", "string bassplaying music"], "/r/LocatedAt": [], "/r/FormOf": ["air burstsair burst", "pot belliespot belly", "cross sectionscross sectio"], "/r/IsA": ["suburb locatioresidential district locatio", "western skink animalskink animal", "inertial mass physicsmass attribute", "leading man persoactor perso", "occasion timetime time", "tree toad animalfrog animal", "petaurista animalmammal genus animal", "torch singer persosinger perso", "drop arch artifactpointed artifact", "rottenstone substancelimestone substance", "scorpionfish animalscorpaenid animal", "temporary hookup artifactconnection artifact", "acrylic fiber substanceman made substance", "dependence statestate ", "overhand pitch actpitch baseball", "american spikenard plantsubshrub plant", "hedonist persosensualist perso", "homecoming actreunion act", "aldrovanda plantdicot genus plant", "ambystomatidae animalamphibian family animal", "assist ice hockeymaneuver act", "tithe barn artifactbarn artifact", "hypsometer artifactaltimeter artifact", "papyrus communicatiodocument communicatio", "cacodyl substancegroup chemistry", "penance actsacrament act", "rule of evidence lawrule communicatio", "usherette persousher perso", "hooks bodyhand body", "bilabial communicatiolabial consonant communicatio", "kurdish communicatioiranian communicatio", "theism cognitioreligion cognitio", "aristocrat persoleader perso", "bundesbank groupcentral bank group", "skirtform of female attire", "yardarm artifactend locatio", "supreme court lawfederal group"], "/r/PartOf": ["satachristian myth", "old testament communicatiobible communicatio", "styloid process bodytemporal bone body", "voider artifactbody armor artifact", "tower of london artifactlondon locatio"], "/r/HasA": ["baywater"], "/r/CapableOf": ["blanketscover bed", "chefbone chicke", "authorswrite books"], "/r/AtLocation": ["windowhouse", "dustcarpet", "action figuretoy department", "barbershopmall", "mouselab maze"], "/r/HasProperty": [], "/r/CreatedBy": [], "/r/Synonym": ["hawaiian honeycreeper animalhoneycreeper animal", "thing cognitiomatter cognitio", "dprk locationorth korea locatio", "gas tight air ", "get into possessioget in possessio", "west persocicily isabel fairfield perso", "sapindus drumondii plantwild china tree plant", "abls communicatiobachelor of arts in library science communicatio", "homburg artifactfedora artifact", "choking coil artifactchoke artifact", "sewerage artifactsewer artifact", "fish bowl stategoldfish state", "caddy golfcaddie golf", "moray eel animalmoray animal", "family zygnemataceae animalzygnemataceae animal", "severity attributeaustereness attribute", "hors d oeuvre foodhors food", "chukka artifactchukka boot artifact", "immunise competitioimmunize competitio", "kindling pointautoignition temperature", "corruptlyr corruptedlyr ", "lazy faineant ", "copernicia prunifera plantcarnauba plant", "log z's bodysleep body", "sworn pledged ", "palestine authority grouppalestine national group", "polyodon spathula animalpaddlefish animal", "linnaea borealis americana plantamerican twinflower plant", "stylise artstylize art", "thank youthank you very much", "infirm decrepit ", "uriniferous tubule bodynephron body", "passing actpassage act", "rio nunez coffee plantrobusta plant", "experimentation cognitioexperiment cognitio", "powerful knock do a ", "lichgate artifactlychgate artifact", "take advantage socialtrespass social", "pyrethrum plantpainted daisy plant", "take turns changealternate change", "water level locatiowaterline locatio", "fuddle stateclutter state", "insisting communicatioinsistence communicatio", "vibrate perceptioresonate perceptio", "viridity attributegreen attribute", "yarn dye changeimpress change", "balaenoptera borealis animalsei whale animal", "electron orbit locatioorbit locatio", "lillie persobeatrice perso"], "/r/LocatedNear": [], "/r/SimilarTo": ["large leafed leafy ", "captious critical ", "exaggerated increased ", "effective militaryoperational military", "tasty winey ", "fast breaking news article", "second rate inferior ", "disputatious argumentative ", "private nonpublic ", "coated glazed ", "free clear "], "/r/MadeOf": [], "/r/ReceivesAction": []}, "N2": {}}}