{"spill": {"N1": {"/r/RelatedTo": ["spillproof", "bedrivel", "spills", "spillinglyr", "overspill", "spillage", "pole", "bloodshed", "sozzle", "splooge", "spilled", "apron", "spillionaire", "run off", "fall", "mess", "vspread", "flame", "timbering", "lath", "fire", "spile", "stumble", "spillable", "vfurl", "spilt", "vaccidentally", "unspillable", "light", "vreef", "vinlay", "kitchen roll", "microphone", "leadership spill", "vmess", "paper", "cough up", "splosh", "dribble glass", "vdrop", "vpour", "spilling", "prespill", "fuddling cup", "containment boom", "spilly", "drop", "puddle", "leak", "oil"], "/r/UsedFor": [], "/r/LocatedAt": [], "/r/FormOf": ["spilled", "spilleth", "spillest", "spills", "spilt", "spilling"], "/r/IsA": ["wipeout sport act", "pratfall act", " actflow act", " substanceliquid substance", " actslip event", "overflow"], "/r/PartOf": [], "/r/HasA": [], "/r/CapableOf": [], "/r/AtLocation": [], "/r/HasProperty": [], "/r/CreatedBy": [], "/r/Synonym": ["disgorge contact", "pour forth contact", "slop contact", "splatter contact", "shed contact", "talk communication communicatio", "fall act", "release act", " artifactspillway artifact", "spillage act", "run out motion motio", "tumble act", "pour out"], "/r/LocatedNear": [], "/r/SimilarTo": [], "/r/MadeOf": [], "/r/ReceivesAction": []}, "N2": {"/r/RelatedTo": {"/r/RelatedTo": [["aresistant", "aspill"], ["vdrivel", "vsaliva", "vspill"], ["vspill", "spill"], [], ["voverflow", "vspill over", "vspill", "spill"], ["clancy", "antispillage", "lab coat", "spiller", "antispill", "spillages", "j cloth", "bleedy", "spill", "spilth", "overflow", "kitchen paper"], ["stick", "flag", "poles", "north", "colum", "post", "bar", "wikten 2magnet", "polespear", "sedan chair", "beach transect", "handbarrow", "spar torpedo", "rod", "sundial", "janker", "overdrift", "quadripolar", "werner projection", "hexadecapolar", "crookes space", "standard lamp", "poleboat", "polonization", "apocolpium", "pugil stick", "foul pole", "transpolar", "tentpole", "sneakbox", "poleman", "armature", "multipolar", "hexapole", "floor lamp", "telegraph post", "poled", "catelectrode", "reluctance motor", "shaft", "stickwikten 1", "palanquin", "colure", "polarlyr", "beanpole", "unipolar", "intrapolar", "amphitelic", "festivus pole", "bergstock", "fire beater", "balt", "polish", "reach", "polaristic", "octupole", "lechite", "long arm", "mast", "polack", "gee pole", "aberuncator", "overhouse", "bipole", "stack", "shear legs", "interpolar", "north seeking pole", "stanchion", "kago", "boom barrier", "taxi pole", "foreteam", "monopolar", "analogous pole", "midlatitude", "poleless", "electropositive", "subpolar", "radiant", "polewards", "paul", "prolate", "poloidal", "n pole", "rypeck", "contrapolar", "acrostomy", "pole jam", "south seeking pole", "pole dancing", "antilogous", "proepicardium", "flagstick", "fishing pole", "equinoctial", "magnetic battery", "meatpole", "crossbuck", "fencepole", "tetrapolar", "range pole", "south pole", "bipolarlyr", "glaive", "polelike", "beam", "anaphase", "wikten 2bipolar disorder", "pole fitness", "dipole moment", "ulcus", "poland", "balize", "stump", "wikten 1yard", "nordic walking", "nuthook", "ball signal", "flagpole", "crux simplex", "merotelic", "poling boat", "peripolar", "halberd", "polar", "knocker up", "disselboom", "stilt", "polonaise", "cresset", "hooker", "maypole", "lumbung", "rhythm pole", "frigid zone", "pole vault", "amphigean", "alestake", "ricker", "hakapik", "tripole", "antipodal", "pruninghook", "coat tree", "space polar coordinate", "gin pole", "firepole", "precession", "levelling staff"], ["sanguinary", "bloodsoaked", "carnage", "bloodsheds", "blood wite", "slaughter", "sanguineous", "bloodthirsty", "butcherous", "bloodguilty", "bloodlands", "bloodshedder", "destructio", "carnography", "bloodlust", "bloodthirst", "spill", "blood tax", "bloodwite", "aceldama", "shambles", "shed", "bloodshedding", "blood", "battle", "war"], ["sossle", "mass", "liquid", "woma", "mingle", "heap", "confused", "spill", "untidy", "water"], ["vejaculate", "vspill", "vsplat", "ejaculatio", "seme"], ["vspill", "unspilled"], ["aproned", "torso", "dousing chock", "stemson", "vent", "tayo", "bishop", "theatre", "railway statio", "freemaso", "airport", "pinny", "apronlike", "stage", "race track", "pinafore", "canopy", "apronful", "apronless", "audience", "cap", "lead", "legs", "yellow", "tirewikten 2", "ephod", "unaproned", "decal", "english", "inkciyo", "naked apron", "canno", "dry", "priming", "aprons", "clothing", "proscenium arch", "slipper", "driveway", "creeper", "prompter's box", "cassock", "spill", "butcher"], ["oil", "substantial", "acquires", "money", "participate", "cleanup", "paid", "amount", "spill"], [], ["drop", "slip", "seaso", "autum", "leaves", "v changelag motio", "v changefall for social", "v changefall through social", "v changefall back competitio", "v changeslip change", "v changebreak change", "v changecrumble change", "winter", "do ", "trip", "summer", "stumble", "actio", "motio", "befall", "fallrate", "hoisting", "fall into", "voccur", "nosedive", "terve", "vdie", "lower", "topple", "hairpiece", "kathina", "prefall", "fallinglyr", "semester", "fell", "scatter", "take tumble", "parachute", "vbattle", "vchance", "vfell", "vchange", "drop ripe", "rock bottom", "plunge", "hip lock", "decline", "leather", "short drop and sudden stop", "falls", "tackle", "bottom", "flutter wheel", "vgravity"], ["messless", "clusterfuck", "make pigs and whistles of something", "messed", "missile", "mission", "dog's breakfast", "hank", "vwikten 2meal", "mullock", "messdeck", "screwtape", "spill", "cleanlyrwikten 2", "logjam", "wikten 1emotional", "make hash of", "wikten 1state", "vwikten 2eat", "schmozzle", "messy", "messmate", "hames", "car crash", "slipslop", "mell of hess", "mommick", "clean up", "ordinaire", "monkey", "shambles", "mess up", "wikten 1wreck", "barge", "dog's dinner", "trash", "bollix", "wreck shop", "make pig's ear of", "wikten 2cow", "muddy", "trash fire", "sossle", "messroom", "nest", "mistake", "crowd", "rui", "party", "order", "trouble", "cantee", "smear", "apple", "napki", "vessel", "respect"], [], ["fire", "cool flame", "gas fire", "flammable", "spill", "flamebait", "flammiferous", "pyrophone", "semimuffle furnace", "interconal", "firework", "inflame", "saggar", "imaginatio", "flamboyant", "vmessage", "smoke proof", "flammivomous", "flame war", "passio", "oriflamme", "lunt", "flamelesslyr", "flamage", "flames", "sweal", "vpost", "terephthaloyl chloride", "phlox", "santilmo", "verneuil process", "torch", "bargello", "flamed", "areddish", "safety lamp", "muffle", "firebrand", "flammulated", "candlebomb", "argand lamp", "salamander", "oxyhydrogen light", "mantle", "flameout", "excitement", "borax bead test", "inflammable", "coal burner", "unflamed", "lampadomancy", "tongue", "flameable", "aflame", "flare up", "disinflame", "flaming", "flamingo", "sanbenito", "vcritical", "smolder", "sonotrode", "carcass", "candle shade", "blue angel", "curl", "candleflame", "phlogopite", "sell by candle", "flammule", "vdestructively", "flammant", "phlegm", "blow out", "cauldron", "catch fire", "boiling tube", "batswing", "flamer", "put out", "lighting", "aorange", "flamelike", "chimney", "flameless", "agold", "flamelight", "mushroom cloud", "abrilliant", "phlogisto", "midflame", "vflamb\u00e9", "nonflammable", "zeal", "flareback", "blowpipe", "reflash", "antiflame", "flamelet", "reflame", "candoluminescence", "pyrophobia", "flamethrowing", "vabusive", "firebreather", "anger", "flameful", "hot tube", "oxyacetylene torch", "green fire", "bude light", "chimera", "heat", "lanter", "spark", "bur", "candle", "smoke", "wick", "candle wick", "fire red", "red", "flicker", "inferno", "sparks", "part", "fire part", "famous", "hot", "cooking", "gas", "gas cooking", "eternal"], ["spill", "timberings", "structure", "timber"], ["lath nail", "vcover", "fastened", "rafter", "wallboard", "strip", "lathlike", "drywall", "plasterboard", "lathe", "laths", "tile", "cement board", "thi", "stud", "spale", "lathing", "lathingwiktfr 2", "plaster", "gypsum board", "narrow", "lathwork", "cradling", "spill", "fromward", "kagome", "lathy", "gyprock", "gypsum plaster", "sheetrock", "joist", "vline", "latherer", "plastering", "floor beam", "pricking up", "slat", "building", "latticework"], ["smoke", "hot", "flames", "burning", "flame", "bur", "heat", "red", "element", "camp", "combustio", "wood", "orange", "fireproof", "lighter artifact process", "source", "burns", "chief", "hot flames", "blaze", "reactio", "very", "very hot", "yellow", "ready aim", "aim", "ready", "energy", "inferno", "heat source", "light", "cooking", "disaster", "hot flame", "firebar", "fire department", "fire roll", "deflagration", "tongue", "firepower", "elemental", "incombustible", "embers", "firestarter", "hearth", "necklace", "ground to", "four stroking", "fire whirl", "hair plate", "fire alarm horn", "ground to air", "firetrap", "firing", "pyrocumulus", "overfire", "incendiary", "fireplace", "interliner", "fire escape", "pyroleter", "brandise", "fir\u2019d", "refire", "mirror neuron", "net gun", "fire door", "cresset", "quadrate", "watchfire", "heating surface", "outburn", "trench effect", "water engine", "fire inspection", "boilover", "pot boiler", "rapid fire", "lightwood", "balistraria", "musket", "fires", "firesetter", "pyrophobia", "dry riser", "calefactory", "treadwikten 2", "tinder", "sweal", "anti incendiary", "twin stick", "fire worship", "nonfiring", "firescorched", "show someone door", "holocaust", "firecock", "fire damper", "firebolt", "fired", "unfire", "hang fire", "spill", "combust", "outfire", "pyromancy", "ablazer", "rodman gun", "firewardwikten 2", "tilery"], ["spill", "wikten 1plug", "vwikten 1plug", "vwikten 2support", "wikten 1barrel", "spiles", "wikten 1sap", "vwikten 3spoil"], ["trip", "fall", "strumbled", "stumbles", "trip up", "clumsy", "stumblinglyr", "blunder", "misstep", "vclumsily", "fall down on", "vmistake", "falter", "vconfound", "stumbled", "error", "vwalk", "walk", "stumbling", "stumbler", "stumbly", "spill", "stumbling block", "stumblest", "vtrip", "trip over one's own two feet", "false step", "stumbleth", "vtrouble", "vfall", "stotter", "unstumblinglyr", "vmislead", "slip", "almost fall", "almost", "trip fall", "like trip", "like", "fell", "actio", "walking", "lose footing", "footing", "lose"], ["aspill"], [], ["don't cry over spilt milk", "vspill", "aspill", "unspilt"], [], ["aspill"], ["mist", "lanter", "shade", "flash", "su", "idea", "color", "stop", "white a ", "a white ", " artifact physics", "lamp artifact physics", "lamp", "bright", "ti", "go", "fire", "thunder", "vesuvian", "lit", "relight", "sublumic", "light pollution", "owllight", "moonless", "lightboard", "lightwell", "puffin crossing", "photodepolarization", "planck time", "solar sail", "albic", "photophoresis", "photoglyphic", "bradyopsia", "bude light", "star trail", "niepce's process", "supercontinuum", "condenser", "birefringence", "autotrophic", "noctovision", "photometrician", "enlightenment", "uplight", "photolesion", "light second", "firelighting", "printing out", "phosphene", "optography", "photoprocessing", "colour wheel", "baryonic dark matter", "flash suppressor", "photovoltaic", "ear candy", "shadow", "cytophotometer", "pilsner", "dark", "pyrophorous", "sparkly", "scintillation counter", "nightlight", "nimbus", "nasmyth telescope", "optophone", "veal crate"], [], [], [], ["howlback", "geophone", "amplifier", "mikeside", "multimicrophone", "transducer", "mike", "boom pole", "convert", "backplate", "magnetophone", "bleed", "shock mount", "quonk", "sound wave", "mike stew", "windscreen", "acoustic kitty", "leakage", "electric current", "bodypack", "hot mic", "lavalier", "windshield", "laryngophone", "omnidirectional", "minimike", "minimicrophone", "microphones", "acoustic electric", "karaoke machine", "microphonograph", "phantom power", "howlround", "multimike", "headset", "hydrophone", "nonmicrophone", "spill", "feedback", "overmike", "microphonics", "kathodophone", "speakerphone", "vogad", "mike sock", "phonoscope", "microphonist", "behind ear", "supercardioid", "speaker", "voice"], [], [], ["writing", "sheet", "card", "white", "wood", "napki", "pulp", "page", "material", "news", "write", "flat", "book", "note", "tree", "print", "dollar", "thi", "surface", "product", "books", "writing o", "bill", "write o", "parchment", "sheets", "money", "writing surface", "wood pulp", "writing material", "trees", "writte", "degree", "pe", "letter", "written o", "report", "papier m\u00e2ch\u00e9", "oak tag", "pages", "writing sheet", "test", "pencil", "for writing", "rectangle", "white sheet", "tree pulp", "notebook", "lines", "tree product", "printer", "copy", "fiber", "wood product", "rock", "thin sheet", "printing", "flat white", "in books", "from trees", "pulp product", "book page", "scissors", "writing parchment", "white sheets", "rock scissors", "thin wood", "pad", "printability", "kaolin", "spill", "carbon paper", "royal", "glassine", "biometric passport", "brightener", "tarpaper", "paper mill", "papyritious", "make ready", "porotype", "chikara gami", "bristol board", "pulpboard", "joss paper", "xerography", "margin", "flypaper", "proceedings", "draw", "bleed", "pulper", "macule", "paperchase", "pja", "fourdrinier", "manuscript", "broadside", "impact printer", "fortune cookie", "cardboard", "lizard", "japanese tissue", "symposium", "perfecting press", "electrographic", "kiteflying", "second sheet", "repaper", "litmus paper", "wrapping paper", "scoresheet", "quick match", "quiller", "rolling paper", "gouge", "b3", "micronation", "sectility", "paperbush", "oilpaper", "multipart", "tax disc", "wastepaper basket", "papyrophobia", "sheetfed", "plasterboard", "snow cone", "backfile", "aluminium paper", "vmemorialize", "elephant paper", "interleaf", "washi", "jianzhi", "soda process", "papery", "ternion", "zamboni pile", "postcard", "tatters", "roxburgh binding", "confetti", "stone paper", "folder", "trading stamp", "grammage", "daluwang", "used", "bag", "sycee", "videozine", "drawing pin", "wallpaper", "papyraceous", "paper cup", "p", "vellum paper", "papyrograph", "chalcographer", "voting slip", "aplanned", "trifold", "banana paper", "tribblewikten 1", "chronofile", "palimpsest", "steno pad", "kittysol", "message in bottle", "cheat sheet", "a9", "rock paper scissors lizard spock", "carbonless copy paper", "papyrean", "fairy cake", "soda pulp", "thermal printer", "citation", "centerfold", "paper case", "wallboard", "groundwood", "cellulose", "flimsy", "bifold", "peer review", "macerater", "papeterie", "bullionist", "biobleaching", "spreadsheet", "thesis statement", "currency", "knotter", "conference", "wood processing", "papermaker", "pulpwood", "plate paper", "v mail", "carriage", "photographic paper", "o mikuji", "gun paper", "apaper tiger", "rotograph", "sodium hydroxide", "papyrus", "cyanotype", "portfolio", "ragbond", "change", "placard", "pay stub", "paper airplane", "index card", "monoprint", "journal", "motograph", "ring binder", "cheese paper", "a10", "briefing note", "inkjet", "vellum", "oaktag", "workshop", "space suppression", "two name paper", "protraction", "paperlesslyr", "supercalender", "papyrine", "inkjet printer", "beer ticket", "leaf casting", "teabag", "napkin", "onionskin", "newsprint", "serviette", "niello", "teabag folding", "vdocument", "library paste", "save all", "pulp magazine", "manuscript paper", "fidibus", "scientific", "ballot", "flip kipper", "banknote", "aerogram", "leaflet"], [], ["vmarshy", "splish", "vsplish", "sploshed", "vtraverse", "vspill over", "vspill", "vmushy", "tea", "splash", "kersplosh", "sploshing", "vsplash"], [], [], [], ["spreading", "drop", "vspill"], ["aspill"], [], [], ["aspill"], ["fall", "rai", "water", "let", "falling", "tear", "go", "let fall", "actio", "let go", "small", "shape", "letting", "do ", "liquid", "drip", "bit", "release", "unit", "letting go", "particle", "drop back", "single", "like", "gravity", "piece", "amount", "accident", "letting fall", "tiny", "fumble", "object", "dew", "part", "ball", "tear shape", "little", "rain particle", "rain shape", "vdecrease", "disdrometer", "stage", "desaturate", "spilling", "bead", "egg and spoon race", "waterdrop", "vdegree", "curtai", "vdismiss", "bind on pickup", "droppable", "vhold", "lozenge", "vlesse", "earring", "pancake landing", "decline", "swivel", "vkey", "vmentio", "vbatsma", "coulure", "drops", "flump", "hanger", "punctum vasculosum", "litter", "drabbler", "immersion lens", "airdroppable", "get rid of", "misly", "chest", "eavedrop", "shaft", "mass", "droplike", "waist", "misdrop", "theatrical", "stillicide", "name dropping", "bust", "dribble", "vcease", "vvisit", "mizzly", "collect", "dropitis", "distil", "nanodrop", "vplay", "plummet", "solo", "enhydrous", "dropside", "diamond", "chandelier", "stilliform", "droplet", "stillatitious", "gtt", "vdispose", "butterfingers", "debris", "cover"], ["vplay", "viro", "water", "clay", "vcanal", "semisteel", "canal", "puddles", "mudpuddle", "puddlesome", "grit", "homogeneous", "puddly", "vsplash", "puddling", "pond", "stagnant", "watertight", "vpuddling", "plashet", "puddled", "plodge", "street", "wet", "rai", "small", "rain water", "slip", "tiny", "tiny pond", "leftover", "ground water", "ground", "water leftover", "wet area", "area", "water spill", "spill", "lake", "hazard", "amount", "small amount", "mud", "in street", "potholes", "group", "rain group"], ["water", "dripping", "escape", "traitor tracing", "nonleaking", "urinatio", "endoleak", "aperture", "aleak", "vgas", "electricity", "vopening", "nonleaker", "bowge", "ecchymosis", "superleak", "leaked", "leaky", "divulgatio", "deallocate", "take on water", "fissure", "effuse", "leakage", "celebgate", "megaleak", "plumber", "hole", "unleaked", "informatio", "disclosure", "vsurreptitiously", "entrance", "vsealed", "iraqgate", "overleak", "make water", "vfluid", "fluid", "weeper", "run", "leaker", "leaks", "wazz", "ground glass joint", "seeper", "leakee", "imperfect", "spring leak", "doc drop", "crevice", "stomatocytosis", "leaking", "antileak", "crack", "leak out", "vdisclose", "insulatio", "edward snowden", "self sealing", "bilge", "smoke test", "leakless", "leakproof", "gloriagate", "admits", "kite flying", "plamegate", "aleakr", "vanonymously", "leek", "bottle tight", "iron sick", "drip", "water dripping", "pipe", "slit", "faucet", "dripping water", "problem", "pipe dripping", "water escaping", "escaping", "water escape", "pipe drip", "water break", "break", "plumbing problem", "plumbing", "seepage", "water drip", "water seepage", "sinks", "holey pipe", "holey", "faucet drip", "outpouring", "liquid outpouring", "liquid", "broken pipes", "broke", "pipes", "spurt", "water problem", "boat", "boat hole", "basements", "water spill", "seeping", "water seeping", "spill", "dripping faucet", "drippy faucet", "drippy", "wasting", "water wasting", "water faucets", "mole", "faucets"], ["liquid", "black", "fuel", "petroleum", "crude", "gasoline", "gas", "gold", "lubricant", "cars", "black gold", "cooking", "grease", "car", "energy", "olive", "expensive", "paint", "texas", "petrol", "slick", "greasy", "fossil", "slippery", "lanter", "fossil fuel", "product", "lubricatio", "barrels", "substance", "tea", "texas tea", "water", "source", "black liquid", "castor", "fluid", "barrel", "engines", "motor", "petroleum product", "ground", "engine", "unrefined", "greaseless", "theobromic acid", "petrichor", "pan fry", "dodecanal", "linoleic", "oilproof", "capnomor", "deoil", "yusho disease", "poak", "vitta", "malvalic acid", "wildcatter", "emulsion paint", "textured vegetable protein", "oil change", "cuminol", "mobil", "butylphthalide", "total base number", "milkshake", "white horse", "earl grey", "gingilli", "retinol", "fatliquoring", "tert butylhydroquinone", "dry", "offtake", "wellbore", "slick back", "isobutyric acid", "vlubricate", "asbolin", "destructive distillation", "hesperidene", "monoi", "kettle chip", "sabinol", "cerate", "sesame oil", "oilnut", "oleic", "oilseed radish", "oily", "neatsfoot", "zachun", "shallow fry", "petroleous", "oilery", "oiling", "inunction", "expeller", "slick do v", "bunkering", "valerin", "daubing", "diya", "rerefiner", "paystreak", "lamp fount", "french dressing", "colza", "unguinous", "crotonic acid", "lubritorium", "ghani", "seedcake", "oilskin", "madder lake", "alabastron", "maceral", "lipiodol", "cream", "salad oil", "tenmoku", "babassu", "hydraulic fracturing", "palmitic acid", "oiler", "oleophilic", "motor oil", "synthol", "deep frying", "biohydrometallurgy", "focaccia", "chermoula", "oil up", "sedanolide", "aryballos", "ointment", "sealine", "lekythos", "concession", "cocamide", "dao", "lipid", "dubbin", "bhoona", "abhyanga", "petro", "try pot", "drip gas", "lebenswecker", "coridine", "worm oil", "soot", "oleodistillate", "crude oil", "cespitine", "squalene", "sesame", "wormseed", "petrodollar", "cod liver oil", "norpatchoulenol", "oilcup", "formation water", "hypogaeic acid", "oil pipeline", "kettle corn", "monograde", "oleyl", "ben oil", "fish scrap", "lamp", "yalah", "gymnasiarch", "vegetable oil", "underoil", "fish oil", "petroyuan", "ampulla", "fourble", "oilpaper", "tbhq", "urushiol", "oil tanker", "dagget", "stir fry", "instant noodle", "elaidic acid", "packaged petroleum product", "phthalo green", "land agent", "olpe", "absorbent ground", "gear case", "asphaltene", "visbreaking", "desorber", "vcook", "whale oil", "penetrating oil", "nonoiled", "rain lamp", "grease up", "elemin", "petrostate", "saybolt universal second", "top kill", "agarofuran", "cajuput oil", "olefiant", "oil platform", "oilway", "sabinene", "oilfish", "leptometer", "myristicol", "diesel tree", "tied oil", "papri", "noshore", "nigellone", "saponification", "balm", "brown power", "oil of brick", "stirrup jar", "oleography", "hair oil", "linoleic acid", "deoiling", "unsaturated fat", "oil painting", "oil spot", "ramtil", "polyunsaturated fat", "oilless", "gurjun", "papboat", "nopec", "citropten", "astral lamp", "embrocate", "drying oil", "montanide", "nanocapsule", "oil do ", "spiedie sauce", "poonga oil", "tarragon", "unoil", "swarfega", "unguentarium", "footing", "wash leather", "sodium cocoate", "cannabene", "pemexgate", "paraffin", "brushwork", "oleophobic", "oils", "guttule", "ogoni", "polydimethylsiloxane", "danish oil", "dry fog", "visbreaker", "intraesterification", "abel test", "seismic stratigraphy", "spring", "dry hole", "taylor white process", "carcel lamp", "oilpressing", "static kill", "oleosaccharum", "wildcat", "spillionaire", "stacte", "baunscheidtism", "carvol", "lauric acid", "oleiferous", "makdous", "nonoil", "bunkerer"]], "/r/UsedFor": [[], [], [], [], [], [], [], [], [], [], [], [], [], [], [], [], [], [], [], [], ["cook", "match artifact event", "cook food", "gun artifact competitio", "match artifact process", "pistol", "lighting match", "make electricity", "heating water", "keep yourself warm"], [], [], [], [], [], [], [], ["su", " artifact physics", "candle artifact physics", "candle artifact change", "laser artifact change", "flash artifact physics", "reading", " artifact change", "laser artifact physics", "lamp artifact change", "light bulb artifact change", "candle artifact locatio", "flash artifact change", "lamp artifact physics", "lighting fire"], [], [], [], [" artifactamplify change", " artifactamplification attribute", "turn sounds into electrical signals", "amplifying noise"], [], [], ["drawing", "make paper airplanes", "write letter", "print o", "origami", "pad", "communicatio", "wrap present", "recording informatio", "reading news", "leaving notes o", "printing photographs o", "reading about news", "many purposes", "write message o", "making paper airplanes", "record information with writing instrument", "teaching people about topic", "printing images o", "wiping up messes", "writing down ideas", "wrap home made cigarette", "denim", "wrapping present", "record valuable informatio", "make paper airplane", "write text", "writing informatio", "clean cat box", "staples", "educatio", "writing memo", "telling story", "draw o"], [], [], [], [], [], [], [], [], [], [], [], [], [], ["cars", "lubricate", "frying food i", "spout", "lubricate moving metal parts", "make gas", "making salad dressing", "trucks", "car", "keeping house warm", "lubracate thing", "putting in car engine", "cooking food i", "manufacturing plastic", "lubricate lock", "lubricate machine parts", "geting rich"]], "/r/LocatedAt": [[], [], [], [], [], [], [], [], [], [], [], [], [], [], [], [], [], [], [], [], [], [], [], [], [], [], [], [], [], [], [], [], [], [], [], [], [], [], [], [], [], [], [], [], [], [], [], [], [], []], "/r/FormOf": [[], [], ["spill", "vspill"], [], ["overspilling", "overspilt", "overspilled", "overspills"], ["spillages"], ["poles", "poling", "poled"], ["bloodsheds"], ["sozzles", "sozzling"], ["splooged", "splooging", "splooges"], ["spilt", "vspill"], ["aprons", "aproning"], ["spillionaires"], [], ["fell", "falls", "fallen"], ["messed", "messes", "messing"], [], ["flames", "flamed", "flaming"], ["timberings"], ["laths"], ["fye"], ["spiled", "spiles", "spiling"], ["stumbled", "stumblest", "stumbles", "stumbling", "stumbleth", "strumbled"], [], [], ["spilled", "vspill"], [], [], ["lighting"], [], [], [], ["microphoned", "microphoning", "microphones"], [], [], ["papers", "papering"], [], ["sploshes", "sploshed", "sploshing"], [], [], [], ["vspill", "spillings"], [], [], [], [], ["dropt", "dropped", "drops"], ["puddles", "puddled", "puddling"], ["leaks", "leaking", "leaked", "leaketh", "leakest"], ["oiling", "oils"]], "/r/IsA": [[], [], [], [], [" groupmove act"], [" quantityindefinite quantity"], ["clothes tree artifact", "stilt artifact", "spar artifact", "rod", "caber artifact", "mast artifact", " locatiogeographic point locatio", " persoeuropean perso", "boom artifact", "positive pole artifact", "barge pole artifact", " locatiocelestial point locatio", " artifactend locatio", "ski pole artifact", " artifactsports implement artifact", " cognitioopinion cognitio", "negative magnetic pole artifact", " artifactrod artifact", "polack person perso", "opencycaxial pole of planetgeographic point", "opencycethnic group of polesslav", "sparopencycpole rod", "opencycpole rodrod", "opencycethnic group of poleshuman"], [" actmurder act", "physically attacking agent"], [], [], [], [" golfsite locatio", " artifactpaved surface artifact", " artifactprotective garment artifact", "overgarment"], [], [], ["seaso", "takedowrestling event", "anticlimax event", " actsin act", " eventchange of location event", " timeseason time", " eventweakening event", " eventvictory event", "great time of year"], [" foodnutriment food", " statedisorderliness state", " foodmeal food", " militarydining room artifact", "officer's mess artifact military", "clutter", "wolrd"], [], ["natural inanimate thing", "candle flame", "indication of combustio", "fire", "wpmothinsect"], [], [" artifactslat artifact"], ["combustio", "bonfire event", "call fire act", "interdiction fire act", " processcombustion process", "grassfire event", "distributed fire act", "smoulder event", "direct fire act", "broadside navy act", " eventhappening event", "counterfire act", "grazing fire act", "observed fire act", "scheduled fire act", "smudge event", "destruction fire act", "cookfire artifact", "searching fire act", "preparation fire act", "conflagration event", "supporting fire act", "concentrated fire act", "hostile fire act", "registration fire act", " actattack military", " substancefuel substance", " eventtrial event", " substanceelement substance", "suppressive fire act", "artillery fire act", "barrage act", "blaze process", "brush fire event", "crossfire act", "counterpreparation fire act", "neutralization fire act", " artifactfireplace artifact", "unobserved fire act", "forest fire event", "antiaircraft fire act", "flare process", "backfire event", "indirect fire act", "ignition process", " communicatiocriticism communicatio", "radar fire act", "friendly fire act", "harassing fire act", "fusillade act", "campfire event", "cover act", "burningopencyccombustion process"], [], [], [], [], [], [], [], ["energy", "electromagnetic radiatio", " cognitiopublic knowledge cognitio", "twilight phenomenon physics", "room light artifact", "ultraviolet", "sconce artifact", "beam phenomenon physics", "streamer phenomenon physics", "panel light artifact", "sidelight artifact", "headlight artifact", "half light phenomenon physics", "incandescence phenomenon physics", " persofriend perso", "sunlight phenomenon physics", "aura attribute", "theater light artifact", "traffic light communication communicatio", "torchlight phenomenon physics", "night light artifact", "navigation light artifact", "friar's lantern phenomenon physics", "gaslight phenomenon physics", " cognitioposition cognitio", "luminescence phenomenon physics", " artifactsource of illumination artifact", "strip lighting artifact", "lamplight phenomenon physics", "firelight phenomenon physics", " statecondition state", " locatioscene locatio", "moonlight phenomenon physics", " communicatiovisual signal communicatio", "moonlight", " cognitioinsight cognitio", "candlelight phenomenon physics", " attributevisual property attribute", "fairy light artifact", "meteor phenomenon physics", "blinker artifact", "searchlight artifact", " stateillumination state", "radiance phenomenon physics", "corona phenomenon physics", "highlight attribute", "particle", "counterglow phenomenon physics", "laser", "daylight phenomenon physics", "glow phenomenon physics", "fluorescence phenomenon physics", "jacklight artifact", "houselights artifact", "flood artifact", "torch artifact", "sunniness attribute", " physicsactinic radiation phenomeno", "brightness attribute", "scintillation physics", "starlight phenomenon physics", "anchor light artifact", "headlight", "fanlight", "portion of electromagnetic radiatio"], [], [], [], ["condenser microphone artifact", " artifactelectro acoustic transducer artifact", "contact microphone artifact", "directional microphone artifact", "bug artifact", "crystal microphone artifact", "input device", "could buy", "transducer", "portable object", "device records audio", "productopencycmanufactured goods"], [], [], ["limited resource", "india paper substance", " substancematerial substance", "music paper substance", "newspaper substance", "pad substance", "ticker tape substance", "paper toweling substance", "manila substance", "rice paper substance", "blotting paper substance", "parchment", "cardboard substance", "wallpaper substance", "tissue substance", "art paper china clay substance", "carbon paper substance", "manifold paper substance", "sheet communication substance", "papier mache substance", "wax paper substance", "chad substance", "roofing paper substance", "papyrus substance", "paper tape substance", "computer paper substance", "linen substance", "oilpaper substance", "waste paper substance", " communicatiomedium communicatio", "litmus paper substance", "crepe substance", "filter paper substance", "construction paper substance", "material", "parchment substance", "greaseproof paper substance", "writing paper substance", "wrapping paper substance", "card artifact substance", "tracing paper substance", " communicatioarticle communicatio", "drawing paper substance", "confetti artifact substance", "flypaper substance", "graph paper substance", "cartridge paper substance", "blueprint paper substance", "transfer paper substance", "not liquid", "sheet of paper", "opaque thing", "cardboard", "foldable thing", "toilet paper", "fibrous cellulose product", "tampon", "easier to burn than wood", "paper towel", "one of things", "blueprint", "flexible thing", "economically important product", "paper wrapping", "solid object", "combustible material", "essayopencycacademic compositio", "opencycnewspaper issueperiodical issue"], [], [], [], [], [], ["spilling liquid", "chemical spill", "flowing from container"], [], [], [], [], ["droplet quantity", "tear body quantity", " drughiding place locatio", "correction attribute", "precipitation event", "voltage drop attribute", "eyedrop quantity", " actdescent act", "dead drop location drug", " attributedecrease attribute", "free fall event", "raindrop phenomenon quantity", " quantitysmall indefinite quantity", " eventgravitation event", "teardrop shape", " shapesphere shape", " eventdescent event", "plunge event", "dewdrop shape", " artifactdepository artifact", "maildrop artifact", "particle", "dewdrop", "raindrop", "eyedrop"], [" substancecovering material substance", "open air", "sheet of substance"], [" statesoft rot state", " communicatiodisclosure communicatio", " objecthole object", " processmicturition process"], ["mineral oil substance", "fluid", "petroleum substance", "shale oil substance", "animal oil substance", "linseed oil substance", "hydnocarpus oil plant substance", " substancelipid substance", "croton oil plant substance", "essential oil substance", " artifactoil paint artifact", "calamus oil plant substance", "mustard oil plant substance", "sassafras oil plant substance", "pennyroyal oil plant substance", "fusel oil substance", "chaulmoogra oil substance", "neroli oil substance", "hyssop oil plant substance", "house hold oil", "camphor oil substance", "tung oil substance", "olive oil", "stand oil substance", "grease substance", "tall oil substance", "cooking oil", "lemongrass oil substance", "cohune nut oil plant substance", "almond oil plant substance", "fixed oil substance", "motor oil", "babassu oil plant substance", "fuel oil substance", "spike lavender oil plant substance", "safflower oil plant substance", "rape oil plant substance", "motor oil substance", "organic matter", "greasy liquid", "inanimate object", "liquidopencycliquid tangible thing", "lubricant for engine", "find underground", "dirt", "condensate", "edible oil", "combustible natural resource", "liquid", "wheat germ oil", "shale oil"]], "/r/PartOf": [[], [], [], [], [], [], [" artifactmagnet physics"], [], [], [], [], [" golffairway locatio", " artifactairfield artifact", "apron string artifact", "bib artifact"], [], [], [" eventwrestling match event", "indian summer time", "autumnal equinox time"], ["training table food military"], [], [], [], ["lattice", " artifactlattice artifact"], [], [], [], [], [], [], [], [], [" physicselectromagnetic spectrum phenomeno"], [], [], [], [], [], [], ["paragraph"], [], [], [], [], [], [], [], [], [], [], [], [], [], []], "/r/HasA": [[], [], [], [], [], [], [], [], [], [], [], [], [], [], [], [], [], [], [], [], [], [], [], [], [], [], [], [], [], [], [], [], [], [], [], ["pulp"], [], [], [], [], [], [], [], [], [], [], [], [], [], ["many uses", "high viscosity"]], "/r/CapableOf": [[], [], [], [], [], [], [], [], [], [], [], [], [], [], ["trees", "physical objects"], [], [], ["heat pot of water", "heat metal pa", "burn ski", "burn fingers", "heat room"], [], [], ["burn things", "burn houses", "need fuel", "heat house", "heat room", "warm hands", "destroy forests", "destroy all things", "creat smoke", "provide comfort", "hurt perso", "heat homes", "kill people", "hurt people", "damage things", "bur", "burn flesh", "shut down airport", "burn cloth", "destroy forest", "heat metal", "harm", "burn tires", "kill living things", "burn metal", "burn plastic", "destroy homes", "cremate humans", "wipe out natural habitats", "sterelize", "destroy objects", "emit light", "heat matter", "warm people", "burn down house", "heats air", "burn house", "smoke for long time"], [], ["christia"], [], [], [], [], [], ["illuminate", "travel", "guide people through dark areas", "age paper", "polarised"], [], [], [], ["record sound", "listen to minute sounds"], [], [], ["bur", "cover rock", "cover stone", "cut hand", "tears away from staple"], [], [], [], [], [], [], [], [], [], [], ["can labor or"], [], ["ballpoint pe", "ink pens", "ceiling"], ["quiet squeeky wheel", "still stormy waters", "still troubled waters", "condition leather", "separate from water", "still boiling water", "free stuck hinge"]], "/r/AtLocation": [[], [], [], [], [], [], [], [], [], [], [], [], [], [], [], ["desk", "apartment", "closet", "teenager's bedroom", "table"], [], ["chemistry lab"], [], ["wall"], ["fireplace", "forest"], [], [], [], [], [], [], [], ["desk", "attic", "universe", "closet"], [], [], [], ["stage", "concert hall", "rehearsing room", "conference", "demonstratio", "broadcast studio"], [], [], ["printer", "notebook", "cabinet", "classroom", "print", "waste bi", "ream", "suitcase", "stationary shop", "folder", "artist's studio", "office", "garbage", "meeting", "computer printer", "news stand", "stationers", "desktop", "front porch", "copy machine", "synagogue", "store", "papermill"], [], [], [], [], [], [], [], [], [], [], [], ["water"], ["boat"], ["ground", "engine", "street", "iraq", "texas", "car engine", "combustion engines", "lamp", "repair shop", "kitche", "pocket in earth", "car"]], "/r/HasProperty": [[], [], [], [], [], [], [], [], [], [], [], [], [], [], [], [], [], ["hot"], [], [], ["very useful", "useful", "hot", "deadly", "dangerous to humans"], [], [], [], [], [], [], [], ["feathers", "feather"], [], [], [], [], [], [], ["crumpled", "coloured", "one material often recycled", "opaque", "porous", "handmade or manufactured"], [], [], [], [], [], [], [], [], [], [], [], [], [], ["toxic", "edible", "slippery", "important to developed countries", "refined", "important for modern world"]], "/r/CreatedBy": [[], [], [], [], [], [], [], [], [], [], [], [], [], [], [], [], [], ["sparks"], [], [], ["smoke"], [], [], [], [], [], [], [], [], [], [], [], [], [], [], ["author", "cutting down trees"], [], [], [], [], [], [], [], [], [], [], [], [], [], []], "/r/Synonym": [[], [], [], [], [" eventoverflow event"], [" actspill act"], [" quantityperch quantity", "celestial pole location locatio", " artifactterminal artifact", "magnetic pole artifact", "v contactpunt contact", "polander", "polish", "polack", "wiktfr 1signpost", "wiktfr 1prop", "wiktfr 1bass"], ["gore act", " actbloodbath act", "butchery", "bloodshedding", "carnage", "bloodbath", "bloodletting", "homicide", "slaughter", "massacre"], [], [], [], [" artifactproscenium artifact", "pinafore", "dudou", "frog hair"], [], [], ["autum", "strike stative", "autumn time", "pass possession possessio", " eventdrop event", "light possession possessio", "descend change", "come stative", "return possession possessio", " objectdescent object", "v weatherprecipitate weather", "v motiodescend motio", "v possessioaccrue possessio", " attributedrop attribute", "v changedecrease change", " timetwilight time", " actspill act", "fall do v motion motio", " actcapitulation act", "downfall event", "pin event", "v contacthang contact", "shine stative", "devolve possession possessio", "settle change", "downfall", "vdrop"], ["muss state", "mess hall military", "mess up change", "mussiness state", " statefix state", " quantitybatch quantity", "messiness state", "pinch", "confusion", "shemozzle", "hodgepodge"], [], ["v weatherflare weather", " processfire process", "wpmothwpmoth"], [], [], ["sack social", "v changeignite change", "v competitioopen fire competitio", "terminate social", "v changeflame up change", "v changeburn change", "give notice social", "displace social", "blast communication communicatio", "can social", " feelingardor feeling", "firing act", "give axe social", "v emotioarouse emotio", "dismiss social", "give sack social", "flame process", "send away social", "force out social", "v possessiofuel possessio", "go off competition competitio", "discharge competition competitio", "attack communication communicatio", "flack communication communicatio", "flak communication communicatio", "flaming process", "dismiss"], [" artifactbung artifact", " artifactpile artifact"], ["slip up cognition cognitio", "trip motion motio", " actlurch act", "bumble motion motio", " acttrip act", "hit possession possessio", "trip up cognition cognitio", "falter motion motio", "blooper", "trip", "error"], [], [], [], [], [], ["illuminate change", "a unaccented ", "v weatherignite weather", " artifactlighter artifact", "a promiscuous ", "a wakeful ", "illumination state", "a calorie free ", "light colored a ", "idle a ", "v possessiofall possessio", "visible light physics", "r lightlyr ", " attributesparkle attribute", "light up change", "visible radiation physics", "illumine change", "v ridingunhorse riding", "lighting state", "light source artifact", "a light headed ", "a lightsome ", "v changeignite change", " motiveinner light motive", "short a ", "illume change", "a unclouded ", " attributeluminosity attribute", "v motioalight motio", "a abstemious ", "v consumptiolight up consumptio", "lightness attribute", "scant a "], [], [], [], ["mike artifact", "mic artifact", "mic", "vmike", "mike", ""], [], [], [" groupnewspaper group", " communicatiocomposition communicatio", "v contactwallpaper contact", " communicationewspaper communicatio", " artifactnewspaper artifact", "newspaper", "daily newspaper"], [], ["v motiosquelch motio", "v perceptiosplash perceptio", "v contactsprinkle contact", "v contactspatter contact"], [], [], [], [], [], [], [], [], ["v cognitioneglect cognitio", "put do v contact", "fall attribute", "bead shape", "drop off contact", "pearl shape", "v motiosink motio", "v musicflatten music", "free fall attribute", "unload contact", "fall event", "dip attribute", "v bodydevolve body", " objectcliff object", "discharge contact", "v stativedangle stative", "knock off change", "drib quantity", "driblet quantity", "v contactdribble contact", " artifactdrop curtain artifact", "v contactfell contact", "v contactshed contact", "v socialdismiss social", "set do v contact", "v possessiospend possessio", "trapdoor", "scrub", "reject"], ["v bodymake body", "v cognitioaddle cognitio", " objectpool object", "v contactmuddle contact", " locatiopool locatio"], ["passing water process", "leak out communication communicatio", "making water process", "news leak communication communicatio", "wetting process", " eventescape event", "seep"], ["oil color artifact", " foodvegetable oil food", "oil colour artifact", "v bodyanoint body", " substancepetroleum substance", "petroleum"]], "/r/LocatedNear": [[], [], [], [], [], [], [], [], [], [], [], [], [], [], [], [], [], [], [], [], [], [], [], [], [], [], [], [], [], [], [], [], [], [], [], [], [], [], [], [], [], [], [], [], [], [], [], [], [], []], "/r/SimilarTo": [[], [], [], [], [], [], [], [], [], [], [], [], [], [], [], [], [], [], [], [], [], [], [], [], [], [], [], [], ["phosphorescent a ", "autofluorescent a ", "a autofluorescent ", "fooling a ", "gentle a ", "lightly armed a ", "a gentle ", "insignificant a ", "a frivolous ", "a low density ", "candescent a ", "a lamplit ", "a thin ", "a pastel ", "a light duty ", "livid a ", "a lighter than air aircraft", "luminescent a ", "frivolous a ", "digestible a ", "a white ", "a insufficient ", "a pale ", "a digestible ", "a phosphorescent ", "lighting up a ", "lightweight a ", "bioluminescent organism ", "a sunstruck ", "a well lighted ", "lamplit a ", "a candescent ", "a fooling ", "a insignificant ", "light duty a ", "a undemanding ", "a lightweight ", "a airy ", "a lighting up ", "sunstruck a ", "a palish ", "powdery a ", "a floodlighted ", "a reddened ", "a livid ", "insufficient a ", "floaty a ", "a bright ", "a floaty ", "airy a ", "lighter than air aircraft ", "a incandescent ", "a bioluminescent organism", "palish a ", "white a ", "reddened a ", "low density a ", "a lightly armed ", "well lighted a ", "a fluorescent ", "bright a ", "floodlighted a ", "loose a ", "undemanding a ", "incandescent a ", "pastel a ", "a powdery ", "a loose ", "a luminescent ", "thin a ", "pale a ", "fluorescent a "], [], [], [], [], [], [], [], [], [], [], [], [], [], [], [], [], [], [], [], [], []], "/r/MadeOf": [[], [], [], [], [], [], [], [], [], [], [], [], [], [], [], [], [], [], [], [], [], [], [], [], [], [], [], [], ["energy"], [], [], [], [], [], [], ["book", "trees", "envelope", "letter", "index card", "wood", "paper airplane", "cellulose", "pages of book"], [], [], [], [], [], [], [], [], [], [], [], [], [], ["lubricatio"]], "/r/ReceivesAction": [[], [], [], [], [], [], [], [], [], [], ["liquids"], ["worn while cooking"], [], [], [], [], [], [], [], [], ["extinguished"], [], [], [], [], [], [], [], ["made up of photons", "composed of photons", "used as adjective"], [], [], [], [], [], [], ["written o", "burned", "made from fiber", "made out of wood", "recycled", "burnt", "cut", "printed upo", "printed o", "made from wood cotton or line", "crumbled", "made from tree pulp", "stored in boxes"], [], [], [], [], [], [], [], [], [], [], [], [], [], ["found in pantry", "found in refineries", "found in car", "drilled from below ground", "used in many ways", "found in texas", "found under ground", "found in cars", "found in engine", "found in mayonaise", "found in well", "used as source of heat"]]}, "/r/UsedFor": {}, "/r/LocatedAt": {}, "/r/FormOf": {"/r/RelatedTo": [["vspill", "unspilled"], [], [], ["vspill", "spill"], ["don't cry over spilt milk", "vspill", "aspill", "unspilt"], ["spreading", "drop", "vspill"]], "/r/UsedFor": [[], [], [], [], [], []], "/r/LocatedAt": [[], [], [], [], [], []], "/r/FormOf": [["spilt", "vspill"], ["vspill"], ["vspill"], ["spill", "vspill"], ["spilled", "vspill"], ["vspill", "spillings"]], "/r/IsA": [[], [], [], [], [], ["spilling liquid", "chemical spill", "flowing from container"]], "/r/PartOf": [[], [], [], [], [], []], "/r/HasA": [[], [], [], [], [], []], "/r/CapableOf": [[], [], [], [], [], []], "/r/AtLocation": [[], [], [], [], [], []], "/r/HasProperty": [[], [], [], [], [], []], "/r/CreatedBy": [[], [], [], [], [], []], "/r/Synonym": [[], [], [], [], [], []], "/r/LocatedNear": [[], [], [], [], [], []], "/r/SimilarTo": [[], [], [], [], [], []], "/r/MadeOf": [[], [], [], [], [], []], "/r/ReceivesAction": [["liquids"], [], [], [], [], []]}, "/r/IsA": {"/r/RelatedTo": [[], [], [], [], [], ["overflowing", "brimminglyr", "landflood", "flood", "overflowest", "outlet", "backup", "overflood", "overbrim", "spill over", "vbrim", "overfloat", "spillway", "vcontainer", "overspill", "overflows", "overflowed", "flowage", "runn", "overflow hole", "flood stage", "smoothifier", "excess", "numeric", "outburst flood", "thwack", "flow", "underflow", "overwell", "exundation", "run over", "standpipe", "overcome", "exundate", "inundant", "return valve", "clancy", "overswell", "tappoon", "inundation", "spillage", "overflower", "spate", "boil over", "overfloweth", "overflowable", "overflowinglyr", "vflow", "brim over", "wraparound", "range", "overflux", "gush", "fill"]], "/r/UsedFor": [[], [], [], [], [], ["preventing flood", "releasing pressure", "saving extra stuff", "floods", "catching extra stuff", "prevent flooding"]], "/r/LocatedAt": [[], [], [], [], [], []], "/r/FormOf": [[], [], [], [], [], ["overflowing", "overflows", "overfloweth", "overflowed"]], "/r/IsA": [[], [], [], [], [], [" eventflow event", "spill"]], "/r/PartOf": [[], [], [], [], [], []], "/r/HasA": [[], [], [], [], [], []], "/r/CapableOf": [[], [], [], [], [], []], "/r/AtLocation": [[], [], [], [], [], ["sewer", "glass", "bathroom", "drai", "riverbed", "stopped up sink", "flooded areas", "sink", "floating point calculatio"]], "/r/HasProperty": [[], [], [], [], [], []], "/r/CreatedBy": [[], [], [], [], [], []], "/r/Synonym": [[], [], [], [], [], ["brim over motion motio", " actflood act", "overspill event", "run over motion motio", "v emotiobubble over emotio", "well over motion motio", "overrun motion motio", "runoff event", "thick", "superfluity"]], "/r/LocatedNear": [[], [], [], [], [], []], "/r/SimilarTo": [[], [], [], [], [], []], "/r/MadeOf": [[], [], [], [], [], []], "/r/ReceivesAction": [[], [], [], [], [], []]}, "/r/PartOf": {}, "/r/HasA": {}, "/r/CapableOf": {}, "/r/AtLocation": {}, "/r/HasProperty": {}, "/r/CreatedBy": {}, "/r/Synonym": {"/r/RelatedTo": [[], [], [], [], [], [], [], [], [], [], [], [], []], "/r/UsedFor": [[], [], [], [], [], [], [], [], [], [], [], [], []], "/r/LocatedAt": [[], [], [], [], [], [], [], [], [], [], [], [], []], "/r/FormOf": [[], [], [], [], [], [], [], [], [], [], [], [], []], "/r/IsA": [[], [], [], [], [], [], [], [], [], [], [], [], []], "/r/PartOf": [[], [], [], [], [], [], [], [], [], [], [], [], []], "/r/HasA": [[], [], [], [], [], [], [], [], [], [], [], [], []], "/r/CapableOf": [[], [], [], [], [], [], [], [], [], [], [], [], []], "/r/AtLocation": [[], [], [], [], [], [], [], [], [], [], [], [], []], "/r/HasProperty": [[], [], [], [], [], [], [], [], [], [], [], [], []], "/r/CreatedBy": [[], [], [], [], [], [], [], [], [], [], [], [], []], "/r/Synonym": [[], [], [], [], [], [], [], [], [], [], [], [], []], "/r/LocatedNear": [[], [], [], [], [], [], [], [], [], [], [], [], []], "/r/SimilarTo": [[], [], [], [], [], [], [], [], [], [], [], [], []], "/r/MadeOf": [[], [], [], [], [], [], [], [], [], [], [], [], []], "/r/ReceivesAction": [[], [], [], [], [], [], [], [], [], [], [], [], []]}, "/r/LocatedNear": {}, "/r/SimilarTo": {}, "/r/MadeOf": {}, "/r/ReceivesAction": {}}}, "": {"N1": {"/r/RelatedTo": ["windowdoor", "worklabor", "butchermeat", "gallomeasure", "woundgash", "punishmentcrime and", "chickelaying", "thricerthree", "informed educated ", "closed obstructed ", "transpondianrightpondia", "mystifymystery", "audiovisualsaudiovisual"], "/r/UsedFor": ["flash artifactlight physics", "string bassplaying music"], "/r/LocatedAt": [], "/r/FormOf": ["air burstsair burst", "pot belliespot belly", "cross sectionscross sectio"], "/r/IsA": ["suburb locatioresidential district locatio", "western skink animalskink animal", "inertial mass physicsmass attribute", "leading man persoactor perso", "occasion timetime time", "tree toad animalfrog animal", "petaurista animalmammal genus animal", "torch singer persosinger perso", "drop arch artifactpointed artifact", "rottenstone substancelimestone substance", "scorpionfish animalscorpaenid animal", "temporary hookup artifactconnection artifact", "acrylic fiber substanceman made substance", "dependence statestate ", "overhand pitch actpitch baseball", "american spikenard plantsubshrub plant", "hedonist persosensualist perso", "homecoming actreunion act", "aldrovanda plantdicot genus plant", "ambystomatidae animalamphibian family animal", "assist ice hockeymaneuver act", "tithe barn artifactbarn artifact", "hypsometer artifactaltimeter artifact", "papyrus communicatiodocument communicatio", "cacodyl substancegroup chemistry", "penance actsacrament act", "rule of evidence lawrule communicatio", "usherette persousher perso", "hooks bodyhand body", "bilabial communicatiolabial consonant communicatio", "kurdish communicatioiranian communicatio", "theism cognitioreligion cognitio", "aristocrat persoleader perso", "bundesbank groupcentral bank group", "skirtform of female attire", "yardarm artifactend locatio", "supreme court lawfederal group"], "/r/PartOf": ["satachristian myth", "old testament communicatiobible communicatio", "styloid process bodytemporal bone body", "voider artifactbody armor artifact", "tower of london artifactlondon locatio"], "/r/HasA": ["baywater"], "/r/CapableOf": ["blanketscover bed", "chefbone chicke", "authorswrite books"], "/r/AtLocation": ["windowhouse", "dustcarpet", "action figuretoy department", "barbershopmall", "mouselab maze"], "/r/HasProperty": [], "/r/CreatedBy": [], "/r/Synonym": ["hawaiian honeycreeper animalhoneycreeper animal", "thing cognitiomatter cognitio", "dprk locationorth korea locatio", "gas tight air ", "get into possessioget in possessio", "west persocicily isabel fairfield perso", "sapindus drumondii plantwild china tree plant", "abls communicatiobachelor of arts in library science communicatio", "homburg artifactfedora artifact", "choking coil artifactchoke artifact", "sewerage artifactsewer artifact", "fish bowl stategoldfish state", "caddy golfcaddie golf", "moray eel animalmoray animal", "family zygnemataceae animalzygnemataceae animal", "severity attributeaustereness attribute", "hors d oeuvre foodhors food", "chukka artifactchukka boot artifact", "immunise competitioimmunize competitio", "kindling pointautoignition temperature", "corruptlyr corruptedlyr ", "lazy faineant ", "copernicia prunifera plantcarnauba plant", "log z's bodysleep body", "sworn pledged ", "palestine authority grouppalestine national group", "polyodon spathula animalpaddlefish animal", "linnaea borealis americana plantamerican twinflower plant", "stylise artstylize art", "thank youthank you very much", "infirm decrepit ", "uriniferous tubule bodynephron body", "passing actpassage act", "rio nunez coffee plantrobusta plant", "experimentation cognitioexperiment cognitio", "powerful knock do a ", "lichgate artifactlychgate artifact", "take advantage socialtrespass social", "pyrethrum plantpainted daisy plant", "take turns changealternate change", "water level locatiowaterline locatio", "fuddle stateclutter state", "insisting communicatioinsistence communicatio", "vibrate perceptioresonate perceptio", "viridity attributegreen attribute", "yarn dye changeimpress change", "balaenoptera borealis animalsei whale animal", "electron orbit locatioorbit locatio", "lillie persobeatrice perso"], "/r/LocatedNear": [], "/r/SimilarTo": ["large leafed leafy ", "captious critical ", "exaggerated increased ", "effective militaryoperational military", "tasty winey ", "fast breaking news article", "second rate inferior ", "disputatious argumentative ", "private nonpublic ", "coated glazed ", "free clear "], "/r/MadeOf": [], "/r/ReceivesAction": []}, "N2": {}}}