{"try": {"N1": {"/r/RelatedTo": ["attempt", "retry", "experiment", "effort", "auditio", "test", "stet docket", "mintwikten 3", "conversion", "fraist", "make effort", "vwikten 1oil", "feigned issue", "rugby union", "take spin", "lay to", "trier", "convert", "tryscorer", "tries", "look", "statutory exclusion", "assay", "trying", "strive", "take crack at", "attemptable", "essaying", "get over", "run over", "culprit", "penalty try", "avoid", "military tribunal", "tryna", "vwikten 1sample", "have go", "wikten 1field goal", "triable", "wardmote", "rehear", "chancewikten 2", "wager of battle", "take stab at", "give something go", "give something whirl", "cast about", "and", "police court", "seek", "tried", "have crack at", "nontried", "touchdo ", "in goal", "overtry", "life", "justice is blind", "interception try", "prosecute", "touch do v", "postea", "give something shot", "give it one's best shot", "trialware", "cross", "apply oneself", "vwikten 1want", "sexual predator", "give something try", "nisi prius", "tribulation", "play nostradamus", "kick at can", "go over", "go for", "get one's feet wet", "endeavor"], "/r/UsedFor": ["attempt", "make effort", "better mark", "take tur", "scoring when playing rugby", "scoring in rugby", "give effort", "make attempt", "surpass record", "do"], "/r/LocatedAt": [], "/r/FormOf": ["trying", "triedst", "triest", "trieth", "tried", "tries", "tryed"], "/r/IsA": ["another name for effort", "single sustained effort", "goal", "attempt"], "/r/PartOf": ["rugby"], "/r/HasA": [], "/r/CapableOf": ["open minded perso", "yoda", "equal best", "anyone"], "/r/AtLocation": ["every baby", "rugby", "effort"], "/r/HasProperty": [], "/r/CreatedBy": [], "/r/Synonym": ["essay social", "strain emotion emotio", " actattempt act", "seek social", "v socialtest social", "render cooking", "v socialhear social", "v consumptiosample consumptio", "stress emotion emotio", "assay social", "attempt", "v bodytry on body", "attempt social", "v socialjudge social", "judge", "wikten 1extra point", "essay", "gowiktfr 1", "adjudicate", "struggle"], "/r/LocatedNear": [], "/r/SimilarTo": [], "/r/MadeOf": [], "/r/ReceivesAction": []}, "N2": {"/r/RelatedTo": {"/r/RelatedTo": [["try", "trying", "stop short", "attempts", "larceny", "make run for it", "take stab at", "goal", "venture", "attack", "retry", "nigerian scam", "stab", "attempted", "throw up one's hands", "honeypot", "finger in dyke", "challenge", "keyword stuffing", "bite off more than one can chew", "pin tail on donkey", "dry heave", "good samaritan law", "go for", "try one's hand", "look", "attempting", "give something go", "witch hunt", "actio", "parker square", "give it one's best shot", "lost cause", "tap up", "attemptable", "old college try", "take run at", "endeavor", "reattempt", "assault", "last burst of fire", "tapping up", "evade", "sign on", "proffer", "soft soap", "corner", "have crack at", "war of conquest", "throw oneself at", "bathos", "resist", "take crack at", "fisherman", "whack", "kick at can", "herd cats", "back to drawing boardr", "swing and miss", "grab at", "shot in dark", "give something whirl", "absurdism", "branch out", "miss one's tip", "matchmaking", "pinball", "give something try", "boarder", "bite of cherry", "isolation play", "in one er", "attempter", "endeavorer", "attemptest", "assay", "essaying", "tinker", "unattemptable", "autocorrect", "robbery", "give something shot", "have go", "attempteth", "have stab", "go for gold", "ironic process theory", "fair go", "wheedle", "vtry", "hole in one", "search", "promote", "heist", "call delay", "make break for it", "effort", "experiment", "make", "try hard", "hard", "dare", "make effort", "try to", "make stab", "mistake", "apply", "fail", "perhaps fail", "perhaps", "games", "try stab", "offer"], ["vtry", "attempt", "retrying", "vtrial", "retriable", "retries", "retried", "vjudicially", "vsecond", "arf", "agai"], ["test", "lab", "science", "scientific", "experimentation", "dry labbing", "trial", "testing", "try", "scientific test", "laboratory", "empiristic", "theoretical physicist", "inflicted insight", "experimental", "exogastrulate", "felix", "hypothesis", "within subjects", "wet lab", "attrition", "previously", "corpus vile", "unempiricallyr", "tyrode's solution", "experimenter", "intraexperimental", "shake table", "morris water maze", "blicket", "pithball", "determine", "demonstrate", "efficacy", "experimentalize", "untried", "goalbox", "cargo cult", "falsificationist", "trialling", "zebrafish", "experimented", "law of large numbers", "monte carlo method", "assay dish", "monochord", "docimastic", "examine", "try conclusions", "eddy kite", "psychonomics", "sternberg task", "water telescope", "subplot", "shuttle box", "wizard of oz experiment", "truth", "practice", "schr\u00f6dinger's kitten", "servosphere", "aftertest", "single blind", "breadboard", "textshop", "skinner box", "sample space", "conditio", "experimentwise", "laboratorilyr", "trier", "controlled", "tetraplicate", "aprioristic", "vconduct", "protocol", "blue white screen", "experimentee", "interexperimental", "law of averages", "subexperiment", "doogie mouse", "double blind", "gabor patch", "cavewikten 1", "penicylinder", "experimenting", "matherian", "startbox", "experimentative", "throw things at wall and see what sticks", "oddball", "kno ", "lab rat", "reflexograph", "galvanoscopy", "triple blind", "experimentallyr", "hard science", "preexperimental", "independent variable", "gateway drug", "nose poke", "whirl", "chase plane", "validity", "forbidden experiment", "chemometrics", "priori", "dicoumarol", "control variable", "crash test dummy", "ultimatum game", "t maze", "between subjects", "dry lab", "experiments", "rhizobox", "foreperiod", "b testing", "control", "experimentalist", "activity", "labs", "science test", "project", "lab test", "out", "work", "lab work", "scientific method", "method", "attempt", "lab activity", "science project", "trying", "try out", "scientist", "actio", "term", "in lab", "biology", "research", "procedure", "scientific trial", "theory", "rats", "lab rats", "scientist test", "empirical", "chemistry test", "chemistry", "technique", "science technique", "study", "science activity", "in laboratory", "process", "scientific process", "scientific attempt", "unkno ", "theories", "proving theories", "proving", "spearmint", "try things", "in labs", "trial operatio", "operatio", "laboratory test", "scientific term", "scientific lab", "science research", "measuring testing", "measuring", "group", "tubes", "control group", "test tubes", "general", "general term", "testing theory", "trying something", "classes", "science classes", "lab trial", "outcomes", "scientific try", "hypothesis test", "science lab", "science empirical", "lab thing", "trying out", "chemical reactions", "reactions", "chemical", "lab try", "finding results", "finding", "results", "after observatio", "after", "scientist theory", "observatio", "dissectio", "discoveries", "outcome", "unknown outcome", "ru", "trial ru", "often scientific", "science testing", "ofte", "doing", "doing science", "procedures", "empirical test", "discovery", "chemicals", "ex spearmint", "ex", "trail", "egg", "probe", "result", "express"], ["hard", "work", "try", "difficult", "struggle", "full speed ahead", "arsed", "endeavorment", "drudgy", "weasel out", "exigency", "full speed aheadr", "front up", "royal road", "nisus", "free lunch", "put one's mind to it", "relaxation", "gift", "thrust", "bring to table", "run someone ragged", "beat one's head against stone wall", "effortful", "slack", "victory", "lift finger", "law of diminishing returns", "worth it", "hand on plate", "like duck takes to water", "break one's back", "inclined plane", "full blast", "pull oneself up by one's bootstraps", "spin one's wheels", "stand", "onerous", "performing", "diligence", "exertion", "betwee", "tight scratch", "plug away", "run after", "push it", "baby step", "lost cause", "fizzle", "do one's darnedest", "exacting", "walk off with", "focused", "furiouslyr", "go for it", "melioristic", "snatch victory from jaws of defeat", "get down to business", "half hearted", "put one's back into", "efforts", "pull oar", "endeavorer", "heavy lifting", "bear do v", "give one's all", "take something in stride", "comparable worth", "meliorism", "drop in bucket", "striving", "coast", "pull one's socks up", "move mountains", "conatus", "lombard effect", "last burst of fire", "with difficulty", "bend over backwards", "lick into shape", "timeserver", "one handedr", "beginning", "effortless", "worry do v", "go to great lengths", "effort distance", "old college try", "countereffort", "self made", "teamwork", "tug", "assiduity", "creative work", "workout", "spurt", "exertio", "motio", "buckle do v", "elbow grease", "eke out", "play to win", "molimen", "inexertion", "run chase", "shoulder to shoulderr", "upkeep", "god helps those who help themselves", "wikistorming", "take trouble", "overdirected", "go extra mile", "do or die", "ease", "money doesn't grow on trees", "arrival", "effortfulness", "logrolling", "home free", "effortlesslyr", "lallygag", "jump through hoops", "work at", "larry dooley", "get out what one puts in", "blow one's wad", "one's socks offr", "spearhead", "do one's utmost", "lollygag", "go out of one's way", "balls to wallr", "laborious", "exigent", "fartlek", "strainful", "setup", "swot", "break sweat", "with one's eyes closedr", "whip into shape", "home stretch", "activity", "easy", "full court press", "sweat of brow", "go hard or home", "waltz", "trouble", "snap of finger", "\u00e9clat", "do one's damnedest", "legwork", "easy for you to say", "endeavour", "bust one's balls", "for all one is worth", "at one stroke", "hard won", "unexacting", "licence to print money", "genderfuck", "slogginglyr", "force", "worthwhile", "lazy", "fall into one's lap", "strivinglyr", "oversing", "homeland security", "give it one's best shot", "finagle", "go to extraordinary lengths", "effortfullyr", "body", "attainment", "add oil", "dig deep", "shoot one's wad", "for asking", "empty tank", "painstaking", "embolalia", "get in boat and row", "go all out", "gravy train", "attempt", "trying", "try hard", "actio", "hard work", "trying hard", "forth", "put forth", "put", "hard actio", "afford", "good", "good attempt", "give all", "give", "make actio", "make", "apply", "requires", "requires stamina", "stamina", "strai", "energy", "vigorous attempt", "vigorous", "labour", "industriousness", "straining", "team", "involved", "straining involved", "climb"], [], ["exam", "quiz", "school", "experiment", "examinatio", "questions", "school exam", "evaluatio", "paper", "final", "trial", "exam quiz", "schools", "try", "answers", "short", "multiple choice", "multiple", "choice", "students", "pass", "knowledge", "big", "big quiz", "hard", "small", "like", "grade", "challenge", "learning", "test nation", "posttest", "hush house", "ballon d essai", "crossmatch", "driving test", "reading week", "gold standard", "placement test", "foilwikten 2", "tests", "take for spin", "initiation ceremony", "test harness", "antitesting", "intelligence quotient", "turing test", "cervical smear", "retest", "post", "field trial", "seroreversion", "nct", "absolute error", "unit test", "hemin", "pap smear", "vwikten 1cupel", "bounce off", "assay", "ordeal", "shakedo ", "pseudodata", "poppy seed test", "student's t test", "shibboleth", "specificity", "mock out", "test bench", "teach to test", "hypothesis", "theragnosis", "flynn effect", "wikten 1seed coat", "give something whirl", "nonsubmitter", "widal test", "chi square", "pregnancy test", "bourne test", "microtest", "sticktion", "postcoital test", "red face test", "testinglyr", "wine thief", "archeopyle", "szondi test", "optotype", "solent", "trier", "double blind test", "microalbumin", "rinne test", "trial by fire", "makeup", "fraist", "feeler", "test card", "ground truthing", "roadtest", "testa", "coags", "pull do ", "tested", "short answer", "oral", "memory span", "crash test", "becchi's test", "verbeekinid", "dilute russell's viper venom time", "sally anne test", "draize test", "subtest", "wikten 1trial", "pseudolocalization", "fuzz testing", "nonstress test", "bed of nails", "testable", "self test", "hindcast", "prick test", "intratest", "guthrie test", "targeteer", "winnow", "smoke test", "midtest", "multitest", "blue book exam", "docimastic", "beilstein test", "plugfest", "trial run", "unprovable", "undertest", "try it on", "launch complex", "examination", "testimony", "testing", "nesslerize", "weber test", "turnkey", "face validity", "push it", "bleep test", "nordtvedt effect", "molisch's test", "fizzle", "quality control", "snellen test", "mirror test", "sims test", "heftwikten 1", "wikten 1cupel", "fixture", "cheat sheet", "canary", "uroflow", "thrash", "logic analyzer", "put to test", "water maze", "try out", "final examination", "trialable", "vwikten 1cupellatio", "sensitivity", "mantoux test", "diascopy", "psychometrics", "echoback", "poleman"], [], [], ["coercion", "chloritization", "mapping", "mythization", "covariance", "albitization", "phosphoribosylaminoimidazole synthetase", "btoa", "antichurning", "intestinalization", "consolization", "dutasteride", "charge coupled device", "binarization", "common law", "forestation", "see light", "software", "metaplasia", "aromatization", "nitrogen fixation", "internationalization", "prothrombinase", "serpentinization", "anglicanization", "photoconversion", "cloudification", "vitrification", "sheafification", "lexical analysis", "anthimeria", "tabloidization", "tariffication", "suberization", "photovoltaic effect", "retrodigitization", "conversional", "changeover", "goalkicker", "igboization", "transmutation", "intent", "atmospherization", "embezzlement", "anticonversion", "pre radicalization", "walden cycle", "convert", "convertible", "materialization", "haredization", "piezotranslation", "exoticization", "sequentialization", "massification", "rainforestation", "canalisation", "metanoia", "assimilation", "photomechanochemistry", "charcoalization", "rescue mission", "isomerisation", "interconversion", "propositio", "coherentization", "transubstantiation", "hematosis", "rejuvenescence", "rugby union", "free coinage", "nitratation", "thermoelectricity", "vernakalant", "pornification", "multiconversion", "infinitesimalization", "love jihad", "linkification", "nitrogenase", "thermodynamics", "carbonification", "affinization", "bioconversion", "radialization", "alodyne", "cage stage", "chymification", "mythicization", "immunoconversion", "electrical resistance", "dieselization", "phosphoglyceromutase", "gelatination", "phosphoglucoseisomerase", "bureaucratization", "condoization", "retroconversion", "platform", "penalty", "voxelization", "monetization", "chondrification", "swapover", "toxification", "pull do ", "dualling", "dolomitization", "value added network", "lipogenesis", "subject", "stringification", "medullization", "trehalase", "deprive", "octavation", "end zone", "eburnification", "edenization", "terminism", "anomerization", "muslimization", "mechanotransduction", "apostasy", "dockization", "substrate", "preparationism", "phosphatization", "autoconversion", "methylenetetrahydrofolate reductase", "desaturation", "atob", "preconversion", "conversionless", "isotropization", "try", "equivariantization", "ceramization", "personal property", "mechanism", "photovoltaics", "fermentation", "gentzenization", "volatilization", "thermodynamic", "italianization", "thermoconversion", "evangelical", "bioinactivation", "quakerization", "phosphoglucoisomerase", "pauline conversion", "islamization", "w\u00f6hler synthesis", "convertend", "optoelectric", "tortfeasor", "algebraization", "museumification", "deracemization", "misconversion", "dolomization", "goalkicking", "gtp binding protein", "eikonalization", "isomerization", "translation", "metrication", "metric", "vaporization", "tort", "equianalgesic", "predicate", "transcoding", "term", "enfranchisement", "humification", "islamification", "charizing", "linearization", "deconversion", "neolithization", "glassification", "chiralisation", "desmoteplase", "allodizing", "cutinization", "oncogene", "diazotization", "transactionalization", "missionary linguist", "conversions", "testimony", "amylolysis", "albuminization", "product", "swahilization", "triploidization", "change", "call"], ["vtest", "vtry", "vprove", "vexperience", "vfraise"], [], [], [], [], [], [], ["challenge", "juror", "try", "judicial", "sample", "test", "triers", "standard", "rhineland palatinate", "moselle", "examine", "law", "experiment", "instrument", "trior", "germany"], ["reaction", "solar cell", "metricate", "operatize", "marsupialize", "sampling", "neuroticize", "electronify", "rasterize", "unconvertible", "lexicalize", "unswizzle", "photoactive", "saponify", "krukenberg procedure", "pulp engine", "isomerize", "rectenna", "conversio", "agatize", "ip tracker", "phthalin", "vectorize", "zofenoprilat", "vbelief", "canalise", "arndt eistert synthesis", "stepping motor", "lapidescent", "evangelize", "dynamotor", "converted", "vform", "serialize", "charcoalize", "lex", "vexchange", "occidentalize", "torify", "deconvert", "macerater", "transistorize", "transducer", "vpropositio", "convertase", "monomerize", "acetalize", "gelable", "rectifier", "universal lever", "converts", "betulin", "vfunctio", "vinduce", "saccharify", "saccharize", "monetize", "propagation", "albumenize", "radicalizable", "grayscale", "substantivise", "redevelop", "subjunctivize", "new christian", "amidophosphoribosyltransferase", "negroize", "complementize", "convertee", "vparticular", "vadvertisement", "elixir", "dimethylallyltranstransferase", "vsubstance", "polymerize", "civilianize", "sigma delta converter", "pidginize", "hypertexted", "preceramic", "conversion", "interconvert", "digestion", "slicer", "transmute", "vunit", "levodopa", "reconversion", "available energy", "uncapitalize", "computerize", "vchange", "melanogen", "dequantize", "converting", "transduction", "islamize", "linkify", "bug", "kornblum delamare rearrangement", "laterize", "monarchize", "voxelize", "vappropriate", "vsubject", "unitarize", "revert", "semivitrified", "hydrophone", "valternative", "vtransform", "sulphuretum", "solarize", "matricize", "chondrify", "transformation", "unproselyte", "adipolysis", "hypertextualize", "annuitize", "unexplode", "destring", "alkalifiable", "asciify", "vtort", "consolized", "transform", "convertor", "photovoltaic cell", "photoconvert", "vfifty", "mizuame", "vonline", "converter", "cyrillicize", "unpivot", "turboelectric", "parlay", "repulp", "tabify", "transglucosidase", "neophyte", "quakerize", "heat engine", "bible basher", "solipsize", "islamicization", "nonprofitization", "vexpress", "swizzle", "commutate", "demosaic", "phosphatize", "nonconverted", "parapeptone", "supersymmetrize", "rotary encoder", "reconvert", "decrypt", "semidouble", "destroyer minesweeper", "ozonation", "conversive", "talibanize", "versus", "anglify", "vpenalty kick", "rectify", "encode", "sensifacient", "bonify", "vanother", "oxidability", "convertest", "vstate", "albitize", "upconvert", "vproduct", "hexametrize", "jargonize", "proselytize", "vitriolizable", "sun and planet gear", "vpurpose", "vitrifiable", "vcommit", "irredeemable", "transfigure", "cyanize", "symbolify", "vreligio", "untabify", "pre christian", "motor", "vvalue", "transcode", "dolomized", "redeem", "misconvert", "glassify", "vunit of measurement", "fusion torch", "vconversio", "piezotranslator", "vspare", "hosaka cohen transformation", "valganciclovir", "prosify", "rem out", "convertible", "d\u00f6nmeh", "vcentury", "calvinize", "downcase", "inlapidate", "sloganize", "prehormone", "nuclear battery", "chylify", "transduce", "housetruck", "mihanere", "invertor", "converting furnace", "retina", "water turbine", "basifier", "cloudify", "graphitize", "electric motor", "autocuer", "reionize", "parchmentize", "humify", "braille", "vcommon law", "microphone", "glucase", "atomic battery", "laicize", "hetacillin", "sportify", "invert", "downconvert", "turn in", "jacobinize", "vfaith", "vscore", "generator", "vadopt", "revival", "sorbitize", "etherize", "convertance", "adenylosuccinase", "histidinase", "nonredeemable", "enolize", "recatholization", "dextrinize", "vitriolize", "vequal", "vpredicate", "webify", "inveigle", "detokenize", "reduce", "delta sigma converter", "wherry", "chemosensor", "catechumen", "microinverter", "encipher", "meshable", "make over", "bullionize", "mannerize", "gross up", "converteth", "unitarianize", "sponge", "transcribe", "stringify", "dihydroorotase", "salify", "videology", "change over", "transume", "vtry", "vuse", "judaize", "capitalize", "convertant", "catholization", "xanthation", "peptogenous"], ["player", "score", "try"], ["vtry", "try"], ["see", "view", "glance", "eyes", "watch", "observe", "seeing", "window", "actio", "eye", "find", "search", "care", "seek", "stare", "appearance", "undersee", "vfind", "deeky", "squint", "stickybeak", "viseme", "veyes", "steely eyed", "look for", "espy", "vtry", "captain cook", "pay attentio", "glim", "eye rhyme", "clae", "looky", "butcher's", "get load of", "find work", "shapely", "glimpse", "tunnel vision", "by peep", "cua", "dekko", "nosy", "eyeful", "attempt", "behold", "looky loo", "vappear", "photogenic", "vseem", "visual", "blee", "looked", "unlooking", "look back", "despection", "vmanifest", "oi", "gledge"], [], ["metal", "docimology", "hardship", "unassayed", "assayable", "assaying", "bicinchoninic acid", "afflictio", "thiobarbituric acid", "proportio", "ore", "vattempt", "attempt", "indicablewikten 4", "qualitative", "cupeller", "assayed", "singlicate", "manganimetry", "condition", "immunospot", "immunofluorometry", "microassay", "scorifier", "hematofluorometer", "multiwell", "nanoassay", "pan assay interference compound", "immunoswab", "anthrone", "liver function test", "assayer", "quantitative", "coi", "chemical", "bandshift assay", "analysis", "bdna", "trial", "immunoplaque", "microarray", "alloy", "scorification", "radioassay", "interassay", "immunoenzymatic", "bullio", "test", "elispot", "reassay", "azogalactan", "vtry", "assay pound", "vto", "immunoenzymaticallyr", "parting", "docimastic", "vestimate", "microneutralization", "determinatio", "vanalyze", "shot sample", "vaffect", "lysoplate", "intraassay", "microlymphocytotoxicity", "report"], ["attempt", "vtry", "airritating", "astressful", "tryingness", "predicament", "abothersome", "crucible", "keep on truckin", "aendure", "tryinglyr", "rough", "aarduous", "ordeal", "double jeopardy", "effort", "experiment", "test", "difficult", "sampler", "practice", "interview"], ["buck for", "agonize", "striveth", "unmotivated", "fight", "strove", "vachieve", "striven", "strived", "vtry", "vstrenuous", "vvie", "liberation", "strivest", "struggle", "vrival", "vstrife", "gun for", "scrappy", "vcompete", "purchase", "contend", "keep together", "seek", "ert", "wrestle", "striving", "vstruggle", "striver", "vcontend", "leave it all out there", "vresult", "put forth", "strife", "restrive", "kemper", "strives", "vcontest", "k\u00f6hler effect"], [], ["aattempt", "aattack", "atry", "attemptability"], ["essayings", "tentative", "try", "attempt"], [], [], ["culpable", "thing", "problem", "fault", "showup", "corner time", "prisoner", "try", "accuse", "culprits", "crime", "mea culpa", "perso"], [], ["pacific", "fact of life", "cheatwikten 1", "skate over", "avoidin", "get around", "keep it together", "political football", "chicken out", "kinodynamic", "vshu", "can't help", "bludge", "opt out", "drag one's feet", "umbeschew", "skinner box", "unavoided", "necessary", "evitable", "clean eating", "vinvalidate", "sell oneself short", "keep at arm's length", "bat away", "avoidability", "cop out", "vtry", "ghost of christmas yet to come", "obviate", "circumvent", "deflect", "avoideth", "evade", "avoiding", "skunk at garden party", "tiptoe around", "tax evader", "close call", "call", "weasel out", "negative", "inevitablyr", "disguise", "strike while iron is hot", "frugal", "shy", "offhold", "nonavoidable", "taboo", "unavoidable", "let someone down gently", "inevitable", "not touch something with barge pole", "sidestep", "wriggle out of", "not touch something with ten foot pole", "stand up", "play dumb", "vmeet", "scotomize", "bizen", "adversion", "fight shy of", "vcontract", "stick to one's text", "vannul", "avoided", "abjure", "escapist", "fools rush in where angels fear to tread", "dodge", "shun", "eschew", "wariness", "get away with", "nonattention", "vdefeat", "ineluctable", "steer clear", "pay piper", "bluebeard", "economizer", "escape", "get do v", "lone wolf", "funkwikten 3", "housebreak", "keep away from", "hot potato", "avoidance", "game", "take bull by horns", "fuck dog", "outskip", "play hooky", "walk free", "vevade", "survive", "obligation", "avoider", "offcome", "safety lamp", "avoids", "vrefute", "shy away from", "hide one's light under bushel", "vclear", "make run for it", "bypass", "evitative", "sidetrack", "avoidest", "beat around bush", "vcommunicate", "displacement", "take powder", "loner", "bound to", "vkeep", "prevent", "shade", "snub"], [], ["try", "to"], [], [], [], ["atry", "untriable", "triableness"], ["londo", "police", "default", "court", "try", "england", "watch", "meeting", "inhabitant", "ward"], ["vtry", "vhear", "rehearing", "rehears", "echo"], [], [], [], [], [], [], ["conjunctio", "or", "not", "nor", "a", "xor", "if", "additio", "ing", "xand", "cnoe", "nand", "nd", "old english", "else", "anding", "plus", "boolean function", "voila", "cnle", "go", "qualitative", "both", "come", "u", "gatewikten 1", "scada", "to", "anded", "hendiadys", "xnor", "actio", "patient", "recipient", "cen", "polish notation", "nist", "gate", "and gate", "compiland", "x", "cafe", "boolean algebra", "ands", "unbuckle", "e oe", "as well", "fanboys", "acars", "try", "parenthetical", "dread", "rather tha"], [], ["hide", "find", "look", "vask", "navigate", "barnumize", "upseek", "vindictive", "jobhunting", "seeks", "look after", "vstream", "vaim", "echelon", "beseech", "head for hills", "vacquire", "mrs leo hunter", "umbecast", "seeker", "self revelation", "vbeseech", "help seeker", "status dramaticus", "shoad", "jobhunter", "seekable", "forseek", "stand", "seeking", "vnavigate", "look for", "vsearch", "foreseek", "defect", "squeaky wheel gets grease", "vgai", "have designs on", "herborize", "geocache", "promised land", "quaesitum", "vstrive", "sought", "home", "bird dog", "have one's eye on", "charper", "vlook for", "stream", "reseek", "vseeker", "vtry", "random access", "herostratic", "scrounge up", "pick someone's brain", "vfind", "filibuster", "operatio", "vsolicit", "vhide and seek", "unpursued", "sherlock", "unseeking", "hide and seek", "hide and", "searching", "search", "find and", "apply", "discover", "actio", "finding", "destroy", "hunt", "land", "hiding", "and destroy", "hiding game", "game"], ["areliable", "aput", "atrial", "atake", "afirm", "alawcourt", "aprove", "atested", "vtry", "untried", "extradition"], [], ["atry"], [], [], ["vtry"], ["living", "plant", "existence", "tao", "blood", "age", "cell", "bread", "alive", "kill", "water", "immortality", "fish", "vital", "shari", "quickener", "postpsychiatry", "microevolution", "parade passed someone by", "stadium", "idiorrhythmic", "biopolitics", "animate", "home study", "lifeform", "palaeontography", "abiosphere", "microflora", "anaerobiosis", "aerobiosis", "macroevolution", "try", "biotics", "life bearing", "entropic doom", "bioessential", "jataka", "soulwikten 1", "god", "quickening", "antilife", "human rights", "unlife", "fool saint", "chronosystem", "life giving", "intravital", "biopoesis", "past life", "policyholder", "way", "curtainfic", "be", "teslascope", "nature", "animalization", "pick up pieces", "draw", "lifemanship", "end of world", "bathysphere", "heroinware", "lifestream", "nanobreak", "manic pixie dream girl", "charmed life", "molesworthian", "lifeless", "self reflect", "vitals", "opportunity", "vicissitude", "lifelong", "birth", "blight", "transstadiallyr", "backstory", "nomogeny", "nephesh", "planned obsolescence", "autobiography", "forelife", "cyberlife", "wheel of life", "lifepath", "bloomsome", "lives", "vivificative", "photobiotic", "dao", "halobios", "family history", "lifelog", "life threatening", "object", "crisis", "grey goo", "cosmozoa", "biophilic", "world weary", "life story", "lifemate", "milestone", "terraforming", "archaean", "eukaryogenesis", "extravital", "due process", "diplobios", "premortal", "misliver", "lebenswelt", "counterlife", "protocell", "prebiotic organic synthesis", "force", "lechayim", "intervital", "superhabitable", "septic shock", "vivification", "weltansicht", "lifeblood", "panacea", "life assured", "biosis", "lifewardr", "vitality", "sonder", "panspermia", "prebiotic", "rna world", "organonomy", "relevant"], [], [], ["vend", "segue", "vcharge", "prosecuted", "nonprosecution", "vstart", "vpursue", "prosecutable", "non pros", "persecute", "vprosecutor", "prosecutes", "prosecution association", "vproceeding", "vtry", "prosecution", "nonprosecuted", "vpersecute", "prosecutest", "unprosecuted", "nolle prosequi", "non sequitur", "prosecutor", "prosecuting", "sequel", "vprosecutio", "vnolle prosequi", "vcriminal", "prosecuteth", "non prosequitur", "vsequence", "nol pros", "unprosecutable", "reprosecute", "trial"], [], ["try", "judge", "cause", "nisi prius", "verdict", "retur"], [], [], ["baitware", "bloatware", "malware", "try", "software", "abandonware", "crippleware", "demoware", "donationware", "postcardware", "freeware", "shareware", "adware"], ["symbol", "jesus", "religious", "crucifix", "religious symbol", "shape", "church", "two", "lines", "intersectio", "christia", "crucifixio", "religio", "wood", "christian symbol", "sig", "across", "thoroughbred", "crux", "christianity", "tee", "two lines", "death", "died", "ex", "jesus died", "christ", "holy", "limited atonement", "fridrich method", "zuchon", "agnus dei", "crosslyr", "citrumelo", "transatlantic", "gressingham duck", "millrind", "veitchberry", "crossover", "vru", "crossish", "crossbarring", "crouched", "punch", "tigon", "phillips screwdriver", "vcontradict", "cross crosslet", "vtravel", "labradane", "patonce", "crucify", "altar poem", "tritordeum", "thwarty", "execute", "minskin", "crossable", "bar", "crossing number", "cross bottony", "f\u00e2ch\u00e9", "patt\u00e9", "foul line", "intersecting", "saint anthony's cross", "crucifer", "descanso", "lotus position", "crossclass", "pick out", "vdirectio", "beefalo", "lose one's temper", "crosslet", "swastika", "crossed", "omophorion", "put to horn", "run across", "node", "deposition", "kreuzer", "perseverance of saints", "crantara", "crotched", "chowk", "hot cross bun", "nothogenus", "shellback", "noncrossing", "thabilitho", "crossunder", "stipes", "irresistible grace", "strike", "cockapoo", "tic tac toe", "globus cruciger", "becross", "unconditional election", "zeedonk", "line", "police line", "cross of lorraine", "aprium", "fiery cross", "recrossed", "crabbish", "uncrossable", "crossness", "transcontinental", "linebreeding", "crossling", "intercross", "cors", "swoon hypothesis", "mountain pass", "crossroad", "perpendicular", "difficult", "get across", "crux decussata", "unbridgeable", "pass", "double yellow line", "make one's mark", "pedestrian scramble", "king's cushion", "interlace", "atransverse", "crossrow", "hook", "crozier", "backcross", "crucial", "cantoned", "ford", "near post", "boxador", "pectoral", "diabaterial", "labradoodle", "crossing", "crosier", "jersian", "beam", "vtry", "padr\u00e3o", "devotio", "sun cross", "vhostile witness", "cruyff turn", "right angle", "oroya", "gesture", "crosspoint", "vwicket", "crossing guard", "ankh", "subcross", "holy cross", "bigeneric", "paschal lamb", "crosspipe", "abad tempered", "switch", "cross product", "metagnathous", "crutch", "tr\u00e9fl\u00e9", "take cross", "urd\u00e9e", "underpass", "wing bar", "aangry", "cross course", "disgruntle", "touchline", "transom", "ordeal of cross", "traversal", "marocain"], [], [], [], [], [], ["michael", "adversity", "try", "period", "pretribulation", "believer", "second coming", "persecutio", "rapture", "tribulate", "event"], [], [], [], [], [], ["jack of all trades", "vattempt", "life or death", "no show without punch", "endeavoreth", "emprise", "endeavored", "well begun is half done", "torpedo", "endeavoring", "whole shooting match", "change game", "plunge in", "tomorrow is another day", "persistent", "last wordism", "straw man", "determined", "mount everest", "term of art", "vtry", "endeavors", "enterprise", "dive in", "work at", "nihilism", "solicit", "endeavorest", "project", "interest", "long game", "land clearer", "go for gold", "assiduous", "business", "farm"]], "/r/UsedFor": [["try"], [], ["launching pad"], [], [], ["having asthma attack", "find out what people know"], [], [], [], [], [], [], [], [], [], [], [], [], [], [], [], [], [], [], [], [], [], [], [], [], [], [], ["birth control pill"], [], [], [], [], [], [], [], [], [], [], [], [], [], [], [], [], [], [], [], [], [], [], [], ["living", "brook", "soul", "proposing to woma", "su"], [], [], [], [], [], [], [], [], ["road"], [], [], [], [], [], [], [], [], [], [], [], []], "/r/LocatedAt": [[], [], [], [], [], [], [], [], [], [], [], [], [], [], [], [], [], [], [], [], [], [], [], [], [], [], [], [], [], [], [], [], [], [], [], [], [], [], [], [], [], [], [], [], [], [], [], [], [], [], [], [], [], [], [], [], [], [], [], [], [], [], [], [], [], [], [], [], [], [], [], [], [], [], [], [], [], []], "/r/FormOf": [["attemptest", "attempted", "attempteth", "attempts", "attempting"], ["retries", "retrying", "retried"], ["experimented", "experimenting", "experiments"], ["efforted", "efforts", "efforting"], [], ["tests", "testing", "tested", "testest"], [], [], ["convertion", "conversions"], ["fraisting"], [], [], [], [], [], [], ["trior", "triers", "tryer"], ["convertest", "converts", "converting", "converted", "converteth"], ["tryscorers"], ["try", "trie", "vtry"], ["looked", "looketh", "lookest"], [], ["assaied", "assaying", "assaies", "assayest", "assayed", "assays", "assayeth"], ["vtry", "tryings", "try"], ["striving", "strove", "strives", "strived", "striven", "strovest", "strivest", "striveth"], [], [], ["vessay", "essayings"], [], [], ["culprits"], [], ["avoids", "avoided", "avoiding", "avoidest", "avoideth"], [], ["trynna", "tryinna"], [], [], [], [], ["wardmotes"], ["rehears", "reheard", "rehearing"], [], [], [], [], [], [], ["anding", "anded", "ands", "a", "cen", "ant"], [], ["ysought", "seekest", "soughtest", "sought", "seeks", "seeking", "seeketh", "seeked", "soughten"], ["vtry", "try"], [], [], [], [], ["overtried", "overtrying", "overtries"], ["alife", "lives"], [], [], ["prosecutest", "prosecuted", "prosecuteth", "prosecuting", "prosecutes"], [], ["posteas"], [], [], [], ["crosses", "crossing", "crost", "cross'd", "crossed", "crosseth", "crosst"], [], [], [], [], [], ["tribulations"], [], [], [], [], [], ["endeavour", "endeavoring", "endeavored", "endeavors", "endeavor'd"]], "/r/IsA": [["mug's game act", "batting baseball act", " actactivity act", "seeking act", "power play act", "bid act", "liberation act", "worst act", "striving act", "crack act", "test act", "best act", "takeover attempt act", "essay act", "shot act", "contribution act", "struggle act", "foray act", "try"], [], ["trial cognition cognitio", "control experiment cognition act", " actventure act", " actscientific research act", "pilot experiment cognition cognitio", " cognitioinquiry cognitio", "trial and error act", "michelson morley experiment act", "testing act"], ["strain act", "struggle act", " actlabor act", "overexertion act", "overkill act", "application act", "pull act", "least effort act", "exercise act", "friction act", "supererogation act", "trouble act"], [], [" animalcovering object", "audition act", "snellen test cognition act", "clinical trial act", "personality test act", "preclinical trial act", "assay act", "pilot project act", "intelligence test act", "sub test act", " actmental measurement act", "fitting act", "double blind act", " actattempt act", "field trial act", "mot act", "examinatio"], [], [], [" eventtransformation event", " actchange act", " eventchange event", "transmutation act", " cognitiocalculation cognitio", " actexchange act", "afforestation act", " psychiatrydefense mechanism psychiatry", "point after american football act", "proselytism act", " actredemption theology", "rectification event", "isomerization event", "christianization event", "data conversion cognition cognitio", "dressing act", " actscore act", "unitization act", " communicatiorhetorical device rhetoric", "digitization cognition cognitio", "glycogenesis event", "event", "type conversion", "nice word for brainwashing", "type conversio"], [], [], [], [], [], [], [], [" lawjudge perso", " persoperson"], ["proselyte person perso", " persoperson", "converso person perso"], [], [], ["stare act", "dekko act", " actsensing act", "scrutiny act", "glance act", "squint act", "peek act", "sightseeing act", "evil eye act", "observation act", "lookout act", "view act", " attributeappearance attribute", "another way to say watch"], [], ["enzyme linked immunosorbent serologic assay act", " acttest act", "diagnostic test cognition act", "bioassay cognition act", "countercheck cognition cognitio", "immunohistochemistry act", "stress test cognition cognitio", " substancesubstance", " communicatioreport communicatio", "apgar score cognition cognitio", " cognitioappraisal cognitio", "paternity test cognition cognitio"], [], [], [], [], [], [], [], [], [], [], [], [], [], [], [], [], [], [], [], [], [], [], [], [], ["articles", "well known tourist resort"], [], [" computer sciencemovement event"], [], [], [], [], [], [], ["water", " motivemotivation", " persoperson", "aerobiosis phenomenon phenomeno", " cognitioexperience cognitio", "ghetto state", "days time", "wildlife group ", " phenomenoorganic phenomenon biology", "biology phenomenon phenomeno", " statebeing state", " timetime period time", " living thing", "afterlife time", "complex highway", "bore", "life of vertebrateopencycliving", "opencyclivingorganic event", "dependant on su", "monarch livingopencycliving", "gift", "fine art", "another way of saying living things"], [], [], [], [], [], [], [], ["demoware"], ["jerusalem cross artifact", "maltese cross artifact", "patriarchal cross artifact", "tau cross artifact", "calvary cross artifact", "papal cross artifact", "celtic cross artifact", "crucifix artifact", "latin cross artifact", "greek cross artifact", "st andrew's cross artifact", " artifactstructure artifact", " stateaffliction state", "lorraine cross artifact", " artifactemblem artifact", "crucifixopencyccross torture device", "fixed freestanding structure", "punch", "reminder of jesus christs death"], [], [], [], [], [], [], [], [], [], [], [], []], "/r/PartOf": [[], [], ["condition cognition act", "control condition cognition act"], [], [], [], [], [], [], [], [], [], [], [], [], [], [], [], [], [], [], [], [], [], [], [], [], [], [], [], [], [], [], [], [], [], [], [], [], [], [], [], [], [], [], [], [], [], [], [], [], [], [], [], [], [], ["death", "time of life", "pai", "death time", "past time", "birth time", "age time", "sorrow", "sleep", "crying"], [], [], [], [], [], [], [], [], [], [], [], [], [], [], [], [], [], [], [], [], []], "/r/HasA": [[], [], [], [], [], ["several problems to solve"], [], [], [], [], [], [], [], [], [], [], [], [], [], [], [], [], [], [], [], [], [], [], [], [], [], [], [], [], [], [], [], [], [], [], [], [], [], [], [], [], [], [], [], [], [], [], [], [], [], [], ["no purpose", "bottom of ocea"], [], [], [], [], [], [], [], [], [], [], [], [], [], [], [], [], [], [], [], [], []], "/r/CapableOf": [[], [], ["scientist", "prove hypothesis"], ["amount to nothing"], [], ["place student"], [], [], [], [], [], [], [], [], [], [], [], [], [], ["measure up"], [], [], [], ["lying"], [], [], [], [], [], [], [], [], [], [], [], [], [], [], [], [], [], [], [], [], [], [], [], ["part company right now"], [], ["gundog"], [], [], [], [], [], [], ["matter less than honor to fools", "spring forth"], [], [], [], [], [], [], [], [], [], [], [], [], [], [], [], [], [], [], [], [], []], "/r/AtLocation": [[], [], ["laboratory"], ["try"], [], ["hard questions"], [], [], [], [], [], [], [], [], [], [], [], [], [], [], [], [], [], [], [], [], [], [], [], [], [], [], [], [], [], [], [], [], [], [], [], [], [], [], [], [], [], [], [], [], [], [], [], [], [], [], ["earth", "surface of earth", "meaning"], [], [], [], [], [], [], [], [], [], [], [], [], [], [], [], [], [], [], [], [], []], "/r/HasProperty": [[], [], [], [], [], ["successful"], [], [], [], [], [], [], [], [], [], [], [], [], [], [], [], [], [], [], [], [], [], [], [], [], [], [], [], [], [], [], [], [], [], [], [], [], [], [], [], [], [], [], [], [], [], [], [], [], [], [], ["finite", "good", "hard", "complex", "unfair", "everywhere"], [], [], [], [], [], [], [], [], [], [], [], [], [], [], [], [], [], [], [], [], []], "/r/CreatedBy": [[], [], [], [], [], [], [], [], [], [], [], [], [], [], [], [], [], [], [], [], [], [], [], [], [], [], [], [], [], [], [], [], [], [], [], [], [], [], [], [], [], [], [], [], [], [], [], [], [], [], [], [], [], [], [], [], [], [], [], [], [], [], [], [], [], [], [], [], [], [], [], [], [], [], [], [], [], []], "/r/Synonym": [["effort act", "try", "try act", "v creatioundertake creatio", "endeavour act", "effort", " actattack act", "v socialtry social", "endeavor act", "set about", "assay", "essay", "trywikten 1", "aim", "vtake stab at"], ["v socialrehear social"], ["experimentation cognition cognitio", "experimentation act", "try out social", ""], ["sweat act", " actattempt act", "elbow grease act", "attempt", "travail act", " actdeed act", " actcampaign act", "exertion act", "aim", "while", "struggle", "pain"], [], ["v communicatioquiz communicatio", "mental testing act", "mental test act", "run act", "try social", "try out social", "prove social", "v socialscreen social", "examine social", "essay social", "psychometric test act", " communicatioexamination communicatio", "trial act", " cognitiotrial cognitio"], [], [], ["transition event", "rebirth act", "changeover event", "spiritual rebirth act", "convertance", "use"], [], [], [], [], [], [], [], ["essayer person perso", "attempter person perso", "wpregionwpregio"], ["v changechange over change", "convince communication communicatio", "win over communication communicatio", "v changechange change", "v changecommute change", "convertee", "entitize", "convince"], [], [], ["v cognitiotrust cognitio", "appear perception perceptio", "v stativefront stative", "v socialattend social", " attributeexpression attribute", "looking at act", "looking act", "seem perception perceptio", "v cognitioexpect cognitio", " statespirit state", "v perceptiosearch perceptio", "vheed", "vstudy", "vseem", "vnotice", "vmind", "vsearch", "vinspect", "vanticipate"], [], ["check cognition cognitio", "v socialtry social", "vattempt"], ["a nerve wracking "], ["strain competition competitio", "v socialendeavor social", "reach competition competitio", "endeavor", "strive for", "set about", "endeavour", "struggle"], [], [], [], [], [], [" persoperpetrator perso"], [], ["v socialdebar social", "v socialinvalidate social", "v consumptiokeep off consumptio", "invalidate", "abjure", "steer clear of", "evade", "decline", "shirk"], [], [], [], [], [], [], [], ["retry social"], [], [], [], [], [], [], ["plus", "cfye", "as well", "end", "cafe", "cnle", "slash"], [], ["v socialtry social", "v contactsearch contact", "vsearch", "be after", "search for", "go after", "vlook for", "explore", "look for"], ["a tried and true ", "a well tried "], [], [], [], [], [], [" attributeliveliness attribute", " timelife sentence time", "lifetime time", "lifespan time", " stateanimation state", " communicatiobiography communicatio", "living cognition cognitio", "life time"], [], [], ["pursue social", "engage social", "harrow"], [], [], [], [], [], [" geneticshybridization genetics", "true cross", "v socialthwart social", " attributecrisscross attribute", "v motiotraverse motio", "crown of thorns state", " artifact", "a transversal ", " geneticshybrid genetics", "v motiointersect motio", "traverse stative", "span stative", "a bad tempered ", "v contactcrossbreed contact", "sweep stative", "airascible", "intermixture", "awaspish", "holy cross", "aangry", "apetulant", "airritable", "aill tempered", "asplenetic", "asnarling", "atesty", "agrouchy", "afflictio", "hybrid", "afractious", "achurlish", "vcross fertilize", "gibbet", "atransverse", "cross breeding", "aspleeny", "x", "asnappish", "apeevish", "afretful"], [], [], [], [], [], [" eventtrial event", "trouble", "grief", "distress"], [], [], [], [], [], ["endeavour social", " actattempt act", " actenterprise act", "strive social", "struggle", "aim", "vstrive"]], "/r/LocatedNear": [[], [], [], [], [], [], [], [], [], [], [], [], [], [], [], [], [], [], [], [], [], [], [], [], [], [], [], [], [], [], [], [], [], [], [], [], [], [], [], [], [], [], [], [], [], [], [], [], [], [], [], [], [], [], [], [], [], [], [], [], [], [], [], [], [], [], [], [], [], [], [], [], [], [], [], [], [], []], "/r/SimilarTo": [[], [], [], [], [], ["trial", "quiz", "challenge"], [], [], ["field goal"], [], [], [], [], [], [], [], [], [], [], [], ["peek", "vglance"], [], [], ["difficult a ", "a difficult "], [], [], [], [], [], [], [], [], [], [], [], [], [], [], [], [], [], [], [], [], [], [], [], ["or", "xnor", "not", "true", "false", "xor", "nor"], [], ["ask for"], [], [], [], [], [], [], [], [], [], [], [], [], [], [], [], [], [], [], [], [], [], [], [], [], [], [], [], []], "/r/MadeOf": [[], [], [], [], [], [], [], [], [], [], [], [], [], [], [], [], [], [], [], [], [], [], [], [], [], [], [], [], [], [], [], [], [], [], [], [], [], [], [], [], [], [], [], [], [], [], [], [], [], [], [], [], [], [], [], [], [], [], [], [], [], [], [], [], [], [], [], [], [], [], [], [], [], [], [], [], [], []], "/r/ReceivesAction": [[], [], [], ["made to avoid food sticking"], [], ["take"], [], [], [], [], [], [], [], [], [], [], [], [], [], [], [], [], [], [], [], [], [], [], [], [], [], [], [], [], [], [], [], [], [], [], [], [], [], [], [], [], [], [], [], [], ["courtroom where suspects", "court where criminals", "in courts people's law cases"], [], [], [], [], [], ["ending now"], [], [], [], [], [], [], [], [], [], [], [], [], [], [], [], [], [], [], [], [], []]}, "/r/UsedFor": {"/r/RelatedTo": [["try", "trying", "stop short", "attempts", "larceny", "make run for it", "take stab at", "goal", "venture", "attack", "retry", "nigerian scam", "stab", "attempted", "throw up one's hands", "honeypot", "finger in dyke", "challenge", "keyword stuffing", "bite off more than one can chew", "pin tail on donkey", "dry heave", "good samaritan law", "go for", "try one's hand", "look", "attempting", "give something go", "witch hunt", "actio", "parker square", "give it one's best shot", "lost cause", "tap up", "attemptable", "old college try", "take run at", "endeavor", "reattempt", "assault", "last burst of fire", "tapping up", "evade", "sign on", "proffer", "soft soap", "corner", "have crack at", "war of conquest", "throw oneself at", "bathos", "resist", "take crack at", "fisherman", "whack", "kick at can", "herd cats", "back to drawing boardr", "swing and miss", "grab at", "shot in dark", "give something whirl", "absurdism", "branch out", "miss one's tip", "matchmaking", "pinball", "give something try", "boarder", "bite of cherry", "isolation play", "in one er", "attempter", "endeavorer", "attemptest", "assay", "essaying", "tinker", "unattemptable", "autocorrect", "robbery", "give something shot", "have go", "attempteth", "have stab", "go for gold", "ironic process theory", "fair go", "wheedle", "vtry", "hole in one", "search", "promote", "heist", "call delay", "make break for it", "effort", "experiment", "make", "try hard", "hard", "dare", "make effort", "try to", "make stab", "mistake", "apply", "fail", "perhaps fail", "perhaps", "games", "try stab", "offer"], [], [], [], [], [], [], [], [], ["actio", "repeat", "play", "doin", "dost", "able", "impossible", "work", "drive", "act", "fly", "agai", "make", "cut", "doest", "ti", "d.m.a", "forget", "dos", "task", "didst", "bored", "commotio", "perform", "necessary", "la", "transact", "get amongst it", "feasible", "end up", "does", "you can lead horse to water but can't make it drink", "underdo", "fa", "so", "vwikten 1convert", "loss prevention", "make hash of", "direct object", "misdo", "tmtowtdi", "doeth", "d'yer", "d.eng", "make out", "vwikten 1cheat", "vwikten 1circuit", "wotcher", "vemulate", "doer", "omnific", "megillahwikten 2", "re", "solf\u00e8ge", "doingness", "don\u2019t", "solfeggio", "sol fa", "take", "satisfy", "jurat", "medical practitioner", "compensate", "bedrive", "triverbial", "emphatic", "noted", "fuss", "withsay", "kid stuff", "ease"]], "/r/UsedFor": [["try"], [], [], [], [], [], [], [], [], ["try", "chess board", "going to zoo"]], "/r/LocatedAt": [[], [], [], [], [], [], [], [], [], []], "/r/FormOf": [["attemptest", "attempted", "attempteth", "attempts", "attempting"], [], [], [], [], [], [], [], [], ["dos", "doed", "does", "done and doner", "ydo", "do's", "doth", "didst", "dost", "did"]], "/r/IsA": [["mug's game act", "batting baseball act", " actactivity act", "seeking act", "power play act", "bid act", "liberation act", "worst act", "striving act", "crack act", "test act", "best act", "takeover attempt act", "essay act", "shot act", "contribution act", "struggle act", "foray act", "try"], [], [], [], [], [], [], [], [], [" communicatiosolfa syllable communicatio", "activity"]], "/r/PartOf": [[], [], [], [], [], [], [], [], [], []], "/r/HasA": [[], [], [], [], [], [], [], [], [], []], "/r/CapableOf": [[], [], [], [], [], [], [], [], [], ["having balance", "jacks of all trades", "there many other things"]], "/r/AtLocation": [[], [], [], [], [], [], [], [], [], []], "/r/HasProperty": [[], [], [], [], [], [], [], [], [], []], "/r/CreatedBy": [[], [], [], [], [], [], [], [], [], []], "/r/Synonym": [["effort act", "try", "try act", "v creatioundertake creatio", "endeavour act", "effort", " actattack act", "v socialtry social", "endeavor act", "set about", "assay", "essay", "trywikten 1", "aim", "vtake stab at"], [], [], [], [], [], [], [], [], ["fare stative", "perform social", "doh communication communicatio", "v creatioperform creatio", " communicatiodoctor of osteopathy communicatio", "v bodydress body", "v bodyact body", "v stativeserve stative", "come stative", "make creation creatio", "make out stative", " eventbash event", "manage social", "v socialmake social", " statedisturbance state", "v creatiocause creatio", "get along stative", "v socialpractice social", "v stativesuffice stative", "ut communication communicatio", "vact", "vchouse", "vtranslate", "vcoze", "hullabaloo", "vprepare", "veffect", "rookwiktfr 1", "vachieve", "vobserve"]], "/r/LocatedNear": [[], [], [], [], [], [], [], [], [], []], "/r/SimilarTo": [[], [], [], [], [], [], [], [], [], ["dvm"]], "/r/MadeOf": [[], [], [], [], [], [], [], [], [], []], "/r/ReceivesAction": [[], [], [], [], [], [], [], [], [], []]}, "/r/LocatedAt": {}, "/r/FormOf": {"/r/RelatedTo": [["attempt", "vtry", "airritating", "astressful", "tryingness", "predicament", "abothersome", "crucible", "keep on truckin", "aendure", "tryinglyr", "rough", "aarduous", "ordeal", "double jeopardy", "effort", "experiment", "test", "difficult", "sampler", "practice", "interview"], [], [], [], ["areliable", "aput", "atrial", "atake", "afirm", "alawcourt", "aprove", "atested", "vtry", "untried", "extradition"], ["vtry", "try"], ["vtry"]], "/r/UsedFor": [[], [], [], [], [], [], []], "/r/LocatedAt": [[], [], [], [], [], [], []], "/r/FormOf": [["vtry", "tryings", "try"], ["vtry"], ["vtry"], ["vtry"], ["vtry", "try"], ["try", "trie", "vtry"], ["vtry"]], "/r/IsA": [[], [], [], [], [], [], []], "/r/PartOf": [[], [], [], [], [], [], []], "/r/HasA": [[], [], [], [], [], [], []], "/r/CapableOf": [["lying"], [], [], [], [], ["measure up"], []], "/r/AtLocation": [[], [], [], [], [], [], []], "/r/HasProperty": [[], [], [], [], [], [], []], "/r/CreatedBy": [[], [], [], [], [], [], []], "/r/Synonym": [["a nerve wracking "], [], [], [], ["a tried and true ", "a well tried "], [], []], "/r/LocatedNear": [[], [], [], [], [], [], []], "/r/SimilarTo": [["difficult a ", "a difficult "], [], [], [], [], [], []], "/r/MadeOf": [[], [], [], [], [], [], []], "/r/ReceivesAction": [[], [], [], [], ["courtroom where suspects", "court where criminals", "in courts people's law cases"], [], []]}, "/r/IsA": {"/r/RelatedTo": [[], [], ["purpose", "soccer", "holy grail", "endwork", "strike", "close in on", "striker", "collaborate", "subgoal", "have one's ducks in row", "action plan", "attempt", "goalframe", "power forward", "goalwardr", "goalbound", "machiavellian", "impossible dream", "goalmouth", "sausage roll", "end", "quest", "football", "direct free kick", "single minded", "social collaboration", "objective", "underwater rugby", "freeride", "sadhana", "pragmatism", "home", "league table", "charm offensive", "bucket", "uprights", "art game", "tokenism", "nisus", "ghost goal", "hattrick", "indirect free kick", "play to win", "focused", "workout", "goalball", "all roads lead to rome", "chip shot", "set pace", "cage", "goalscorer", "fair game", "go to bat", "telos", "autoclitic", "overpass", "long termism", "gotong royong", "nonobjective", "goaltender", "sticking point", "society", "bourne", "goal umpire", "hit net", "hat trick", "out swinger", "goalhanger", "association football", "incrementalism", "campaign", "delibidinization", "short sightedness", "art movement", "nonachievement", "supergoal", "ideal seeking behavior", "penalty kick", "mission statement", "six yard box", "goalscoring", "scorcher", "penalty goal", "go five hole", "spiff", "quidditch", "with eye towards", "wondergoal", "solidarity", "nonaccomplishment", "ooch", "goalless", "plan", "phutball", "name of game", "attacker", "vision", "set wheels in motion", "playmaking", "causal final", "goal celebration", "puinsai", "timeline therapy", "point", "crease", "stretch goal", "outshoot", "fad diet", "unaspiring", "goal difference", "homo economicus", "high hopes", "pet project", "place", "pull strings", "set one's sights on", "toccer", "completionism", "game", "rebel without cause", "national interest", "target", "headway", "strategy", "driven", "opener", "final cause", "goals", "terminus ad quem", "admissible", "optimization problem", "teleo", "home free", "skate one's lane", "goalodicy", "umbrella organization", "salami technique", "worldie", "off side rule", "find net", "other fish in sea", "play angles", "comradeship", "phantomize", "goalkeeper", "you beauty", "away goal", "goal post", "success", "course of action", "player", "with view to", "goalsetting", "nongoal", "goalpost", "shoot for stars", "with eye to", "goal line", "dogme", "net minder", "backchain", "persevere", "that end", "project", "engineer", "underwater hockey", "isolation play", "pipe", "make one's way", "this end", "hockey puck", "sandbox game", "life coach", "consolation goal", "provokatsiya", "parsimonious", "goalminder", "women's liberation", "will o wisp", "difficulty", "ringette", "bloc", "side netting", "vscore", "sport", "behind", "gordie howe hat trick", "cherry pick", "wireheading", "air hockey", "means to end", "teamwork", "smell barn", "antigoal", "object", "score", "endful", "multigoal", "singleminded", "psychagogy", "insurance goal", "shepherd", "drop goal", "hub", "goalsider", "collaborator", "cause", "law of diminishing returns", "shortr", "new labour", "non goal", "overkill", "three pointer", "keeper", "key performance indicator", "eyes on prize", "retro engineer", "tri focused", "homer", "shortie", "laduma", "crossbar", "goallessness", "rival", "in swinger", "brass ring", "lysistratan", "thrust", "achieve", "gun for", "scoreless", "avolition", "full forward", "goalward", "brace", "reach", "soccer score", "profit", "wpsportgoalkeeper"], ["try", "trying", "stop short", "attempts", "larceny", "make run for it", "take stab at", "goal", "venture", "attack", "retry", "nigerian scam", "stab", "attempted", "throw up one's hands", "honeypot", "finger in dyke", "challenge", "keyword stuffing", "bite off more than one can chew", "pin tail on donkey", "dry heave", "good samaritan law", "go for", "try one's hand", "look", "attempting", "give something go", "witch hunt", "actio", "parker square", "give it one's best shot", "lost cause", "tap up", "attemptable", "old college try", "take run at", "endeavor", "reattempt", "assault", "last burst of fire", "tapping up", "evade", "sign on", "proffer", "soft soap", "corner", "have crack at", "war of conquest", "throw oneself at", "bathos", "resist", "take crack at", "fisherman", "whack", "kick at can", "herd cats", "back to drawing boardr", "swing and miss", "grab at", "shot in dark", "give something whirl", "absurdism", "branch out", "miss one's tip", "matchmaking", "pinball", "give something try", "boarder", "bite of cherry", "isolation play", "in one er", "attempter", "endeavorer", "attemptest", "assay", "essaying", "tinker", "unattemptable", "autocorrect", "robbery", "give something shot", "have go", "attempteth", "have stab", "go for gold", "ironic process theory", "fair go", "wheedle", "vtry", "hole in one", "search", "promote", "heist", "call delay", "make break for it", "effort", "experiment", "make", "try hard", "hard", "dare", "make effort", "try to", "make stab", "mistake", "apply", "fail", "perhaps fail", "perhaps", "games", "try stab", "offer"]], "/r/UsedFor": [[], [], ["means artifact cognitio"], ["try"]], "/r/LocatedAt": [[], [], [], []], "/r/FormOf": [[], [], ["goaling", "goaled", "goals"], ["attemptest", "attempted", "attempteth", "attempts", "attempting"]], "/r/IsA": [[], [], ["own goal soccer act", "bourn cognition cognitio", "aim cognition cognitio", "end all cognition cognitio", "no goal cognition cognitio", "purpose cognition cognitio", "basket artifact", " cognitiocontent cognitio", "net field hockey artifact", "intention cognition cognitio", "destination cognition cognitio", " actscore act", " artifactgame equipment artifact", "scoring goalopencycscoring points", "biological goal", "strategic interest", "preventation", "action guiding ideology", "humanitarian goal", "increasing profits", "opencycscoring pointsintelligent agent activity", "acingopencycacing scoring pointsopencycscoring points", "creation goal", "scoring touchdo nopencycscoring points", "football goalpostopencycgoal scoring regio", "ideal", "two point conversionionopencycscoring points", "safetyopencycscoring points", "making free throwopencycscoring points", "try", "status goal", "opencycscoring pointsphysical event", "acingopencycscoring points", "economic goal", "bodily goal", "safetyopencycprotection goal", "harming enemies goal", "political goal", "milestone goal", "opencycgoal scoring regioplace for playing sports", "kag", "soccer goalopencycgoal scoring regio", "field goalopencycscoring points", "scoring touchopencycscoring points"], ["mug's game act", "batting baseball act", " actactivity act", "seeking act", "power play act", "bid act", "liberation act", "worst act", "striving act", "crack act", "test act", "best act", "takeover attempt act", "essay act", "shot act", "contribution act", "struggle act", "foray act", "try"]], "/r/PartOf": [[], [], [" cognitioplan of action cognitio", "goalpost artifact", "bar artifact"], []], "/r/HasA": [[], [], [], []], "/r/CapableOf": [[], [], ["bag", "equal score", "complete quest"], []], "/r/AtLocation": [[], [], ["soccer game", "hockey game"], []], "/r/HasProperty": [[], [], [], []], "/r/CreatedBy": [[], [], [], []], "/r/Synonym": [[], [], [" locatiofinish locatio", "end cognition cognitio", "ambitio", "end", "target"], ["effort act", "try", "try act", "v creatioundertake creatio", "endeavour act", "effort", " actattack act", "v socialtry social", "endeavor act", "set about", "assay", "essay", "trywikten 1", "aim", "vtake stab at"]], "/r/LocatedNear": [[], [], [], []], "/r/SimilarTo": [[], [], ["objective", "object"], []], "/r/MadeOf": [[], [], [], []], "/r/ReceivesAction": [[], [], [], []]}, "/r/PartOf": {"/r/RelatedTo": [["foot trip", "guernsey", "wheelchair rugby", "squirrel grip", "association football", "mini rugby", "tackle", "hurling", "full time", "wikten 1territory", "fly half", "rugger", "ballpark frank", "rugbylike", "warwickshire", "try line", "rugby player", "american football", "pierce county", "kick around", "power play", "rugby football", "england", "canadian football", "usa", "hardman", "goal post", "field game", "kick into touch", "alickadoo", "football", "rugby ball", "spiral pass", "north dakota", "rugger bugger", "twickenham", "rugby league", "county seat", "game"]], "/r/UsedFor": [[]], "/r/LocatedAt": [[]], "/r/FormOf": [["rugbies"]], "/r/IsA": [[" actfootball act", "game", "american rules ruby", "canadian rules rugby", "rugby sevens", "rugby fifteens", "rugby unio", "team sport", "rugby league", "rugby tens", "sport"]], "/r/PartOf": [["knock on rugby act", "scrum", "try"]], "/r/HasA": [[]], "/r/CapableOf": [[]], "/r/AtLocation": [["try"]], "/r/HasProperty": [[]], "/r/CreatedBy": [[]], "/r/Synonym": [["rugby football act", "rugger act", "rugby football", "rugger"]], "/r/LocatedNear": [[]], "/r/SimilarTo": [[]], "/r/MadeOf": [[]], "/r/ReceivesAction": [[]]}, "/r/HasA": {}, "/r/CapableOf": {"/r/RelatedTo": [[], ["star wars", "jedi master"], [], ["no one", "up for grabs", "everyone", "and his mother", "someone", "you", "any", "anything", "another", "exclusivelyr", "public hearing", "anybody", "perso", "anywhere", "body", "most", "home", "politicia"]], "/r/UsedFor": [[], [], [], ["cooking dinner", "traveling"]], "/r/LocatedAt": [[], [], [], []], "/r/FormOf": [[], [], [], []], "/r/IsA": [[], [], [], ["album"]], "/r/PartOf": [[], [], [], []], "/r/HasA": [[], [], [], []], "/r/CapableOf": [[], ["try"], [], ["voice opinio", "voice opinions", "join club", "lose keys", "answer questio", "iron shirts", "choose to die", "battle racism", "bus dishes", "doubt claim", "contract hiv", "star in home movie", "carry grudge", "call on friend", "try", "wrong another person by mistake", "judge perso", "promise to good", "sense presence of skunk", "remember word", "celebrate st", "cook frozen dinners", "attempt to better themselves", "get to toledo", "doctor simple wound", "breathe", "voice opinion on issue", "step on", "suffer from flu", "tell story", "borrow books from library", "visit hospital on mondays", "laugh out loud", "store cans of beans", "object to being yelled at", "fool stupid", "complete task", "stay here", "fish at lake", "succeed in life", "object statement", "laugh at joke", "judge favorite food", "amount to", "become infected with aids virus", "fool idiot", "win game of chance", "make mixed media sculpture", "enter shop", "question belief fact", "cook boiled eggs", "mail things in box", "gay", "record", "share smile", "iron shirt", "wave flag", "enter contest", "question authority", "close window", "teach computer common sense", "pay cashier", "ring mother", "start over", "carrying disease", "chair meeting", "put on items", "die at time", "cross street", "fear unkno ", "awesome", "order pizza", "wrong another perso", "steal lie and cheat", "play fool", "grow fingernails", "find newspaper", "plan day in morning", "teach us", "read book", "fall in love", "please with love and money", "think", "doubt dogma", "age gracefully", "succeed at task", "visit home", "thank another person for favor", "fool one year old", "pick nose", "become scientist", "can vegetables", "appear awkward", "spot tall perso", "hang pictures", "head line", "write poem", "become president", "learn art", "settle debt", "say", "better themselves", "pass gas", "write letter to representive", "floss teeth after meals", "master computers", "discover interesting bug", "trigger event", "water plant", "question sincerity", "iron clothes", "wonder about existance of god", "joy life", "strike match", "become architect", "begin over again with new enthusiasm", "own televisio", "like jim for good humor", "judge beauty pageants", "dare else", "waste time", "kiss", "judge else", "experience what can sense"]], "/r/AtLocation": [[], [], [], []], "/r/HasProperty": [[], [], [], []], "/r/CreatedBy": [[], [], [], []], "/r/Synonym": [[], [], [], ["anybody", "anybodyr", ""]], "/r/LocatedNear": [[], [], [], []], "/r/SimilarTo": [[], [], [], []], "/r/MadeOf": [[], [], [], []], "/r/ReceivesAction": [[], [], [], ["considered brother"]]}, "/r/AtLocation": {"/r/RelatedTo": [[], ["foot trip", "guernsey", "wheelchair rugby", "squirrel grip", "association football", "mini rugby", "tackle", "hurling", "full time", "wikten 1territory", "fly half", "rugger", "ballpark frank", "rugbylike", "warwickshire", "try line", "rugby player", "american football", "pierce county", "kick around", "power play", "rugby football", "england", "canadian football", "usa", "hardman", "goal post", "field game", "kick into touch", "alickadoo", "football", "rugby ball", "spiral pass", "north dakota", "rugger bugger", "twickenham", "rugby league", "county seat", "game"], ["hard", "work", "try", "difficult", "struggle", "full speed ahead", "arsed", "endeavorment", "drudgy", "weasel out", "exigency", "full speed aheadr", "front up", "royal road", "nisus", "free lunch", "put one's mind to it", "relaxation", "gift", "thrust", "bring to table", "run someone ragged", "beat one's head against stone wall", "effortful", "slack", "victory", "lift finger", "law of diminishing returns", "worth it", "hand on plate", "like duck takes to water", "break one's back", "inclined plane", "full blast", "pull oneself up by one's bootstraps", "spin one's wheels", "stand", "onerous", "performing", "diligence", "exertion", "betwee", "tight scratch", "plug away", "run after", "push it", "baby step", "lost cause", "fizzle", "do one's darnedest", "exacting", "walk off with", "focused", "furiouslyr", "go for it", "melioristic", "snatch victory from jaws of defeat", "get down to business", "half hearted", "put one's back into", "efforts", "pull oar", "endeavorer", "heavy lifting", "bear do v", "give one's all", "take something in stride", "comparable worth", "meliorism", "drop in bucket", "striving", "coast", "pull one's socks up", "move mountains", "conatus", "lombard effect", "last burst of fire", "with difficulty", "bend over backwards", "lick into shape", "timeserver", "one handedr", "beginning", "effortless", "worry do v", "go to great lengths", "effort distance", "old college try", "countereffort", "self made", "teamwork", "tug", "assiduity", "creative work", "workout", "spurt", "exertio", "motio", "buckle do v", "elbow grease", "eke out", "play to win", "molimen", "inexertion", "run chase", "shoulder to shoulderr", "upkeep", "god helps those who help themselves", "wikistorming", "take trouble", "overdirected", "go extra mile", "do or die", "ease", "money doesn't grow on trees", "arrival", "effortfulness", "logrolling", "home free", "effortlesslyr", "lallygag", "jump through hoops", "work at", "larry dooley", "get out what one puts in", "blow one's wad", "one's socks offr", "spearhead", "do one's utmost", "lollygag", "go out of one's way", "balls to wallr", "laborious", "exigent", "fartlek", "strainful", "setup", "swot", "break sweat", "with one's eyes closedr", "whip into shape", "home stretch", "activity", "easy", "full court press", "sweat of brow", "go hard or home", "waltz", "trouble", "snap of finger", "\u00e9clat", "do one's damnedest", "legwork", "easy for you to say", "endeavour", "bust one's balls", "for all one is worth", "at one stroke", "hard won", "unexacting", "licence to print money", "genderfuck", "slogginglyr", "force", "worthwhile", "lazy", "fall into one's lap", "strivinglyr", "oversing", "homeland security", "give it one's best shot", "finagle", "go to extraordinary lengths", "effortfullyr", "body", "attainment", "add oil", "dig deep", "shoot one's wad", "for asking", "empty tank", "painstaking", "embolalia", "get in boat and row", "go all out", "gravy train", "attempt", "trying", "try hard", "actio", "hard work", "trying hard", "forth", "put forth", "put", "hard actio", "afford", "good", "good attempt", "give all", "give", "make actio", "make", "apply", "requires", "requires stamina", "stamina", "strai", "energy", "vigorous attempt", "vigorous", "labour", "industriousness", "straining", "team", "involved", "straining involved", "climb"]], "/r/UsedFor": [[], [], []], "/r/LocatedAt": [[], [], []], "/r/FormOf": [[], ["rugbies"], ["efforted", "efforts", "efforting"]], "/r/IsA": [[], [" actfootball act", "game", "american rules ruby", "canadian rules rugby", "rugby sevens", "rugby fifteens", "rugby unio", "team sport", "rugby league", "rugby tens", "sport"], ["strain act", "struggle act", " actlabor act", "overexertion act", "overkill act", "application act", "pull act", "least effort act", "exercise act", "friction act", "supererogation act", "trouble act"]], "/r/PartOf": [[], ["knock on rugby act", "scrum", "try"], []], "/r/HasA": [[], [], []], "/r/CapableOf": [[], [], ["amount to nothing"]], "/r/AtLocation": [[], ["try"], ["try"]], "/r/HasProperty": [[], [], []], "/r/CreatedBy": [[], [], []], "/r/Synonym": [[], ["rugby football act", "rugger act", "rugby football", "rugger"], ["sweat act", " actattempt act", "elbow grease act", "attempt", "travail act", " actdeed act", " actcampaign act", "exertion act", "aim", "while", "struggle", "pain"]], "/r/LocatedNear": [[], [], []], "/r/SimilarTo": [[], [], []], "/r/MadeOf": [[], [], []], "/r/ReceivesAction": [[], [], ["made to avoid food sticking"]]}, "/r/HasProperty": {}, "/r/CreatedBy": {}, "/r/Synonym": {"/r/RelatedTo": [[], [], [], [], [], [], [], [], [], [], ["try", "trying", "stop short", "attempts", "larceny", "make run for it", "take stab at", "goal", "venture", "attack", "retry", "nigerian scam", "stab", "attempted", "throw up one's hands", "honeypot", "finger in dyke", "challenge", "keyword stuffing", "bite off more than one can chew", "pin tail on donkey", "dry heave", "good samaritan law", "go for", "try one's hand", "look", "attempting", "give something go", "witch hunt", "actio", "parker square", "give it one's best shot", "lost cause", "tap up", "attemptable", "old college try", "take run at", "endeavor", "reattempt", "assault", "last burst of fire", "tapping up", "evade", "sign on", "proffer", "soft soap", "corner", "have crack at", "war of conquest", "throw oneself at", "bathos", "resist", "take crack at", "fisherman", "whack", "kick at can", "herd cats", "back to drawing boardr", "swing and miss", "grab at", "shot in dark", "give something whirl", "absurdism", "branch out", "miss one's tip", "matchmaking", "pinball", "give something try", "boarder", "bite of cherry", "isolation play", "in one er", "attempter", "endeavorer", "attemptest", "assay", "essaying", "tinker", "unattemptable", "autocorrect", "robbery", "give something shot", "have go", "attempteth", "have stab", "go for gold", "ironic process theory", "fair go", "wheedle", "vtry", "hole in one", "search", "promote", "heist", "call delay", "make break for it", "effort", "experiment", "make", "try hard", "hard", "dare", "make effort", "try to", "make stab", "mistake", "apply", "fail", "perhaps fail", "perhaps", "games", "try stab", "offer"], [], [], [], ["court", "courtroom", "perso", "judgment", "prejudge", "justice", "judicial", "gavel", "official", "boss", "law", "jury", "judiciouslyr", "judicious", "factfinder", "en bancr", "unwigging", "summing up", "event", "vjudiciary", "questio", "call", "justiciar", "senior status", "papering", "law clerk", "centumvir", "discerner", "pocket sheriff", "doomster", "nonjudicial", "adjudicate", "postea", "allocution", "vcriticize", "on bench", "strict constructionism", "reconvention", "barmaster", "adjudicator", "judicature", "sheriff", "revising barrister", "directed verdict", "criticise", "judgeable", "shimpan", "judgecraft", "jair", "vsentence", "inhibition", "daniel", "cadilesker", "side triceps", "torinaoshi", "judgedom", "shimpan fukubucho", "judgement", "circuit", "hometowned", "vabjudicate", "inquisitorial", "mandatory sentence", "circuit rider", "fair trial", "back double biceps", "recuse", "vabjudge", "side chest", "in interest of justice", "justiciary", "tribunal", "ermine", "unjudgable", "sanctimommy", "come up", "joshua", "opinio", "gauge", "cut it close", "additur", "eyeball", "vinfer", "administer", "deemer", "camera", "special master", "subjudge", "court of law", "judgeth", "critocracy", "presiding", "turing test", "addeem", "jnov", "jurist", "unjudgeable", "fact finder", "hakim", "sub judge", "judiciallyr", "nonprejudicial", "adversarial system", "case law", "vjudgment", "overjudge", "vsuppose", "deemster", "cauzee", "critocratic", "varbitrate", "vmagistrate", "heliast", "common law", "judges", "gideon", "monk", "vform", "declinature", "sharia law", "dope", "misjudge", "bench memo", "eyeballer", "kritarchy", "remittitur", "adjudge", "judge made", "apparitor", "umpire", "rhadamanthus", "hellanodic", "guilty", "judging", "render", "judgeship", "judicable", "justicer", "judiciary", "samson", "commissary", "feeder", "decision", "commissaire", "your honour", "juridical", "sidebar", "vsettle", "aleurometer", "judger", "babysitter test"], [], ["report", "festschrift", "essayist", "composition", "forequoted", "essayette", "pipe", "essays", "theme", "counteressay", "wikten 1postage stamp", "eight legged essay", "position paper", "sketch", "prolusion", "masterstick", "essaylike", "language arts", "thesis statement", "feature", "discourse", "blue book exam", "proffer", "zuihitsu", "paper", "essayish", "unessayed", "miniessay", "critique", "motto", "vwikten 2try", "thesis", "writing", "article", "school", "writte", "writing test", "test", "hypothesis", "book", "term", "school writing"], [], ["adjudication", "adjudicator", "adjudicated", "adjudicative", "vjudge", "adjudicates", "adjudge", "abjudicate", "adjudicating", "adjudicateth", "adjudicatest", "vadjudge", "unadjudicated", "vsettle", "vabjudicate", "judge"], ["defeatism", "bleakonomics", "agon", "climb", "socialist realism", "fight back", "escape", "victorious", "duel", "struggling", "agonism", "struggleful", "do it tough", "struggler", "vstrive", "wrestle", "rack one's brain", "struggles", "effortlesslyr", "go to mat", "political lesbianism", "strainwikten 3", "scraffle", "sprangle", "kick against pricks", "contortio", "contentio", "vfight", "combat", "toil", "practico inert", "tervy", "vlabour", "strife", "resistance", "contend", "jihad", "struggled", "enter lists", "keep one's head above water", "luctation", "counterintervention", "floundering", "populism", "baffle", "agonize", "pull", "arm wrestle", "thug life", "wrestling", "dictatorship of proletariat", "work at", "contest", "tussle", "warple", "scuffling", "die hard", "oriflamme", "strive", "strugglinglyr", "contention", "effort", "internecine", "struggleless", "vcontend", "body", "vdifficulty", "flounderish", "battle", "fight", "clash"]], "/r/UsedFor": [[], [], [], [], [], [], [], [], [], [], ["try"], [], [], [], ["deciding criminal s fate", "convicting suspect for crime"], [], [], [], [], []], "/r/LocatedAt": [[], [], [], [], [], [], [], [], [], [], [], [], [], [], [], [], [], [], [], []], "/r/FormOf": [[], [], [], [], [], [], [], [], [], [], ["attemptest", "attempted", "attempteth", "attempts", "attempting"], [], [], [], ["judged", "judgedst", "judgest", "judging", "judges"], [], ["essays", "essayest", "essayeth", "essaying", "essayed"], [], ["adjudicating", "adjudicates", "adjudicated"], ["struggled", "strugglest", "struggleth", "struggles", "struggling"]], "/r/IsA": [[], [], [], [], [], [], [], [], [], [], ["mug's game act", "batting baseball act", " actactivity act", "seeking act", "power play act", "bid act", "liberation act", "worst act", "striving act", "crack act", "test act", "best act", "takeover attempt act", "essay act", "shot act", "contribution act", "struggle act", "foray act", "try"], [], [], [], ["chief justice law perso", "alcalde person perso", " persoadjudicator perso", "trial judge law perso", "praetor person perso", "justiciar person perso", "ordinary law perso", "recorder person perso", "magistrate person perso", " persoofficial perso", "daniel person perso", "trier law perso", "doge person perso", "qadi person perso", "mufti", "in charge courtroom", "perso"], [], [" actattempt act", " communicatiowriting communicatio", "thanatopsis communication communicatio", "disquisition communication communicatio", "memoir communication communicatio", "composition communication communicatio", "paperopencycacademic compositio"], [], [], [" actattempt act", "joust event act", "wrestle act", " acteffort act", "scramble act", "duel act"]], "/r/PartOf": [[], [], [], [], [], [], [], [], [], [], [], [], [], [], [], [], [], [], [], []], "/r/HasA": [[], [], [], [], [], [], [], [], [], [], [], [], [], [], [], [], [], [], [], []], "/r/CapableOf": [[], [], [], [], [], [], [], [], [], [], [], [], [], [], ["fine law breaker", "fine defendant", "fine offender", "right wrong", "fine defendent", "right wrongs", "decide criminal's fate", "fine lawyer", "judge defendants to guilty", "judge defendant to guilty", "present contestant with prize", "wrong accused", "fix speeding ticket", "decide criminal's sentence", "rule over case", "fix ticket", "let criminal go free", "consider arguments", "side with plaintiff", "consider mitigating evidence", "marry couple", "fight intolerance", "fine criminal", "decide law", "separate fact from fictio", "settle legal case", "object to verdict", "fine for speeding", "fine convicted criminal", "object to man's behaviour", "people", "hear murder trial", "require testimony", "sentence criminal", "judge races", "rule in favor", "judges", "fine damages", "order sentence", "order go to jail", "fine accused"], [], [], [], [], ["present challenge"]], "/r/AtLocation": [[], [], [], [], [], [], [], [], [], [], [], [], [], [], ["courtroom", "wedding"], [], [], [], [], []], "/r/HasProperty": [[], [], [], [], [], [], [], [], [], [], [], [], [], [], [], [], [], [], [], []], "/r/CreatedBy": [[], [], [], [], [], [], [], [], [], [], [], [], [], [], [], [], [], [], [], []], "/r/Synonym": [[], [], [], [], [], [], [], [], [], [], ["effort act", "try", "try act", "v creatioundertake creatio", "endeavour act", "effort", " actattack act", "v socialtry social", "endeavor act", "set about", "assay", "essay", "trywikten 1", "aim", "vtake stab at"], [], [], [], ["jurist person perso", "v cognitioestimate cognitio", "v communicatiopronounce communicatio", " persoevaluator perso", "try social", "justice person perso", "adjudicate social", "pass judgment cognition cognitio", "evaluate cognition cognitio", "vdoom", "conclude", "vconclude", "vregard", "vtry", "vestimate", "vadjudicate", "justiciary", "vesteem", "awarder", "vthink", "vdecree", "vdecide", "vtruth", "vsuppose", "vconsider", "deem", "vdetermine"], [], ["v socialtry social", "v socialtest social", "vattempt", "article", "vtry", "attempt", ""], [], ["v socialjudge social", "v cognitiodecide cognitio", "vtry", "vsettle", "varbitrate", "vresolve", "judge", "vdecide", "decide"], ["v socialfight social", "battle act", "v motioclamber motio", "v competitiofight competitio", " actconflict act", "vmake effort", "vtry", "vcontest", "vendeavor", "conflict", "strife", "distress", "effort", "vagonize", "contentio", "contest", "endeavor", "vaim", "contend", "contortions", "vcontend", "vtoil", "pains", "agony", "vwrithe", "vflounder", "exertio", "vstrive"]], "/r/LocatedNear": [[], [], [], [], [], [], [], [], [], [], [], [], [], [], [], [], [], [], [], []], "/r/SimilarTo": [[], [], [], [], [], [], [], [], [], [], [], [], [], [], [], [], [], [], ["vadjudge"], []], "/r/MadeOf": [[], [], [], [], [], [], [], [], [], [], [], [], [], [], [], [], [], [], [], []], "/r/ReceivesAction": [[], [], [], [], [], [], [], [], [], [], [], [], [], [], [], [], [], [], [], []]}, "/r/LocatedNear": {}, "/r/SimilarTo": {}, "/r/MadeOf": {}, "/r/ReceivesAction": {}}}, "": {"N1": {"/r/RelatedTo": ["windowdoor", "worklabor", "butchermeat", "gallomeasure", "woundgash", "punishmentcrime and", "chickelaying", "thricerthree", "informed educated ", "closed obstructed ", "transpondianrightpondia", "mystifymystery", "audiovisualsaudiovisual"], "/r/UsedFor": ["flash artifactlight physics", "string bassplaying music"], "/r/LocatedAt": [], "/r/FormOf": ["air burstsair burst", "pot belliespot belly", "cross sectionscross sectio"], "/r/IsA": ["suburb locatioresidential district locatio", "western skink animalskink animal", "inertial mass physicsmass attribute", "leading man persoactor perso", "occasion timetime time", "tree toad animalfrog animal", "petaurista animalmammal genus animal", "torch singer persosinger perso", "drop arch artifactpointed artifact", "rottenstone substancelimestone substance", "scorpionfish animalscorpaenid animal", "temporary hookup artifactconnection artifact", "acrylic fiber substanceman made substance", "dependence statestate ", "overhand pitch actpitch baseball", "american spikenard plantsubshrub plant", "hedonist persosensualist perso", "homecoming actreunion act", "aldrovanda plantdicot genus plant", "ambystomatidae animalamphibian family animal", "assist ice hockeymaneuver act", "tithe barn artifactbarn artifact", "hypsometer artifactaltimeter artifact", "papyrus communicatiodocument communicatio", "cacodyl substancegroup chemistry", "penance actsacrament act", "rule of evidence lawrule communicatio", "usherette persousher perso", "hooks bodyhand body", "bilabial communicatiolabial consonant communicatio", "kurdish communicatioiranian communicatio", "theism cognitioreligion cognitio", "aristocrat persoleader perso", "bundesbank groupcentral bank group", "skirtform of female attire", "yardarm artifactend locatio", "supreme court lawfederal group"], "/r/PartOf": ["satachristian myth", "old testament communicatiobible communicatio", "styloid process bodytemporal bone body", "voider artifactbody armor artifact", "tower of london artifactlondon locatio"], "/r/HasA": ["baywater"], "/r/CapableOf": ["blanketscover bed", "chefbone chicke", "authorswrite books"], "/r/AtLocation": ["windowhouse", "dustcarpet", "action figuretoy department", "barbershopmall", "mouselab maze"], "/r/HasProperty": [], "/r/CreatedBy": [], "/r/Synonym": ["hawaiian honeycreeper animalhoneycreeper animal", "thing cognitiomatter cognitio", "dprk locationorth korea locatio", "gas tight air ", "get into possessioget in possessio", "west persocicily isabel fairfield perso", "sapindus drumondii plantwild china tree plant", "abls communicatiobachelor of arts in library science communicatio", "homburg artifactfedora artifact", "choking coil artifactchoke artifact", "sewerage artifactsewer artifact", "fish bowl stategoldfish state", "caddy golfcaddie golf", "moray eel animalmoray animal", "family zygnemataceae animalzygnemataceae animal", "severity attributeaustereness attribute", "hors d oeuvre foodhors food", "chukka artifactchukka boot artifact", "immunise competitioimmunize competitio", "kindling pointautoignition temperature", "corruptlyr corruptedlyr ", "lazy faineant ", "copernicia prunifera plantcarnauba plant", "log z's bodysleep body", "sworn pledged ", "palestine authority grouppalestine national group", "polyodon spathula animalpaddlefish animal", "linnaea borealis americana plantamerican twinflower plant", "stylise artstylize art", "thank youthank you very much", "infirm decrepit ", "uriniferous tubule bodynephron body", "passing actpassage act", "rio nunez coffee plantrobusta plant", "experimentation cognitioexperiment cognitio", "powerful knock do a ", "lichgate artifactlychgate artifact", "take advantage socialtrespass social", "pyrethrum plantpainted daisy plant", "take turns changealternate change", "water level locatiowaterline locatio", "fuddle stateclutter state", "insisting communicatioinsistence communicatio", "vibrate perceptioresonate perceptio", "viridity attributegreen attribute", "yarn dye changeimpress change", "balaenoptera borealis animalsei whale animal", "electron orbit locatioorbit locatio", "lillie persobeatrice perso"], "/r/LocatedNear": [], "/r/SimilarTo": ["large leafed leafy ", "captious critical ", "exaggerated increased ", "effective militaryoperational military", "tasty winey ", "fast breaking news article", "second rate inferior ", "disputatious argumentative ", "private nonpublic ", "coated glazed ", "free clear "], "/r/MadeOf": [], "/r/ReceivesAction": []}, "N2": {}}}