{"fridge": {"N1": {"/r/RelatedTo": ["upside down fridge", "fridges", "wikten 2fridge freezer", "vwikten 3kill", "fridgeless", "fridged", "fridging", "fridgeful", "vwikten 1frig", "wikten 2fridge magnet", "frig", "refrigerator", "precooler", "freezer", "fridge freezer", "vwikten 3gratuitously", "vwikten 3disempower", "egg", "ove"], "/r/UsedFor": ["refrigeratio"]}, "N2": {"/r/RelatedTo": {"/r/RelatedTo": [[], ["fridge", "vfridge"], [], [], ["afridge"], ["vfridge"], ["vfridge"], ["fridge"], [], [], ["fridge", "vwikten 1muck", "wikten 2refrigerator", "refrigerator", "wikten 2food", "vwikten 1fuck", "cooler", "vwikten 1mess", "frigs", "frigging", "wikten 2bi"], ["food", "coolchest", "refrigeratorlike", "autodefrost", "refrigeration", "refridgerator", "cooler", "home appliance", "minifridge", "retarder", "condenser", "icebox", "nanorefrigerator", "minirefrigerator", "work triangle", "frigidaire", "ref", "freezer", "frig", "evaporator", "microrefrigerator", "fridge magnet", "refrigeratio", "fridge", "fridge freezer", "refrigerate", "frigerator", "ice safe", "chill", "appliance", "hydrator", "kegerator", "walk in", "minibar", "household", "white goods", "microfridge", "refrigerators", "box", "kitche", "storage", "ice", "cold", "ice box", "food cooler", "kitchen appliance", "inside", "food storage", "egg", "dresser", "food inside", "magnet", "fresh food", "fresh", "cold storage", "cooling", "food cold", "aisle", "note", "appliance aisle", "report", "thing", "cool food", "cool", "coldness", "coldness inside"], ["precool", "fridge", "cooler", "combustion chamber", "compressor"], ["freezer cooking", "fahrenheit", "refrigerator", "frozen dinner", "autodefrost", "\u00b0", "ice tray", "store", "room", "parkinson's disease", "fridge freezer", "walk in", "frozen food", "deep freeze", "icemaker", "freezer block", "freezers", "icebox", "freezing", "item", "slicka pad", "sectio", "temperature", "biofreezer", "appliance", "freezer bag", "fridge", "ice pack", "celsius", "freezer burn", "perishable", "cold", "ice"], [], [], [], ["chicke", "oval", "yolk", "white", "food", "bird", "shell", "nest", "baby", "chickens", "chick", "breakfast", "he", "round", "product", "lays", "scrambled", "ovum", "lay", "birds", "embryo", "ovothiol", "bicoid", "seed", "ova", "unbor", "breakfast food", "from chicke", "before", "laid", "chicken product", "offspring", "white oval", "roe", "boiled", "hatches", "chicken lays", "chicken baby", "hard", "hatch", "unborn chicke", "hens", "before chicke", "ball", "chicken embryo", "baby chicke", "ovipositors", "eggspot", "cysticercosis", "butter tart", "egg timer", "in vitro fertilization", "viviparous", "vitelliform", "goog", "obovate", "nurseryfish", "kugelis", "sandwich cake", "hyperovulation", "quiche", "prehatch", "three letter rule", "triaulic", "cookie dough", "century egg", "caviar", "colored egg", "ooid", "biscotin", "eggmass", "egged", "pastiera", "oviposition", "white pot", "egg waffle", "duchess potatoes", "androdiaulic", "discoblastula", "hard boil", "lactovegetarian", "germinal disk", "chef salad", "easter egger", "eggy bread", "siredon", "gamete", "boilie", "monoautochronic", "livebearer", "ovitrap", "plum gouger", "ditokous", "ovulite", "oogenus", "shrimp toast", "moonshine pudding", "copenhagen", "breading", "bibimbap", "haplodiploidy", "diandry", "ovigerous", "buddha's delight", "vitelline", "vent pecking", "eggless", "oospecies", "polyembryo", "zooplankton", "broody", "ovomacroglobulin", "intrauterine device", "nursery web spider", "platypus", "oviferous", "cross fostering", "frikkadel", "hemimetabolism", "egg bound", "frozen custard", "fustian", "tahdig", "world egg", "albuminin", "marquise", "addlewikten 2", "eggstraordinary", "aioli", "egging", "acrosin", "veganism", "egg pasta", "oograph", "eggstravaganza", "kedgeree", "ooplasm", "uniparous", "eggs", "wikten 1white", "pickled egg", "ovochymase", "egg squash", "avgolemono", "albumen", "frittata", "nonparous", "sugee cake", "prehatching", "cytoplasmic determinant", "salisbury steak", "ovaliform", "st paul sandwich", "candle", "wind egg", "vitamin b complex", "larviparous", "eggwhisk", "brood", "lobster sauce", "synovigenesis", "ectolecithal", "kottu", "hatchling", "easter egg roll", "eggnant", "prismatoolithid", "darning last", "neapolitan", "german paste", "perchery", "rumfustian", "moonshine", "vivipary", "pea maggot", "egg salad", "ootaxon", "egglessness", "dippy", "eggshell", "ichthidin", "electrical polyspermy block", "apple snow", "eggnog", "lactoovovegetarian", "discoblastic", "preformation", "bacon and eggs", "lokshen", "oodiaulic", "tuna casserole", "ovo", "paedophagous", "mirza ghasemi", "fairy butter", "friar's omelette", "germarium", "ovostatin", "gonotrophic", "megaloolithid", "fertile", "oofamily", "egg shaped", "cornpone", "arrenotokous", "clitellum", "ovipositor", "huevo", "avidin", "clutchmate", "egg matza", "ovarious", "shirr", "pekin duck", "egghot", "ovology", "vitellophage", "ovoid", "battery cage", "chivito", "strict vegetarian", "gala pie", "eggler", "frikadelle", "caudle", "ovotestis", "brood pouch", "antifertilizin", "monoovulatory", "egg ring", "biological parent", "ovulist", "archegonium", "oogonium", "farfel", "neck", "egg drop", "cackle", "monotocous", "henopause", "korokke", "robin's egg blue", "stonewort", "eclosure", "buttered beer", "icebox pie", "columbus egg", "interclutch", "ovorubin", "wiener schnitzel", "chiffon cake", "endometrium", "ephippium", "emydin", "blastomere", "adam and eve on raft", "eggery", "chorion", "tamagoyaki", "meatloaf", "shakshuka", "egg bank", "jellycoat", "strapatsada", "fatu liva", "sacher torte", "ooplasmic", "oviger", "cock egg", "brood patch", "jamaican patty", "shortcake", "omelette", "shrove tuesday", "mayonnaise", "pineapple cake", "chlordimeform", "katsudon", "larviposit", "eggah", "ovifer", "hatching", "tiropita", "spanakopita", "tonnarelli", "egg drop soup", "key lime pie", "heterosynthesis", "eccaleobion", "zift", "precocial", "fraternal", "halones", "chickenarian", "oo", "tsourekia", "quadriparous", "dizygotic", "exochorion", "poacher", "polar body", "chorioepithelioma", "paedophagy", "cackleberry", "laying hen", "lecithotrophy", "cobb salad", "pre embryo", "calas", "poultry", "ichthin", "chicken or egg question", "nonegg", "blastokinesis", "choux pastry", "tritovum", "eclosion", "pseudovum", "oozooid", "sillsallad", "lumberjack breakfast", "calmegin", "gribiche", "oometry", "extraovular", "quaq", "ovivorous", "ovoinhibitor", "long egg", "mimosa salad", "sorbet", "epigenesis", "sea grape", "battery", "eggceptional", "oviform", "eggciting"], []], "/r/UsedFor": [[], [], [], [], [], [], [], [], [], [], [], ["keeping food cold", "keeping food from spoiling", "causing jello to jell", "storing foods", "keeping meats from spoiling", "chilling food", "extending life of perishables", "keep food cold", "chilling drinks", "refrigerating", "keeping food", "conserving food", "keep perishable items cold", "preventing food from going bad", "keeping food cool", "freezing food", "making ice", "store food", "keeping food from decaying quickly", "storing food", "posting children's art work o", "keeping meat fresh", "keep food from spoiling", "cool things", "make ice cream", "cooling perishables", "preserving food", "keeping vegetables crisp", "making drinks cool", "cooling drinks"], [], ["making ice cubes", "keeping things cold", "freezing fresh food", "store food", "keeping things froze", "freezing things", "icing beer", "keeping food for future needs", "store bags of ice", "freeze food", "putting ice cream i", "preserving food at low temperature", "storage", "storing food", "storing ice", "keeping things very cold", "freeze", "putting surplus food i", "keeping food cold", "preventing food from spoiling", "make ice", "preserve food", "store popsicles", "keep food for long periods", "keeping stock of ice blocks"], [], [], [], ["food", "rolling on white house la ", "cooking", "breed", "make omelet", "nurturing", "hiding at easter", "sexual reproductio", "make breakfast"], []]}, "/r/UsedFor": {"/r/RelatedTo": [[]], "/r/UsedFor": [[]]}}}, "close": {"N1": {"/r/RelatedTo": ["near", "shut", "closeness", "distance", "proximity", "acleistocardia", "ballpark", "stokey", "occlusor", "barricadoed", "hot pursuit", "infight", "bear up", "short fetched", "intimate", "in sight", "sport one's oak", "steek", "close mid", "5", "clausula", "occludent", "with friends like these who needs enemies", "cl", "on point of", "on brink", "nonclosing", "plesionymy", "proximoventral", "vclosure", "tofall", "templewikten 1", "hereaboutr", "loved one", "closure", "stopper", "closeable", "incest", "reclosure", "strait", "shut off", "dead heat", "overseal"], "/r/UsedFor": ["lock artifact contact", "key artifact contact"]}, "N2": {"/r/RelatedTo": {"/r/RelatedTo": [["close", "by", "nearness", "nigh", "around", "at", "proximity", "nearish", "aapproximate", "outside", "distoproximal", "near hand", "close together", "rnearly", "demonstrative pronoun", "mind gap", "appropinquation", "nearby", "whereaboutsr", "fornighr", "nearaboutr", "pantoscopic", "hard by", "too close for comfort", "keep around", "unnearable", "hardr", "peri", "mediallyr", "at hand", "silly mid off", "plesio", "clearr", "argyll robertson pupil", "in sight", "homeoteleuton", "demonstrative adjective", "nearing", "analphalipoproteinemia", "within ace of", "topmost", "almost doesn't count", "paranal", "ad", "neareth", "left", "anadiplosis", "neared", "para", "nuv", "close to", "vapproach", "hitherside", "umbo", "next to", "postilion", "nudge", "prospective", "byr", "velcroid", "anighr", "silly mid on", "anear", "close shave", "bifocal", "aalmost", "air", "luoyang", "castle in air", "best practice", "approximal", "nearside", "gravity assist", "close by", "aclose", "close up", "on radar", "farsightedness", "toward", "approximate", "silly point", "in front of", "time", "ato", "up to", "county palatine", "nears", "puffin crossing", "off radar", "striking distance", "leave me alone", "forby", "vicinity"], ["close", "a closed ", "closed a ", "close up", "forshut", "shuttable", "beclose", "instop", "cut splice", "claudent", "wikten 1weld", "put wood in hole", "vwikten 1ope", "wikten 1line", "wikten 1shutter", "intercloud", "shutting", "shutted", "vwikten 1business", "wikten 1cover", "steek", "put sock in it", "shuts", "sleep", "door", "bed", "quiet", "window", "shout"], ["close", "seclusio", "friend", "secretive", "reproducibility", "stingy", "unfastness", "nearness", "vertices", "solitude", "physically", "graph", "mea", "intimacy", "path", "vicinage", "near", "dear", "intimate", "relatio"], ["far", "mile", "length", "away", "measurement", "measure", "how", "miles", "how far", "long", "far away", "range", "close", "betwee", "euclidean distance", "binoculars", "waggle dance", "mileage", "further", "distantiate", "trundle wheel", "moment arm", "slow", "\u03b4 hyperbolic", "short haul", "metric", "standard candle", "varifocal lens", "voutpace", "distances", "remove", "magnetic moment", "isometry", "passenger mile", "handsbreadth", "periapsis", "time of flight mass spectrometry", "point", "longhauled", "kadam", "interdistance", "itinerarium", "longhauling", "depth", "meco", "pupilometer", "telemechanical", "track", "telepsychic", "girth", "linear perspective", "country mile", "soboles", "equidistance", "chinese foot", "headway", "telemechanics", "perilune", "space perception", "microdistance", "trip meter", "tele", "impersonal subject", "removedness", "inverse square law", "diameter", "kiloparsec", "standard ruler", "apothem", "marconi's law", "bifocal", "moment", "circuit", "mean free path", "hairbreadth", "riemann space", "distant", "distancinglyr", "diagonal scale", "verfremdungseffekt", "shortline", "piece", "parallax second", "dipole moment", "space polar coordinate", "overtravel", "stridewikten 2", "bethe slater curve", "trilateration", "end lap", "triangulation", "stereocorrelation", "double star", "fistmele", "immersion lens", "longitude", "partwaysr", "setback", "racecourse", "telemeteorograph", "longrwikten 1", "light second", "coulomb's law", "home stretch", "slant height", "drover", "at bay", "great circle route", "segment", "wingspan", "velocity curve", "odometer", "head reach", "radio interferometer", "apoapsis", "hull up", "wingspread", "earshot", "telephote", "orbiform", "kilolight", "long haul", "trip odometer", "remote", "parsa", "foot pound", "light day", "taximeter", "planimetry", "quadrilateration", "javelin", "by whisker", "awayness", "supergrid", "offshorer", "cubit", "radar horizon", "as crow fliesr", "telesonic", "near field", "cassini oval", "width", "run", "overclub", "sonomicrometry", "focal length", "manhattan distance", "sight radius", "height", "telephotography", "hypertelorism", "gradient", "stadimeter", "circle", "amateur radio", "hubometer", "space", "leg", "difference", "set back", "hairswidth", "undistanced", "hyperfocal", "offing", "wavelength", "geodimeter", "path length", "rangefinder", "foot poundal", "topograph", "hop skip and jump", "curtation", "time trial", "apomecometry", "milliparsec", "ri", "straight", "eccentricity", "ellipse", "station", "multidistance", "keep off", "directrix", "breathing space", "clearance", "departure", "outdoor voice", "handspan", "centerground", "entourage", "wheelbase", "terminal", "drift", "distancer", "vergency", "perambulator", "renormalization group", "length scale", "coudee", "lunar distance", "far and wider", "detector bar", "bittock", "inscribed matter", "aloofr", "pseudodistance", "foot pound second", "vertical interval", "kilogram meter", "within cry", "hyperlapse", "lever arm", "pretravel", "e chart", "tellurometer", "score", "\u00e9tape", "absolute deviation", "tachograph", "nose", "equispaced", "centre of symmetry", "air mile", "backlash", "teleplanic", "distogram", "farness", "interferometer", "multilateration", "subparsec", "sphygmophone", "cathetometer", "outbyer", "wavenumber", "scale height", "emmert's law", "attenuation", "pachisi", "at arm's length", "proxemics", "yonderness", "moment of force", "amount", "all way to egery and back", "distanced", "telegraphy", "jump list", "pitch pot", "point of reference", "pair of binoculars", "distanceless", "great circle", "handicap", "microparsec", "pantometer", "footslog", "light month", "inverse", "bowshot", "quefrency", "bond length", "dead reckoning", "flight shot", "underclub", "eye chart", "drayage", "error function", "double quasar", "roche limit", "conducting wire", "clean slate", "joule", "tidal force", "stone's throw", "distantlyr", "step"], ["near", "paraovarian", "closehandedness", "alleyway", "fadeaway", "close quarters", "proximities", "proximate", "rocket jump", "kanuka", "propinquity", "niagara", "approximator", "approximate", "togetherr", "environmental racism", "shoulder to shoulderr", "tribelet", "westermarck effect", "vicinity", "chuchotage", "close up", "cheek by jowlr", "neighbouring group", "vicinage", "in close neighbourhood", "beacon", "proximitized", "neighborhood", "powder burn", "about", "approximatio", "twin city", "close", "proximation", "proxigee", "nextness", "like white on rice", "away"], ["heart", "close", "foramen ovale"], ["aapproximate", "vestimate", "approximatio", "ballparking", "vrough", "general", "stadium", "vicinity", "ballparks", "baseball", "aorder of magnitude", "aclose", "close", "field", "park", "broad", "ball", "estimate"], ["asultry", "aclose", "stoke newingto"], ["occlusio", "close", "opening", "occlude", "muscle"], ["adefend", "abarricade", "aclose", "aobstruct"], [], ["vally", "vbox", "vfight", "vclose", "battle", "vopponent", "fight"], [], [], ["vdisclose", "romance", "familiar", "sale", "intimating", "presignify", "infidelity", "store", "intimatest", "thick", "underwear", "friend", "nearest and dearest", "colloid", "sleepwear", "unintimate", "acquaintance", "lingerie", "earful", "intimacy", "vsuggest", "camillagate", "intimated", "intimatio", "bewed", "afamiliar", "take to one's bosom", "intimateth", "connected", "platonic love", "chummy", "intimism", "intimates", "aprivate", "intimateness", "intimatelyr", "autotopography", "unintimated", "bedroomy", "fraternization", "tatee", "intimation", "koinonia", "asexual", "t\u00eate \u00e0", "thick as thieves", "aacquaint", "homely", "apersonal", "whole footed", "zygotene", "aclose", "pillow talk", "vdiscreet", "nonintimate", "arelationship", "intimator", "sleep together", "cupcake", "fraternize", "incestuous", "closeness", "apparel", "cozy"], [], [], ["vstitch", "vclose", "stitch", "vshut"], [], ["aclose", "strand", "five", "end", "arabic numeral", "dna", "phosphate", "5ns"], ["cadence", "passage", "conclusio", "end", "close", "period", "clause"], ["aclose", "aocclude"], [], ["clg", "galaxies", "ca", "close", "stars", "builder's mug", "cen", "centilitre", "star cluster", "sc", "cluster", "galaxy cluster", "caesium chloride"], [], [], ["aclose"], ["identical", "close", "overcast", "cloudy", "meaning"], ["aabdome", "aclose", "afront", "proximoventrallyr"], [], ["shed", "lean to", "close", "decline", "end", "settling", "building"], [], [], [], ["zipper", "run do v", "nonclosure", "close", "debate", "environment", "locally compact", "subset", "thunk", "nasal", "closureless", "closures", "oxycephaly", "bound variable", "parliamentary", "colpocleisis", "stopped", "acg", "set", "counterincision", "boundary", "closed set", "precompact", "bottle cap", "support", "atelectrauma", "cloture", "postclosure", "semiclosure", "polynormal", "occlusion", "derecruitment", "vote", "cone", "wrap dress", "glottalic", "preclosure", "measure", "smallest", "algebraic structure", "sober space", "myringoplasty", "aneurysmorrhaphy", "property", "preclosing", "baldwin's rules", "laryngismus", "legislative", "hartal", "ideal", "abstractio", "bogota bag", "scope", "door", "butto", "stitch", "latch", "gate", "complete", "lock"], ["stop", "cork", "stoppering", "statio", "playspot", "tampion", "stoppered", "commodity", "freeze valve", "decanter", "stoppage", "west indies", "jug", "knot", "bottle cap", "stopper knot", "plugging", "tampoon", "vclose", "cork borer", "stoppers", "fast", "cleat", "stopple", "eugenia", "restopper", "vcontainer", "unstopper", "florida", "retentive", "rope", "goalkeeper", "stopping", "bung", "futures market", "destinatio", "origi", "saltmouth", "selvagee", "genus", "flacon", "tree", "trai", "unravel", "brake", "anchor", "plug", "umbrella", "break"], ["aclose"], ["incestuous", "i word", "close", "incestual", "anti incest", "first cousi", "brotherfucker", "incester", "westermarck effect", "immediate family", "inbred", "consanguinamory", "inbreeder", "consanguinity", "incestlike", "hamletian", "proincest", "motherfucker", "fauxcest", "relatio", "sonfucker", "incested", "sexual", "sexual intercourse", "sisterfucker", "incestophile", "spiritual incest", "incestism", "relative", "marry out", "ness", "inbreeding"], ["close"], ["st", "enstraiten", "firth of lorn", "socotra passage", "euripus", "strait of hormuz", "strait of gibraltar", "straitness", "port orchard", "debouchure", "aclose", "stress", "anarrow", "isthmus", "luzon strait", "tickle", "enclavement", "gibraltar", "bering strait", "narrow", "oresund", "strait of dover", "sunda", "streit", "strait of juan de fuca", "arestricted", "euripus strait", "aspace", "nares strait", "mozambique channel", "jamaica channel", "strait of georgia", "straiten", "dardanelles", "transfretation", "fehmarn belt", "mazy", "korea strait", "guldborgsund", "astrict", "arighteous", "ta\u00f1on strait", "irbe strait", "strait of otranto", "hellespont", "bosporus", "strait of kerch", "kick em jenny", "strait of sicily", "sound", "hecate strait", "minch", "sunda strait", "bogue", "bab el mandeb", "fretum", "robeson channel", "bass strait", "torres strait", "strait of bonifacio", "strait of malacca", "wallacea", "neck", "aroom"], [], [], ["seal", "vclose", "vseal"]], "/r/UsedFor": [[], [], ["kissing"], [], [], [], [], [], [], [], [], [], [], [], [], [], [], [], [], [], [], [], [], [], [], [], [], [], [], [], [], [], [], [], ["finding lost item", "thanking", "bringing suit"], [], [], [], [], [], [], [], []]}, "/r/UsedFor": {"/r/RelatedTo": [[], []], "/r/UsedFor": [[], []]}}}}