{"fridge": 
{"N1": 
{"/r/RelatedTo": ["upside down fridge", "fridges", "wikten 2fridge freezer", "vwikten 3kill", "fridgeless", "fridged", "fridging", "fridgeful", "vwikten 1frig", "wikten 2fridge magnet", "frig", "refrigerator", "precooler", "freezer", "fridge freezer", "vwikten 3gratuitously", "vwikten 3disempower", "egg", "ove"], 
"/r/UsedFor": ["refrigeratio"]}, 


"N2": {"/r/RelatedTo": 
{"/r/RelatedTo": [[], ["fridge", "vfridge"], [], [], ["afridge"], ["vfridge"], ["vfridge"], ["fridge"], [], [], ["fridge", "vwikten 1muck", "wikten 2refrigerator", "refrigerator", "wikten 2food", "vwikten 1fuck", "cooler", "vwikten 1mess", "frigs", "frigging", "wikten 2bi"], ["food", "coolchest", "refrigeratorlike", "autodefrost", "refrigeration", "refridgerator", "cooler", "home appliance", "minifridge", "retarder", "condenser", "icebox", "nanorefrigerator", "minirefrigerator", "work triangle", "frigidaire", "ref", "freezer", "frig", "evaporator", "microrefrigerator", "fridge magnet", "refrigeratio", "fridge", "fridge freezer", "refrigerate", "frigerator", "ice safe", "chill", "appliance", "hydrator", "kegerator", "walk in", "minibar", "household", "white goods", "microfridge", "refrigerators", "box", "kitche", "storage", "ice", "cold", "ice box", "food cooler", "kitchen appliance", "inside", "food storage", "egg", "dresser", "food inside", "magnet", "fresh food", "fresh", "cold storage", "cooling", "food cold", "aisle", "note", "appliance aisle", "report", "thing", "cool food", "cool", "coldness", "coldness inside"], ["precool", "fridge", "cooler", "combustion chamber", "compressor"], ["freezer cooking", "fahrenheit", "refrigerator", "frozen dinner", "autodefrost", "\u00b0", "ice tray", "store", "room", "parkinson's disease", "fridge freezer", "walk in", "frozen food", "deep freeze", "icemaker", "freezer block", "freezers", "icebox", "freezing", "item", "slicka pad", "sectio", "temperature", "biofreezer", "appliance", "freezer bag", "fridge", "ice pack", "celsius", "freezer burn", "perishable", "cold", "ice"], [], [], [], ["chicke", "oval", "yolk", "white", "food", "bird", "shell", "nest", "baby", "chickens", "chick", "breakfast", "he", "round", "product", "lays", "scrambled", "ovum", "lay", "birds", "embryo", "ovothiol", "bicoid", "seed", "ova", "unbor", "breakfast food", "from chicke", "before", "laid", "chicken product", "offspring", "white oval", "roe", "boiled", "hatches", "chicken lays", "chicken baby", "hard", "hatch", "unborn chicke", "hens", "before chicke", "ball", "chicken embryo", "baby chicke", "ovipositors", "eggspot", "cysticercosis", "butter tart", "egg timer", "in vitro fertilization", "viviparous", "vitelliform", "goog", "obovate", "nurseryfish", "kugelis", "sandwich cake", "hyperovulation", "quiche", "prehatch", "three letter rule", "triaulic", "cookie dough", "century egg", "caviar", "colored egg", "ooid", "biscotin", "eggmass", "egged", "pastiera", "oviposition", "white pot", "egg waffle", "duchess potatoes", "androdiaulic", "discoblastula", "hard boil", "lactovegetarian", "germinal disk", "chef salad", "easter egger", "eggy bread", "siredon", "gamete", "boilie", "monoautochronic", "livebearer", "ovitrap", "plum gouger", "ditokous", "ovulite", "oogenus", "shrimp toast", "moonshine pudding", "copenhagen", "breading", "bibimbap", "haplodiploidy", "diandry", "ovigerous", "buddha's delight", "vitelline", "vent pecking", "eggless", "oospecies", "polyembryo", "zooplankton", "broody", "ovomacroglobulin", "intrauterine device", "nursery web spider", "platypus", "oviferous", "cross fostering", "frikkadel", "hemimetabolism", "egg bound", "frozen custard", "fustian", "tahdig", "world egg", "albuminin", "marquise", "addlewikten 2", "eggstraordinary", "aioli", "egging", "acrosin", "veganism", "egg pasta", "oograph", "eggstravaganza", "kedgeree", "ooplasm", "uniparous", "eggs", "wikten 1white", "pickled egg", "ovochymase", "egg squash", "avgolemono", "albumen", "frittata", "nonparous", "sugee cake", "prehatching", "cytoplasmic determinant", "salisbury steak", "ovaliform", "st paul sandwich", "candle", "wind egg", "vitamin b complex", "larviparous", "eggwhisk", "brood", "lobster sauce", "synovigenesis", "ectolecithal", "kottu", "hatchling", "easter egg roll", "eggnant", "prismatoolithid", "darning last", "neapolitan", "german paste", "perchery", "rumfustian", "moonshine", "vivipary", "pea maggot", "egg salad", "ootaxon", "egglessness", "dippy", "eggshell", "ichthidin", "electrical polyspermy block", "apple snow", "eggnog", "lactoovovegetarian", "discoblastic", "preformation", "bacon and eggs", "lokshen", "oodiaulic", "tuna casserole", "ovo", "paedophagous", "mirza ghasemi", "fairy butter", "friar's omelette", "germarium", "ovostatin", "gonotrophic", "megaloolithid", "fertile", "oofamily", "egg shaped", "cornpone", "arrenotokous", "clitellum", "ovipositor", "huevo", "avidin", "clutchmate", "egg matza", "ovarious", "shirr", "pekin duck", "egghot", "ovology", "vitellophage", "ovoid", "battery cage", "chivito", "strict vegetarian", "gala pie", "eggler", "frikadelle", "caudle", "ovotestis", "brood pouch", "antifertilizin", "monoovulatory", "egg ring", "biological parent", "ovulist", "archegonium", "oogonium", "farfel", "neck", "egg drop", "cackle", "monotocous", "henopause", "korokke", "robin's egg blue", "stonewort", "eclosure", "buttered beer", "icebox pie", "columbus egg", "interclutch", "ovorubin", "wiener schnitzel", "chiffon cake", "endometrium", "ephippium", "emydin", "blastomere", "adam and eve on raft", "eggery", "chorion", "tamagoyaki", "meatloaf", "shakshuka", "egg bank", "jellycoat", "strapatsada", "fatu liva", "sacher torte", "ooplasmic", "oviger", "cock egg", "brood patch", "jamaican patty", "shortcake", "omelette", "shrove tuesday", "mayonnaise", "pineapple cake", "chlordimeform", "katsudon", "larviposit", "eggah", "ovifer", "hatching", "tiropita", "spanakopita", "tonnarelli", "egg drop soup", "key lime pie", "heterosynthesis", "eccaleobion", "zift", "precocial", "fraternal", "halones", "chickenarian", "oo", "tsourekia", "quadriparous", "dizygotic", "exochorion", "poacher", "polar body", "chorioepithelioma", "paedophagy", "cackleberry", "laying hen", "lecithotrophy", "cobb salad", "pre embryo", "calas", "poultry", "ichthin", "chicken or egg question", "nonegg", "blastokinesis", "choux pastry", "tritovum", "eclosion", "pseudovum", "oozooid", "sillsallad", "lumberjack breakfast", "calmegin", "gribiche", "oometry", "extraovular", "quaq", "ovivorous", "ovoinhibitor", "long egg", "mimosa salad", "sorbet", "epigenesis", "sea grape", "battery", "eggceptional", "oviform", "eggciting"], []], 
"/r/UsedFor": [[], [], [], [], [], [], [], [], [], [], [], ["keeping food cold", "keeping food from spoiling", "causing jello to jell", "storing foods", "keeping meats from spoiling", "chilling food", "extending life of perishables", "keep food cold", "chilling drinks", "refrigerating", "keeping food", "conserving food", "keep perishable items cold", "preventing food from going bad", "keeping food cool", "freezing food", "making ice", "store food", "keeping food from decaying quickly", "storing food", "posting children's art work o", "keeping meat fresh", "keep food from spoiling", "cool things", "make ice cream", "cooling perishables", "preserving food", "keeping vegetables crisp", "making drinks cool", "cooling drinks"], [], ["making ice cubes", "keeping things cold", "freezing fresh food", "store food", "keeping things froze", "freezing things", "icing beer", "keeping food for future needs", "store bags of ice", "freeze food", "putting ice cream i", "preserving food at low temperature", "storage", "storing food", "storing ice", "keeping things very cold", "freeze", "putting surplus food i", "keeping food cold", "preventing food from spoiling", "make ice", "preserve food", "store popsicles", "keep food for long periods", "keeping stock of ice blocks"], [], [], [], ["food", "rolling on white house la ", "cooking", "breed", "make omelet", "nurturing", "hiding at easter", "sexual reproductio", "make breakfast"], []]}, 


"/r/UsedFor": {
"/r/RelatedTo": [[]], 
"/r/UsedFor": [[]]}}}, 


"open": {"N1": {
"/r/RelatedTo": ["door", "wound", "field", "a ", "unsealed a ", "a unsealed ", "space", "market", "doors", "gate", "down tack", "quasi compact", "chappy", "leaf out", "lay open", "publiclyr", "unclose", "solid", "scissorwiser", "pioneer", "schoolday", "re opening", "avowed", "nightclub", "air", "wikten 3the", "latrine", "franklyr", "opener", "mooc", "reclose", "semiopen", "combination", "slide", "otopy", "k cell", "patefaction", "enfilade", "sindon", "drop spine", "chimney corner", "fishmouth", "willow", "phaeton", "accordion file", "left bracket", "return valve", "wikten 3scrutiny", "door chain", "openlyr", "loose handed", "puzzle box", "hypaethron", "fissuration", "convertible", "outdoorsr", "sensitive", "apert", "baire space", "dos", "labile verb", "hyperbolic plane", "frontstage", "awikten 1together", "unrip", "voc", "ya v", "open mid", "switchblade", "buzz in", "pelagic", "epinaos", "aperitive", "sideless", "vwikten 2access"], 
"/r/UsedFor": ["key artifact contact"]}, 


"N2": {
"/r/RelatedTo": {
"/r/RelatedTo": [["entrance", "opening", "house", "portal", "knob", "entry", "window", "gate", "room", "wall", "exit", "ope", "handle", "entryway", "wood", "front", "hinges", "rectangle", "way", "woode", "building", "entering", "lock artifact", "bolt artifact", "rooms", "house entrance", "house opening", "enter", "gateway", "houses", "wall opening", "lock", "through", "room entrance", "opens", "passage", "rectangular", "house entry", "pull", "latch", "mat", "hinged", "has", "buzz in", "doorwardr", "rim lock", "sport one's oak", "door frame", "quadrivalve", "draught excluder", "snib", "doorframe", "crossette", "lintel", "loid", "butt hinge", "safety arch", "embrasure", "plan", "house door", "janus faced lock", "boltwikten 1", "storm door", "doorknob", "casing", "ingress", "double doors", "doorcase", "knocker", "door seal", "doors", "tracery", "dharna", "brickmould", "lockset", "heelpost", "vision panel", "stile", "shoji", "rat tat", "curtainwall", "lunette", "lock up", "wicket", "jamb", "roller shutter", "doorwardsr", "car door", "fanlight", "vitrage", "dooring", "doorlatch", "door god", "foredoor", "master key", "software", "fairy door", "placard", "hinge", "trapdoor", "vestibule", "front loader", "unhinge", "clausilium", "barn door", "file cabinet", "vcyclist", "cherry knocking", "cellar door", "hatchback", "dutch reach", "dropfile", "coupe", "garage door", "fingerguard", "architrave", "porti\u00e8re", "metal", "church door", "cripple", "top light", "fusuma", "hyperthyrion", "biforate", "shear cake", "unshoot", "stagedoor", "doorless", "doorway", "sidelight", "doggie door", "walk in", "scissor door", "hallstand", "scene dock", "doorlike", "barndoor", "program", "unbar", "halligan bar", "transom", "keyplate", "shotgun house", "put wood in hole", "anteport", "chowkat", "betty", "doorhanger", "monty hall problem", "kickboard", "adoorsr", "doorstaff", "doorline", "ram", "doorknocker", "four door", "judas hole", "peephole", "leaf", "vcollisio", "voncoming", "turn button", "hustle alarm"], ["injury", "cut", "hurt", "ope", "gash", "sore", "stitch", "scar", "ski", "bleeding", "blood", "flesh", "bur", "painful", "pai", "bloody", "hole", "injure", "battle", "vulnific", "sarcocol", "glover's suture", "issue pea", "underhealing", "lesion", "bipp", "imbrication", "windup", "xeroform", "graze", "cicatrise", "swab", "reepithelialization", "st hubert's key", "open wound", "scaith", "tampon", "reel", "weapon salve", "autoclip", "bite", "wounded", "sindon", "skin glue", "wounder", "photobiomodulation", "aseptic technique", "blighty", "cicatrix", "headwound", "repifermin", "cut up", "pannus", "dressing station", "twisted", "underwound", "debride", "woundable", "protractor", "dossil", "gastrorrhaphy", "woundeth", "dirty wound", "living bandage", "discharge", "unwoundable", "vulnerate", "stab", "irrigator", "band aid", "retractor", "bogota bag", "wikten 1hurt", "woundlike", "styptic pencil", "autoplasty", "lip", "wounding", "attaint", "langate", "spurt", "wounds", "cuticularization", "compound fracture", "dressing forceps", "epithelialization", "plaster", "wheel and axle", "maggot therapy", "contraction", "gorewikten 1", "rase", "biodebridement", "contusion", "gastroraphy", "french wire", "abrasion", "woundless", "reapproximate", "breach", "woundinglyr", "woundsome", "intrawound", "biotherapy", "paper cut", "probe scissors", "neodermis", "powder of sympathy", "sympathetic powder", "epithelialize", "bandage", "sanies", "ecouvillon", "trajector", "sticking plaster", "irrigate", "entry wound", "overhealing", "catscratch", "vulnerant", "pyoderma gangrenosum", "dressingwikten 1", "abdominal evisceration", "cicatrisive", "woundest", "scud", "through and", "ichthyotherapy", "laceration", "wikten 1tear", "secondary intention", "stab wound", "self winding", "epluchage", "counterincision", "biosurgery", "fingerprick", "conglutinant", "vulnus", "woundcare", "granulation", "tetanin", "hornerin", "lacerate", "granulation tissue", "colombian necktie", "penicil", "arquebusade", "maim", "eventration", "vulnose", "cicatrizant", "stigmata", "close up"], ["crop", "area", "farm", "baseball", "grass", "grassy", "meadow", "ope", "land", "course", "cor", "crops", "garde", "pasture", "science", "growing", "space", "wizard", "harquebus", "orthogonal group", "playing field", "campestrian", "primitive element", "hyperfield", "base flashing", "technique", "hayfield", "dentistry", "splitting field", "centre of mass", "onfield", "gyrofield", "technologist", "showfield", "cayley dickson construction", "hypergluon", "central simple algebra", "cow corner", "backward", "hemispace", "know one's stuff", "slope field", "return flow", "women's studies", "autotype", "outfield", "jessant", "computer game", "discrete valuation", "term of art", "ramifiable", "chap\u00e9", "electromagnetism", "foredraft", "linear algebra", "javelin", "extraspecial", "fields", "bare hand", "groundwikten 1", "peccei quinn theory", "headland", "retarded", "cross cultural communication", "bondager", "fieldish", "chromoelectric", "tour de force", "planapochromatic", "hersage", "five tool player", "unirational", "mass communication", "agrimetrics", "geon", "biocommunication", "competitive", "topological field", "comparative literature", "semifield", "pickup", "batsman", "infield", "pedregal", "neck of woods", "farmyard", "galois field", "lynchet", "knowledge", "minimal polynomial", "long jump", "geopotential", "leazings", "on ground", "isotron", "floater", "thermofield", "polarized light", "electromagnetohydrodynamics", "profile", "composite key", "sportscape", "canonwikten 1", "potential", "varchar", "high priest", "return", "jordan algebra", "vorticity", "mover and shaker", "isoelectric point", "neurolaw", "canefield", "gambo", "line of force", "general linear group", "torsatron", "pseudofinite", "ridge course", "family medicine", "textual criticism", "data science", "academy", "interaction space", "union jack", "campestral", "fieldstone", "erminois", "monomath", "attack", "tillage radish", "toolsy", "cottonfield", "nanobiomechanics", "isofield", "cornfield", "practice", "autocompletion", "form", "flag", "flanch", "inside outr", "fieldwardr", "trop\u00e6um", "make cut", "off field", "vertical deflection", "vector", "iron harvest", "paddy field", "hopfion", "field unit", "covers", "fieldnote", "lorentz force", "real vector space", "pocket", "fieldside", "on deck circle", "heliotron", "stfantasy", "afieldr", "cab rank rule", "agrestal", "faddeev popov ghost"], [], [], [], ["room", "outer", "stars", "universe", "planets", "area", "atmosphere", "earth", "empty", "vacuum", "nothing", "moo", "void", "oort cloud", "final", "beyond", "galaxy", "emptiness", "outside", "frontier", "ope", "sky", "desk", "final frontier", "garde", "stars planets", "rocket", "outer atmosphere", "outside earth", "infinite", "black", "beyond atmosphere", "office", "home", "field", "stage", "above", "lot", "secondspace", "hydrobot", "cauchy space", "local fluff", "protostar", "spacepower", "extraterrestrial", "arc", "big bang", "space elevator", "office floor plate", "incode", "location", "simplex", "cul de lampe", "uniform space", "agentspace", "intercolumnation", "occupy", "rocketpunk", "eigendirection", "take up", "rotopulsator", "placemaking", "distance", "gravitational keyhole", "de broglie bohm theory", "dirac string", "vessel", "circumspatial", "borderspace", "sociospatial", "spaceborne", "interspatiallyr", "isro", "complex plane", "en space", "spacelore", "sputnik", "indention", "intervacuum", "breathing space", "place", "chashitsu", "splashdo ", "spear closet", "spime", "pointset", "back in", "alternate universe", "intercolumniation", "constant", "move", "limit", "boundaries", "lipohemarthrosis", "spaceplane", "geekosphere", "hilbert space", "despatialize", "k d tree", "ductway", "reading room", "loop quantum gravity", "eads", "ringworld", "stardust", "space of disse", "vspace suit", "magnetosheath", "non euclidean geometry", "unique", "french spacing", "tesseractic", "time", "hemispatial", "countdo ", "personal", "synechism", "spacy", "terf", "astromaterial", "spatious", "planet", "beamspace", "astrogeophysics", "untabify", "coordinate", "astroecology", "sea room", "astrophilately", "solar wind", "squeeze into", "permutohedron", "unspaced", "construct", "loopspace", "spacescape", "vacuist", "petty apartheid", "local", "ubiety", "electric field", "discitis", "interspace", "path loss", "e", "hartle hawking state", "spacelike", "local bubble", "earth return vehicle", "earthspace", "spatiotopic", "cyberspace", "space exploration", "brahman", "text", "aerospace", "conceptual physics", "spatialize", "planovolumetric", "translocal", "correlation function", "chamber", "fluxtube", "microlocal", "starburst", "heliosphere", "medium", "star", "coursey", "fit in", "spacewear", "treespace", "ergosphere", "grassmannian", "vacuum energy", "agate line", "mansionization", "far flung", "periplegmatic", "astromolecule", "codimension", "spaceless", "spacing", "generalized", "foremost", "isothermic", "prolonger", "interaxis", "geometrization", "between decks", "plenism", "spatial", "exoatmosphericallyr", "spatiotemporal", "space time", "spaces", "precinct", "word", "eigentone", "screenspace", "astrophobia", "procession", "quasibarrelled", "farthest", "footprint", "voltage", "cut out", "spacious", "interfenestration", "logspace", "robonaut", "bootspace", "radiopanspermia", "capacity", "camellate", "step", "realspace", "homaloidal", "diskspace", "recess", "muttnik", "wavefunction", "ost", "herpetarium", "prolong", "spacecraft", "espace", "orbispace", "space saving", "relationalism", "diffusion", "horoball", "recessed", "horosphere", "staff", "superbubble", "radix tree", "dimension", "space of destot", "spacewalk", "guard band", "spacely", "spectrahedron", "point cloud", "spacer", "curvaton"], ["store", "place", "shopping", "food", "selling", "shop", "grocery", "buying", "super", "market share", "stalls", "flea", "grocery store", "trade", "farmers", "trading", "ope", "goods", "outdoor", "selling place", "shopping place", "outside", "stock", "buying place", "produce", "slave market", "comarket", "cybermarket", "servicescape", "mismarket", "over counter", "goodwill", "static equilibrium", "promarket", "disease mongering", "marketing", "flotation", "product", "prediction market", "trader", "village", "feitoria", "midmarket", "buttercross", "marketplace", "playing field", "split tail", "san polo", "commercial", "markets", "demand", "winner take all", "feedlot", "christkindl", "barra boy", "evergreen industry", "overtrade", "fishmarket", "marketeth", "truck farming", "lombard street", "lifestyle", "dumping", "buyer's market", "foraneous", "mammy market", "marketwide", "contrarian", "nonmarket", "oligopolist", "market square", "flea market", "unmerchantable", "downtick", "shadow price", "barra", "undermarketed", "culler", "vsale", "area", "upside", "nundine", "price control", "overmarket", "marketer", "city", "bord halfpenny", "duopoly", "boomster", "monopoly", "frat lit", "wet market", "chick lit", "seller's market", "supply side", "douceur", "foodstall", "group", "hot money", "engrosser", "nundinal letter", "orphan drug", "d\u00e9bouch\u00e9", "fayre", "car boot sale", "free marketeering", "remarketability", "january effect", "freddie mac", "corsair", "mart", "marketwider", "cart stall", "street team", "street market", "gross national product", "pay to stay", "microsegment", "garrupa", "merchant", "saturation", "plague cross", "fair value", "lafayette", "glocalization", "floating market", "stop loss order", "thin trading", "oversold", "remarketable", "plestor", "diamond water paradox", "brandscape", "information velocity", "browse", "market gardening", "geography", "undersell", "e market", "stallholding", "marketlike", "marketizer", "marketability", "shoulder season", "white market", "bottom fishing", "quote stuffing", "vmarketing campaig", "stallholder", "vortal", "confusopoly", "vmarketer", "shunting", "oligopoly", "arbitrage", "event", "understored", "quintopoly", "multimarket", "remarket", "quadropoly", "systempunkt", "option", "cornmarket", "dry market", "customer", "square", "potential", "marketman", "transfer payment", "triopoly", "marketization", "metamarket", "brickor mortis", "cartel", "sprinkler strategy", "marketless", "market goer", "path dependence", "uberize", "postmarket", "market economy", "monopsonist", "to ", "market price", "party plan", "cap and trade", "homeowner association", "marketed", "rollup", "oligopsony", "marketest", "program trading", "barrier to entry"], ["handle", "ope", "house", "pull", "shotgun shack", "lancet arch", "gut rehab", "door", "hall", "home", "room", "window", "cabinet", "lock", "close", "closet", "car", "lift", "va", "latch", "knob", "saloo", "bank", "bell", "key", "sig", "wood", "building", "push", "locker", "gate", "guard", "clock", "wall", "mat", "entrance"], ["fence", "door", "opening", "fence opening", "entrance", "bridge", "fence door", "or", "ope", "multigate", "wikten 1outside", "oklahoma", "gated", "postern", "alleygating", "wikten 1mechanism", "tedge", "hank", "wikten 2path", "gatewiser", "autogating", "toll bar", "gateleg", "closetgate", "wikten 1frame", "wikten 1terminal", "stall handler", "gatekeeper", "gatelike", "alexiares", "wikten 1five", "gateway", "shutter dam", "back gate", "sally port", "torii", "sidepost", "and", "wikten 1passageway", "stile", "backgate", "strike", "spruewikten 2", "watergate", "stairgate", "obturator", "wicket", "wikten 1barrier", "gatepost", "wikten 1waste", "medium scale integration", "gates", "portcullis", "ultra large scale integration", "portwood", "wikten 1lock", "talented", "gifted educatio", "e gate", "gated community", "quoin post", "heelpost", "slalom", "wikten 1switches", "trigate", "stump", "giant slalom", "grid", "wikten 1sprue", "educatio", "door god", "shear cake", "very large scale integration", "anicetus", "foregate", "batardeau", "gifted education", "gatehouse", "herse", "anteport", "battering ram", "bacule", "wikten 1ticket", "ganesha", "tetrapylon", "aboideau", "thyristor", "bottomgate", "gateless", "nexion", "tailgate", "lithwikten 3", "gatepier", "sluice", "wikten 1bolt", "hunting crop", "caisson", "janus", "wikten 1vertical", "climategate", "yett", "wikten 1doorway", "front gate", "gifted", "floodgate", "wikten 1mould", "gateable", "water gate", "twi gated", "hunting whip", "wikten 2manner", "wikten 1concert", "small scale integration", "fences", "garde", "latch", "portal", "woode", "lock", "hinges", "field", "field door", "doorway", "property", "outside", "garden door", "metal", "iron door", "iro", "fence hole", "hole", "on fence", "yard", "entryway", "entry", "square", "fence closure", "closure", "in fence", "in fences", "barred", "barred entrance", "fence entrance", "chains", "bars", "wooden bars", "outside door", "passage", "used", "used farming", "farming", "boundary", "wooden opening", "horses", "horses door", "before door", "before", "wooden fence", "open fence", "fence entry", "guard", "big", "wood", "pasture door", "pasture"], [], [], ["chap", "agaping", "aope", "fellow", "acleft", "achap"], [], [], [], ["uncloses", "unclosing", "vope", "vunclench"], ["solidify", "a hard ", "solidarity", "metal", "glass", "land", "chapeau", "nonsolid", "bicupola", "spinon", "melting", "srp", "elastic limit", "cryoconcentration", "ferrite", "stereoplasm", "black", "undecahydrate", "hemihydrate", "polyhedron", "glue stick", "crystallography", "melting point", "surnatant", "smoke", "fork", "color", "hard boiled", "cotectic", "sputter", "trihydrate", "cardice", "bicylinder", "stearoptene", "congeal", "dihydrate", "macrophase", "brix", "ocp", "ion exchange", "unshakable", "triple point", "liquid", "nanolaminate", "solipedous", "fracture plane", "melt", "solution", "intermetallic compound", "comminutor", "acoustoelectronics", "lattice energy", "asolid as rock", "fullerite", "solidlyr", "conoid", "sop", "constant", "semifluid", "asolid state", "hole state", "sublimate", "crust", "microphase", "hendecahedron", "ray marching", "bowling ball", "grain boundary", "icosasphere", "clinometric", "rigid body", "monohydrate", "condensed matter", "polyform", "solid state", "trisoctahedron", "cohesive energy", "solidary", "metaphosphoric acid", "thin layer chromatography", "paraffin wax", "astrong", "ovifer", "stereoelectric", "tillite", "tribrid modeller", "heterogeneous catalysis", "topology", "nanosolid", "solidish", "headbox", "thick", "pentacron", "hexagram", "piston", "hexoctahedron", "curve", "zone melting", "dna microarray", "heat of fusion", "thixotropic", "monotectic", "beta naphthol", "unsolidlyr", "cixutumumab", "area", "generator", "viscous", "acetylferrocene", "corrosive", "berylloid", "white dwarf", "hardback", "succinonitrile", "tricarbimide", "aerosol", "permanganate", "turd", "hexadecahydrate", "xanthopterin", "glass transition temperature", "volatilization", "decahydrate", "poroelastic", "fluidize", "irregular prism", "aquality", "holon", "fume", "asolid shot", "desorption", "booked solid", "microprobe", "pyroconductivity", "aexcellent", "foursquare", "ageometrical", "aunyielding", "viscoplastic", "desublimate", "phase diagram", "rhyphe", "concretion", "paint", "liquidy", "filter funnel", "cupric oxide", "peritectoid", "aquiclude", "cohesion", "semiliquid", "vitrification", "ice", "aliquid", "spherocylinder", "ambergris", "thigmatropism", "red mud", "photonic crystal", "nitroguanidine", "hygroplasm", "volociximab", "tungstic acid", "subnatant", "benzenesulfonic acid", "outgassing", "hemihedron", "tetrakaidekahedron", "margarine", "generatrix", "white phosphorus", "step through", "triphenylmethane", "cryoscope", "heterogeneous", "solidus", "consolidate", "selenic acid", "monotectoid", "rsolidly", "vapor", "acubic", "grape wine", "ahole", "synroc", "pentahydrate", "yield stress", "continuous phase", "anticrystal", "saturated fat", "hindley's screw", "heavyset", "hexahydrate", "embedded", "eutectoid", "freezing point", "inkstick", "quasicrystal", "precipitation", "pentachloronitrobenzene", "pave", "macerator", "change of state", "sieve", "vaporization", "state of matter", "unmelted", "wetting agent", "gelation", "solutionize", "oxamide", "polyacron", "rayleigh wave", "scutoid", "entrainment", "semianechoic", "alarge", "heptahydrate", "fecal impaction", "rspace", "three dimensional", "channelography", "subsolid", "crystal", "adsorbent", "clothing", "young's modulus", "tetrahexahedron", "generate", "god object", "chernobylite", "keplerate", "resin", "pentahedron", "aope", "liquidus", "particulate matter", "cold trap", "ahollow", "dipyramid", "solvent", "clarified butter", "agas", "unfounded", "column", "decantation", "sesquihydrate", "acondensed matter", "solidlike", "boogie", "undermelt", "hexamethylenediamine", "salicylaldoxime", "chimney", "peritonic", "cover", "pyramidoid", "plaster", "semisolid", "acolor", "quantum spin liquid", "supercritical fluid", "pyramid", "wettability", "deposition", "nematogenic", "imporous", "kapitza resistance", "dodecahydrate", "peritectic", "draper point", "adimensio", "sludge", "steinmetz solid", "windsor chair", "banach tarski paradox", "euatmotic", "hogwash", "vegetable fat", "seterwikten 2", "residual stress", "trimethylolpropane", "solids", "disperse phase", "capillarity", "isostructure", "gas"], [], ["pioneers", "jakobsonian", "brennerian", "pioneered", "homesteader", "crookesian", "soviet unio", "vernean", "vprepare", "voortrekker", "eisensteinian", "vway", "cyberpioneer", "wilderness", "pathfinder", "ernstian", "pioneering", "be prepared", "thurstonian", "cagean", "way", "vope", "waymaker", "carnotian", "trailblazer", "groundbreaker", "push envelope", "halutz", "before", "pioneer day", "frontier", "follow", "desert fruit cake", "early", "settler", "early settler", "went", "west", "went west", "adventurer", "wester", "across", "across wester", "perso", "settlement", "fort"], ["ope", "usually", "public school", "synonymous", "schooltime", "day", "school year", "weekday"], [], ["avowal", "aavowable", "apositive", "aasserted", "vavow", "avowable", "aacknowledge", "aope", "avow", "aoath", "astate", "avowedness"], ["sweatbox", "floorshow", "thai disco", "nightclubs", "chantoosie", "black and tan", "nightclub goer", "balearic beat", "honky tonk", "music", "superclub", "juice joint", "booze can", "clubber", "club hop", "entertainment", "ope", "dancing", "drink", "caf\u00e9 society", "homosexual", "ultra lounge", "siam diu", "clubwear", "club kid", "club", "public", "nightclubber", "disco", "clubby", "jello shooter", "bottle service", "bottle rat", "club music", "oxygen bar", "bandstand", "doorstaff", "nightclublike", "night", "nightspot", "nightclubby", "bouncer", "nightlife", "clubbing", "cage dancer", "discotheque", "private", "niterie", "food", "club hopping", "cabaret", "clubgoer", "establishment", "light jockey", "clubland", "clubgoing", "strip club", "face control", "trance music", "pick up joint", "port harcourt", "dance", "bar", "cover"], ["wind", "oxyge", "smoke", "gas", "sound", "atmosphere", "blow", "breathe", "breathing", "steam", "sky", "fly", "breath", "breathable", "mist", "cloud", "air out", "nitroge", "bird", "we", "element", "breathed", "everywhere", "around", "invisible", "we breathe", "nothing", "oxygen nitroge", "tarnish", "take breath", "choke", "airtrapping", "fill", "pneumaticity", "airpuff", "airs", "zyklon b", "serpentine belt", "tidal air", "hot blast", "air transport", "phosphorus pentoxide", "whipped cream", "lung", "alveolar", "heat gun", "phone in", "aero", "aerobiosis", "rocket belt", "psychrometry", "birthing ball", "airometer", "arrestance", "nepheloscope", "lungfish", "vacuum", "aerometry", "air ship", "pneumat", "pneumatize", "hemopneumoperitoneum", "helium speech", "fan heater", "pyrophoric", "waft", "bronchoconstriction", "inhale", "fermentation lock", "drying oil", "litharge", "refractive index", "pneumothorax", "aerotolerant", "aspirate", "blowpipe", "pneumatization", "katabatic wind", "flue pipe", "constituting", "bude light", "snowgun", "diesel", "aerated", "snobby", "pneumatic bone", "aeraulic", "ostent", "fan blade", "respiratory tract", "bunsen burner", "decipol", "surround", "whish", "canvas", "groundburst", "quintessence", "standard fare", "aerohydrodynamic", "pneumopericardium", "stribog", "airborne", "pneumoencephalography", "airbox", "airfreight", "air bed", "airwardsr", "wind machine", "manh\u00e8s process", "vbroadcast", "airliner", "antiozonant", "sip and puff", "pneumotherapy", "dry line", "thermoclinic", "anaerophyte", "firmament", "feu de joie", "sonic boom", "stridor", "aerial", "apparently", "pneumoperitoneum", "shaft", "spiracle", "swirl flap", "pilot balloon", "electric arc", "outswing", "consider", "calcium nitrate", "zonal", "propeller", "graciousness", "rebreathe", "hot tube", "pretence", "respirometer", "musette", "hyperbaric chamber", "aerogenouslyr", "oil paint", "airship", "circuity", "gastrography", "specific humidity", "humid heat", "freeflow", "plain song", "balloon", "ope", "windpipe", "air hose", "airing", "pulmonic sounds", "feeling", "airburst", "aerometric", "album graecum", "newscast", "air kerma rate", "aerogenous", "ventilate", "aerology", "physograde", "blowhole", "pyrophoric iron", "smokejack", "jet engine", "velometer", "vapor", "parabronchus", "blitzkrieg", "succuss", "prebronchial", "spunlaid", "compensator", "spirometer", "airline", "intake system", "thermotank", "tongue", "aeriferous", "freestream", "compression", "pyrophorus", "aerenchymous", "oxygenator", "egressive", "pulmotor", "pulmonic", "humidity", "combustion chamber", "aria", "expression stop", "bag valve mask", "sylph", "airmobile", "xylorcin", "radiation fog", "minuet", "aerobioscope", "fanfare", "elementology", "nitrogen dioxide", "aeronaval", "aereous", "jaffa", "daypart", "ingressive", "air intake", "lapse", "foredraft", "scramjet", "air lock", "tephra", "malaria", "bubble ring", "aerocele", "miasmatism", "downwash", "bailout", "breathability", "hovercraft", "pneumomediastinum"], [], ["thunderbox", "toilet", "lavatory", "urinatio", "privy", "necessarium", "outhouse", "gold finder", "reredorter", "device", "ope", "trench", "defecatio", "pit", "use", "whether", "latrinal", "facility", "gong pit"], [], ["separate", "tin opener", "metal", "can opener", "batsma", "innings", "variety show", "concert", "openers", "act", "bottle opener", "open batting", "positio", "value", "goal", "device", "game", "ope", "four score and seven years agor", "player", "top order", "fatiha", "sheet", "betting", "carry bat", "ca", "knob", "corkscrew", "key", "door", "handle", "zipper"], ["free of charge", "ope", "enrollment", "distance learning", "world wide web", "course", "massive", "online"], ["vclose", "vope"], ["aope", "asemi open game"], ["safe", "chord", "oxidation", "article", "one two punch", "universal lever", "hybrid wave function", "permutatio", "combinational", "concerted", "hypermarket", "noncombinative", "dissonance", "polysynthesis", "thermohaline", "alt key", "fines herbes", "chorded", "factorial experiment", "hybrid orbital", "fantasy baseball", "sex chromosome", "impastation", "quadexciton", "select", "trophology", "biexciton", "clash", "supercomposite", "czechlish", "regard", "generative grammar", "unlock", "consignify", "mode of production", "cotrimoxazole", "purpose", "basic balance", "chemoimmunotherapy", "combining", "pairing", "cointegration", "order", "noncombination", "axis", "hadwiger's theorem", "betel", "combining form", "eyepiece", "superpathway", "two of kind", "metabolic syndrome", "binary clone", "wheelset", "ambuphylline", "sultamicillin", "add up to", "twinset", "one armed bandit", "acrylic acid", "compound chocolate", "geospatial", "immunoelectrophoresis", "fantasy sports", "alliance", "r k selection theory", "without", "immunodiffusion", "control key", "superposition principle", "potiori", "guaiacolate", "strange bedfellows", "harmony", "motorcycle", "textonym", "ope", "compound machine", "aphthong", "chemical fingerprint", "eigenarray", "iodinating", "sniffing position", "combinative", "chador", "paralexia", "combinatorial", "permwikten 2", "number", "chlorometry", "conglomerate", "policy mix", "comboscore", "reaction", "cross reading", "keyboard shortcut", "case quarter", "combined", "double depression", "dipositronium", "diallel", "ninja", "grassmann's law", "combine", "party in one's mouth", "minute repeater", "fen phen", "combinations", "combinatorialism", "alloyage", "symphony", "dilepton", "tirlie whirlie", "semolexeme", "supersex", "conservative", "mechanism", "pick n mix", "combinedlyr", "commo", "electrostrong", "consortium", "triexciton", "recombinant", "symphonion", "keyset", "aluminophosphate", "chuck luck", "isocost", "trigram", "letter", "enchirito", "login", "prison industrial complex", "diligence", "molecular orbital", "folk illness", "amalgam", "combinatory", "electroweak", "grotesque", "logon", "sandwich", "punch card", "phonotactics", "triangulateration", "match made in heaven", "combo", "compatibility", "multicombination", "best of both worlds", "combination lock", "cross purpose", "co amoxiclav", "scheme", "perfect storm", "selectio", "kaon", "poleaxe", "combinational circuit", "meets", "stereopticon", "theragnosis", "escape", "element", "conjugative", "vitamer", "sidecar", "cartesian product", "associatio", "combination shot", "billiard", "set", "recombination", "sequence", "shortcut key", "hybridization", "fantasy football", "lock", "binomial coefficient", "multiset", "locker", "mixture", "numbers", "hybrid", "joi", "unio", "variation lock", "variatio", "what", "stew", "pizza", "also", "outfit"], ["playground", "buck and wing", "split", "rubble", "rusure", "backless", "ope", "diascopy", "downslide", "sliding", "avalanche", "cover slide", "trombone", "piston ring", "earth", "telescopic", "shoe", "slide guitar", "stones", "ooch", "process plate", "slideshow", "clash gear", "helter skelter", "resection", "overslip", "microscope", "midslide", "slip knot", "slide whistle", "sliding pond", "side hand", "slipboard", "stage", "tinter", "slipwikten 3", "playing apparatus", "slides", "d valve", "immersion lens", "bursa", "slideable", "adventure playground", "slit scan", "moonwalk", "powerpoint", "stand up", "slip and slide", "animatography", "slidey", "inwick", "poid", "gunter rig", "kerry", "transat", "slidinglyr", "voluntary", "image", "pocket door", "project", "do ", "speech", "patio door", "transparent", "slideway", "powerpointlessness", "outslide", "power slide", "playframe", "8x8 rule", "guide", "plate", "grace", "scene", "slidablyr", "coast", "sledding", "coverslip", "visual aid", "presentatio", "slipslop", "toe", "steel guitar", "scree", "water slide", "diapositive", "slue", "ferning", "slither", "slidingness", "fast rope", "slide trombone", "playbarn", "lever", "stutter", "slicky slide", "viewer", "overslide", "tower of hanoi", "valve", "toboggan slide", "nonsliding", "microslide", "wholemount", "boardslide", "cytosmear", "pecha kucha", "slide scanner", "slid", "mechanism", "fusuma", "illustrated song", "page", "technique", "playground equipment", "equipment", "going", "going do ", "playgrounds", "slip", "chute", "down slope", "slope", "playground thing", "triangle", "move", "move do ", "play", "ground", "play ground", "slip and", "playground ride", "ride", "dance", "ice slip", "ice", "toy", "childre", "children toy", "amusement", "parks", "parks amusement", "rub", "object", "playground object", "low frictio", "low", "playground structure", "frictio", "structure", "bread", "on playgrounds", "rail", "bolt", "push", "smooth surface", "surface", "smooth", "ladder", "tall", "tall slippery", "slippery", "metal", "height", "tilted", "tilted road", "road", "playground board", "board", "cut", "park", "at park"], ["ope", "vector field", "tangent"], [], ["disclose", "ope", "declaratio", "manifest"], ["ope", "door", "target", "defilade", "traverse", "defilement", "bonnet", "series", "surtout", "vista", "passage", "vrake", "directed", "gunfire", "length"], ["wrapper", "jesus", "use", "garment", "fill", "roll", "ope", "pledget", "wound", "douse", "crucifixio", "place", "usually", "following", "shroud", "cloth", "wad", "corporal", "medicine", "eucharist", "surgery"], [], [], ["ope", "mouth", "cylindrical", "void", "conical", "wrinkling"], ["tree", "vope", "willow wort", "alaska", "crack willow", "osier", "shrub", "willows", "white willow", "nucament", "hemisphere", "wood", "drum", "salicaceous", "willying", "goat willow", "salicetum", "peachleaf willow", "fusain", "willow weed", "salicin", "cricket bat", "penduline", "desert willow", "catkin", "salicaceae", "wicker", "pussy willow", "capsule", "helicin", "salix", "lulav", "bushwillow", "least willow", "withy", "genus", "willowlike", "wand", "weeping willow", "baseball bat", "willowed", "wisconsi", "willowware", "fedge", "polar willow", "oklahoma", "vcleanse", "willowy", "deciduous", "peking willow", "willowish", "prickle", "cotto", "wilga", "almond willow", "weeping", "weeping tree", "tree type", "type", "type tree", "flexible branches", "branches", "flexible"], ["top", "touring", "stanhope", "horse", "motorcar", "carriage", "t cart", "phaetons", "ope", "wheeled", "folding", "four", "helios", "cygnus"], [], [], [], [], [], [], [], [], ["court", "ope", "hypaethral"], ["fissure", "divide", "ope"], ["ope", "atur", "convertibles", "agai", "aope", "foldable", "set", "computer", "droptop", "strongly typed", "aespecially", "certai", "ca", "thing", "bullionize", "vehicle", "areligio", "stock", "aframe", "indican", "preferred stock", "adifferent", "hemialbumose", "able to", "convertibility", "coup\u00e9", "achange", "convertiblyr", "interchangeable", "removable", "back", "fluid", "drophead coup\u00e9", "inconvertible", "peptogen", "ragtop", "bond", "aconverted", "landaulet", "hardtop", "term", "ai.e", "athing", "security", "roadster", "turned into", "abelief", "laptop", "car", "nonconvertible", "aconversio", "topless", "aparticularly", "awithout", "aexchange", "aturned into", "reconvertible", "calash", "roof", "common stock", "aagai", "aundergo", "aback", "exponentiable", "ainversio", "afalsehood", "aclosed", "tablet", "hemipeptone", "aone", "bullionist", "convert", "convertibleness", "aable to", "foreign exchange certificate", "apurpose", "usually", "another", "soft top", "aother", "fixed head coup\u00e9", "closed"], [], ["sensible", "susceptible a ", "a responsive ", "a susceptible ", "responsive a ", "sensible a ", "a sensible ", "atricksy", "spill tea", "aope", "sanitize", "hear grass grow", "touch and go", "electrohypersensitive", "sensitize", "chemosensitizer", "sensitivelyr", "paranormal", "psychrosensitive", "aupset", "cryosensitive", "aproblematic", "amesmerism", "barosensitive", "flavorubredoxin", "hot natured", "conscious", "aclassified", "quick", "tocodynamometer", "clearance", "millivoltmeter", "ultrasensitive", "supersensible", "touchpad", "aexposed", "harden", "allergic", "unimpressible", "outfit", "gingersome", "immunosensitive", "hydrosensitive", "undersensitive", "sensitized", "tell tales out of school", "thin skinned", "ecosensitive", "orthochromatic", "phluorin", "marma", "erogenous", "enderon", "ahairy", "keep shtum", "oversensitivity", "caring", "anasty", "aoffend", "nonsensitive", "aendangered", "aticklish", "pasteurisation", "keep mum", "osmosensitive", "phototransistor", "aknotty", "infit", "aparanormal", "ahurt", "pyranine", "censor", "supersensitive", "touchy", "squeal", "filament tape", "sensitivity", "radiosensitizer", "photopentode", "kinemometer", "sympiesometer", "microdensitometer", "critical period", "chemosensitive", "alive", "panchromatic", "tender handed", "robustification", "electrosensitive", "cold natured", "feeling", "asensatio", "phishing", "sensitization", "susceptible", "aaccurate", "hypersensitive", "barochemoreceptor", "photodiode", "traffic light protocol", "context sensitive", "radiosensitize", "acute", "sensitometry", "photoresist", "asense", "tactful", "eco", "light sensitive", "aproblematical", "subsensitive", "electrosensitivity", "ticklish", "asecret", "overwriter", "adodgy", "hemosensitive", "aresponsive", "sensation", "walk on eggshells", "security culture", "new man", "afrail", "desensitize", "cold sensitive", "avulnerable", "scotch tape", "yankee white"], ["aope", "apertion"], [], ["do", "in charge", "denial of service attack", "diskette", "cassette", "ms dos", "expanded memory", "operating system", "operate", "academic", "tsr", "pc dos", "minicomputers", "ddos", "ibm"], [], [], ["rpublic", "arole", "rrole", "apublic", "aope"], [], ["vrip", "vope", "vtear"], ["recuperative thermal oxidizer", "china", "committee", "voltage", "btex", "organizer", "volatile organic compound", "rci", "ope", "canada", "circuit", "organizing", "vancouver", "voice", "regenerative thermal oxidizer", "of", "thermal oxidizer"], [], [], ["switchblades", "jack knife", "knife", "vcut", "vspring", "switchbladed", "vup", "vtransitio", "flick knife", "vattack", "vope", "vsudde", "vmove"], [], ["asea", "pelagian", "acoastal", "sea", "longneck eel", "benthopelagic", "apertai", "inland", "waters", "organism", "epitoky", "porbeagle", "benthic", "mesopelagic", "semipelagic", "oceanic", "pelagicallyr", "whitefish", "ope", "thalassic", "bubble shell", "planktonic", "dogtooth tuna", "thaliacean", "manx shearwater", "shearwater", "oceanic whitetip shark", "awaters", "nonpelagic", "ainland", "opah", "manta ray", "pteropod", "holopelagic", "coastal", "demersal", "aope", "bathyorographical", "epitoke", "thresher", "mollemoke", "pyrosome", "nektonic", "hemipelagic", "doliolid", "fulmar"], ["vestibule", "ope", "opisthodomos", "nave"], ["abowels", "aaperient", "aope", "aperient"], ["aope", "aside"], []], 
"/r/UsedFor": [["separating rooms", "entry or exit to locatio", "keeping people out of room", "enter", "closing passageway", "passage", "control access", "entering or exiting area", "entering or exiting room", "enter room", "separate two rooms", "making room private", "protecting things", "get out of car", "keeping people in room"], ["arrow artifact state", "get sympathy", "inflict pai", "healing", "getting sympathy", "harm opponent", "bleeding", "lose blood", "injury"], ["cultivating crops", "growing vegetables", "run with dog", "grazing animals"], [], [], [], ["seperatio", "counter artifact locatio", "separating words", "occupying", "parking", "do just about", "storage"], ["distributing goods", "exchanging", "getting goods", "buying and selling bonds", "buying clothes", "selling food", "buying and selling commodities futures", "purchase items", "buying things", "buying food", "trading", "buy fresh vegetables", "clearing prices of stocks", "buying items", "getting groceries", "sell new line", "selling clothes"], ["limit access"], ["closing", "leaving garde", "keep out bad people", "keep animals in field", "controlling access", "walk through", "keep animals out of field", "keep neighbors out", "allowing in or out", "pass through fence", "control access", "keep in pets", "keeping trespassers out", "restrict access", "walking into fenced in yard", "opening", "locking"], [], [], [], [], [], [], [], [], [], [], [], [], [], ["parties", "drinking", "staying up late", "meeting people", "drink and dance", "listening to music", "feeling sexual", "meeting with friends", "toast", "socialising", "getting drunk", "partying", "having fu"], ["dish artifact broadcast medium"], [], [], [], [], [], [], [], [], [], [], [], [], [], [], [], [], [], [], [], [], [], [], [], [], [], [], [], [], [], [], [], [], [], [], [], [], [], [], [], [], [], [], [], [], [], [], [], [], [], []]}, 
"/r/UsedFor": {"/r/RelatedTo": [[]], "/r/UsedFor": [[]]}}}}