{"approach": {"N1": {"/r/RelatedTo": ["bear do v", "propinquate", "run up", "antimethodology", "approaching", "iatromedicine", "draw on", "cap and trade", "glideslope", "appropinquation", "foul line", "approaches", "blindage", "change tack", "hit on", "bear down on", "earth grazing", "multiapproach", "nigh", "approachment", "antidesign", "outguard", "symbolicism", "nighen", "approachless", "beacon", "nouvelle cuisine", "lane", "verge on", "short finals", "draw in", "ride up", "come down pike", "outsentry", "pull in", "total quality management", "estacade", "edge up", "styling", "on right track", "sneak up", "approximate", "bark up wrong tree", "biographism", "advance", "multimethodology", "reaccess", "sneak up on", "productionalization", "approach shot", "approacheth", "reflectivism", "waldorfian", "accede", "come to papa", "edupunk", "observationalism", "initiative", "approachable", "aircraft", "communication mix", "draw near", "avenue", "trou de loup", "shy", "vocationalism", "entanglement", "near", "preventionism", "accessibility", "cosmeticism", "cavin", "touch", "instrument landing system", "bear in with", "disciplinism", "multilogism", "epsilontics", "overture", "continuous delivery", "reggio emilia", "take", "approachability", "approached", "infinity", "stand", "tapping up", "reapproach", "abord", "disruptionism", "route", "appulse", "double handed", "asymptotic", "productionalize", "tap up", "carefront", "counterapproach", "change horses in midstream", "toran", "apophatism", "lateralism", "approacht", "tyrant", "oncoming", "approacher", "vergency", "transactionalism", "mob programming", "smatter", "mathematicism", "come up to", "mv", "long way around"], "/r/UsedFor": [], "/r/LocatedAt": [], "/r/FormOf": ["approaching", "approaches", "approacheth", "approachest", "approached"], "/r/IsA": ["closing act", " actconceptualization act", "pitch act golf", "access act", " actmotion act", " golfgolf stroke act", " attributesimilarity attribute", "run up act", " attributetiming attribute", "chip golf", " eventmovement event", "avenue act", "landing approach act"], "/r/PartOf": [], "/r/HasA": [], "/r/CapableOf": [], "/r/AtLocation": [], "/r/HasProperty": [], "/r/CreatedBy": [], "/r/Synonym": ["attack act", "approaching act", "come on motion motio", "v stativeborder on stative", "approaching event", "near motion motio", "coming attribute", " artifactaccess artifact", " locatioapproach path locatio", "coming act", "v socialset about social", "approaching attribute", "draw close motion motio", " communicatiooverture communicatio", "go up motion motio", "plan of attack act", "approach shot golf", "come near motion motio", "draw near motion motio", "way", "come along", "coming", "approach shot", "drive", "entrance", "come close", "take", "deal with", "advance", "oncoming", "come closer"], "/r/LocatedNear": [], "/r/SimilarTo": [], "/r/MadeOf": [], "/r/ReceivesAction": []}, "N2": {"/r/RelatedTo": {"/r/RelatedTo": [[], ["vapproach"], [], ["eschew", "analysis", "approach", "methodology", "study"], ["domain of convergence", "on way", "toward", "rnearly", "moribund", "dopplergram", "convergence", "oncoming", "converging", "approximate", "vapproach", "forthcoming"], ["approach", "iatromedical", "chemistry"], [], [], ["localizer", "approach", "slam dunk approach", "aircraft", "land", "path"], ["draw", "near", "approach"], [], ["approach", "vapproach"], ["earth", "trench", "approach", "framework", "blind", "fascine"], [], [], [], [], ["aapproach"], ["aneighbor", "anear", "anext", "near", "vcome", "anighr", "vdraw", "nighness", "rnearly", "vnear", "vapproach", "ralmost", "close to", "nighed", "evening", "recognize", "sleep"], ["approach"], ["adesig", "aapproach", "aconventio"], ["guard", "troop", "approach", "enemy", "defense", "army"], ["commit", "best", "symbolize", "symbolisatio", "symbolically", "explanatio", "symbolism", "processing", "symbolics", "method", "symbolise", "symbolist", "understanding", "symbolology", "symbology", "language", "symbolic", "approach", "symbol", "symbolical", "like", "huma", "symbolistic", "cognitio", "symbolizatio"], ["vappropriate", "vapproach"], ["aapproach"], ["broadcast", "phare", "beaconless", "approach", "blinkenlight", "beaconlike", "post", "signal", "seamark", "mooncusser", "vessels", "vfurnish", "bank", "vbecko", "electronic", "forelight", "beacons", "omnirange", "smartphone", "fire", "radio beacon", "iowa", "balize", "sea mark", "england", "shoal", "racon", "cair", "proximity", "navigation aid", "devo", "beaconed", "radar reflector", "device", "beaconage", "physical", "vlight up", "lighthouse", "buoy", "digitized target", "digital target", "danger", "war", "balise", "new york", "leading mark", "lightbar", "villumine", "portable", "navigation mark", "western australia"], [], ["street", "road", "lanes", "architecture", "idaho", "rechannelization", "divided", "ship", "simd", "rumble strip", "south carolina", "sharrow", "outlane", "foul line", "bylane", "parallel", "busway", "vehicle", "highway", "racetrack", "laneway", "road hog", "city", "kansas", "laneless", "transit lane", "hook turn", "tableau", "pull out", "kickback", "aircraft", "zil lane", "lonnin", "chare", "oklahoma", "wynd", "inlane", "jersey barrier", "chicken lane", "suicide lane", "approach", "bus lane", "granny lane", "thoroughfare", "skee ball", "back gate", "slot", "ropewalk", "soi", "to ", "gyratory", "roadway", "south dakota", "lonnen", "seaway", "running track", "value", "city titty", "express", "country", "small", "small street", "country road", "path", "bowling alley", "bowling", "alley", "canal", "short", "short street", "part", "highway part", "country path", "divisio", "highway divisio", "road street", "has two", "has", "two", "many lines", "lines", "road segregatio", "segregatio"], [], [], [], [], [], ["sentry", "approach", "entrance"], [], [], ["river", "pile", "approach", "sea", "enemy", "dike", "stockade"], [], ["stylistic", "vstyle", "hairdressing", "stylings", "approach", "decoratio", "curler", "spray"], [], [], ["approximation", "aaccurate", "pecking order", "approximateth", "acorrectness", "vcarry", "aapproaching", "zipf's law", "coreset", "court card", "subpentangular", "aresembling", "ballpark", "exercise ball", "orometer", "proximity", "approximable", "gibbs sampling", "approximatelyr", "approx", "approximatest", "anno domini", "perturbation theory", "aproximate", "paralect", "christian era", "fingerbreadth", "approximateness", "flajolet martin algorithm", "vapproach", "vnear", "quantize", "proximate", "approximating", "approximates", "roundwikten 1", "aexact", "vicinity", "matter", "back of envelope", "hubbert curve", "quick and dirty", "molecular orbital", "vadvance", "microfacet", "pseudotrajectory", "rough", "near", "bean ball", "cocked hat", "rule of thumb", "vestimate", "approximator", "approximated", "prosthaphaeresis", "wildlife park", "semiclairvoyant", "estimate", "about"], [], ["biographical", "approach", "biography"], ["forward", "ahead", "move", "preview", "vprovide", "credit", "prefer", "abderitism", "put forth", "invisible runner", "inroad", "prequalify", "floor plan lending", "preoptimization", "apex", "beat someone's time", "elden", "additio", "acompleted", "upfront", "drive", "move out to up", "pictionary", "technoplegic", "x prize", "notice", "brass ring", "standard fare", "rack and snail", "regulatory capture", "vpropose", "backward", "vfurther", "advanced", "dribble", "sexual harassment", "advances", "imprest", "predetermined", "mend", "rotate", "set aside", "vpush", "prepoll", "overture", "preprogram", "self assertive", "backward pa ", "advanceth", "vprogress", "prefiguration", "run at", "prespecified", "vapproach", "outslide", "bridgehead", "vput forward", "prebooked", "van courier", "preconcerted", "preset", "forewarning", "foreset", "traditional publisher", "vlift", "vpromote", "advancement", "go", "vbid", "ahead of one's time", "dead horse", "screener", "approximate", "advantage", "advancive", "encroachment", "premeditation", "vhappe", "prevision", "careerism", "practical alchemy", "lovemaking", "unplanned", "vprefer", "vincrease", "break even", "aheadr", "premeditated", "vhaste", "outrider", "encroach", "electrickery", "prior", "improvement", "proceed", "foredetermined", "flash crowd", "loa", "reservation", "apreceding", "prepayer", "amilestone", "stagnate", "break ground", "sidle", "earn out", "creep up", "money", "opportunist", "vforwards", "value", "vlend", "cassette drive", "holding pattern", "wolf", "predoom", "foreshadow", "aforward", "qwerty phenomenon", "advancest", "press on", "forewarned is forearmed", "supermajority", "leadwikten 2", "get ahead", "velevate"], ["approach", "multimethodological", "quantitative", "qualitative", "mixed methods", "data", "research"], ["vaccess", "access", "retur", "approach"], [], ["technology", "productio", "productionalize", "live", "adoptio", "approach", "environment"], [], ["vapproach"], ["approach", "positivism", "reflectivist", "phenomeno", "theoretical", "social"], ["aeducational", "aphilosophy", "ahumanistic", "apedagogy", "aapproach"], ["cede", "vassent", "voffice", "vagree", "acceder", "vcome", "accedeth", "reaccede", "vproposal", "acceded", "vdignity", "varrive", "acceding", "accedest", "vassume", "vattai", "vapproach", "accedes", "vgive way"], [], ["teach", "do it yourself", "lear", "approach", "mainstream"], ["philosophical", "knowledge", "derive", "observatio", "approach"], ["gumption", "vote", "initiativelyr", "development", "self deprivation", "moxie", "fly by seat of one's pants", "developer program", "officer", "one step aheadr", "passivity", "initiate", "lone gunman", "beginning", "get in boat and row", "avoter", "coast", "countermine", "slack handed", "avolition", "on defensive", "problem", "noninitiative", "approach", "governmentism", "ability", "public", "sufficient", "initiatives", "under one's own steam", "lohas", "counterinitiative", "forward leaning", "self starter", "reverse vending machine", "make something of oneself"], ["approachableness", "friendly", "confrontable", "aapproach", "bonhomie", "accessible", "approachability", "atalk", "affability", "inapproachable"], [" artifactpilot aircraft", " artifactpassenger boat", " artifactterminal artifact", " artifactcargo artifact", "rate of climb indicator", "no fly", "airdropped", "planemaker", "ground loop", "aileron authority", "warplane", "flight line", "air to surface missile", "flyboy", "air to missile", "sigmet", "hedge hop", "tailwheel", "drag parachute", "undercarriage", "delta wing", "hot air balloon", "parachutist", "missed approach", "aeroplane", "takeoff", "deadstick", "air pocket", "autolanding", "flying brick", "fly by wire", "airfleet", "lane", "jet age", "flightseeing", "gullwing", "aluminum shower", "touch do v", "pitot tube", "air show", "skywatch", "autothrottle", "probe", "airstrike", "turn and bank indicator", "aviate", "proprotor", "offboard", "nose cone", "aero", "dambuster", "mcrit", "charter pilot", "mailplane", "cooper vane", "crop dusting", "air mail", "jumpseating", "airframe", "skiplane", "hexarotor", "acars", "airprox", "joystick", "air drop", "bird strike", "emergency landing", "boostglide", "water bomber", "airmanship", "onwing", "payload", "flight path", "wifferdill", "escadrille", "fighter plane", "dihedral", "tailsitter", "wind tunnel", "omnibearing", "hangar", "emergency locator transmitter", "tankbusting", "air raid", "flare angel", "fighter", "omnirange", "airdash", "catalina", "landing strip", "buoyancy", "vector", "delta glider", "medevac", "convertiplane", "aerostatics", "ground to air", "aeropause", "marshaler", "prop wash", "paradiver", "airspace", "wing", "gate rape", "cropduster", "chaff", "propeller shaft", "microlight", "navigator", "titanium", "propeller", "danger area", "gravity drop", "airliner", "planespotting", "bush pilot", "test fly", "undercart", "aeronef", "cruiser", "scoutwikten 1", "eject", "optionally piloted vehicle", "wingspread", "control surface", "groundcrew", "jato", "localizer", "no fly zone", "anti aircraft", "airlifter", "dive bomber", "crate", "centre of lift", "drogue", "aviation fuel", "hull loss accident", "aerotrekking", "yellow shirt", "airportable", "cargoplane", "phugoid", "uav", "aviatress", "boarding", "subsonic", "demate", "air taxi", "airman", "piracy", "commuterliner", "lighter than air", "seaplane", "t tail", "tankbuster", "jet jockey", "preflight", "sukhoi", "wingtip", "rudder authority", "airdroppable", "pancake landing", "hush house", "astrodome", "aerospace", "waist", "trimotor", "mgtow", "surface to air", "flight deck", "aerostat", "distrail", "moorage", "jettison", "service item", "air support", "hedgehopper", "test flight", "dew line", "air terminal", "control tower", "chase plane", "approach", "cord", "tanker aircraft", "talkdo ", "poopy suit", "comanche", "fly by seat of one's pants", "fighter aircraft", "taxiway", "feather", "airmiss", "chicken cannon", "turboramjet", "air", "airmail", "corridor", "rate of climb", "airport", "hold luggage", "skyfaring", "bogey", "base jump", "specific fuel consumption", "subframe", "air to ground", "aerophobic", "aircraft attitude", "contrail", "bulkhead", "pilot", "air rage", "nosewheel", "fighter bomber", "airflow", "loxodrome", "anhedral", "second officer", "flitter", "airmails", "cumulogranite", "digital target", "airfaring", "airwar", "airstrip", "drift meter", "ornithopter", "mayday", "anti icing", "flare", "hush kit", "groundfire", "landplane", "airdrop", "aerodrome", "overflight", "aeromodeller", "lift to drag ratio", "jet fighter", "hedgehop", "groundspeed", "ground effect vehicle", "flying machine", "deicing boot", "radio fix", "airsickness", "mosquito", "bail out", "turret", "hurricane", "superjet", "floatstick", "radiomarker", "backseater", "upcast", "rocket plane", "spyplane", "flop tube", "flying school", "crash land", "lancaster", "deplanement", "sideslip", "spaceplane", "smokey bear", "ultralight", "bizjet", "great circle route", "direct flight", "aircrafts", "spinner", "aerial", "matewikten 1", "superbomber", "movement", "supersonic", "crash landing", "taildragger", "bombsight", "duralumin", "hijacked", "turbulence", "airscoop", "paratrooper", "crossfeed", "air rights", "flying ace", "airspeed", "flaptrack", "stick shaker", "air to", "airview", "machmeter", "loop", "airdrome", "aeromechanic", "gyrodyne", "bailout", "washout", "aircraftlike", "ground power", "flaperon", "surface mail", "tiltwing", "fuselage", "typhoon", "bellyload", "embarkation", "supermaneuverability", "dogfight", "propwash", "trijet", "airspeak", "air traffic", "air base", "aviation", "air freight", "airfoil", "rotor", "nose art", "airpath", "cargo", "pullout", "preboard", "tailspin", "ownship", "king post", "air piracy", "radar horizon", "avgas", "hydrocopter", "papa", "blue shirt", "waverider", "tailstrike", "barrage balloon", "airspeed indicator", "estimated position", "air traffic controller", "liftoff", "aerial photography", "elevator", "thrust reverser", "jetport", "clear air turbulence", "nimrod", "yaw", "scramjet", "mig", "gyroplane", "mile high club", "outboard", "magnesium alloy", "titanium aluminide", "hangar rash", "ejector seat", "first officer", "dead reckoning", "flight data recorder", "alert five", "ejection seat", "flying coffin", "synchroscope", "backwash", "evacuation slide", "glider", "air to ship", "rato", "rejected takeoff", "stick landing", "airwoman", "longeron", "gate guard", "autogiro", "aircover", "rotorcraft", "vtol", "airship", "a", "stabilizer", "war grave", "heckler", "aircrew", "airbus", "head up display", "skydive", "enplanement", "flight recorder", "sonic boom", "fred", "headwind", "tiffy", "aerobomb", "zero length launching", "leading edge", "aircraft carrier", "hangar queen", "air strike", "abeamr", "foxhound", "stealth fighter", "air to surface", "ozone sickness", "fsw", "air corridor", "interceptor", "dogfighting", "navigate", "attack aircraft", "nitromethane", "stick pusher", "taxi", "elevator authority", "glass cockpit", "zero", "aeroengineer", "aerodyne", "gosport tube", "aerospace engineering", "twinjet", "inclinometer", "flight engineer", "box tail", "model aircraft", "aerocraft", "scramble", "manchester", "glideslope", "centrifuge", "turboprop", "black box", "flarepath", "spin", "airbridge", "nacelle", "compass swing", "tailslide", "aeromodelling", "hand off", "aerometeorograph", "purser", "sortie", "statoscope", "bush plane", "george", "autobrake", "shadow factory", "radio direction finder", "airfield", "graveyard spiral", "tailhook", "flight", "avian ingestion", "bandit", "flying sport", "weymann", "tailnumber", "glide path", "shakedo ", "flight envelope", "lysander", "aluminum", "airbreather", "rib", "afterburner", "empennage", "copilot", "air cargo", "air navigation", "tiltrotor", "cheatline", "mechanic", "offwing", "hang glider", "taxiing", "x plane", "flying wing", "flight suit", "vertiport", "bombload", "aerostructure", "mother ship", "broken bird", "air lane", "aerodonetics"], [], [], ["street", "ave", "road", "dromos", "passage", "walk", "method", "means", "avenuelike", "approach", "vista", "cradle walk", "mall", "paseo", "alameda", "madison avenue", "arborway", "opening", "tree la ", "avenues", "new", "city", "fifth", "street name", "like street", "name", "like", "boulevard", "double road", "double", "new york", "york", "blocks", "city blocks", "lanes", "in city", "number", "fifth street", "cities", "have", "have anew", "anew", "avon new", "avo", "street road", "city street"], [], ["cockshy", "flinchy", "abashful", "vfling", "wallflower", "startish", "unshy", "bashful", "areserved", "ademure", "shying", "shylyr", "mauvaise honte", "horse", "adisinclined", "withdrawinglyr", "eschew", "brogrammer", "shybie", "chary", "scrubbird", "shy bairns get nowt", "acoy", "scrub bird", "shyness", "aside", "wallflowery", "diffidence", "shyer", "skar", "wallflowerish", "pudibund", "shamefast", "retiring", "aembarrassed", "shyish", "throwing", "paiseh", "atimid", "bring out", "nonshy", "calx", "reserved", "vavoid", "shrinking violet", "skew", "make strange", "aless", "wall game", "mouse", "self effacing", "backward in coming forward", "shier", "shied", "shies", "ashort", "acautious", "vthrow", "start", "ainsufficient", "sheepish", "afamiliar", "awary", "aapproach", "inhibitio", "cry"], ["skill", "workplace", "educatio", "learner", "vocationalist", "vocational", "approach"], ["threetangle", "entangler", "involution", "involutio", "imbroglio", "embroilment", "perplexity", "disentangle", "enmeshment", "intricacy", "disentangler", "spar", "entangling", "tanglement", "intricate", "entangle", "afoulr", "embranglement", "unentangle", "complicacy", "lemon test", "complexity", "hyperentanglement", "superdense", "confused", "entwinement", "obstructio", "approach", "impede", "entanglements", "entanglon", "w state", "cable"], ["close", "by", "nearness", "nigh", "around", "at", "proximity", "nearish", "aapproximate", "outside", "distoproximal", "near hand", "close together", "rnearly", "demonstrative pronoun", "mind gap", "appropinquation", "nearby", "whereaboutsr", "fornighr", "nearaboutr", "pantoscopic", "hard by", "too close for comfort", "keep around", "unnearable", "hardr", "peri", "mediallyr", "at hand", "silly mid off", "plesio", "clearr", "argyll robertson pupil", "in sight", "homeoteleuton", "demonstrative adjective", "nearing", "analphalipoproteinemia", "within ace of", "topmost", "almost doesn't count", "paranal", "ad", "neareth", "left", "anadiplosis", "neared", "para", "nuv", "close to", "vapproach", "hitherside", "umbo", "next to", "postilion", "nudge", "prospective", "byr", "velcroid", "anighr", "silly mid on", "anear", "close shave", "bifocal", "aalmost", "air", "luoyang", "castle in air", "best practice", "approximal", "nearside", "gravity assist", "close by", "aclose", "close up", "on radar", "farsightedness", "toward", "approximate", "silly point", "in front of", "time", "ato", "up to", "county palatine", "nears", "puffin crossing", "off radar", "striking distance", "leave me alone", "forby", "vicinity"], ["approach", "prevent", "policy"], ["accessible", "unwelcoming", "impairment", "receptiveness", "transparency", "approach", "usability", "non functional requirement", "software", "handicapped accessible", "service loop", "accessibilities", "feature"], ["approach", "appearance", "superficial"], ["route", "approach", "troop", "hollow", "facilitate"], ["sense", "feeling", "feel", "fingers", "finger", "contact", "hand", "sensatio", "rub", "hands", "senses", "actio", "tactile", "ski", "gentle", "physical", "five", "feeling sense", "five senses", "sensory", "finger sense", "use", "reach", "vwind", "touch football", "vmake", "untouchedlyr", "touchlines", "haptics", "astereognosis", "vscrofula", "tasto", "vspeech", "vellicate", "harsh", "nontouching", "vallude", "vleech", "penalty kick", "graphesthesia", "deflect", "vmeet", "vclose", "haphephobia", "seismonasty", "land mine", "counter", "thermoanesthesia", "multi touch", "lemniscal", "tactuallyr", "untouchable", "wall kick", "vconcer", "vstop", "vcontact", "betouch", "tender handed", "interosculate", "tender handedr", "mistouch", "taction", "tactilelyr", "audiotactile", "clearr", "pretouch", "vapproach", "vhands", "osculant", "prodwikten 1", "lip", "tactition", "vharm", "sentics", "atopognosia", "intactible", "brush", "intactable"], [], [], ["disciplinist", "approach", "effective", "actio", "thought", "educational", "foster"], ["inclusio", "reasoning", "approach", "divergent", "text", "discussio", "acceptance"], ["error", "approach", "mathematical analysis", "estimatio", "infinitesimal", "explicit", "reasoning", "bound"], ["proposal", "introductio", "sinfonia", "approach", "communicatio", "music", "initiate", "overt", "vapproach", "musical", "motio", "vproposal", "overtures", "advance"], [], [], ["rest", "bring", "accept", "vchoose", "vabsorb", "vuse", "vselect", "carry", "adopt", "drink", "deliver", "walk", "vbelieve", "vchange", "taken", "vpossessio", "ingest", "vbestow", "taken aback", "view", "film", "vexperience", "vcaptivate", "compositor", "video assist", "break", "vfight", "foretake", "opinio", "vinquiry", "crystallize", "interruptio", "catch", "unexpected", "possession", "vgrip", "loowikten 2", "bridgehead", "cart away", "vregard", "vmove", "vlead", "inoculatio", "vaccept", "vcarry", "vdo", "hanses", "serve two masters", "vsuffer", "successful", "pull sickie", "spit take", "vsubmit", "wicket keeper", "shelter", "approach"], ["approachable", "amiability", "approach", "approachabilities"], ["vapproach", "taboo", "unapproached"], ["eight", "indeterminate", "far point", "eternity", "sequence", "finish", "p adic ordinal", "asymptotic", "discrete valuation", "infinitieth", "edgelessness", "infinite", "eternal", "shadow volume", "lattice energy", "lens", "infinities", "zoi", "infinitism", "horosphere", "unlimitedness", "apeirophobia", "asymptote", "ionization energy", "correspondence principle", "idealised", "klein paradox", "bicircular", "frequentism", "pragmaticism", "hyperquantum", "prime number theorem", "infinitesimal", "absolute", "magnitude", "approach", "escheresque", "riemann lebesgue lemma", "endlessness", "riemann sphere", "focal length", "infinity symbol", "ideal", "improper integral", "point", "finite", "antiresonance", "grossone", "telecentric", "values", "transfinite", "valuation", "bound", "optics", "beyond", "always", "forever", "ever", "space", "everlasting", "oblivio", "time", "and beyond", "lots"], ["booth", "tripod", "offstand", "bend over", "farmstand", "urinal", "outstand", "tree", "flip chart", "testifies", "row z", "uncast", "stand easy", "act", "firm", "hamburger", "coat rack", "vpresent", "bier", "aloft", "vtolerate", "astasia", "effort", "stands", "opinio", "barrel race", "bipod", "lampstand", "foot", "stock", "voccupy", "straddle", "mensuration", "thixotropic", "embarrassment", "witness box", "witness stand", "stage", "vhand", "tadasana", "landing gear", "vseek", "vhold", "vset", "standstill", "lebes gamikos", "freestanding", "flagstand", "lawn jockey", "terracing", "brandise", "stood", "walk up", "forstand", "court", "vfix", "tumbler washer", "taboret", "wicketkeeper", "bookstand", "pedestal fan", "tachi seki", "hashioki", "vumpire", "candlestick telephone", "cakestand", "perplexity", "standeth", "vvertical", "chairwork", "arms", "vvalid", "stomach", "devil's garden", "popcorn", "vundergo", "stagnate", "kiosk", "stand up", "take load off", "trivet", "rap jumping", "show bench", "vremai", "use", "vsituate", "approach", "ballhead", "standout", "stand on end", "unwavering"], [], ["vapproach"], ["accost", "approach", "address", "abords"], ["approach", "disruptionist", "policy"], ["knowledge", "course", "hub", "run", "routable", "lifeline", "cattle drive", "corpse road", "back double", "scenic route", "routes", "preroute", "out of one's way", "waypoint", "ghost", "functoid", "walking bus", "province", "skyway", "off track", "on one's way", "ceque", "accessway", "approach", "threadable", "split horizon", "unnavigable", "method", "bus station", "service road", "well trodden", "portage", "windway", "yua", "routing slip", "beta", "skip stop", "cook's tour", "major", "fire escape", "path", "sea lane", "mainline", "royal road", "later ji", "rideout", "microtransit", "passway", "superhighway", "bus route", "source routing", "circuit", "main line", "trade route", "timesaving", "all way to egery and back", "retroazimuthal", "subpathway", "vlocal area network", "transitway", "banana pancake trail", "circuitous", "wind road", "sawdust trail", "seaway", "share taxi", "connected graph", "way to go", "bang path", "routeless", "itinerary", "local area network", "shunpike", "nonroutable", "warpath", "airbridge", "waymark", "china", "marker degradation", "shipping lane", "addressed", "aggregation", "red shirt", "traverse", "wayfinder", "harness", "by way of", "zipway", "holddo ", "desire line", "routeman", "headway", "song", "stretch", "tang", "vsend", "path dependence", "codeshare", "unroutable", "flapping", "traceroute", "multipassage", "roadbook", "pace notes", "data flow", "delivery", "air lane", "way", "route planner", "semiloop", "highway", "packet switching", "common carrier", "corresponding", "undie run", "runaround", "mail relay", "imperial", "vrouter", "azalai", "misroute", "cavin", "trail", "dehubbing", "brevet", "way wise", "off course", "road", "mall", "ultrapeer", "unrouted", "anycasting", "vinternet", "air corridor", "routability", "routeway", "early", "address message", "wasteway", "dial ride problem", "longcut", "linehaul", "riverway", "spaceway", "sixty six", "sixty", "six", "highway number", "number", "trout", "rural", "canal", "maps", "designatio", "highway designatio", "going", "going way"], ["strike", "approach", "conjunctio", "movement", "occultatio"], [], ["aapproach", "time constant", "nonasymptotic", "aproperty", "ainfinity", "sch\u00f6nhage strassen algorithm", "horocycle", "asymptotia", "preasymptotic", "avalue", "borel summation", "prime number theorem", "asymptotical"], ["vproductionalizatio", "vapproach", "vlive", "vproductio", "productionalization", "venvironment", "vtechnology", "vadopt"], [], ["vconfront", "vapproach", "vcaringly", "vreprove", "vcarefrontatio", "vrespectful", "vloving"], ["approach", "trench", "besieger", "work"], [], ["symbolic", "upright", "sculpture", "monumental", "approach", "temple", "buddhist", "pillar", "gateway", "lintel", "transverse"], ["approach", "theory", "belief", "apophatic", "negative"], ["organizational", "dominance", "natio", "interest", "negotiate", "body", "specializatio", "side", "approach", "bilateralism", "lateralizatio", "lateralist", "subject", "lateral thinking", "multilateralism", "power", "compete", "structure", "work together", "multiple", "unilateralism", "scheme", "process"], ["vapproach"], ["tyranny", "tyrannical", "use", "bird", "despotic", "electio", "tyrannicidal", "nero", "approach", "pewee", "tyrannous", "other", "perso", "amanner", "tyrannouslyr", "elevated", "harshly", "strongman", "unjustly", "usurper", "suppressor", "abuse", "robespierre", "f\u00fchrer", "cruelly", "ofte", "nest", "treat", "one", "office", "gai", "rule", "thing", "tyrantess", "power", "tyranness", "successio", "strength", "alike", "king", "tyrannicide", "member", "villai", "violence", "god", "distinguished", "family", "fight", "ruler", "peisistratus", "atyrannous", "acharacteristic", "attila hun", "tyrannidae", "tyrants", "despot", "positio", "drive off", "extralegally", "gover", "atyrannical", "tyrannize", "control freak", "dictator", "bad", "cruel", "leader", "cruel leader", "bad dictator", "evil king", "evil", "bad ruler", "mean ruler", "mea", "autocrat", "bossy", "bossy ruler", "cruel dictator", "bad leader"], ["stage", "aapproaching", "approach", "acoming", "door", "upcoming", "advanced green", "benight", "early", "onset", "acloser", "oncomings", "wave"], ["approach", "asteroid", "trajectory"], ["pencil", "distance", "divergence", "convergence", "approach", "focal", "ray", "tendency", "lens", "verge", "reciprocal"], ["relationship", "exchange", "social", "psychology", "approach", "educatio", "transactionalist", "anthropology", "transactio", "interpersonal"], [], ["vbabble", "vdabble", "vsuperficial", "vchatter", "vstudy", "vsmack", "vapproach", "vtalk", "smatters", "smatterer", "smattering", "vspotty", "vknowledge", "vspeak"], ["rooted", "mathematics", "worldview", "approach"], [], ["millivolt", "mvc", "desig", "mecklenburg western pomerania", "mvp", "merchant vessel", "software", "music video", "germany", "motor vehicle", "mega volt", "megavolt", "view", "m s", "approach", "mvvm", "model", "motor vessel"], []], "/r/UsedFor": [[], [], [], [], [], [], [], [], [], [], [], [], [], [], [], [], [], [], [], [], [], [], [], [], [], [], [], ["driving", "bowling", "drive i", "drive o", "drive car", "restricting lateral movement", "traffic control", "control traffic flow", "keeping cars separated"], [], [], [], [], [], [], [], [], [], [], ["hair roller"], [], [], [], [], [], [], [], [], [], [], [], [], [], [], [], [], [], [], [], [], [" artifacttransport motio", " artifactfly motio", " artifactland motio", "wing artifact"], [], [], ["travel", "being in fron of houses", "traverse to destinatio", "driving o", "riding bik", "cars to use", "having name", "making space between buildings", "driving car o"], [], [], [], [], [], [], [], [], [], [], [], [], [], [], [], [], [], [], [], [], [], [], ["leg"], [], [], [], [], ["stay on course", "way to get somewhere", "get somewhere", "get to specific place", "getting from to b", "go places", "planning", "getting to another place", "planning drive", "travelling along", "driving to destinatio", "not getting lost"], [], [], [], [], [], [], [], [], [], [], [], [], [], [], [], [], [], [], [], [], [], [], []], "/r/LocatedAt": [[], [], [], [], [], [], [], [], [], [], [], [], [], [], [], [], [], [], [], [], [], [], [], [], [], [], [], [], [], [], [], [], [], [], [], [], [], [], [], [], [], [], [], [], [], [], [], [], [], [], [], [], [], [], [], [], [], [], [], [], [], [], [], [], [], [], [], [], [], [], [], [], [], [], [], [], [], [], [], [], [], [], [], [], [], [], [], [], [], [], [], [], [], [], [], [], [], [], [], [], [], [], [], [], [], [], [], [], [], [], [], [], [], []], "/r/FormOf": [[], ["propinquated", "propinquating", "propinquates"], [], ["antimethodologies"], ["vapproach", "approachings"], [], [], [], ["glideslopes"], ["appropinquations"], [], ["vapproach", "approach"], ["blindages"], [], [], [], [], [], ["nigher", "nighing", "nighs", "nighed", "nighest"], ["approachments"], [], ["outguards"], ["symbolicisms"], ["nighens"], [], ["beacons", "beaconing", "beaconed"], [], ["lanes"], [], [], [], [], [], ["outsentries"], [], [], ["estacades"], [], ["stylings", "vstyle"], [], [], ["approximates", "approximated", "approximating"], [], ["biographisms"], ["advanced", "advances", "advancing", "advanceth"], ["multimethodologies"], ["reaccessing", "reaccessed", "reaccesses"], [], [], [], ["vapproach"], [], [], ["accedes", "accedeth", "acceding", "acceded"], [], [], [], ["initiatives"], [], ["aircrafts"], [], [], ["avenues"], [], ["shied", "shys", "shies", "shiest", "shieth", "shyer", "shie", "shying", "shyest", "shier"], ["vocationalisms"], ["entanglements"], ["nears", "neared", "nearing", "nearest", "nearer"], [], ["accessability", "accessibilities"], [], ["cavins"], ["toucheth", "touching", "touched"], [], [], [], [], [], ["overturing", "overtures", "overtured"], [], [], ["takes", "taking", "tooketh"], ["approachabilities"], ["vapproach"], ["infinities"], ["stood", "standest", "stoodest", "standeth"], [], ["reapproaches", "reapproached", "reapproaching"], ["abords", "aborded", "abording"], [], ["routeing", "routes"], ["appulses"], [], [], ["productionalizes", "productionalizing", "productionalized"], [], ["carefronting", "carefronts", "carefronted"], ["counterapproaches"], [], ["torans"], ["apophatisms"], ["lateralisms"], [], ["tyranted", "tyranting", "tyrants"], ["oncomings", "voncome"], ["approachers"], ["vergencies"], [], [], ["smattered", "smatters"], [], [], ["mvs"], []], "/r/IsA": [[], [], [], [], ["change of location"], [], [], [], [], [], [], [], [], [], [], [], [], [], [], [], [], [], [], [], [], [" communicatiovisual signal communicatio", " artifacttower artifact", "signal fire communication communicatio"], [], ["small road", " artifactpath artifact", " artifactway artifact", "seaway artifact", "traffic lane artifact", "free throw lane artifact", "bowling alley artifact", "path", "road surface", "street", "section of road", "another word for street", "place occupied by humans"], [], [], [], [], [], [], [], [], [], [], [], [], [], [], [], [], [" possessiosum possessio", " actincrease act", "cash advance"], [], [], [], [], [], [], [], [], [], [], [], [], ["emotion"], [], ["stealth aircraft artifact", "bombers", "cruise missile artifact", " artifactcraft artifact", "bogy artifact", "lighter than air craft artifact", "radio controlled helicopter", "radio controlled airplane", "heavier than air craft artifact", "unmanned aircraft", "embraer e jets", "bae hawk", "lighter than air aircraft", "northrop grumman x 47b", "lockheed sr 71 blackbird", "boeing 787 dreamliner", "commercial aircraft", "atr 72", "avro lancaster", "craft", "de havilland comet", "airbus a320 family", "eurocopter tiger", "douglas dc 3", "bell x 1", "supermarine spitfire", "terrestrial functioning object", "cargo aircraft", "passenger aircraft", "dassault rafale", "boeing 777", "dassault mirage f1", "transportation device", "fixed wing aircraft", "witch's broomstick", "tupolev tu 4", "chuteopencycparachute", "sukhoi pak fa", "boeing ah 64 apache", "socata tbm", "sikorsky h 5", "aea silver dart", "hawker siddeley harrier", "military aircraft", "boeing b 52 stratofortress", "air transportation vehicle", "airplane", "convair b 36", "mil mi 24"], [], [], ["street", " actapproach act", " artifactstreet artifact", "abbreviated ave", "road", "way"], [], [" actthrow act"], [], ["quantum property"], [], [], [], [], [], [" eventcontact event", " attributetactile property attribute", " cognitioadeptness cognitio", "brush event", "grazing act", "stroke act", " cognitioexteroception cognitio", "snuff quantity", " cognitioperception cognitio", "tag baseball act", "stroke event", "grope act", "fingering act", " quantitysmall indefinite quantity", " attributemanner attribute", "tap act", "hit act", "common touch attribute", "palpation act", "tickle act", "dig act", "kiss act", "creepiness cognition cognitio", "finishing touch cognition cognitio", "contact act", "lick act", " communicatiosuggestion communicatio", " communicatiosolicitation communicatio", " cognitiosomatosense cognitio", "cutaneous sensation cognition cognitio", "handling act", " actact", " stateattack state", "catch act", "play"], [], [], [], [], [], [" communicatiosuggestion communicatio", " communicatiomusic communicatio"], [], [], ["retake act", " actfilming act"], [" attributefriendliness attribute"], [], ["\u03c9"], ["bleachers artifact", "reviewing stand artifact", " artifacttiered seats artifact", " actstop act", "grandstand artifact", " groupvegetation plant", " artifacttable artifact", " eventstop event", "repulsion act", " actdefense military", "cabstand location locatio", " locatioposition locatio", "lectern artifact", "object supporting furniture", "furniture", "generic artifact"], [], [], [], [], ["tangible thing", "ladder", "open thingopencycpath", "flow path", "water route", "mine shaft", "infiltration lane", "conveyor belt", "information route", "well travelled path", "path", "bidirectional route", "well", "toll route", "loc", "mountain pass", "closed route", "directed route", "mobility corridor", "physical path", "path surface", "elevator shaft", "constructed route", "cord like object"], [], [], [], [], [], [], [], [], [], [" cognitioreligion cognitio"], [], [], [" persoperson", " persoruler perso", "czar person perso", " persodictator perso", "opencyctyrant ancient greecehead of state", "opencyctyrant ancient greeceleader", "leader", "person"], [], [], [], [], [], [], [], [], [], []], "/r/PartOf": [[], [], [], [], [], [], [], [], [], [], [], [], [], [], [], [], [], [], [], [], [], [], [], [], [], [], [], [], [], [], [], [], [], [], [], [], [], [], [], [], [], [], [], [], [], [], [], [], [], [], [], [], [], [], [], [], [], [], [], ["cockpit artifact", "bay artifact", "nose artifact", "aircraft engine artifact", "skeleton artifact", "skin artifact", "fuel system artifact", "cabin artifact"], [], [], [], [], [], [], [], [], [], [], [], [], [" cognitiosomesthesia cognitio"], [], [], [], [], [], [], [], [], [], [], [], [], [" artifactstadium artifact", " artifactballpark baseball"], [], [], [], [], [], [], [], [], [], [], [], [], [], [], [], [], [], [], [], [], [], [], [], [], [], [], [], []], "/r/HasA": [[], [], [], [], [], [], [], [], [], [], [], [], [], [], [], [], [], [], [], [], [], [], [], [], [], [], [], ["competition swimming pool"], [], [], [], [], [], [], [], [], [], [], [], [], [], [], [], [], [], [], [], [], [], [], [], [], [], [], [], [], [], [], [], [], [], [], [], [], [], [], [], [], [], [], [], [], [], [], [], [], [], [], [], [], [], [], [], [], ["no beginning nor end"], [], [], [], [], [], [], [], [], [], [], [], [], [], [], [], [], [], [], [], [], [], [], [], [], [], [], [], [], []], "/r/CapableOf": [[], [], [], [], [], [], [], [], [], [], [], [], [], [], [], [], [], [], [], [], [], [], [], [], [], [], [], [], [], [], [], [], [], [], [], [], [], [], [], [], [], [], [], [], [], [], [], [], [], [], [], [], [], [], [], [], [], [], [], ["land on runway", "drop bomb"], [], [], [], [], [], [], [], ["crowd space"], [], [], [], [], [], [], [], [], [], [], [], [], [], [], [], [], [], ["people", "huma"], [], [], [], [], [], [], [], [], [], [], [], [], [], [], [], [], [], ["ruling natio"], [], [], [], [], [], [], [], [], [], []], "/r/AtLocation": [[], [], [], [], [], [], [], [], [], [], [], [], [], [], [], [], [], [], [], [], [], [], [], [], [], [], [], ["bowling alley", "highway", "city", "village", "in front of house", "street", "road", "to ", "rural countryside"], [], [], [], [], [], [], [], [], [], [], [], [], [], [], [], [], [], [], [], [], [], [], [], [], [], [], [], [], [], [], [], [" artifactsky object", "air", "huma", "bomb", "flight bag", "sky"], [], [], ["new york city", "city", "to "], [], [], [], [], ["soccer field"], [], [], [], [], [], [], [], [], [], [], [], [], [], [], [], [], [], [], [], [], [], [], ["map", "post office", "atlas"], [], [], [], [], [], [], [], [], [], [], [], [], [], [], [], [], [], [], [], [], [], [], []], "/r/HasProperty": [[], [], [], [], [], [], [], [], [], [], [], [], [], [], [], [], [], [], [], [], [], [], [], [], [], [], [], [], [], [], [], [], [], [], [], [], [], [], [], [], [], [], [], [], [], [], [], [], [], [], [], [], [], [], [], [], [], [], [], [], [], [], [], [], ["blue", "eastern brown snake", "red bellied black snake"], [], [], ["animals can reason food"], [], [], [], [], [], [], [], [], [], [], [], [], [], [], [], [], [], [], [], [], [], [], [], [], [], [], [], [], [], [], [], [], [], [], [], [], [], [], [], [], [], [], [], [], [], []], "/r/CreatedBy": [[], [], [], [], [], [], [], [], [], [], [], [], [], [], [], [], [], [], [], [], [], [], [], [], [], [], [], [], [], [], [], [], [], [], [], [], [], [], [], [], [], [], [], [], [], [], [], [], [], [], [], [], [], [], [], [], [], [], [], [], [], [], [], [], [], [], [], [], [], [], [], [], [], [], [], [], [], [], [], [], [], [], [], [], [], [], [], [], [], [], [], [], [], [], [], [], [], [], [], [], [], [], [], [], [], [], [], [], [], [], [], [], [], []], "/r/Synonym": [[], [], [], [], [" actapproach act", "coming a ", "forthcoming a ", " eventapproach event", " attributeapproach attribute", "upcoming a ", "upcoming", "going o"], [], [], [], [], [], [], [], [], [], [], [], [], [], ["near a ", "r virtuallyr ", "r closer ", "a near ", "aclose", "aclose by", "aclose to", "anear"], [], [], ["outsentry"], [], [], [], ["beacon light artifact", "lighthouse artifact", "beacon fire communication communicatio", "pharos artifact", " artifactradio beacon artifact"], [], ["alley", "carriageway"], [], [], [], [], [], ["outguard"], [], [], [], [], [], [], [], ["v cognitioestimate cognitio", "near a ", "a close together ", "come close stative", "a approximative ", "aclose"], [], [], ["cash advance possession possessio", "go on motion motio", "bring forward motion motio", "v competitiogain competitio", "v socialpromote social", " eventimprovement event", "rise act", "set ahead motion motio", " actprogress act", "v changeboost change", " eventprogress event", "move on motion motio", "a in advance ", "march on motion motio", "a beforehand ", " communicatiooverture communicatio", "v changeprogress change", "progress motion motio", "pass on motion motio", "throw out communication communicatio", "gain change", "expectant", "come closer", "progress", "come along", "go on", "way", "accelerate", "adduce", "vallege", "go forward", "attend to", "vaccelerate", "approach", "prepay", "vassig", "dignify", "push forward", "advance payment", "velevate"], [], [], [], [], [], [], [], [], ["enter social", "v communicatiosubmit communicatio", "v communicatioassent communicatio", "give way", "concede", "vcome around", "vagree", "accept", "agree", "vband together"], [], [], [], [" actfirst step act", "maiden a ", "inaugural a ", " attributeenterprise attribute", "initiatory a ", "first a ", "enterprise", "direct initiative", "innovativeness"], ["a reachable ", "accessible a ", "agetatable", "aaccessible"], ["flying machine"], [], [], ["boulevard artifact", "drive", "av", "wpmanhattanwpmanhatta"], [], ["a diffident ", "timid", "sheepish", "atimid", "bashful", "fainthearted", "shamefaced"], [], [" artifactweb artifact", "tangle", "knot"], ["v motioapproach motio", "close a ", "a dear ", "a nigh ", "r virtuallyr ", "a approximate ", "nigh a ", "a penny pinching ", "adjacent", "r closer ", "aboutr", "near side", "aclose to", "come close", "come closer", "aclose", "close", "rnearly", "nigh", "about", "near to"], [], [" attributeapproachability attribute", " attributehandiness attribute", ""], [], [], ["disturb contact", "pinch quantity", "soupcon quantity", "feeling cognition cognitio", "ghost communication communicatio", "touching act", "tinge quantity", "signature attribute", "sense of touch cognition cognitio", "spot state", "v consumptiopartake consumptio", "jot quantity", "cutaneous senses cognition cognitio", "contact", "v communicatioallude communicatio", " communicatiocontact communicatio", "meet contact", "v stativereach stative", "trace communication communicatio", "v changeimbue change", "v stativeequal stative", "speck quantity", "adjoin contact", "stir emotion emotio", "touch modality cognition cognitio", "v stativerefer stative", "mite quantity", "touch sensation cognition cognitio", "v changeaffect change", "hint quantity", "touching event", "skin senses cognition cognitio", "tactile sensation cognition cognitio", "tactual sensation cognition cognitio"], [], [], [], [], [], ["approach communication communicatio", " eventpreliminary event", "feeler communication communicatio", "advance communication communicatio", "proposal"], [], [], ["v changeremove change", "v changeassume change", "v possessiosubscribe possessio", "v communicatioclaim communicatio", "v stativeaccept stative", "v socialfill social", "v cognitiolearn cognitio", "read cognition cognitio", " possessioreturn possessio", "v moviefilm movie", "v consumptioconsume consumptio", "occupy possession possessio", "submit cognition cognitio", "use up possession possessio", "accept", "have contact", "v cognitiochoose cognitio", "vreceive", "v competitioaim competitio", "v drivingdrive driving", "v cognitioconsider cognitio", "v motioassume motio", "v possessioaccept possessio", "v stativecarry stative", "vcapture", "get hold of contact", "accept possession possessio", "make motion motio", "v stativecontain stative", "v bodycontract body", "v possessiolease possessio", "v stativenecessitate stative", "v motiolead motio", "v motiobring motio", "vget", "vcaptivate", "vassume", "haul", "perspective", "vcatch", "vcarry", "vwi", "vhave", "vremove", "download"], ["accessibility attribute"], [], [" timeeternity time", "endlessness", "lemniscate", ""], ["stand up contact", "place upright contact", "remain firm stative", "tie up event", " artifactbandstand artifact", " artifactrack artifact", "standstill event", " cognitiopoint of view cognitio", "v cognitiodigest cognitio", " artifactbase artifact", "v competitioresist competitio", " artifactstall artifact", "bearwiktfr 1", "gueridon", "stall"], [], [], [], [], [" artifactroad artifact", " locatiopath locatio", "lu"], [], [], ["aasymptotical", "asymptotical"], [], [], [], [], [], [], [], [], [], ["despot person perso", "autocrat person perso", "archo", "tyrant flycatcher", "autocrat", "despot", ""], [" eventonset event", "approach", "upcoming"], [], [], [], [], ["v socialdabble social", "v communicatiobabble communicatio"], [], [], [" substancemendelevium substance", " quantitymillivolt quantity"], []], "/r/LocatedNear": [[], [], [], [], [], [], [], [], [], [], [], [], [], [], [], [], [], [], [], [], [], [], [], [], [], [], [], [], [], [], [], [], [], [], [], [], [], [], [], [], [], [], [], [], [], [], [], [], [], [], [], [], [], [], [], [], [], [], [], [], [], [], [], [], [], [], [], [], [], [], [], [], [], [], [], [], [], [], [], [], [], [], [], [], [], [], [], [], [], [], [], [], [], [], [], [], [], [], [], [], [], [], [], [], [], [], [], [], [], [], [], [], [], []], "/r/SimilarTo": [[], [], [], [], ["future a ", "a future "], [], [], [], [], [], [], [], [], [], [], [], [], [], ["left a ", "a left "], [], [], [], [], [], [], [], [], [], [], [], [], [], [], [], [], [], [], [], [], [], [], ["a close ", "close a "], [], [], [], [], [], [], [], [], [], [], [], [], [], [], [], ["opening a ", "a opening "], ["comprehensible a ", "accessible a ", "a accessible ", "a comprehensible "], [], [], [], [], [], ["a insufficient ", "a wary ", "insufficient a ", "wary a "], [], [], ["warm a ", "a adjacent ", "adjacent a ", "nearby a ", "a warm ", "a nearby ", "a artificial ", "a hot ", "artificial a ", "hot a ", "anearby", "nearby"], [], [], [], [], [], [], [], [], [], [], [], [], [], [], [], [], [], [], [], [], [], [], [], [], [], [], [], [], [], [], [], [], [], [], [], [], ["a moving ", "moving a "], [], [], [], [], [], [], [], [], []], "/r/MadeOf": [[], [], [], [], [], [], [], [], [], [], [], [], [], [], [], [], [], [], [], [], [], [], [], [], [], [], [], [], [], [], [], [], [], [], [], [], [], [], [], [], [], [], [], [], [], [], [], [], [], [], [], [], [], [], [], [], [], [], [], [], [], [], [], [], [], [], [], [], [], [], [], [], [], [], [], [], [], [], [], [], [], [], [], [], [], [], [], [], [], [], [], [], [], [], [], [], [], [], [], [], [], [], [], [], [], [], [], [], [], [], [], [], [], []], "/r/ReceivesAction": [[], [], [], [], [], [], [], [], [], [], [], [], [], [], [], [], [], [], [], [], [], [], [], [], [], [], [], [], [], [], [], [], [], [], [], [], [], [], [], [], [], [], [], [], [], [], [], [], [], [], [], [], [], [], [], [], [], [], [], [], [], [], [], [], [], [], [], [], [], [], [], [], [], [], [], [], [], [], [], [], [], [], [], [], [], [], [], [], [], [], ["followed"], [], [], [], [], [], [], [], [], [], [], [], [], [], [], [], [], [], [], [], [], [], [], []]}, "/r/UsedFor": {}, "/r/LocatedAt": {}, "/r/FormOf": {"/r/RelatedTo": [["domain of convergence", "on way", "toward", "rnearly", "moribund", "dopplergram", "convergence", "oncoming", "converging", "approximate", "vapproach", "forthcoming"], ["approach", "vapproach"], ["vapproach"], [], ["vapproach", "taboo", "unapproached"]], "/r/UsedFor": [[], [], [], [], []], "/r/LocatedAt": [[], [], [], [], []], "/r/FormOf": [["vapproach", "approachings"], ["vapproach", "approach"], ["vapproach"], ["vapproach"], ["vapproach"]], "/r/IsA": [["change of location"], [], [], [], []], "/r/PartOf": [[], [], [], [], []], "/r/HasA": [[], [], [], [], []], "/r/CapableOf": [[], [], [], [], []], "/r/AtLocation": [[], [], [], [], []], "/r/HasProperty": [[], [], [], [], []], "/r/CreatedBy": [[], [], [], [], []], "/r/Synonym": [[" actapproach act", "coming a ", "forthcoming a ", " eventapproach event", " attributeapproach attribute", "upcoming a ", "upcoming", "going o"], [], [], [], []], "/r/LocatedNear": [[], [], [], [], []], "/r/SimilarTo": [["future a ", "a future "], [], [], [], []], "/r/MadeOf": [[], [], [], [], []], "/r/ReceivesAction": [[], [], [], [], []]}, "/r/IsA": {"/r/RelatedTo": [[], [], [], [], [], [], [], [], [], [], [], [], []], "/r/UsedFor": [[], [], [], [], [], [], [], [], [], [], [], [], []], "/r/LocatedAt": [[], [], [], [], [], [], [], [], [], [], [], [], []], "/r/FormOf": [[], [], [], [], [], [], [], [], [], [], [], [], []], "/r/IsA": [[], [], [], [], [], [], [], [], [], [], [], [], []], "/r/PartOf": [[], [], [], [], [], [], [], [], [], [], [], [], []], "/r/HasA": [[], [], [], [], [], [], [], [], [], [], [], [], []], "/r/CapableOf": [[], [], [], [], [], [], [], [], [], [], [], [], []], "/r/AtLocation": [[], [], [], [], [], [], [], [], [], [], [], [], []], "/r/HasProperty": [[], [], [], [], [], [], [], [], [], [], [], [], []], "/r/CreatedBy": [[], [], [], [], [], [], [], [], [], [], [], [], []], "/r/Synonym": [[], [], [], [], [], [], [], [], [], [], [], [], []], "/r/LocatedNear": [[], [], [], [], [], [], [], [], [], [], [], [], []], "/r/SimilarTo": [[], [], [], [], [], [], [], [], [], [], [], [], []], "/r/MadeOf": [[], [], [], [], [], [], [], [], [], [], [], [], []], "/r/ReceivesAction": [[], [], [], [], [], [], [], [], [], [], [], [], []]}, "/r/PartOf": {}, "/r/HasA": {}, "/r/CapableOf": {}, "/r/AtLocation": {}, "/r/HasProperty": {}, "/r/CreatedBy": {}, "/r/Synonym": {"/r/RelatedTo": [[], [], [], [], [], [], [], [], [], [], [], [], [], [], [], [], [], [], [], ["tao", "door", "manner", "road", "far", "hall", "river", "canal", "galaxy", "ay", "any old howr", "ninja", "route", "status quo", "anticlastic", "passway", "as", "anythingrwikten 2", "tmtowtdi", "world weary", "no way", "stop someone in his tracks", "mumpsimus", "ways", "thought", "line of thought", "pioneer", "umgang", "relate", "how so", "life", "popularlyr", "wayless", "wikten 1thor", "of sorts", "how sor", "pig lati", "wayed", "halfwayr", "divagation", "descent"], [], ["arrive", "retur", "comings", "nascence", "pervention", "outcrop", "incoming", "oncoming", "toward", "on way", "northeasterly", "vcome", "ominous", "come", "apocalyptician", "future", "joi", "next", "forth", "enter", "gather", "arise", "fuse", "unio", "arrival", "emergence", "birthday", "unite", "base", "debut", "branch", "early", "meeting", "encore", "rise"], [], ["car", "actio", "cars", "steer", "moving", "operate", "movement", "activity", "driver", "driving", "vehicle", "steering", "move", "road", "control", "travel", "car actio", "motio", "operate car", "go", "do", "transportatio", "in car", "steer car", "car movement", "move car", "automobile", "operating", "car activity", "car travel", "golf", "control car", "moving car", "what", "feeze", "device", "unperch", "outdrive", "unearth", "cartroad", "ability", "first do ", "corner", "propulsion", "header", "hackney", "overdriven", "vertical", "testosteronal", "dement", "invalid carriage", "driver fatigue", "bat", "data", "deadhead", "drivelike", "untappice", "motorvate", "pull up", "ambitio", "vmotivate", "wardrive", "stave", "cabdriver", "vincentive", "bake sale", "read", "exorcise", "straight", "matrix", "test drive", "slant", "redrive", "riplock", "vforcefully", "vcompel", "driveway", "sustained", "coupled", "drover", "tool around", "write", "leadfoot", "float", "arc", "tailgate", "flash drive", "psychohydraulics", "roust", "minicab", "stroke", "hyperboulia", "death drive", "serpentine belt", "truck driver", "vhit", "framebuffer", "vprovide", "impaired", "bayonet", "defragmentation", "objective", "midwicket", "outboard motor", "pootle along"], ["door", "gate", "hall", "entrances", "ploutonion", "threshold", "portico", "back door", "lodge", "hypnotizinglyr", "spellbind", "eisodia", "atrium", "coat rack", "trajector", "tentwiser", "beginning", "adjective verb", "reentrance", "caisson", "entranceway", "demigorge", "opisthodome", "green room", "higher", "bow net", "aditus", "entry", "entranceless", "earhole", "porch", "front door", "forebuilding", "readograph", "enter", "gatehouse", "dustmat", "foregate", "ingoing", "propylon", "front", "marquee", "entrancest", "entranceth", "entryphone", "introitus vagin\u00e6", "magnetize", "gateway", "entrancement", "periliminal", "barbican", "admit", "hell gate", "core lane", "motel", "access control", "liminal", "propylaeum", "portcullis", "valgrind", "parodos", "spellbound", "vestibule", "snow porch", "murder hole", "introit", "way in", "doorway", "infaring", "rabbit hole", "trapdoor", "leak", "apodyterium", "cloverleaf interchange", "entryway", "garage door", "catch", "close off", "side entrance", "entrancing", "doorman", "entranced", "buzz up", "portal", "outsentry", "headframe", "box canyon", "inrunning", "entrancer", "lobby", "entering", "way", "window", "fireplace", "entering place", "door i", "place", "for entering", "exist", "in beginning", "admissio", "corridor", "frame", "walkway", "doorways", "fee", "enter door", "going", "going i", "lip", "doors", "way i", "mouth"], [], ["rest", "bring", "accept", "vchoose", "vabsorb", "vuse", "vselect", "carry", "adopt", "drink", "deliver", "walk", "vbelieve", "vchange", "taken", "vpossessio", "ingest", "vbestow", "taken aback", "view", "film", "vexperience", "vcaptivate", "compositor", "video assist", "break", "vfight", "foretake", "opinio", "vinquiry", "crystallize", "interruptio", "catch", "unexpected", "possession", "vgrip", "loowikten 2", "bridgehead", "cart away", "vregard", "vmove", "vlead", "inoculatio", "vaccept", "vcarry", "vdo", "hanses", "serve two masters", "vsuffer", "successful", "pull sickie", "spit take", "vsubmit", "wicket keeper", "shelter", "approach"], [], ["forward", "ahead", "move", "preview", "vprovide", "credit", "prefer", "abderitism", "put forth", "invisible runner", "inroad", "prequalify", "floor plan lending", "preoptimization", "apex", "beat someone's time", "elden", "additio", "acompleted", "upfront", "drive", "move out to up", "pictionary", "technoplegic", "x prize", "notice", "brass ring", "standard fare", "rack and snail", "regulatory capture", "vpropose", "backward", "vfurther", "advanced", "dribble", "sexual harassment", "advances", "imprest", "predetermined", "mend", "rotate", "set aside", "vpush", "prepoll", "overture", "preprogram", "self assertive", "backward pa ", "advanceth", "vprogress", "prefiguration", "run at", "prespecified", "vapproach", "outslide", "bridgehead", "vput forward", "prebooked", "van courier", "preconcerted", "preset", "forewarning", "foreset", "traditional publisher", "vlift", "vpromote", "advancement", "go", "vbid", "ahead of one's time", "dead horse", "screener", "approximate", "advantage", "advancive", "encroachment", "premeditation", "vhappe", "prevision", "careerism", "practical alchemy", "lovemaking", "unplanned", "vprefer", "vincrease", "break even", "aheadr", "premeditated", "vhaste", "outrider", "encroach", "electrickery", "prior", "improvement", "proceed", "foredetermined", "flash crowd", "loa", "reservation", "apreceding", "prepayer", "amilestone", "stagnate", "break ground", "sidle", "earn out", "creep up", "money", "opportunist", "vforwards", "value", "vlend", "cassette drive", "holding pattern", "wolf", "predoom", "foreshadow", "aforward", "qwerty phenomenon", "advancest", "press on", "forewarned is forearmed", "supermajority", "leadwikten 2", "get ahead", "velevate"], ["stage", "aapproaching", "approach", "acoming", "door", "upcoming", "advanced green", "benight", "early", "onset", "acloser", "oncomings", "wave"], []], "/r/UsedFor": [[], [], [], [], [], [], [], [], [], [], [], [], [], [], [], [], [], [], [], [], [], [], [], ["storing data", "compact artifact motio", "international highway", "motorway", "ambulance artifact motio", "car artifact motio", "cabriolet", "park o", "use computer", "highway"], ["entering building", "entering", "enter building", "go inside", "get inside building", "entering area", "going through to enter anywhere", "going i", "hallway", "going through to enter building", "first floor", "egress to room", "go i"], [], [], [], [], [], []], "/r/LocatedAt": [[], [], [], [], [], [], [], [], [], [], [], [], [], [], [], [], [], [], [], [], [], [], [], [], [], [], [], [], [], [], []], "/r/FormOf": [[], [], [], [], [], [], [], [], [], [], [], [], [], [], [], [], [], [], [], ["ways", "raway"], [], ["comings", "come"], [], ["driving", "driveth"], ["entraunce", "entrancing", "entrances", "enterance", "entranced"], [], ["takes", "taking", "tooketh"], [], ["advanced", "advances", "advancing", "advanceth"], ["oncomings", "voncome"], []], "/r/IsA": [[], [], [], [], [], [], [], [], [], [], [], [], [], [], [], [], [], [], [], ["primrose path act", "ambages act", "sweating", "eating", " possessioshare possessio", "path artifact", "warpath act", " actcourse act", "passage artifact", " artifactartifact", "access artifact", "straight and narrow act", "lane artifact", " cognitiocategory cognitio", "watercourse artifact", "stairway artifact", " attributedistance attribute", " statecondition state", " cognitiochoice cognitio", "sunnah islam act", "running", " actjourney act", "road artifact", "runway", "slipway", "path to somewhere", "candy bar"], [], [], [], [" artifactroad artifact", "internal drive artifact computer science", " artifactmechanism artifact", " actgolf stroke act", "external drive artifact computer science", "energy attribute", "forehand drive squash", "spin act", "backhand drive act squash", "cattle drive act", "disk drive computer science", "cd drive artifact computer science", "thirst state", "firewall act", "sex drive state", "fusee drive artifact", " computer sciencedevice artifact", "impulse act", "joyride act", " statephysiological state", " actjourney act", "cd rom drive artifact computer science", "enterprise attribute", " acttransportation act", "aggressiveness attribute", "lift act", "hunger state", "ram disk computer science", " squashreturn act", " attributetrait attribute", "ambition attribute", "hypoxia state", "action attribute", " actpropulsion act"], ["portal artifact", "vomitory artifact", "intrusion act", "gateway artifact", "entree act", "arch artifact", "stage door artifact", "pithead artifact", "doorway artifact", "invasion event", " artifactaccess artifact", "hatchway artifact", "admission act", "irruption act", "service door artifact", "porte cochere artifact", "penetration act", "registration act", " eventchange of location event", " actarrival act", "incursion act", "door", "find downstairs", "opening", "gate", "portal"], [], ["retake act", " actfilming act"], [], [" possessiosum possessio", " actincrease act", "cash advance"], [], []], "/r/PartOf": [[], [], [], [], [], [], [], [], [], [], [], [], [], [], [], [], [], [], [], ["wayside artifact", " artifacttransportation system artifact"], [], [], [], ["spindle artifact computer science"], [], [], [], [], [], [], []], "/r/HasA": [[], [], [], [], [], [], [], [], [], [], [], [], [], [], [], [], [], [], [], [], [], [], [], [], [], [], [], [], [], [], []], "/r/CapableOf": [[], [], [], [], [], [], [], [], [], [], [], [], [], [], [], [], [], [], [], [], [], [], [], ["rotate disk"], [], [], [], [], [], [], []], "/r/AtLocation": [[], [], [], [], [], [], [], [], [], [], [], [], [], [], [], [], [], [], [], ["cat", "weasel"], [], [], [], [], ["theatre", "cave", "stadium", "lock", "front of house", "house"], [], [], [], [], [], []], "/r/HasProperty": [[], [], [], [], [], [], [], [], [], [], [], [], [], [], [], [], [], [], [], [], [], ["after night day", "lookout can watch whether", "fall"], [], [], [], [], [], [], [], [], []], "/r/CreatedBy": [[], [], [], [], [], [], [], [], [], [], [], [], [], [], [], [], [], [], [], [], [], [], [], [], [], [], [], [], [], [], []], "/r/Synonym": [[], [], [], [], [], [], [], [], [], [], [], [], [], [], [], [], [], [], [], [" attributemanner attribute", "way of life act", " quantityroom quantity", " locatiodirection locatio", "r right smartr ", "path act", " actmeans act", "usage", "significantlyr", "approach", "road", "course", "street", "path", "highroad", "wont", "distance", "habitude", "device", "second nature", "trail", "pathway", "fashio", "manner", "channel", "alley"], [], [" attributeapproach attribute", "a approaching ", " actorgasm act", " actadvent act", " actapproach act", "afollowing", "aaccess", "apending", "aahead", "aforthcoming", "aapproach", "alooming", "upcoming", "anext", "asubsequent", "aupcoming"], [], ["aim communication communicatio", "get communication communicatio", "parkway artifact", "driving act", "v socialtug social", " artifactdriveway artifact", "ride act", "take driving", "v contactrepel contact", "thrust act", " actcampaign act", "motor driving", "ride stative", "driving force act", "v contactforce contact", "line drive", "vimpel", "get up and go", "vcompel"], ["v emotiocapture emotio", "ingress act", "entry artifact", "spellbind body", "entranceway artifact", "entryway artifact", "entry act", "entering act", "entering event", "entree artifact", "incoming act", "entrance hall", "approach", "doorway", "admittance", "entry", "admissio", "admission", "hall"], [], ["v changeremove change", "v changeassume change", "v possessiosubscribe possessio", "v communicatioclaim communicatio", "v stativeaccept stative", "v socialfill social", "v cognitiolearn cognitio", "read cognition cognitio", " possessioreturn possessio", "v moviefilm movie", "v consumptioconsume consumptio", "occupy possession possessio", "submit cognition cognitio", "use up possession possessio", "accept", "have contact", "v cognitiochoose cognitio", "vreceive", "v competitioaim competitio", "v drivingdrive driving", "v cognitioconsider cognitio", "v motioassume motio", "v possessioaccept possessio", "v stativecarry stative", "vcapture", "get hold of contact", "accept possession possessio", "make motion motio", "v stativecontain stative", "v bodycontract body", "v possessiolease possessio", "v stativenecessitate stative", "v motiolead motio", "v motiobring motio", "vget", "vcaptivate", "vassume", "haul", "perspective", "vcatch", "vcarry", "vwi", "vhave", "vremove", "download"], [], ["cash advance possession possessio", "go on motion motio", "bring forward motion motio", "v competitiogain competitio", "v socialpromote social", " eventimprovement event", "rise act", "set ahead motion motio", " actprogress act", "v changeboost change", " eventprogress event", "move on motion motio", "a in advance ", "march on motion motio", "a beforehand ", " communicatiooverture communicatio", "v changeprogress change", "progress motion motio", "pass on motion motio", "throw out communication communicatio", "gain change", "expectant", "come closer", "progress", "come along", "go on", "way", "accelerate", "adduce", "vallege", "go forward", "attend to", "vaccelerate", "approach", "prepay", "vassig", "dignify", "push forward", "advance payment", "velevate"], [" eventonset event", "approach", "upcoming"], []], "/r/LocatedNear": [[], [], [], [], [], [], [], [], [], [], [], [], [], [], [], [], [], [], [], [], [], [], [], [], [], [], [], [], [], [], []], "/r/SimilarTo": [[], [], [], [], [], [], [], [], [], [], [], [], [], [], [], [], [], [], [], [], [], [], [], [], [], [], [], [], [], ["a moving ", "moving a "], []], "/r/MadeOf": [[], [], [], [], [], [], [], [], [], [], [], [], [], [], [], [], [], [], [], [], [], [], [], [], [], [], [], [], [], [], []], "/r/ReceivesAction": [[], [], [], [], [], [], [], [], [], [], [], [], [], [], [], [], [], [], [], [], [], [], [], [], [], [], [], [], [], [], []]}, "/r/LocatedNear": {}, "/r/SimilarTo": {}, "/r/MadeOf": {}, "/r/ReceivesAction": {}}}, "": {"N1": {"/r/RelatedTo": ["windowdoor", "worklabor", "butchermeat", "gallomeasure", "woundgash", "punishmentcrime and", "chickelaying", "thricerthree", "informed educated ", "closed obstructed ", "transpondianrightpondia", "mystifymystery", "audiovisualsaudiovisual"], "/r/UsedFor": ["flash artifactlight physics", "string bassplaying music"], "/r/LocatedAt": [], "/r/FormOf": ["air burstsair burst", "pot belliespot belly", "cross sectionscross sectio"], "/r/IsA": ["suburb locatioresidential district locatio", "western skink animalskink animal", "inertial mass physicsmass attribute", "leading man persoactor perso", "occasion timetime time", "tree toad animalfrog animal", "petaurista animalmammal genus animal", "torch singer persosinger perso", "drop arch artifactpointed artifact", "rottenstone substancelimestone substance", "scorpionfish animalscorpaenid animal", "temporary hookup artifactconnection artifact", "acrylic fiber substanceman made substance", "dependence statestate ", "overhand pitch actpitch baseball", "american spikenard plantsubshrub plant", "hedonist persosensualist perso", "homecoming actreunion act", "aldrovanda plantdicot genus plant", "ambystomatidae animalamphibian family animal", "assist ice hockeymaneuver act", "tithe barn artifactbarn artifact", "hypsometer artifactaltimeter artifact", "papyrus communicatiodocument communicatio", "cacodyl substancegroup chemistry", "penance actsacrament act", "rule of evidence lawrule communicatio", "usherette persousher perso", "hooks bodyhand body", "bilabial communicatiolabial consonant communicatio", "kurdish communicatioiranian communicatio", "theism cognitioreligion cognitio", "aristocrat persoleader perso", "bundesbank groupcentral bank group", "skirtform of female attire", "yardarm artifactend locatio", "supreme court lawfederal group"], "/r/PartOf": ["satachristian myth", "old testament communicatiobible communicatio", "styloid process bodytemporal bone body", "voider artifactbody armor artifact", "tower of london artifactlondon locatio"], "/r/HasA": ["baywater"], "/r/CapableOf": ["blanketscover bed", "chefbone chicke", "authorswrite books"], "/r/AtLocation": ["windowhouse", "dustcarpet", "action figuretoy department", "barbershopmall", "mouselab maze"], "/r/HasProperty": [], "/r/CreatedBy": [], "/r/Synonym": ["hawaiian honeycreeper animalhoneycreeper animal", "thing cognitiomatter cognitio", "dprk locationorth korea locatio", "gas tight air ", "get into possessioget in possessio", "west persocicily isabel fairfield perso", "sapindus drumondii plantwild china tree plant", "abls communicatiobachelor of arts in library science communicatio", "homburg artifactfedora artifact", "choking coil artifactchoke artifact", "sewerage artifactsewer artifact", "fish bowl stategoldfish state", "caddy golfcaddie golf", "moray eel animalmoray animal", "family zygnemataceae animalzygnemataceae animal", "severity attributeaustereness attribute", "hors d oeuvre foodhors food", "chukka artifactchukka boot artifact", "immunise competitioimmunize competitio", "kindling pointautoignition temperature", "corruptlyr corruptedlyr ", "lazy faineant ", "copernicia prunifera plantcarnauba plant", "log z's bodysleep body", "sworn pledged ", "palestine authority grouppalestine national group", "polyodon spathula animalpaddlefish animal", "linnaea borealis americana plantamerican twinflower plant", "stylise artstylize art", "thank youthank you very much", "infirm decrepit ", "uriniferous tubule bodynephron body", "passing actpassage act", "rio nunez coffee plantrobusta plant", "experimentation cognitioexperiment cognitio", "powerful knock do a ", "lichgate artifactlychgate artifact", "take advantage socialtrespass social", "pyrethrum plantpainted daisy plant", "take turns changealternate change", "water level locatiowaterline locatio", "fuddle stateclutter state", "insisting communicatioinsistence communicatio", "vibrate perceptioresonate perceptio", "viridity attributegreen attribute", "yarn dye changeimpress change", "balaenoptera borealis animalsei whale animal", "electron orbit locatioorbit locatio", "lillie persobeatrice perso"], "/r/LocatedNear": [], "/r/SimilarTo": ["large leafed leafy ", "captious critical ", "exaggerated increased ", "effective militaryoperational military", "tasty winey ", "fast breaking news article", "second rate inferior ", "disputatious argumentative ", "private nonpublic ", "coated glazed ", "free clear "], "/r/MadeOf": [], "/r/ReceivesAction": []}, "N2": {}}}