{"attach": {"N1": {"/r/RelatedTo": ["joi", "vjoi", "bolt on", "dorsifixed", "crossback", "basifixed", "glitten", "apicifixed", "flea circus", "attached", "fasten", "hitch", "rubberbanding", "pick", "attaching", "shell", "plaque", "accelerated graphics port", "barnacle", "affix", "telepolariscope", "recement", "chape", "label", "spur leather", "attachablyr", "bottle cage", "pin do v", "epimerite", "cartopper", "attachable", "ledger", "tin can telephone", "brad", "rope up", "perihydro", "lightning rod", "chatelaine", "skatemobile", "caudicle", "fixate", "slip knot", "torus", "culch", "steerer tube", "banksman", "re attach", "sessile", "mesocyst", "interfix", "sumoylate", "safety belt", "vattachment", "adjunct", "applywikten 1", "distaff", "egg crate", "pilaster", "disattachment", "terminal tackle", "vfaste", "attacher", "foreganger", "engagement", "decorate", "fix", "lightning conductor", "footplate", "navel", "hinge", "real right", "tongue lolling bit", "medifixed", "main line", "mammy market", "attacht", "wallscape", "cg lightning", "cringle", "hook", "preattached", "flocculation", "chalaza", "glue", "transannular strain", "piggyback", "weight do v", "sharebeam", "ganging", "rivet", "vvest", "freestanding", "fasten up", "connect", "leg"], "/r/UsedFor": ["hole"], "/r/LocatedAt": [], "/r/FormOf": ["attacheth", "attached", "attachest", "attaches", "attaching"], "/r/IsA": [], "/r/PartOf": [], "/r/HasA": [], "/r/CapableOf": [], "/r/AtLocation": [], "/r/HasProperty": [], "/r/CreatedBy": [], "/r/Synonym": ["v possessioimpound possessio", "v socialbind social", "vjoi", "vseize", "vdistrai", "vconnect", "tie on", "vdistress", "hook on", "fasten", "hitch on", "vtie", "fix", "join", "vfix", "vaffix"], "/r/LocatedNear": [], "/r/SimilarTo": ["connect"], "/r/MadeOf": [], "/r/ReceivesAction": []}, "N2": {"/r/RelatedTo": {"/r/RelatedTo": [["submissive", "masturbate", "jerk off"], [], [], ["aapicifixed", "abasifixed", "aback", "medifixed", "afilament", "aattach", "basifixed", "apicifixed", "amedifixed", "aanther"], ["cross course", "brace", "shoulder blade", "railroad crossing", "hairpin bend", "step", "attach", "sig", "measurement"], ["adorsifixed", "aattach", "abase", "afilament", "medifixed", "aapicifixed", "aanther", "dorsifixed", "apicifixed", "amedifixed"], ["glove", "attach", "mitte", "fingerless"], ["aanther", "atop", "abasifixed", "afilament", "aattach", "adorsifixed", "ahook", "amedifixed", "medifixed", "basifixed", "dorsifixed"], [], ["hand", "loving a ", "a loving ", "arm", "leg", "attachedness", "misattached", "gatepost", "astem", "appendant", "vattach", "fixated", "hair extension", "organic", "nonsecured", "weather vane", "marcescent", "fixed", "hotbar", "side chain", "juice box", "serf", "radioactive tracer", "affixed", "nas", "nonattached", "overattached", "adhere", "adecurrent", "bower anchor", "astipe", "free", "superattached", "unsecured", "shank", "in round", "anorak", "unattached", "feet", "foot", "neck", "head", "barnacle", "kite", "tongue", "trailer", "branch", "wing", "crucifix", "lose"], ["lace up", "affix", "synartesis", "latherer", "fasten up", "vland", "vattach", "watchband", "garden nail", "reballing", "loopwikten 2", "vbreastfast", "shoelace", "belace", "fasteneth", "boltable", "fastenable", "rother nail", "leash", "fastened", "rivetable", "unloose", "peg", "hank", "vheadfast", "hatstring", "tie back", "rivet", "lockdo ", "unbanded", "fastening", "snap", "knockdo a", "buckle up", "swingtree", "cringle", "ziptop", "strap up", "velcro", "paperclip", "anchorage", "do up", "loose end", "pin", "stake", "vholdfast", "vhandfast", "bind", "chinstrap", "inknot", "deadbolt", "hood ornament", "ziploc", "toenail", "screw peg", "hasp", "gumming", "dowel", "buttonable", "vmakefast", "doorlatch", "zippable", "chain", "rebutton", "cable", "wire", "clear decks", "belt up", "attach", "strap", "vtell", "buttoner", "moor up", "fastenest", "cord", "pointmaker", "bonnetstring", "latchable", "slingwikten 1", "bridgeboard", "eyesplice", "snap fastener", "drawing board", "vsteadfast", "belock", "butt hinge", "button up", "peg do v", "thrap", "overcast", "belt", "straw nail", "lace", "chokerman", "fastener", "sleepsack", "vconnect", "capstring", "vsitfast", "fastens", "refasten", "hook and eye", "vcragfast", "grapplewikten 1", "screwdriving", "breastfast", "pinback", "shoelacing", "vbedfast", "vfast", "bootlaced", "vsoothfast", "snipebill", "hitch", "vcolorfast", "sagum", "restraint", "bootlace", "clinch", "vshamefast", "seal"], ["trailer", "ossel hitch", "problem", "hitch knot", "sudde", "fifth wheel", "pull", "rope", "vfaste", "vjerk", "hang up", "hitches", "hitcht", "hitchless", "dolly knot", "knot", "catch", "vattach", "vmarry", "element", "axle hitch", "richard", "magnus hitch", "difficulty", "vinterfere", "sailor's hitch", "vpull", "vthumb ride", "fastener", "clinch", "trucker's hitch", "friction hitch", "delay", "cow hitch", "vhitchhike", "cat's paw", "trailer hitch", "hitchlesslyr", "connectio", "without hitchr", "vtie", "contretemps", "conditio", "point", "unhitch", "get hitched", "timber hitch", "hitched", "hitching bar", "hitching", "half hitch"], ["attach", "point", "move", "technique", "shape"], ["choose", "pick out", "lift", "pick off", "flang", "scree", "varm", "vplay", "vattach", "vpluck", "jostle", "vlock pick", "rondalla", "pickman", "vhand", "vrelease", "vselect", "vwire", "primrose", "shuttle", "ventire", "vdecide", "handpick", "dermatillomania", "picklock", "culler", "interceptio", "vball", "fire axe", "vfingernail", "vconsumptio", "picksome", "pickfest", "choice", "prepicked", "vplant", "vpositio", "lockpicker", "auriscalpium", "pikeman", "vharvest", "pickoff", "hakapik", "agri entertainment", "vremove", "vgrasp", "vvegetable", "pickproof", "mattock", "vfinger", "repick", "unpickable", "picked strings", "vmusical instrument", "plectrum", "vfruit", "vstudying", "vrecognise", "comb", "lock pick", "choose up", "choosewikten 1", "take", "picker", "grape", "motherlode", "infielder", "berrying", "hoe", "pick hammer", "pickaxe", "maundril", "vground", "unpicked", "halligan bar", "vbowled", "tool", "pickery", "vbowler", "phaneromania", "pickable", "picked", "pickt", "elect", "select", "drop", "cotto", "guitar", "mining", "hold", "gather", "carry", "choosing", "ice", "decide", "mine", "selectio", "choose select", "mining tool", "ice tool", "mountai", "handle", "digging tool", "digging", "guitar tool", "breaking", "rocks", "breaking rocks"], ["attachingness", "vattach", "drawing pin", "lining", "ankle"], ["egg", "turtle", "snail", "bullet", "oyster", "tortoise", "seed", "spindle", "testudineous", "frame", "trough shell", "dragon boat", "nose cap", "cacao", "shell bit", "epipuncta", "vpay", "vmoney", "vsheller", "seashell", "ootype", "hull", "engrave", "doberge cake", "rursiradiate", "topshell", "scalloped", "conchiglie", "given name", "bergmeal", "shell sac", "wing shell", "vcast", "coxswain", "slit shell", "copper", "shelling", "round shot", "cuttlefish", "anvil", "crustaceousness", "lens", "cuttlefish bone", "scatter", "drum head", "inner orbital complex", "barquette", "substantial", "nutshell", "conchologist", "round", "cochleiform", "vfall off", "melanian", "porphyry shell", "mortar", "tridacna", "calipee", "siphuncle", "onio", "coda", "chocolate", "catacline", "turnip shell", "testudinarious", "sheal", "testaceous", "ammonite", "miliolite", "concameration", "testudinated", "shellheap", "trivalve", "periostracum", "interpreter", "eggshell", "cultch", "modak", "planorbis", "syllable", "sea ear", "buccinoid", "perlustrin", "maninose", "sunset shell", "coffi", "crustacea", "clam shrimp", "semislug", "blind shell", "vpod", "musculite", "sculpture", "shelled", "shellcode", "exoskeleto", "foraminifer", "roller", "holostomatous", "shardwikten 1", "magic number", "mytilus", "calprismin", "coarse", "casing", "bomb", "animal", "semi automatic", "bellerophon", "lyre", "canary girl", "hard", "michelle", "attach", "carcass", "gilding metal", "phaseolus vulgaris", "five nine", "deltidium", "doubly magic", "slug", "pyramiding", "whizbang", "conchiolin", "launch", "dissoconch", "crust", "calcareous", "shuck", "roanoke", "clypeate", "siphonostome", "bashism", "megastome", "projectile", "subshell", "nonshell", "eyestone", "ostreaceous", "plant", "son in law egg", "mammillate", "phragmocone", "osselet", "cone", "trench mortar", "opisthocline", "crag", "cyrtoconic", "atomic orbital", "whorl", "zimbi", "candlebomb", "sankha", "recapper", "necklace", "geode", "reprimer", "bilo", "flimsy", "vcommand line", "valence electron", "balloon", "paua", "gi can", "subsphere", "deshell", "softshell", "turbinite", "vshelling", "conchiferous", "barbette", "asham", "gyration", "gouge bit", "principal quantum number", "escaloped", "program", "husk", "cardo", "univalve", "rydberg atom", "wentletrap", "curry puff", "concha", "lumache", "culch", "scutibranchiate", "user interface", "clamshell", "oyster knife", "vhusk", "windowpane oyster", "conchite", "harp shell", "putamen", "nates", "user", "cylindrical", "star shell", "conchology", "chlamyphore", "woolly bear", "shells", "external", "intershell", "shelly", "cover", "diminutive", "peristome", "brachiopod", "calabash", "turrilite", "canno", "rice shell", "helicocone", "siphuncule", "wampum", "heishe", "shedder", "johnson hole", "shell less", "turban shell", "manchester tart", "patty", "saxicava", "protoconch", "endogastric", "apsacline", "instrument", "jamaican patty", "lunule", "solenacean", "plates", "blacklip", "framework", "bombshell", "porcellaneous", "turban", "concussion fuse", "pancake tortoise", "grind", "potamian", "aditicule", "selenizone", "hinge", "decoctio", "cyrtocone", "olive", "juvenarium", "operating system"], ["clay", "intraplaque", "body", "orga", "distinguishable", "mizrah", "atherosclerosis", "guldgubber", "system", "antiplaque", "atherectomy", "endarterectomy", "morphoeic", "attach", "metal", "ema", "slab", "sweet's syndrome", "nonplaque", "musical instrument", "ivory", "periplaque", "erythrosine", "plaques", "plaquet", "plaquing", "placula", "amyloidopathy", "thi", "kindlin", "remind", "fire mark", "perso", "doorplate", "plaqueless", "monument", "accumulatio", "wall", "papule", "bacterial", "tissue", "placard", "amyloid beta", "virus", "abnormal", "hang", "classificatio", "disease", "event", "la ", "inscription", "disclosing tablet", "nameplate", "decoratio", "horse brass", "small", "brooch", "microplaque", "peyronie's disease", "uroplaque", "nevus lipomatosus superficialis", "tooth"], [], ["resistor", "boot topping", "antifouling", "acorn barnacle", "maxillopod", "subclass", "lepas", "cirripedology", "kakaralli", "attach", "spectacles", "cirriped", "surface", "limpet", "barnacle goose", "anatiferous", "capacitor", "change", "thecostracan", "daughterboard", "barnacles", "unbarnacled", "scutum", "pelb", "submerged", "crustacean", "marine", "cirripedian", "subassembly", "careen", "sacculinid", "bottom", "circuit board", "ship", "crustacea", "barnaclelike", "lepadoid", "acrothoracican", "balanomorphan", "cirripedia", "barnacled", "electrical engineering", "acorn shell", "sea", "sea creature", "creature", "sea crustacea", "hull", "ship hull", "ships", "attached ships", "attached", "sea clinger", "clinger", "sticky parts", "parts", "sticky", "sea growth", "growth", "boat", "boat parasite", "parasite", "pier", "on pier", "rings", "white", "white rings", "clinging"], ["appendage", "affixing", "nonaffix", "affixest", "bookplate", "infinitive marker", "vfaste", "disfix", "formant", "knob and tube", "labeler", "affixhood", "inflector", "gauss plane", "stemming", "vsubjoi", "affixt", "affixal", "suffix", "libfix", "vattach", "affixes", "binyan", "post up", "basewikten 1", "simulfix", "ergativity", "suprafix", "encrust", "adfix", "affixment", "rafsi", "freepost", "vannex", "affixable", "cement", "baseword", "marouflage", "placard", "affixed", "affixation", "circumfix", "tag out", "parasynthesis", "subitive", "infixation", "stem", "stake", "revenue stamp", "bound form", "suffixation", "vfix", "backtag", "reaffix", "affixion", "imposition", "superglue", "complex number", "affixive", "prefix", "afformative", "tagout", "affixial", "infix", "fix", "clothespin", "hinge", "dress shield", "confix", "vfiguratively", "grip tape", "combining form", "macrostem", "affixeth", "affixture", "adhibit", "gandy dancer", "vappend", "affixer", "cleat", "bound morpheme", "nameplating", "affixoid", "track lighting", "unaffixed", "generic drug"], ["attach", "telescope", "polariscope"], ["vfill", "vcement", "vcover", "vattach"], ["dagger", "sword", "chapeless", "attach", "crampet", "buckle", "guard", "transverse", "loop", "frog", "scabbard", "strap"], ["name", "photoaffinity", "writing", "circumferentor", "toe tag", "cinderella stamp", "multilabel", "labelled", "labels", "company", "record", "altitude", "delabel", "ticket", "boxology", "tag out", "interlabel", "mislabel", "radiometal", "will", "brand", "extended basic block", "sight", "enumeratio", "unlabelled", "lambel", "radiobiology", "attach", "bumper sticker", "docket", "strap", "photolabel", "labeled", "prelabelled", "ecolabel", "scaff tag", "vin situ", "immunogold", "particular", "basic block", "labeling", "vin vitro", "charge", "bottle hanger", "sig", "brass", "postage meter", "codicil", "e number", "biotinylation", "ecolabelling", "rasabox", "nsap address", "franking", "country of origin", "prelabeled", "trademark", "vput", "damn", "all up service", "labelless", "unlabeled", "fromology", "charity label", "informatio", "exametazime", "overpost", "relabel", "biotinylate", "categorise", "misbranded", "addressograph", "metadata", "labelized", "rule", "cinderella", "labelable", "intend", "alternative rock", "alias", "wraparound", "maple syrup", "goto", "source code", "tagout", "nick translation", "judge", "photoaffinity labeling", "pick and pack", "printing", "price", "address", "size", "independent", "poiso", "tense", "country"], [], [], [], [], ["cephalont", "orga", "attach"], ["boat", "automobile", "attach", "transportatio"], ["aattach", "nonattachable", "unattachable", "attachability", "fixable", "attachableness"], ["enter", "structural", "account book", "attach", "joist", "subledger", "great octave", "ledgers", "putlog", "collectio", "posting", "carryover", "large", "rafter", "guest book", "element", "tick and tie", "entry", "wastebook", "record book", "daybook", "tomb", "account", "profit"], [], ["brads", "projectio", "rivet", "sprig", "bradley", "vattach", "nail", "escutcheon pi", "cotter pi", "famous", "pit", "fight"], [], ["ahydroge", "aring", "aattach", "aatom"], [], ["household", "woma", "watchchai", "resemble", "chatelet", "mistress", "waist", "medieval", "miniature", "handkerchief", "chatellany", "attach"], ["vehicle", "roller skate", "crate", "makeshift", "attach"], ["attach", "orchidaceous", "caudex", "process", "caudicula", "elastic", "caudiculate", "polle", "plant", "pollinarium", "stipe"], ["vattend", "vpathological", "fix", "horndog", "vfixed", "fixating", "aortopexy", "osmification", "vattach", "fixation", "vneurotic", "microsaccade", "unfixed", "sweet", "fixates", "vstare", "vstable", "vfix", "fixatory"], [], ["bagel", "product", "occipital bone", "plinth", "ridge", "receptacle", "inner tube", "ring", "life buoy", "floret", "flower head", "van allen radiation belt", "anchor ring", "thalamus", "zeta", "quasitoric", "toric", "doughnut", "tokamak", "shape", "donut", "nanotorus", "essential", "hypertorus", "rounded", "supertoroid", "circular", "hypertoroid", "attach", "toroid", "floral", "ringlight", "colum", "molding", "stalk", "toral", "flower", "annulus", "peduncle", "toruses", "arnold's cat map", "pseudo anosov", "topological space", "toroidal", "circle", "hoop", "boultel", "implicant", "asteraceae"], ["shell", "oyster bed", "detritus", "spa ", "sea", "rock", "crush", "attach"], [], ["operatio", "load", "detach", "direct", "vehicle", "crane", "spotter", "attach"], [], ["entoproct", "sessilelyr", "gonocalyx", "acorn shell", "sessility", "holdfast", "subsessile", "aintervene", "adirectly", "spike", "nonmobile", "asubstrate", "ectoproct", "sea squirt", "astalkless", "astalk", "apermanently", "afree", "stalkless", "abase", "rangeomorph", "sessileness", "nonsessile", "aattach"], ["peritoneum", "double", "liver", "gall bladder", "fold", "attach"], ["interfixationwikten 1", "suffixation", "interfixes", "transfix", "i", "morphemes", "o", "association link", "affixation", "vanchor", "vattach", "vepenthesis", "morph", "infixation"], ["vprotei", "sumoylating", "vattach", "vsumoylatio", "autosumoylation"], [], [], ["adjectitious", "sentence", "amplify", "zootherapy", "oropharyngeal", "supplement", "perso", "pregabalin", "key", "adjunctive", "phrase", "property", "pramlintide", "asecondary", "mash", "adjunctification", "principal", "colleague", "spectrophone", "x bar", "capacity", "premise", "conjunct", "quality", "clause", "scale", "excrescence", "adjunctivity", "asubordinate", "eplerenone", "predicand", "associate", "nabilone", "afaculty", "prepositional phrase", "adjunctlyr", "dispensable", "positio", "subordinate", "morphism", "adjuncts", "nonadjunct", "grai", "rasagiline", "symploce", "appendage", "constituent", "unmalted", "headword", "adjoint functor", "scene", "attach", "subjunct", "closet"], [], ["spole", "fibre", "dize", "device", "awoma", "wool", "female", "race", "afamily", "wrist", "horse", "temporary", "quenouille", "woma", "quenouille training", "spinning wheel", "flax", "amaternal", "importance", "attach", "storage"], [], ["support", "palladian window", "pilasters", "project", "rectangular", "respond", "lisena", "interpilaster", "wall", "decoratio", "buttress", "pilastered", "colum", "astylar", "anta", "lesene", "attach"], ["removal", "attach", "disattach"], [], [], ["attach", "means", "attachers"], ["attach", "harpoo", "graft", "line", "rope"], ["ring", "marriage", "before", "before marriage", "propose", "elope", "mesh", "pavesade", "perform", "disengagement", "appointment", "troth", "engager", "life partner", "situatio", "conflict", "acceptance", "prise de fer", "synchronizer", "engage", "engag\u00e9", "battle", "campaig", "wedding", "engaged", "presentation", "connectio", "speak", "line of battle", "attach", "kill zone", "hostilities", "engagements", "mistryst", "clear decks", "opposition parry", "preengagement", "trucebreaker", "instance", "off to races", "postengagement", "war", "pollicitation", "court circular", "extension", "active", "roe", "pitched battle", "betrothal", "affiance", "matchbreaker", "down in dumps", "reengagement", "promised", "planned", "booking", "marry", "promise", "diamond", "diamond ring", "before wedding", "commitment", "married", "courtship", "promise marriage", "give", "ring give", "want marry", "want", "precedes", "precedes wedding", "almost married", "almost", "proposal", "marriage proposal", "premarital commitment", "premarital", "with ring", "has", "has ring", "before married", "gig"], ["decoration", "decorative", "furnish", "tricked out", "goth up", "fusuma", "plafond", "illuminate", "doodie up", "easter egg", "angelica", "deboss", "sgraffitoed", "veil", "lavender", "photoceramics", "vmedal", "decorates", "grace", "do out", "beflag", "decorator", "decorable", "box social", "vermiculate", "palace", "enchase", "zodiac", "fledge", "cornice", "ribbon", "pimp up", "adornment", "tuft", "nurseryware", "bannered", "becross", "dress up", "vfurnish", "kohl", "trick out", "spiff up", "vdecorations", "shirring", "guilloche", "vextend", "trick", "poruwa", "attributed", "pipe", "decorating", "vdecorator", "vcode", "window dress", "ark", "show flat", "sarcophagus", "decoratest", "filigree", "damascene", "vaward", "overdecorate", "slipware", "tapestry", "ornament", "vattach", "depaint", "lappet", "decorin", "applique", "trim", "beset", "dresdenware", "pied", "pinata", "angle leaf", "vitem", "roulette", "vermiculation", "zombie knife", "betassel", "embellish", "roomset", "vdecoratio", "adorn", "pampre", "sprig", "tapestried", "attribute", "stucco", "plainware", "bejewel", "vmethod", "jewel", "white spirit", "sigillated", "flowery", "dolly varden cake", "spangly", "fringe", "doily", "decorated", "wainscot", "bower bird", "decorateth", "damask", "garnish", "paint", "polish", "desig", "ribbo", "landscape"], ["repair", "mend", "broke", "solutio", "repairing", "stitch", "rig doctor", "crashgate", "i", "vprivilege", "vinfertile", "vrender", "gaze", "fixer", "prefix", "fiv", "anchor", "vsubset", "stopgap", "fv", "nuke and pave", "vrepair", "fi", "bugfix", "processioning", "append", "diazotrophic", "lock do v", "pendulum", "stand", "fixatio", "reserve", "clip font", "patress", "locatio", "tinkering", "entail", "fixes", "fixings", "fettle", "morpheme", "user", "addictive", "forefix", "leave well enough alone", "fiii", "name day", "suffix", "fixator", "souther", "zero day", "valorize", "circum", "principle", "fixature", "fixing", "engraft", "pin", "rhizobium", "corrective", "vattach", "sort out", "given enough eyeballs all bugs are shallow", "pyrophotography", "improve on", "vaffix", "preface", "vfixative", "remount", "fvi", "dilemma", "vprefix", "quick and dirty", "dose", "determinatio", "leghemoglobin", "rotation", "fixative", "backport", "eyebar", "invariable pendulum", "unbreak", "attract", "fxiii", "fvii", "vitself", "fixate", "diazotroph", "vmend", "vfixture", "tinker", "imp", "vprix fixe", "vtime", "unfixed", "fettling", "spangle", "stereotype", "unfixable", "mirabolic", "fixable", "hemophilia b", "fxi", "tighten up", "refix", "fii", "working knowledge", "unruin", "affix", "vmap", "fxii", "glaive", "vin place", "stay put", "stop gap", "vfixate", "diverticulopexy", "heartbleed", "fixed", "vpoint", "single", "fixless", "unfuck", "alpha version", "lock in", "bake", "reagin", "fx", "wet plate", "vfixity", "underfix", "e.g", "if it ain't broke don't fix", "hire", "triage", "peg", "drug", "quandary", "overfix", "fixation", "rectify", "moor up", "mending", "correct", "heal", "make", "problem", "remedy", "actio", "patch", "correct problem"], [], ["attach", "stapedotomy", "flat", "concentrated", "timber", "roller skate", "pedicel", "platform", "driver", "steam locomotive", "distribute", "base", "load", "boot", "pedal", "footplates", "foot", "united kingdom", "wood", "frame", "stapes"], ["supraumbilical", "attach", "navelless", "acromphalus", "umbilical hernia", "bellyband", "omphalocele", "innie", "navel orange", "abdome", "mammal", "median plane", "pseudoumbilical", "umbilic", "eye", "iliac furrow", "umbilicus", "umbilicate", "omphalectomy", "linea nigra", "infraumbilical", "body shot", "omphalic", "umbilical cord", "carronade", "umbilicoplasty", "omphaloskeptic", "outie", "umbilical", "belly button", "remai", "bellybutton", "rorqual", "indentatio", "tummy button", "bump", "omphalos", "omphalomancy", "omphaloskepsis", "subnavel", "appendicostomy", "underside", "pastrami", "carriage", "happy trail", "omphalo", "navel gazing", "treasure trail", "birth", "omphaloid", "umbilication", "transumbilical", "omphalorrhoea", "navels", "butto", "belly butto", "belly", "", "popular culture", "bellybutto", "creatio", "orange", "captai", "fluff", "stomach", "dime", "crotch"], ["deltidiodont", "hingeth", "vknapp", "cardinal rule", "delthyrium", "stamp hinge", "bivalve", "hingeing", "keratomileusis", "cyrtomatodont", "hingeless", "hinges", "multiarticulate", "vdistal", "reasoning", "cross garnet", "swingtail", "ginglymoid", "hinging", "heelpost", "door", "drawbridge", "leaf valve", "polyptych", "alivincular", "joint", "french sash", "flapping hinge", "hinged", "principle", "alpha hinge", "pintle", "akinesis", "leaf", "dump truck", "pseudoctenodont", "palintrope", "album", "swing check valve", "bushing", "butterfly door", "verticle", "cardo", "hopper", "flipboard", "ctenodont", "tankard", "pivot", "bonnet", "leaf bridge", "scissor door", "affix", "symphynote", "fold", "vattach", "knap", "shell", "knife switch", "flexible", "subsequent", "clamshell", "rehinge", "suicide door", "unhinge", "hanging stile", "trunk maker", "hook", "flip phone", "diptych", "rectangle", "paper", "hingest", "sun visor", "vargueno", "bifold", "legcuff", "umbo", "butt hinge", "triptych", "event", "deacon's bench", "vcore", "trunk", "postage stamp", "taxodont", "delta hinge", "buttwikten 1", "vfeathered", "gum", "vdepend", "vequip", "shake one's head", "hingelike", "pseudotaxodont", "jaw", "knee"], [], [], ["aconnective", "afilament", "basifixed", "aattach", "dorsifixed", "adorsifixed", "apicifixed", "aanther", "aapicifixed", "abasifixed"], [], [], ["vattach"], ["wallscaping", "mural", "attach", "building", "surface", "paint"], [], ["clew", "vattach", "rope", "withe", "vfaste", "sail", "grommet", "tackle", "cringles"], ["hooked", "gimmick", "perpendicular", "hooke", "barbicel", "play", "tenaculum", "hexacanth", "prolonge", "vcrochet", "bounce", "opening", "grunter", "anchor", "cat's paw", "brief", "hair rig", "hook bones", "unciform", "cape", "aberdeen hook", "new zealand", "pothook", "tug", "hookedness", "skyhook", "plug", "pre hook", "cattle", "arc", "billhook", "story", "gorge fishing", "sling dog", "vhooker", "hook and eye", "pembrokeshire", "hamulate", "agraffe", "wiltshire", "vperpendicular", "line fisher", "curve", "watch tackle", "kingston upon thames", "nurseryfish", "curveball", "hooklike", "hookman", "phrase", "vgore", "fishhook", "vcaptivate", "tenterhook", "vheel", "vhooking", "ancistroid", "gob stick", "cleek", "finesse", "popular", "britpop", "can hook", "hoik", "snare", "drail", "groundbait", "hooks", "idea", "coat rack", "fleshhook", "hooker", "bungee cord", "long lining", "vprostitutio", "underrunning", "flossing", "carolina rig", "buttonhook", "horizontal", "mousing hook", "apicifixed", "fareham", "draw", "flosser", "dressing stick", "haptor", "angler", "greater londo", "hookset", "paternoster", "nuthook", "sister hook", "disgorger", "decacanth", "adunc", "storz coupling", "basingstoke", "slice", "removal", "punchy", "spinner", "lanyard", "trend", "uncus", "field", "needle", "skid", "sneck bend", "vulsellum", "vconnect", "bungee", "basketball", "kakenage", "vscrum", "bat", "ganch", "grappling hook", "editorial", "pullback", "trouble light", "microhook", "vinsert", "accroach", "cup", "trap", "ogonek", "coathook", "attentio", "bricole", "unhook", "tie do v", "trawl", "bobber", "palatal hook", "goole", "mouse", "unfalcated", "trotline", "retinaculum", "kawazugake", "craft", "news", "top block", "vcatch", "kype", "song", "hockey stick", "rehook", "trimmer", "sow", "sand", "vaddicted", "hook shot", "eyehook", "hasp", "tree", "hookless", "jack", "uncinate process", "subaduncate", "swinging", "landward", "via ferrata", "norsel", "shot", "cabin hook", "rod", "mousing", "vsteal", "bent", "cross", "spillet", "dropline", "boathook", "feature", "mourne", "crampon", "loop", "snagger", "tie i", "ankhus", "current", "unciferous", "fishing line", "musical", "crocket", "post", "letter", "vfinesse"], ["areattach", "aattach"], ["deflocculation", "aggregatio", "floc", "conditio", "particle", "clay", "flocculator", "structure", "attach", "polymer", "bioflocculation", "flocculable"], ["eggshell", "omphalode", "micropyle", "attach", "chalazae", "egg white", "postchalazal", "chalazogamy", "treadle", "hemitropous", "nucellus", "suspend", "integument", "chalaziferous", "chalazal", "chalazas", "yolk", "abchalazal"], ["paste", "stick", "knacker's yard", "vfollow", "marine glue", "perfect binding", "goudron", "gluemaking", "vclosely", "glutinous", "conglutination", "flock paper", "papier m\u00e2ch\u00e9", "glutinate", "poster paint", "deglutinate", "spetch", "agglutinate", "spackle", "adhesive", "calcimine", "clag", "finger joint", "wood wool", "badigeon", "cap off", "gluelike", "vadhere", "superglue", "glues", "unglued", "gluing", "gesso", "aliphatic pva", "nonglue", "gluemaker", "gluable", "taurocolla", "spetches", "inviscate", "vattentively", "scotch glue", "colloid", "epoxy", "gluey", "gluehead", "glueable", "vjoi", "fish scrap", "gluer", "bind", "osteocolla", "glued", "vattach", "sebesten", "sizing", "gluepot", "reglue", "unglue", "repassage", "maryland bridge", "bleed through", "glueless", "permanent", "bond", "tar", "wax", "paint", "mortar", "joi"], [], ["vtruck", "atofc", "vattach", "newsjacking", "piggybacker", "vappend", "rshoulder", "jump on bandwagon", "mockbuster", "vflatbed", "vinternet", "vlorry", "ashoulder", "tofc", "piggybacks", "piggybacking", "vrailway", "vwaggo", "vwireless", "vtransport", "piggybacked", "poosebackr", "visp", "vcomputer", "ride"], [], ["attach", "plough", "share"], ["mai", "commercial", "line", "vgang", "leader", "attach", "fishhook"], ["rivets", "split pin", "cylindrical", "bow compass", "paper fastener", "unrivet", "brad", "riveted", "snap riveting", "rivetlike", "riveting", "riveter", "vattach", "mechanical", "riveters", "rivetable", "snap", "jesserant", "vfaste", "cuphead", "vinstall", "rivetless", "dolly", "snaphead", "vattentio", "cleat", "fastener", "vcommand", "hole"], [], ["astand", "whatnot", "aapart", "kiosk", "nonfreestanding", "aattach", "set piece", "longcase clock", "hayrack", "aset", "free hanging"], [], ["joi", "together", "dots", "put together", "put", "get onto", "connecteth", "lisfranc ligament", "reference", "conjunctival", "joint", "taper pin", "vjoi", "ligate", "pecker", "annectent", "velectrical", "vconnexio", "install", "connectest", "get on end of", "incoherence", "balun", "bosphorus", "linkup", "piston rod", "skyway", "supraclavicle", "join up", "unconnectable", "daisy chain", "boltwikten 1", "hook", "session", "harmonic balancer", "hard wire", "aerobridge", "put through", "fobwikten 1", "tidal island", "interbeing", "brace", "linkway", "connecting", "syndeticity", "hook up", "magenta box", "close knit", "mediary", "simplicial complex", "vline", "copula", "headshell", "null modem", "joyport", "vtravel", "hidden city", "vconnectio", "cystoperitoneal", "line of levels", "person to", "liken", "network topology", "misconnect", "nonconnection", "balloon animal", "grounded", "akill", "fasten", "affinitive", "jetway", "involve", "pitman", "crossto a", "wired", "catenate", "landing net", "spiritistic", "syndetic", "semapedia", "bus topology", "kick in", "lash together", "interconnect", "tick and tie", "connection", "jack in", "relevant", "associate", "microconsole", "jet bridge", "interstitch", "connective", "corridor train", "floating ground", "vconnector", "connects", "storz coupling", "dial up", "tied", "enlink", "penumbra", "astragal", "nexus", "vconnectability", "reconnect", "vnetwork", "connectivity", "connect up", "implicate", "wildlife corridor", "vtelephone", "set top box", "plugfest", "retinaculum", "attachment", "vcircuit", "connector", "airbridge", "irrelate", "memorabilia", "anchor", "vassociate", "ligative", "exclave", "glue code", "attach", "join together", "joining", "bridge", "internet", "bring", "bring together", "tie", "actio", "game", "tie together", "getting", "up", "two", "meet", "link", "leg", "joining things", "betwee", "between dots", "linking", "joining pieces", "pieces", "conjunctive actio", "conjunctive", "getting o", "meeting up", "meeting", "plug", "two wires", "plug i", "wires", "hooking", "hooking things", "dot", "internet thing", "dot game", "get together", "cross", "corner", "join dots", "unio", "board game", "board", "communicatio", "establishing", "establishing communicatio", "parts", "two parts", "plugs", "getting signal", "signal", "telephones", "appearance", "juxtapositio"], ["foot", "body", "limb", "appendage", "part", "body part", "feet", "lower", "walking", "knee", "arm", "extremity", "above", "lower limb", " artifactfurniture artifact", "hip", "above foot", "has", "below", "has foot", "toes", "huma", "attached", "thigh", "lower appendage", "lower body", "walk", "splay legged", "lunge", "crane", "deep midwicket", "leghold", "legging", "swimming crab", "agouti", "flype", "vargueno", "pommel horse", "midstance", "succeed", "decapod", "contrapposto", "side of bacon", "gamb", "persist", "groi", "swimmer", "leggy", "mutton ham", "triangular", "gambrel", "membered", "boomerang", "chub rub", "underneath", "coffin bone", "breviped", "easel", "legcuff", "gurney", "inguinocrural", "legged", "leglike", "steam", "race", "glide", "long on", "mitchell's hopping mouse", "crus", "open kneed", "course", "shortlegged", "polypodous", "leggish", "bicrural", "pleopod", "hugag", "hook", "milroy's disease", "gnathopodite", "anbury", "ability", "longipedate", "barelegged", "paraparesis", "chausse", "hexapod", "mid on", "match", "walking stick", "buttocks", "handcycle", "pestle", "crurophilia", "fenal\u00e5r", "legplate", "lesser yellowlegs", "kawazugake", "proleg", "unitard", "coxosternite", "left arm unorthodox", "windsor chair", "breaststroke", "spanish boot", "no legged", "macropodous", "fetter", "daddy longlegs", "threstle", "macropod", "haunch", "attaint", "pantalet", "railway wrapper", "cnemis", "octopodous", "intercrural", "manspreading", "peraeopod", "sallenders", "rampant", "tripedallyr", "off break", "pants", "spread", "mecha", "french cut", "joint", "grape", "off spin", "vertebra", "crepance", "calamistrum", "arolium", "hypotenuse", "leotard", "shin pads", "midleg", "straddle", "five hole", "tibiotarsus", "polyphase", "thick", "equinism", "superman punch", "boiler", "manscape", "curl", "jambeux", "backloading", "sural", "gourdy", "dipygus", "right triangle", "pentapedal", "insect", "branch", "faun", "huddle", "leghole", "orwikten 1", "off", "paraballism", "astride", "calf", "trevet", "googly", "reverse sweep", "anarthrous", "legless", "leg cutter", "snow angel", "teapoy", "distance", "nutmeg", "varisse", "bridal carry", "pretarsus", "talocrural", "hyperbola", "bicycle kick", "jards", "millipede", "off cutter", "podobranch", "biped", "underleg", "legbone", "gauchos", "androgenic hair", "lally", "evidence", "all fours", "garment", "trousers", "epipodite", "multilegged", "pyoderma gangrenosum", "zaisu", "precrural", "drumstick", "kikoi", "chinaman", "zeugopodium", "fine leg", "scissor", "coxopodite", "open kneed breeches", "doosra", "manscaping", "pedigerous", "leggie", "long legged", "rance", "unipedal", "tournament", "leptiform", "great saphenous vein", "spraddlelegged", "pigeon pose", "skinny jeans", "sailing vessel", "chicken leg", "batter", "cabriole", "trestle", "trivet", "deep stick", "extend", "colonial goose", "lap", "stump", "bat pad", "natatorious", "mesosoma", "piriformis syndrome", "diagonal", "brachiocrural", "urohidrosis", "popliteus", "ischiatic nerve", "boomerang dysplasia", "gateleg", "uniped", "antennapedia", "crossboned", "water leg", "vcarcass", "crotch", "charley horse", "indefinitely", "gare", "two legged", "blackleg", "pair of pants", "silly mid on"]], "/r/UsedFor": [[], [], [], [], [], [], [], [], [], [], ["button artifact contact", "bolt artifact contact", "chain artifact contact", "lock artifact contact", "wire artifact contact"], [], [], ["picking lock"], [], [], [], [], [], [], [], [], [], [], [], [], [], [], [], [], [], ["keeping notes", "keeping records of receipts and expenditures", "record accounts", "accounts", "keeping track of deposits", "listing items", "maintain accounts", "keep records of accounts", "help record financial transactions", "keeping financial records organized", "recording things", "calculate expenses", "keeping track of payments", "keeping track of debt", "record sales", "keeping track of expenditures", "keeping record of things", "balancing accounts"], [], [], [], [], [], [], [], [], [], [], [], [], [], [], [], [], [], [], [], [], [], [], [], [], [], [], [], [], [], [], [], [], ["necklace", "tissue holder", "tapestry", "line", "marble", "gift wrapping paper"], ["piece"], [], [], [], [], [], [], [], [], [], [], [], [], [], ["catch fish", " artifact contact", "catch trout while fishing"], [], [], [], ["stick thing together", "sticking things together", "fastening two objects together", "holding two things together", "hold things together", "silicone", "attaching two objects to one another", "mend broken plate", "binding things together", "binding similar objects together", "binding unlike objects together", "binding fake fingernails to real ones", "bind like items together", "joining things to other", "fixing items", "hold two things together", "fixing broken china", "kill humans", "keeping fake hair piece o", "stick things together", "attach papers", "make objects stick together", "attaching paper to", "build model airplane", "attaching things together", "bond items together"], [], [], [], [], [], [], [], [], [], ["smell cognition communicatio", "telephone line artifact communicatio", "chain artifact contact", "link artifact contact"], ["stand", " artifacthold contact", "kicking soccer ball", "part of journey", "kicking with", "stability", "humping", "standing o", "motility", "part of table", "running with"]], "/r/LocatedAt": [[], [], [], [], [], [], [], [], [], [], [], [], [], [], [], [], [], [], [], [], [], [], [], [], [], [], [], [], [], [], [], [], [], [], [], [], [], [], [], [], [], [], [], [], [], [], [], [], [], [], [], [], [], [], [], [], [], [], [], [], [], [], [], [], [], [], [], [], [], [], [], [], [], [], [], [], [], [], [], [], [], [], [], [], [], [], [], [], [], [], [], [], [], [], []], "/r/FormOf": [[], [], [], [], ["crossbacks", "crossbacked", "crossbacking"], [], ["glittens"], [], [], ["attach", "vattach"], ["fastening", "fastens", "fasteneth", "fastened", "fastenest"], ["hitches", "hitching", "hitched"], [], ["picks", "picked", "picking", "picketh", "pick'd", "pickest"], ["vattach", "attach"], ["shelled", "shells"], ["placque", "plaques"], [], ["barnacles", "barnacled", "barnacling"], ["affixes", "affixed", "affixing", "affixeth"], ["telepolariscopes"], ["recementing", "recemented", "recements", "re cement"], ["chapes"], ["labelling", "labell", "labels", "labelled", "labeling", "labeled"], [], [], [], [], ["epimerites"], ["cartoppers"], [], ["ledgers", "vleger", "ledgering", "ledgered"], [], ["brads", "bradded", "bradding"], [], [], [], ["chatelaines"], ["skatemobiles"], ["caudicles"], ["fixating", "fixated", "fixates"], [], ["toriwikten 1", "toruses"], ["culches", "culched", "culching"], [], ["banksmen"], [], [], ["mesocysts"], ["interfixes", "interfixed", "interfixing"], ["sumoylating", "sumoylated", "sumoylates"], [], [], ["adjuncts"], [], ["distaffs"], [], ["pilasters"], ["disattachments"], [], [], ["attachers"], ["foregangers"], ["engagements"], ["decorated", "decorating", "decorates"], ["fixes", "fixing", "fixest", "fixeth", "fixed"], [], ["footplates"], ["navels"], ["hingeing", "hinges", "hinged", "hinging"], [], [], [], [], [], [], ["wallscapes"], [], ["cringles", "cringling", "cringled"], ["hooking", "hooks", "hooked", "hookest"], [], ["flocculations"], ["chalaze", "chalazas", "chalazae"], ["glueing", "gluing", "glues", "glued"], [], ["piggybacked", "piggybacks", "piggybacking"], [], ["sharebeams"], ["vgang", "gangings"], ["rivets", "rivetting", "riveting", "riveted", "rivetted"], [], [], [], ["connected", "connecting", "connects"], ["legs"]], "/r/IsA": [[], [], [], [], [], [], [], [], [], [], [], [" artifactknot artifact", "rolling hitch artifact", " actgait act", " artifactconnection artifact", "blackwall hitch artifact", "sheet bend artifact", "timber hitch artifact", "cat's paw artifact"], [], [" artifactdevice artifact", " artifactedge tool artifact", " actbasketball play act", "toothpick artifact", "mattock artifact", "icepick artifact", "guitar pick artifact", " artifacthand tool artifact", "opencycpick toolindustrial equipment", "opencycpickaxerigid portable object", "ice pickopencycpick tool", "tool", "opencycpickaxehardware tool", "opencycpickaxematerial movement hand tool", "opencycpickaxeshaped thing", "opencycpick toolmaterial movement hand tool", "opencycpickaxegardening tool", "opencycpick toolhardware tool", "opencycpickaxeindustrial equipment"], ["homologous chromosome attachment", "configuring", "physical incorporation", "labelling", "pinning cloth in place", "hooking fish", "microtubule connects to kinetochore", "connectingopencycconnecting together", "physical event"], ["clamshell animal", "shrapnel artifact", "valve animal", "phragmocone animal", "tank shell artifact", "racing skiff artifact", "scallop shell animal", "nutshell plant", "oyster shell animal", "jacket artifact", " artifactracing boat artifact", " artifacthousing artifact", " substanceanimal material substance", " objectcovering object", "shotgun shell artifact", " artifactammunition artifact", "whizbang artifact", "mother of pearl substance", "scull artifact", "boot artifact", "artillery shell artifact", "seashell animal", "gearbox artifact", " animalcovering object", " planthull plant", "opencycshell animal body partprotective system", "opencycprojectile casingpartopencycphysical part of object", "oil company", "opencycshell animal body partskeleton", "bash", "opencycshell animal body partcollectable", "opencycprojectile casinghollow cylindrical object"], [" pathologyspot attribute", "arterial plaque body pathology", "dental plaque body pathology", "amyloid plaque body pathology", "tartar", "mixture", "naturally occurring tangible substance"], [], ["acorn barnacle animal", " animalcrustacean animal", "crustacea", "goose barnacle animal", "thoracica", "thompsonia barnacle", "whale barnacle", "armatobalanus nefrens", "rhizocephala", "semibalanus balanoides", "balanidae", "balanus", "sessilia", "crustacean", "chthamalidae", "armatobalanus", "balanus aquila", "goose barnacle", "balanus glandula", "elminius modestus", "megabalanus", "elminius", "balanomorpha", "sacculina"], [" communicatiobound morpheme communicatio", "prefix communication communicatio", "infix communication communicatio", "suffix communication communicatio", "english affix", "prefix", "word constituent", "morpheme", "inflectional affix", "japanese derivational affix", "suffix", "derivational affix", "lexical infix", "japanese inflectional affix", "japanese affix", "non category changing affix", "category changing affix"], [], [], [], ["gummed label communication communicatio", " communicatiomarker communicatio", "tag", "tag communication communicatio", " substanceradioisotope substance", " communicatiotrade name communicatio", " communicatiodescription communicatio", "title bar computer science communicatio", "opencyclabel iboportable object", "opencyclabel ibophysical information bearing object", "address label", "opencyclabel ibostructured information source", "visual labelopencyclabel ibo", "wpcomputer scienceprogramming language"], [], [], [], [], [], [], [], ["book", " possessiorecord law", "subsidiary ledger possession possessio", "cost ledger possession possessio", "daybook possession possessio", "general ledger possession possessio", "distributed ledger", "form of keeping records"], [], [" artifactnail artifact"], [], [], [], [" artifactchain artifact", " persomistress perso"], [], [], [], [], [" artifactmolding artifact", " shaperound shape", "magnetic core computer science shape", "three dimensional shape", "object", "multiply connected thing", "annulus", "doughnut shaped object", "round thing", "inner tube inflated"], [], [], [], [], [], [], [], [], [], [], ["complement attribute object", " objectinessential object", "parenthetical expression communication communicatio", " communicatioconstruction communicatio", " persoassociate perso"], [], [" statesphere state", " artifactstaff artifact"], [], [" artifactcolumn architecture"], [], [], [], [], [], [" actgroup action act", "gig act", " eventcontact event", "commitment act", "intervention act", "group participation act", " actemployment act"], [], [" actintravenous injection act", " statedifficulty state", " actexemption act", "dog's breakfast state", "make not broke", "bugfix", "wpheroestelevision episode"], [], [" artifactplatform artifact"], [" locatiocenter locatio", " bodypoint locatio", "external anatomical part", "anatomical structure"], ["butt hinge artifact", " artifactjoint artifact", "tee hinge artifact", "strap hinge artifact", " statecircumstance state"], [], [], [], [], [], [], [], [], [" artifactfastener artifact"], ["skyhook artifact", "anchor artifact", "crotchet artifact", "boat hook artifact", "tenterhook artifact", "fishhook artifact", "cup hook artifact", " actpunch boxing", "buttonhook artifact", " shapecurve shape", "gig artifact", "pothook artifact", "roundhouse act", "meat hook artifact", " artifactimplement artifact", " actgolf stroke act", " artifactmechanical device artifact", "gaff artifact", "uncus biology shape", " artifactcatch artifact", "fishhook", "clothing or towel hook", "grappling hook", "problem with golf swing", "connector", "punch", "curved thing"], [], [" processnatural process"], [" animalanimal tissue body", " plantplant part plant"], ["substance", "adhesive", "epoxy", "casein glue substance", "fish glue substance", " substancecement substance", "marine glue substance", "animal glue substance", "elmer's glue", "artificial substance", "sticky before dries", "sticky substance", "mixture"], [], [" actcarry act"], [], [], [], [" artifactpin artifact", "shaft", "rigid portable object", "connector"], [], [], [], [], ["prehensor animal body", " bodylimb body", "shank's mare body", " foodcut food", "leg of lamb food", "right leg", "pant leg artifact", "spindlelegs body", "bowleg body", " artifactcloth covering artifact", "pin body", " seafaringdistance attribute", "left leg", "animal leg body", "ham hock food", " artifactsupport artifact", "animal leg", "appendage", "opencycleg of piece furniturepart furniture"]], "/r/PartOf": [[], [], [], [], [], [], [], [], [], [], [], [], [], ["ice axe"], [], ["sliding seat artifact", "egg", " artifactgrandfather clock artifact", " objectegg food"], [], [], [], [" communicatioword communicatio"], [], [], [], ["jar"], [], [], [], [], [], [], [], [], [], [], [], [], [], [], [], [], [], [], [], [], [], [], [], [], [], [], [], [], [], ["x bar"], [], [" artifactspinning wheel artifact"], [], [], [], [], [], [], [], [], [], [], [], [" artifactlocomotive artifact"], [" bodyabdomen body", "abdome"], [" artifactswing door artifact", " artifactbi fold door artifact", " artifactgate artifact", " artifactexterior door artifact", " artifactcar door artifact", " artifactfrench door artifact", "pintle artifact", "pintel"], [], [], [], [], [], [], [], [], [], [" artifactgrapnel artifact", " artifactcoat hanger artifact", "barb artifact"], [], [], [" animalegg animal", " plantovule plant"], [], [], [], [], [], [], ["clinch artifact"], [], [], [], [], ["table", "saphenous vein body", " artifacttripod artifact", "chair", "saphenous nerve body", " artifactspinning wheel artifact", " artifacttable artifact", " artifactpair of trousers artifact", "peroneal vein body", "thigh body", "knee artifact", "shin body", "knee body", "cuff artifact", "shank body", "tibial vein body", "crus body", " bodybody animal", " artifactgrand piano artifact", "foot artifact", "knock knee state body", "fibula body", "tibialis body", " artifactcot artifact", "foot body", " artifactfour poster artifact", "tibia body", "vertebrate foot body", "ankle body", " artifactchair artifact", "sciatic nerve body", " artifacthospital bed artifact", "leg bone body", "shi", "body", "fibula"]], "/r/HasA": [[], [], [], [], [], [], [], [], [], [], [], [], [], [], [], ["walnut", "turtles", "turtle"], [], [], [], [], [], [], [], ["most bottles"], [], [], [], [], [], [], [], [], [], [], [], [], [], [], [], [], [], [], [], [], [], [], [], [], [], [], [], [], [], [], [], [], [], [], [], [], [], [], [], [], [], [], [], [], [], ["toilet lids"], [], [], [], [], [], [], [], [], [], [], [], [], [], [], [], [], [], [], [], [], [], [], [], [], ["one foot"]], "/r/CapableOf": [[], [], [], [], [], [], [], [], [], [], [], [], [], [], [], [], ["coat teeth"], [], [], [], [], [], [], [], [], [], [], [], [], [], [], [], [], ["fool irs", "clean penis"], [], [], [], [], [], [], [], [], [], [], [], [], [], [], [], [], [], [], [], [], [], [], [], [], [], [], [], [], [], [], [], ["mommy", "duct tape"], [], [], [], [], [], [], [], [], [], [], [], [], [], [], [], [], [], ["hold things together", "stick paper", "stick to", "stick two things together", "dry", "used to fasten things together", "stick wood", "fix broken things", "set", "stick to paper", "join wood together", "stick two pieces of wood together"], [], [], [], [], ["make job easier"], [], [], [], [], ["cable"], []], "/r/AtLocation": [[], [], [], [], [], [], [], [], [], [], [], [], [], [], [], ["ocea", "bottom of sea"], [], [], [], [], [], [], [], [], [], [], [], [], [], [], [], ["accountant's office", "bookkeeper's office", "account", "desk", "accounting department"], [], [], [], [], [], [], [], [], [], [], [], [], [], [], [], [], [], [], [], [], [], [], [], [], [], [], [], [], [], [], [], [], [], [], [], [], ["fungus"], [], [], [], [], [], [], [], [], [], [], ["end of line"], [], [], [], ["school", "desk drawer", "tube", "garage", "book binding", "cabinet", "glue gu", "bottle or tube", "bottle", "art room", "desk", "classroom", "closed container"], [], [], [], [], [], [], [], [], [], [], ["bucket of chicke", "pair", "chair", "body", "furniture store", "table"]], "/r/HasProperty": [[], [], [], [], [], [], [], [], [], [], [], [], [], [], [], [], [], [], [], [], [], [], [], [], [], [], [], [], [], [], [], [], [], [], [], [], [], [], [], [], [], [], [], [], [], [], [], [], [], [], [], [], [], [], [], [], [], [], [], [], [], [], [], [], [], [], [], [], [], [], [], [], [], [], [], [], [], [], [], [], [], [], [], ["sticky"], [], [], [], [], [], [], [], [], [], [], ["necessary for walking and running"]], "/r/CreatedBy": [[], [], [], [], [], [], [], [], [], [], [], [], [], [], [], [], [], [], [], [], [], [], [], [], [], [], [], [], [], [], [], [], [], [], [], [], [], [], [], [], [], [], [], [], [], [], [], [], [], [], [], [], [], [], [], [], [], [], [], [], [], [], [], [], [], [], [], [], [], [], [], [], [], [], [], [], [], [], [], [], [], [], [], [], [], [], [], [], [], [], [], [], [], [], []], "/r/Synonym": [[], [], [], [], [], [], [], [], [], ["committed a ", "a affiliated ", "sessile"], ["v changetighten change", "fix contact", "secure contact", "tie on", "vstrap", "vunite", "vjoi", "vtie", "vbind", "tether", "vcatch", "vconnect", "vattach", "vlace", "vsecure"], [" timeenlistment time", "catch contact", "hitchhike", "hobble act", "v motiohitchhike motio", "v motiolimp motio", " artifacthindrance artifact", "limp act", " statearrest state", "v motiobuck motio", "catch", " cognitiohang up cognitio", "contretemps", "tow hitch", "rub", "tow bar", "knot"], [], ["v contactpluck contact", "pickax artifact", "pickaxe artifact", "break up contact", "v contactpeck contact", " actchoice act", "pluck contact", "v consumptionibble consumptio", "v communicatioblame communicatio", "cull contact", "plectrum artifact", " cognitiochoice cognitio", " quantitypicking quantity", " artifactwoof artifact", "v changeclean change", "plectron artifact", " groupcream group", "v possessiofoot possessio", "picklock", "vselect", "decide", "vchoose", "plectrum", "pickaxe"], [], [" animalcarapace animal", "v competitiobeat competitio", "v creatioblast creatio", "casing artifact", "eggshell object", " artifactplate artifact", "v competitioblast competitio", "case artifact", "v changehusk change", "racing shell artifact", "shale"], [" artifactbrass artifact", "atheroma"], [], ["cirriped animal", " animalbarnacle goose animal", "cirripede animal", ""], ["stick on contact", "v contactappend contact", "fix", "additio", "suffix", "anchor", "vfix", "attach"], [], [], [], ["recording label communication communicatio", "v communicatiopronounce communicatio", "v contacttag contact", "tag", "vtag", "pigeonhole", "vcategorise", "wpcomputer sciencewpcomputer science", ""], [], [], [], [], [], [], [], ["book possession possessio", "book of account possession possessio", "leger possession possessio", "account book possession possessio", " artifactdaybook artifact", "general ledger", "ledger book"], [], ["split pin"], [], [], [], [], [], ["stipe"], ["settle on change", "fix change"], [], ["toroid shape", "tore artifact", ""], [], [], ["dogma", "spotter"], [], ["stalkless biology", "immobile", "aattached"], [], [], [], [], [], ["a assistant ", "expendable", "a appurtenant ", "additio", "addition", "appurtenant", "adjoint", "side issue"], [], ["female a ", "rackwiktfr 7", "afemale"], [], [], [], [], [], [], ["predecessor"], ["participation act", "meshing event", "booking act", "mesh event", " communicatiobetrothal communicatio", " groupdate group", " militarybattle military", "interlocking event", " actemployment act", "involution act", "involvement act", "commitment", "appointment", "hire", "espousal"], ["embellish creation creatio", "ornament creation creatio", "grace creation creatio", "v contactdress contact", "adorn creation creatio", "v stativedeck stative", "beautify creation creatio", "fit out", "adorn", "beautify", "embellish"], [" actlocalization act", "v bodysterilize body", "v creatiocook creatio", "hole state", "gear up change", " actrepair act", "mess state", "set up change", "prepare change", "v contactfasten contact", "ready change", "muddle state", "v changefixate change", "kettle of fish state", "set change", "v changerepair change", "v competitiopay back competitio", "v communicatiospecify communicatio", "v contactsituate contact", "pickle state", "jam state", "repair", "vrepair", "vdoctor", "recondition", "vattach", "make whole", "attach", "vaffix", "affix", "fettling", "vneuter", "determine", "wpheroeswpheroes"], [], [], ["omphalus body", "umbilicus body", "navel point location locatio", "omphalos body", "bellybutton body", "belly button body", "bellybutto", "tummy button", ""], ["joint", "flexible joint artifact", "quartile", "har"], [], [], [], [], [], [], [], [], ["grommet artifact", "loop artifact", "eyelet artifact", "grummet artifact"], ["v possessiopilfer possessio", "accost communication communicatio", "glom possession possessio", "knock off possession possessio", " acthook shot act", "snare communication communicatio", "crotchet shape", "cop possession possessio", "draw act", "solicit communication communicatio", " cognitiobait cognitio", "thieve possession possessio", "v consumptioaddict consumptio", "v handicraftcrochet handicraft", "claw artifact", "v possessioovercharge possessio", "snitch possession possessio", "hooking act"], [], [], ["tread", "cicatricula", "kenning"], ["paste contact", "gum substance", "mucilage substance", "adhesive"], [], ["r pig backr ", "r pickabackr ", "tailgate", "rpooseback"], [], [], [], [" artifactstud artifact", "v cognitioconcentrate cognitio", ""], [], ["separate a "], [], ["link stative", "tie contact", "unite stative", "v cognitioassociate cognitio", "v socialget in touch social", "join stative", "link up stative", "v contactplug in contact", "link up contact", "link contact", "connect up", "attach", "join", "plug in", "fasten", "conjugate", "vconjugate", "vjoi"], [" artifactpeg artifact", " actstage act", " shapebranch shape", "limb", "prop", "cathetus"]], "/r/LocatedNear": [[], [], [], [], [], [], [], [], [], [], [], [], [], [], [], [], [], [], [], [], [], [], [], [], [], [], [], [], [], [], [], [], [], [], [], [], [], [], [], [], [], [], [], [], [], [], [], [], [], [], [], [], [], [], [], [], [], [], [], [], [], [], [], [], [], [], [], [], [], [], [], [], [], [], [], [], [], [], [], [], [], [], [], [], [], [], [], [], [], [], [], [], [], [], []], "/r/SimilarTo": [[], [], [], [], [], ["a botanyaffixed ", "affixed a botany"], [], [], [], ["a involved ", "a loving ", "intended a ", "loving a ", "a intended ", "a bespoken ", "involved a ", "bespoken a ", "semiattached", "adetached"], [], [], [], [], [], [], [], [], [], ["clitic"], [], [], [], ["vpigeonhole"], [], [], [], [], [], [], ["a bindable ", "clip on a ", "bindable a ", "a tie on ", "tie on a ", "a clip on "], [], [], [], [], [], [], [], [], [], [], [], [], [], [], [], [], [], [], [], [], [], [], [], [], ["feminine a ", "a feminine "], [], [], [], [], [], [], [], [], [], ["mend"], [], [], [], [], [], [], [], [], [], [], [], [], [], [], [], [], [], ["adhesive"], [], [], [], [], [], ["spike"], [], ["a detached architecture", "detached architecture "], [], ["vattach"], []], "/r/MadeOf": [[], [], [], [], [], [], [], [], [], [], [], [], [], ["metal"], [], [], [], [], [], [], [], [], [], [], [], [], [], [], [], [], [], [], [], [], [], [], [], [], [], [], [], [], [], [], [], [], [], [], [], [], [], [], [], [], [], [], [], [], [], [], [], [], [], [], [], [], [], [], [], [], [], [], [], [], [], [], [], [], [], [], [], [], [], [], [], [], [], [], [], [], [], [], [], [], []], "/r/ReceivesAction": [[], [], [], [], [], [], [], [], [], [], [], [], [], [], [], [], [], [], [], [], [], [], [], [], [], [], [], [], [], [], [], [], [], [], [], [], [], [], [], [], [], [], [], [], [], [], [], [], [], [], [], [], [], [], [], [], [], [], [], [], [], [], [], [], [], [], [], [], [], [], [], [], [], [], [], [], [], [], [], ["curved"], [], [], [], ["made from hooves of horses"], [], [], [], [], [], [], [], [], [], [], ["covered by pants"]]}, "/r/UsedFor": {"/r/RelatedTo": [["grave", "window", "doughnut", "mouth", "pore", "bar", "cave", "wound", "mine", "pit", "hollerith code", "cut out", "wikten 1security", "backfill", "crutter", "agloo", "above par", "wikten 1weakness", "blind hole", "brusher", "coal hole", "wikten 1gree", "go to ground", "trench", "butterfly ballot", "punchboard", "countersink", "bogey", "reeved", "teebox", "twist drill", "drillwikten 1", "trepanation", "dibber", "jud", "ebullating", "feature", "bur block", "shuttle box", "coin", "pritchel hole", "stop up", "airhole", "multihole", "punching", "hole in one", "match play", "wikten 1full course", "roothole", "keywikten 1", "keyhole", "eyelet", "bullet hole", "spider hole", "ring binder", "holes", "stomy", "hawsehole", "nanosponge", "atrioseptostomy", "betti number", "catch plate", "feedhole", "gobble hole", "yeddingwikten 3", "bitstock", "arrow hole", "strudel", "p type", "venthole", "egg crated", "dribble glass", "clevis", "journal bearing", "formboard", "vodka luge", "quasihole", "brise soleil", "hand hole", "bialy", "polaron", "igloo", "carpintero", "blasthole", "third", "pockmarked", "soakaway", "suspiral", "holeless", "drillhole", "party ring", "ventage", "judas", "corehole", "holey", "dropleton", "beanhole", "screwboard", "gouge", "mohole", "flagstick", "mousehole", "boob window", "n type", "pitchpenny", "murder hole", "poke out", "bar billiards", "thumbhole", "pub golf", "roman dodecahedron", "bee escape", "pegboard", "centrebit", "spackle", "trip slip", "fit rod", "coloboma", "plug", "creephole", "outhole", "hollow hearted", "bore needle", "keypunch", "dogballs", "below par", "wikten 1shortstop", "burrow", "pinhole camera", "holeth", "recessed", "ferme", "double bogey", "lithodome", "knuckerhole", "holelike", "bayonet", "clevis pin", "schuko", "perforation", "adder stone", "rynd", "borewikten 1", "wikten 1square", "centerpunch", "triblet", "bunsen burner", "armhole", "ebullated", "puncture", "peephole", "drop grommet", "holeproof", "stumphole", "manway", "obturator", "golf course", "keyguard", "pierce", "pertuse", "craterization", "punched pocket"]], "/r/UsedFor": [["hide i", "drill artifact", "drill artifact object", "entry", "water", "bury treasure", "sticking things i", "room to put i", "planting", "dirt", "discard things"]], "/r/LocatedAt": [[]], "/r/FormOf": [["holes", "holed"]], "/r/IsA": [["aperture object", " shapespace shape", "pit object", "peephole artifact", "perforation object", "cup artifact", "ozone hole object", "wormhole object", "cranny object", "bullet hole object", "armhole artifact", " objectnatural depression object", "dogleg artifact", "mouth hole artifact", "eyelet artifact", "bolt hole object", "pore shape", "thumbhole artifact", "pothole object", " artifactopening artifact", "perforation artifact", "mortise artifact", "hawse artifact", "burrow object", "nail hole artifact", "gopher hole object", "keyhole artifact", "buttonhole artifact", "knothole substance object", "eye artifact", "kettle hole geology object", "leak object", "plughole artifact", "rabbit burrow object", "countersink artifact", "vent artifact", "air hole artifact", "sound hole artifact", " artifactplaying period game", "puncture artifact", "ear hole artifact", "manhole artifact", " objectopening object", "loophole artifact", "lubber's hole artifact", "nostril", "rathole object", "finger hole artifact", " statedefect state", "bunghole artifact", "posthole artifact", "negative space", "absence"]], "/r/PartOf": [[" artifactgolf course golf"]], "/r/HasA": [[]], "/r/CapableOf": [[]], "/r/AtLocation": [["mouse", "lemur", "wall", "swiss cheese", "donut", "ground", "ball", "old sock", "golf gree", "golf course", "pocket", "butto", "rabbits", "dirt"]], "/r/HasProperty": [["one"]], "/r/CreatedBy": [[]], "/r/Synonym": [["hole out golf", " bodytrap body", " statefix state", "golf hole artifact", "hollow object", "solitary confinement", "gap"]], "/r/LocatedNear": [[]], "/r/SimilarTo": [[]], "/r/MadeOf": [[]], "/r/ReceivesAction": [["filled with air"]]}, "/r/LocatedAt": {}, "/r/FormOf": {"/r/RelatedTo": [[], ["hand", "loving a ", "a loving ", "arm", "leg", "attachedness", "misattached", "gatepost", "astem", "appendant", "vattach", "fixated", "hair extension", "organic", "nonsecured", "weather vane", "marcescent", "fixed", "hotbar", "side chain", "juice box", "serf", "radioactive tracer", "affixed", "nas", "nonattached", "overattached", "adhere", "adecurrent", "bower anchor", "astipe", "free", "superattached", "unsecured", "shank", "in round", "anorak", "unattached", "feet", "foot", "neck", "head", "barnacle", "kite", "tongue", "trailer", "branch", "wing", "crucifix", "lose"], [], ["chorion", "neck", "arm"], ["attachingness", "vattach", "drawing pin", "lining", "ankle"]], "/r/UsedFor": [[], [], [], [], []], "/r/LocatedAt": [[], [], [], [], []], "/r/FormOf": [["vattach"], ["attach", "vattach"], ["vattach"], ["vattach", "attach"], ["vattach", "attach"]], "/r/IsA": [[], [], [], [], ["homologous chromosome attachment", "configuring", "physical incorporation", "labelling", "pinning cloth in place", "hooking fish", "microtubule connects to kinetochore", "connectingopencycconnecting together", "physical event"]], "/r/PartOf": [[], [], [], [], []], "/r/HasA": [[], [], [], [], []], "/r/CapableOf": [[], [], [], [], []], "/r/AtLocation": [[], [], [], [], []], "/r/HasProperty": [[], [], [], [], []], "/r/CreatedBy": [[], [], [], [], []], "/r/Synonym": [[], ["committed a ", "a affiliated ", "sessile"], [], [], []], "/r/LocatedNear": [[], [], [], [], []], "/r/SimilarTo": [[], ["a involved ", "a loving ", "intended a ", "loving a ", "a intended ", "a bespoken ", "involved a ", "bespoken a ", "semiattached", "adetached"], [], [], []], "/r/MadeOf": [[], [], [], [], []], "/r/ReceivesAction": [[], [], [], [], []]}, "/r/IsA": {}, "/r/PartOf": {}, "/r/HasA": {}, "/r/CapableOf": {}, "/r/AtLocation": {}, "/r/HasProperty": {}, "/r/CreatedBy": {}, "/r/Synonym": {"/r/RelatedTo": [[], [], [], [], [], [], [], [], [], ["lace up", "affix", "synartesis", "latherer", "fasten up", "vland", "vattach", "watchband", "garden nail", "reballing", "loopwikten 2", "vbreastfast", "shoelace", "belace", "fasteneth", "boltable", "fastenable", "rother nail", "leash", "fastened", "rivetable", "unloose", "peg", "hank", "vheadfast", "hatstring", "tie back", "rivet", "lockdo ", "unbanded", "fastening", "snap", "knockdo a", "buckle up", "swingtree", "cringle", "ziptop", "strap up", "velcro", "paperclip", "anchorage", "do up", "loose end", "pin", "stake", "vholdfast", "vhandfast", "bind", "chinstrap", "inknot", "deadbolt", "hood ornament", "ziploc", "toenail", "screw peg", "hasp", "gumming", "dowel", "buttonable", "vmakefast", "doorlatch", "zippable", "chain", "rebutton", "cable", "wire", "clear decks", "belt up", "attach", "strap", "vtell", "buttoner", "moor up", "fastenest", "cord", "pointmaker", "bonnetstring", "latchable", "slingwikten 1", "bridgeboard", "eyesplice", "snap fastener", "drawing board", "vsteadfast", "belock", "butt hinge", "button up", "peg do v", "thrap", "overcast", "belt", "straw nail", "lace", "chokerman", "fastener", "sleepsack", "vconnect", "capstring", "vsitfast", "fastens", "refasten", "hook and eye", "vcragfast", "grapplewikten 1", "screwdriving", "breastfast", "pinback", "shoelacing", "vbedfast", "vfast", "bootlaced", "vsoothfast", "snipebill", "hitch", "vcolorfast", "sagum", "restraint", "bootlace", "clinch", "vshamefast", "seal"], [], [], ["repair", "mend", "broke", "solutio", "repairing", "stitch", "rig doctor", "crashgate", "i", "vprivilege", "vinfertile", "vrender", "gaze", "fixer", "prefix", "fiv", "anchor", "vsubset", "stopgap", "fv", "nuke and pave", "vrepair", "fi", "bugfix", "processioning", "append", "diazotrophic", "lock do v", "pendulum", "stand", "fixatio", "reserve", "clip font", "patress", "locatio", "tinkering", "entail", "fixes", "fixings", "fettle", "morpheme", "user", "addictive", "forefix", "leave well enough alone", "fiii", "name day", "suffix", "fixator", "souther", "zero day", "valorize", "circum", "principle", "fixature", "fixing", "engraft", "pin", "rhizobium", "corrective", "vattach", "sort out", "given enough eyeballs all bugs are shallow", "pyrophotography", "improve on", "vaffix", "preface", "vfixative", "remount", "fvi", "dilemma", "vprefix", "quick and dirty", "dose", "determinatio", "leghemoglobin", "rotation", "fixative", "backport", "eyebar", "invariable pendulum", "unbreak", "attract", "fxiii", "fvii", "vitself", "fixate", "diazotroph", "vmend", "vfixture", "tinker", "imp", "vprix fixe", "vtime", "unfixed", "fettling", "spangle", "stereotype", "unfixable", "mirabolic", "fixable", "hemophilia b", "fxi", "tighten up", "refix", "fii", "working knowledge", "unruin", "affix", "vmap", "fxii", "glaive", "vin place", "stay put", "stop gap", "vfixate", "diverticulopexy", "heartbleed", "fixed", "vpoint", "single", "fixless", "unfuck", "alpha version", "lock in", "bake", "reagin", "fx", "wet plate", "vfixity", "underfix", "e.g", "if it ain't broke don't fix", "hire", "triage", "peg", "drug", "quandary", "overfix", "fixation", "rectify", "moor up", "mending", "correct", "heal", "make", "problem", "remedy", "actio", "patch", "correct problem"], ["together", "connect", "member", "become", "become member", "unite", "attach", "enter", "oversew", "recompact", "take part", "misjoin", "underjoin", "full outer join", "semijoin", "suture", "conjoin", "associable", "dial in", "bewed", "joined", "nonjoiner", "interjunction", "bend", "jugata", "dial into", "vcompany", "vmember", "natural join", "autojoin", "vcombine", "gusset", "multijoin", "twinwikten 1", "zygosynapophyseal", "unconjunctive", "adjunction", "cross floor", "locale", "connect dots", "hit and run", "spot weld", "lattice", "amalgamate", "merge", "joint", "ideal", "consolidate", "joinable", "frame", "combinate", "interconnect", "detached", "joinest", "right outer join", "semi detached", "add", "come with", "antijoin", "sober space", "notching", "rejoiner", "notch", "halve", "coordination", "vdata", "data", "reconjoin", "equijoin", "table", "interjoin", "vtable", "safety pin", "cross join", "princess dress", "skin up", "queue", "friendship bench", "joins", "enemy of your is friend", "butt in", "twist", "liken", "tag along", "trackback", "gender changer", "gousset", "commit", "marry up", "complect", "glue", "ingroove", "fifth normal form", "cross aisle", "dykehead", "piecen", "nonjoining", "recouple", "joinability", "associate", "joineth", "joinder", "union", "fall in with", "cast in one's lot with", "semilattice", "club", "go in on", "conjunctival", "vdatabase", "couple"], [], []], "/r/UsedFor": [[], [], [], [], [], [], [], [], [], ["button artifact contact", "bolt artifact contact", "chain artifact contact", "lock artifact contact", "wire artifact contact"], [], [], ["piece"], ["link artifact contact"], [], []], "/r/LocatedAt": [[], [], [], [], [], [], [], [], [], [], [], [], [], [], [], []], "/r/FormOf": [[], [], [], [], [], [], [], [], [], ["fastening", "fastens", "fasteneth", "fastened", "fastenest"], [], [], ["fixes", "fixing", "fixest", "fixeth", "fixed"], ["joins", "joinest", "joined", "joineth", "join'd", "joining"], [], []], "/r/IsA": [[], [], [], [], [], [], [], [], [], [], [], [], [" actintravenous injection act", " statedifficulty state", " actexemption act", "dog's breakfast state", "make not broke", "bugfix", "wpheroestelevision episode"], ["mechanical connectionopencycphysical connection configuratio", "couplingopencycphysical connection configuratio", "semijoin", "mechanical position connectionopencycphysical connection configuratio", "rigid connectionopencycphysical connection configuratio", "inner join", "outer join", "cross join", "autojoin", "opencycphysical connection configuratiohook up", "natural join"], [], []], "/r/PartOf": [[], [], [], [], [], [], [], [], [], [], [], [], [], [], [], []], "/r/HasA": [[], [], [], [], [], [], [], [], [], [], [], [], [], [], [], []], "/r/CapableOf": [[], [], [], [], [], [], [], [], [], [], [], [], ["mommy", "duct tape"], [], [], []], "/r/AtLocation": [[], [], [], [], [], [], [], [], [], [], [], [], [], [], [], []], "/r/HasProperty": [[], [], [], [], [], [], [], [], [], [], [], [], [], [], [], []], "/r/CreatedBy": [[], [], [], [], [], [], [], [], [], [], [], [], [], [], [], []], "/r/Synonym": [[], [], [], [], [], [], [], [], [], ["v changetighten change", "fix contact", "secure contact", "tie on", "vstrap", "vunite", "vjoi", "vtie", "vbind", "tether", "vcatch", "vconnect", "vattach", "vlace", "vsecure"], [], [], [" actlocalization act", "v bodysterilize body", "v creatiocook creatio", "hole state", "gear up change", " actrepair act", "mess state", "set up change", "prepare change", "v contactfasten contact", "ready change", "muddle state", "v changefixate change", "kettle of fish state", "set change", "v changerepair change", "v competitiopay back competitio", "v communicatiospecify communicatio", "v contactsituate contact", "pickle state", "jam state", "repair", "vrepair", "vdoctor", "recondition", "vattach", "make whole", "attach", "vaffix", "affix", "fettling", "vneuter", "determine", "wpheroeswpheroes"], [" shapearticulation shape", " groupunion group", "get together social", "conjoin contact", "v stativeconnect stative", "fall in social", "vbewed", "attach", "joint", "vmarry", "vconnect", "vunite", "vconsolidate", "vmeet", "partake", "fasten", "articulation", "vaffiliate with", "vmerge", "vwed", "vassemble", "vamalgamate", "vconfederate", "coalesce", "vattach", "vconjoi", "vjoin together", "vappend", "vmiter", "associate", "vassociate"], [], []], "/r/LocatedNear": [[], [], [], [], [], [], [], [], [], [], [], [], [], [], [], []], "/r/SimilarTo": [[], [], [], [], [], [], [], [], [], [], [], [], ["mend"], [], [], []], "/r/MadeOf": [[], [], [], [], [], [], [], [], [], [], [], [], [], [], [], []], "/r/ReceivesAction": [[], [], [], [], [], [], [], [], [], [], [], [], [], [], [], []]}, "/r/LocatedNear": {}, "/r/SimilarTo": {"/r/RelatedTo": [["joi", "together", "dots", "put together", "put", "get onto", "connecteth", "lisfranc ligament", "reference", "conjunctival", "joint", "taper pin", "vjoi", "ligate", "pecker", "annectent", "velectrical", "vconnexio", "install", "connectest", "get on end of", "incoherence", "balun", "bosphorus", "linkup", "piston rod", "skyway", "supraclavicle", "join up", "unconnectable", "daisy chain", "boltwikten 1", "hook", "session", "harmonic balancer", "hard wire", "aerobridge", "put through", "fobwikten 1", "tidal island", "interbeing", "brace", "linkway", "connecting", "syndeticity", "hook up", "magenta box", "close knit", "mediary", "simplicial complex", "vline", "copula", "headshell", "null modem", "joyport", "vtravel", "hidden city", "vconnectio", "cystoperitoneal", "line of levels", "person to", "liken", "network topology", "misconnect", "nonconnection", "balloon animal", "grounded", "akill", "fasten", "affinitive", "jetway", "involve", "pitman", "crossto a", "wired", "catenate", "landing net", "spiritistic", "syndetic", "semapedia", "bus topology", "kick in", "lash together", "interconnect", "tick and tie", "connection", "jack in", "relevant", "associate", "microconsole", "jet bridge", "interstitch", "connective", "corridor train", "floating ground", "vconnector", "connects", "storz coupling", "dial up", "tied", "enlink", "penumbra", "astragal", "nexus", "vconnectability", "reconnect", "vnetwork", "connectivity", "connect up", "implicate", "wildlife corridor", "vtelephone", "set top box", "plugfest", "retinaculum", "attachment", "vcircuit", "connector", "airbridge", "irrelate", "memorabilia", "anchor", "vassociate", "ligative", "exclave", "glue code", "attach", "join together", "joining", "bridge", "internet", "bring", "bring together", "tie", "actio", "game", "tie together", "getting", "up", "two", "meet", "link", "leg", "joining things", "betwee", "between dots", "linking", "joining pieces", "pieces", "conjunctive actio", "conjunctive", "getting o", "meeting up", "meeting", "plug", "two wires", "plug i", "wires", "hooking", "hooking things", "dot", "internet thing", "dot game", "get together", "cross", "corner", "join dots", "unio", "board game", "board", "communicatio", "establishing", "establishing communicatio", "parts", "two parts", "plugs", "getting signal", "signal", "telephones", "appearance", "juxtapositio"]], "/r/UsedFor": [["smell cognition communicatio", "telephone line artifact communicatio", "chain artifact contact", "link artifact contact"]], "/r/LocatedAt": [[]], "/r/FormOf": [["connected", "connecting", "connects"]], "/r/IsA": [[]], "/r/PartOf": [[]], "/r/HasA": [[]], "/r/CapableOf": [["cable"]], "/r/AtLocation": [[]], "/r/HasProperty": [[]], "/r/CreatedBy": [[]], "/r/Synonym": [["link stative", "tie contact", "unite stative", "v cognitioassociate cognitio", "v socialget in touch social", "join stative", "link up stative", "v contactplug in contact", "link up contact", "link contact", "connect up", "attach", "join", "plug in", "fasten", "conjugate", "vconjugate", "vjoi"]], "/r/LocatedNear": [[]], "/r/SimilarTo": [["vattach"]], "/r/MadeOf": [[]], "/r/ReceivesAction": [[]]}, "/r/MadeOf": {}, "/r/ReceivesAction": {}}}, "": {"N1": {"/r/RelatedTo": ["windowdoor", "worklabor", "butchermeat", "gallomeasure", "woundgash", "punishmentcrime and", "chickelaying", "thricerthree", "informed educated ", "closed obstructed ", "transpondianrightpondia", "mystifymystery", "audiovisualsaudiovisual"], "/r/UsedFor": ["flash artifactlight physics", "string bassplaying music"], "/r/LocatedAt": [], "/r/FormOf": ["air burstsair burst", "pot belliespot belly", "cross sectionscross sectio"], "/r/IsA": ["suburb locatioresidential district locatio", "western skink animalskink animal", "inertial mass physicsmass attribute", "leading man persoactor perso", "occasion timetime time", "tree toad animalfrog animal", "petaurista animalmammal genus animal", "torch singer persosinger perso", "drop arch artifactpointed artifact", "rottenstone substancelimestone substance", "scorpionfish animalscorpaenid animal", "temporary hookup artifactconnection artifact", "acrylic fiber substanceman made substance", "dependence statestate ", "overhand pitch actpitch baseball", "american spikenard plantsubshrub plant", "hedonist persosensualist perso", "homecoming actreunion act", "aldrovanda plantdicot genus plant", "ambystomatidae animalamphibian family animal", "assist ice hockeymaneuver act", "tithe barn artifactbarn artifact", "hypsometer artifactaltimeter artifact", "papyrus communicatiodocument communicatio", "cacodyl substancegroup chemistry", "penance actsacrament act", "rule of evidence lawrule communicatio", "usherette persousher perso", "hooks bodyhand body", "bilabial communicatiolabial consonant communicatio", "kurdish communicatioiranian communicatio", "theism cognitioreligion cognitio", "aristocrat persoleader perso", "bundesbank groupcentral bank group", "skirtform of female attire", "yardarm artifactend locatio", "supreme court lawfederal group"], "/r/PartOf": ["satachristian myth", "old testament communicatiobible communicatio", "styloid process bodytemporal bone body", "voider artifactbody armor artifact", "tower of london artifactlondon locatio"], "/r/HasA": ["baywater"], "/r/CapableOf": ["blanketscover bed", "chefbone chicke", "authorswrite books"], "/r/AtLocation": ["windowhouse", "dustcarpet", "action figuretoy department", "barbershopmall", "mouselab maze"], "/r/HasProperty": [], "/r/CreatedBy": [], "/r/Synonym": ["hawaiian honeycreeper animalhoneycreeper animal", "thing cognitiomatter cognitio", "dprk locationorth korea locatio", "gas tight air ", "get into possessioget in possessio", "west persocicily isabel fairfield perso", "sapindus drumondii plantwild china tree plant", "abls communicatiobachelor of arts in library science communicatio", "homburg artifactfedora artifact", "choking coil artifactchoke artifact", "sewerage artifactsewer artifact", "fish bowl stategoldfish state", "caddy golfcaddie golf", "moray eel animalmoray animal", "family zygnemataceae animalzygnemataceae animal", "severity attributeaustereness attribute", "hors d oeuvre foodhors food", "chukka artifactchukka boot artifact", "immunise competitioimmunize competitio", "kindling pointautoignition temperature", "corruptlyr corruptedlyr ", "lazy faineant ", "copernicia prunifera plantcarnauba plant", "log z's bodysleep body", "sworn pledged ", "palestine authority grouppalestine national group", "polyodon spathula animalpaddlefish animal", "linnaea borealis americana plantamerican twinflower plant", "stylise artstylize art", "thank youthank you very much", "infirm decrepit ", "uriniferous tubule bodynephron body", "passing actpassage act", "rio nunez coffee plantrobusta plant", "experimentation cognitioexperiment cognitio", "powerful knock do a ", "lichgate artifactlychgate artifact", "take advantage socialtrespass social", "pyrethrum plantpainted daisy plant", "take turns changealternate change", "water level locatiowaterline locatio", "fuddle stateclutter state", "insisting communicatioinsistence communicatio", "vibrate perceptioresonate perceptio", "viridity attributegreen attribute", "yarn dye changeimpress change", "balaenoptera borealis animalsei whale animal", "electron orbit locatioorbit locatio", "lillie persobeatrice perso"], "/r/LocatedNear": [], "/r/SimilarTo": ["large leafed leafy ", "captious critical ", "exaggerated increased ", "effective militaryoperational military", "tasty winey ", "fast breaking news article", "second rate inferior ", "disputatious argumentative ", "private nonpublic ", "coated glazed ", "free clear "], "/r/MadeOf": [], "/r/ReceivesAction": []}, "N2": {}}}