{"bare": {"N1": {"/r/RelatedTo": ["skin", "bares", "rwikten 1condom", "flesh", "baring", "bareness", "short strokes", "vbear", "detailless", "skeletalize", "bared", "zoe", "lay bare", "barehand", "awikten 1minimal", "nudation", "fisticuffs", "bareish", "skeletalization", "nake", "awikten 1decoratio", "nude", "barenecked", "fistfight", "open wound", "naked", "nothing", "nakedness", "off", "off clothes", "clothes"], "/r/UsedFor": [], "/r/LocatedAt": [], "/r/FormOf": ["bared", "bares", "baring", "barer", "barest", "bear"], "/r/IsA": ["wpprijepoljevillage"], "/r/PartOf": [], "/r/HasA": [], "/r/CapableOf": [], "/r/AtLocation": [], "/r/HasProperty": [], "/r/CreatedBy": [], "/r/Synonym": ["a desolate ", "a simple ", "a marginal ", "a unsheathed ", "a scanty ", "a au naturel ", "a unfinished ", "a unembellished ", "v changedenude change", "v communicatiopublicize communicatio", "a stripped ", "anude", "naked", "anaked", "awikten 1despoiled", "fistfight", "simple", "unembellished", "wpprijepoljewpprijepolje"], "/r/LocatedNear": [], "/r/SimilarTo": ["a unroofed ", "a naked ", "naked a ", "a denudate ", "a undraped ", "unroofed a ", "undraped a ", "denudate a ", "nude", "naked"], "/r/MadeOf": [], "/r/ReceivesAction": []}, "N2": {"/r/RelatedTo": {"/r/RelatedTo": [["mole", "wool", "pore", "wound", "hide", "cut", "apple", "body", "touch", "cream artifact body", "peel", "scale", "bur", "sunbur", "lotio", "ablepharon macrostomia syndrome", "myxomatosis", "paraffinoma", "pemphigoid", "mantoux test", "cutigeral", "tan line", "toxidermia", "acne vulgaris", "melanoma", "norplant", "dermato", "erythrocyanosis crurum", "cosmetics", "skincare", "swanskin", "intracutaneous", "unskinned", "hypermelanism", "underclothes", "\u00e9corch\u00e9", "anetoderma", "refatting", "video game", "innerwear", "electrocutaneous", "preshave", "sword grass", "erythematic", "epicutaneouslyr", "bowen's disease", "general surgery", "chemosurgery", "angiodermatitis", "kraurosis", "percutaneous", "doctorfish", "poak", "epulotic", "transcutaneous", "livedo reticularis", "haircalf", "transpiration", "road burn", "xanthoma", "angioleiomyoma", "pityriasis", "asteatosis", "hailey disease", "sweat pore", "creeping eruption", "golden staph", "zest", "cold cream", "emphractic", "kid leather", "erythema", "bacon rind", "transdermal patch", "urushiol", "dyskeratosis congenita", "icterometer", "bilharzioma", "dermis", "redstreak", "dermo", "black and blue", "blackspot", "caustic pencil", "tuberculid", "dermoid", "necrobiosis lipoidica", "henbane", "foundation", "flesh wound", "goose bump", "dermatophytid", "dermatology", "cutaneomuscular", "drum head", "exanthesis", "kench", "cellulite", "cutometer", "endermic", "bag of antlers", "seborrhea", "moslings", "connective tissue", "red danes", "makeup", "stretch mark", "apellous", "dimethyl sulfoxide", "fruit", "malpighian layer", "cerate", "dermatoporosis", "sloughy", "psoriasin", "chlorosis", "somesthesis", "fishskin", "topical", "lowcut", "computer program", "fire cupping", "breast", "nettle rash", "excoriator", "phototoxicity", "vesicant", "malabar itch", "calciphylaxis", "skinny", "encephalocraniocutaneous", "kraurosis vulvae", "skin food", "camelpox", "pruritus ani", "blood blister", "biodot", "rolling paper", "clitoral hood", "micropigmentation", "dermatine", "epidermolysis bullosa", "necropants", "sweatshirt", "polychromia", "osteocutaneous", "shaving gel", "squama", "xeroderma", "ecdysis", "eelskin", "acrokeratosis verruciformis", "orange peel", "black don't crack", "morgellons", "rhytid", "dermatillomania", "melasma", "dermatochalasis", "dabbity", "skinned", "hair bulb", "bleeding time test", "squame", "wolfskin", "efflorescence", "basonuclin", "atrophoderma", "humans", "dragonskin", "lebenswecker", "vtrick", "sheepskin", "trichothiodystrophy", "dermatan sulfate", "steak fries", "shadism", "tungiasis", "dermatoplasty", "flews", "leproma", "gooseskin", "chemical dermatitis", "skinlessness", "intracutaneouslyr", "brown as berry", "bookfell", "exit wound", "sudamen", "integumentary pattern", "adenoregulin", "rheumides", "tawery", "safety razor", "dermatohistopathology", "extratrigeminal", "ros\u00e9 wine", "microexfoliation", "geometry", "lizardskin", "melanocyte", "stevens johnson syndrome", "dogskin", "nailfold", "dermatoscopy", "sonophoresis", "bosselation", "blackstream", "eumelanization", "lycopenemia", "leather", "mycotoxin", "esophagocutaneous", "cultural", "goatskin", "russet burbank", "dermatofibrosis", "moisturising cream", "dorsiferous", "cutis laxa", "septocutaneous", "dyshidrosis", "huma", "razor burn", "haircoat", "lentiginosis", "birdskin", "venetian ceruse", "vellum", "photodistribution", "phototoxic", "cutis", "vaccination mark", "eczema", "partially defatted pork fatty tissue", "cuticularization", "cutaneotropic", "leopardskin", "epidermis", "henoch sch\u00f6nlein purpura", "alfaia", "neurodermatitis", "electrodermal", "ectodysplasin", "halogenoderma", "dermcidin", "cornification", "bromoderma", "plica", "matchbox sign", "neticonazole", "rindy", "hooded", "derm", "dermatofibrosarcoma", "nevoid basal cell carcinoma syndrome", "barebone", "aurantiasis", "somatosensory", "macula", "reskin", "perifolliculitis", "bruise", "livor mortis", "integumentary system", "bare", "carboxytherapy", "dermatopathy", "complexion", "erythrasma", "scrofuloderma", "dyschromatosis", "dermatotropic", "leptodermous", "dermatan", "sunburn", "leukoderma", "ecteron", "rainburn", "creepy", "keratosis pilaris", "cutting", "phototype", "blotch", "neurocutaneous", "pork scratching", "swarfega", "dermolipectomy", "epidermization", "microneedling", "bacilloscopy", "red wine", "dyschromia", "cryoburn", "degras", "urticaria", "snakeskin", "rainscald", "leukopathy", "argillan"], ["vbare"], [], ["wound", "body", "geoduck", "fleshest", "food", "trichinoscope", "tissue", "fleshmonger", "fleshlike", "pescetarian", "legs", "pornotroping", "cat's paw", "albacore", "napoleon", "fleshes", "necrophagous", "pomelo", "ciguatera", "necrophage", "abdominoplasty", "collop", "underfleshed", "long pork", "fleshless", "carnification", "pigmeat", "meat", "fleshed", "mydaleine", "man eating", "lamb", "deflesh", "bony", "kreophagist", "omophagous", "vleather", "fleshing", "flank", "vbury", "vfatte", "fleshings", "carnate", "bare", "anthropophagy", "bra ", "carneous", "sheepflesh", "flesh and blood", "calfflesh", "carnassial", "unfleshly", "muscle", "gangrene", "fleshlessness", "flab", "meat on one's bones", "animal", "flesh colored", "rock salmon", "appendix:colors", "incarnative", "russet burbank", "semivegetarian", "fat", "pantyhose", "uncarnate", "dreamfish", "marcour", "carrot", "morbidezza", "crab fork", "sarcophilous", "flesher", "necrophagy", "cucumber", "snow apple", "deer meat", "necrophagia", "well done", "comice", "swineflesh", "cast fossil", "sarcosis", "meager", "excarnation", "fleshhood", "carnivorous", "excarnate", "ichthyosarcotoxic", "desiccated coconut", "recruit", "pinch", "victoria plum", "octopus", "full fleshed", "hydrogen fluoride", "cilice", "sarcoid", "kipfler", "skinbound", "sarcophagous", "carrio", "fishify", "mummia", "kreophagy", "carnify", "omophagic", "buccal cavity", "tuna fish", "creophagous", "fleshworm", "open wound", "fleshy", "sarco", "sarcosaprophagous", "context", "skin back", "sarcotic", "ichthyosarcotoxism", "incarnate", "cockflesh", "goatflesh", "carnation", "amyous", "beholder", "unflesh", "aghori", "pumpkin pie", "inlibration", "sockeye", "fleshmeat", "sarcophagy", "omophagia", "unfleshed", "fleshling", "arms", "long pig", "fish", "quick", "tabefaction", "vegetarian", "colloped", "neuridin", "carrion", "cockmeat", "flesheth", "pome", "maneating", "oxflesh", "skiving", "incarnification", "hamburger", "androphagous", "apricot", "beurr\u00e9", "ski", "bone", "bur", "butcher", "neck", "steak", "wood", "body covering", "covering", "our", "our ski", "bloody red", "red", "bloody", "eate", "fruit", "fruit meat", "cannibalism", "huma", "stitch", "woma", "and bone", "ma", "man woma", "cowhide", "material", "body material"], ["vbare", "missouri"], ["bare", "nakedness"], [], [], ["abare", "asimplified", "adetail"], ["vbare", "vskeletal"], ["vbare", "unbared"], ["bare", "zo\u00eb", "mode", "bios", "life"], [], ["abare", "aglove", "ahand"], [], ["strip", "bare", "naked"], ["fisticuff", "boxing", "knuckle", "impromptu", "fighting", "loggerheads", "bare", "fisticuffer", "fist", "glove", "fight"], ["abare"], ["bare", "skeletal"], ["vbare", "naken", "vnaked"], [], ["nonnude", "anudist", "painting", "full monty", "nudie cutie", "nudism", "skinny dipping", "nudelyr", "skinny", "adenude", "undress", "seminude", "abeige", "nudy", "in pink", "ata", "skyclad", "birthday suit", "butt naked", "nudity", "naturism", "portraitgate", "fig leaf", "life drawing", "artwork", "naked as jaybird", "unclothed", "in nip", "nelfie", "aclothing", "full frontal", "nudes", "in nuddy", "in buff", "flesh colored", "photograph", "anudity", "anudism", "nudification", "starkers", "abare"], ["aneck", "abare"], ["fight", "catfight", "vfight", "fist", "fistfighting", "outslug", "scrape", "knuckles", "put up one's dukes", "bare"], [], ["awikten 1unprotected", "au naturelr", "nude scene", "jab molassie", "awikten 1singularity", "in all one's gloryr", "unclothe", "slime mold", "in altogether", "waxplay", "balum rancum", "in puris naturalibusr", "in all one's glory", "bare assed", "bare bottomed", "gymnopaedia", "awikten 1spacetime", "nudation", "bare arse", "bucket naked", "denude", "nakedlyr", "skyclad", "lap dance", "life class", "bare butt", "gymnopaedic", "nake", "scantily clad", "godiva", "in pink", "unapparelled", "nantaimori", "naked apron", "streak", "seminaked", "gymnostom", "sheela na gig", "in nuddy", "nakey", "streaker", "kaalgat", "butt naked", "get one's kit off", "nakedness", "mother naked", "bare bum", "skinny dipper", "trauma naked", "skinny", "awikten 1barre", "unclothed", "republican marriage", "awikten 1unaccompanied", "buck naked", "in raw", "gymno", "scud", "naken", "topless", "skinny dip", "stark naked", "naked as day one was born", "bare", "club", "rat", "birthday", "sandal"], ["none", "space", "zero", "emptiness", "empty", "absence", "air", "everything", "ordinary", "gornisht", "nottings", "defeat", "not worth brass farthing", "zilch", "contemn", "doodly", "hee haw", "thing", "nowhere", "silent as grave", "duck egg", "sweet nothings", "there's nowt so queer as folk", "nada", "bored", "bugger all", "nobody", "dwindlement", "nobbutr", "fuck all", "is allr", "my foot", "go by board", "bupkis", "sweet f", "mafeesh", "absent referent", "jack shit", "barefootr", "panatheism", "goose egg", "dindu nuffin", "trifling", "nothings", "nothingness", "down to", "dwindling", "something", "anything", "that's that", "fall through", "diddly squat", "nul points", "nixes", "square root of fuck all", "no one", "dick all", "barefoot", "out of work", "naught", "fanny adams", "nescience", "not sausage", "merelyr", "nish", "jurat", "null", "naff all", "know beans about", "annihilation", "sweet fa", "sod all", "noot", "nil", "hobson's choice", "annihilate", "eradicate", "damn all", "nought", "free", "clear", "all", "void", "thunder", "sound", "average", "jean paul sartre", "rest", "music", "waste", "away", "wind", "far", "smell", "heat", "noise", "neither", "sleep", "alone", "trouble", "sky", "always", "vacancy", "quantity", "gas", "lack", "absence everything", "pai", "need", "off", "breath", "glass", "time", "zip", "general", "lack of", "never", "mine", "faith", "age", "mind", "memory", "rap", "complete", "only", "minute", "river", "dead", "perfect", "vacuum", "double", "darkness", "song", "miracle", "language", "squirrel", "plai", "silence", "black", "amount", "feel", "writing", "science", "current", "touch", "sale", "bare", "descriptio", "dirt", "farm", "bleak"], ["nakedhood", "birthday suit", "full frontal nudity", "naked seed", "naked", "nudity", "undisguisedness", "defenselessness", "bareness", "bare"], ["plate", "sale", "away", "edge", "fourth slip", "cover", "apresently", "off campusr", "ainoperative", "shank", "rdirectio", "left arm unorthodox", "embranchment", "gtfo", "offing", "raway", "long off", "arancid", "googly", "aunavailable", "chinaman", "off campus", "off break", "doosra", "leg spin", "cordon", "turn off", "aleg", "aright", "silly point", "arotte", "ahalf", "out of", "offski", "out", "inside outr", "leg break", "aright hand", "off roader", "deep point", "cut", "acircumstanced", "spear foot", "orf", "from off", "leg cutter", "offerwikten 3", "extra cover", "abatsma", "adisabled", "corridor of uncertainty", "de", "offed", "deep cover", "gated", "aon way", "vkill", "sleep mode", "left arm orthodox", "afar", "reverse sweep", "off spin", "offs", "run off", "off of", "afield", "aside", "silly mid off", "off cutter", "aright handed", "vswitch", "with", "break", "table", "command", "shade", "prepositio", "vacatio", "bribe", "switch", "holiday", "bug", "cliff", "miss", "repellant", "light", "branch", "rest", "leaf", "sleep", "severance", "beyond", "slice", "peel", "actio", "power", "bug spray", "spray", "stopping things", "stopping", "deductio", "pass", "far", "golf", "onto", "charity", "bug repellant", "nothing", "bargai", "bite", "space", "display", "retreat", "wool", "so", "stick", "on and", "piss", "icicle", "deliver", "o", "reduce", "tur", "turn light", "smoke", "fraud", "jeep", "light switch", "line", "irritatio", "surprise", "tune", "insect", "insect repellant", "term", "bare", "detonatio", "by", "lubricant", "blow", "steam"], [], ["dress", "wool", "cotto", "iro", "fashio", "coat", "wash", "closet", "size", "clothe", "silk", "zipper", "sock", "stitch", "laundry", "underdress", "nankeens", "laundry ball", "dressing stick", "bikewear", "wardrobe", "braiding", "clothes brush", "make over", "dizen", "mannequin", "fashion show", "pinny", "woolens", "trauma naked", "graveclothes", "pressman", "dry clean", "paradoxical undressing", "matchy", "bottomless", "dressmaker", "frump", "spacewear", "cross dress", "ashoebi", "laundrywoman", "mufti day", "clothing", "clothesless", "dress do v", "orleans", "transvest", "stark bollock naked", "togs", "pilch", "washer", "half nakedr", "on blanket", "grubbies", "lavatory", "passementerie", "clothesbrush", "unclothed", "wash bin", "eveningwear", "bureau", "suitcase", "widen", "cloth", "clothesman", "street clothes", "change oneself", "ne er cast clout til may be out", "soapflake", "clothedness", "sympathetic powder", "breeches part", "plainclothes", "daywear", "bushel", "make do and mend", "never nude", "washer dryer", "costume", "fashion doll", "undress", "modeling", "laundry chute", "rickrack", "vestiture", "bathing costume", "tailor's dummy", "suit", "tailor", "trousseau", "fitting", "overshirt", "vclothe", "motley", "leprosy", "underclad", "long clothes", "softgoods", "anticrease", "clothes maiden", "naturist", "ecdysiast", "clothespress", "steamie", "denimwear", "flannelled", "dressing room", "deinsectization", "habiliment", "grow out of", "civvies", "claes", "airing cupboard", "get dressed", "tabinet", "overclothed", "thermogene", "fullery", "strip search", "swishing", "bathhouse", "threadbare", "demob suit", "clothes screen", "dandification", "boutique", "well dressed", "unclothedness", "wash basket", "batlet", "clothesbasket", "gear", "thing", "threads", "retrofashion", "ironing", "beclothe", "is there smaller size", "coordinate", "dude up", "dress sense", "wearing", "sagathy", "slopseller", "overcoat", "catwalk", "washing machine", "underclothes", "squeeze into", "dressable", "anticreasing", "russet", "patdo ", "dude", "pinafore", "fitting room", "bollock naked", "in rags", "dress up", "cyclewear", "transvestite", "dhobying", "slopshop", "clotheswoman", "reviver", "pajamas"]], "/r/UsedFor": [["covering body", "protecting body", "cream artifact body", "getting ta", "getting vitamin e from su", "protect against elements", "sensing temperature", "grow hair", "protect against world", "body temperature regulatio", "staying warm", "holding in flesh", "adding structural integrity", "sensing pai", "get over emotional bumps", "make grafts to treat burn victums", "spacing hair", "protect insides"], [], [], [], [], [], [], [], [], [], [], [], [], [], [], [], [], [], [], [], [], [], [], [], [], [], [], [], [], [], ["wearing", "denim", "keep warm", "expressio", "dress", "chine cotto", "covering body", "clothing closet", "cover and beautify people's body", "keep bodies warm", "protect people from environment", "cloth", "wool", "armoire"]], "/r/LocatedAt": [[], [], [], [], [], [], [], [], [], [], [], [], [], [], [], [], [], [], [], [], [], [], [], [], [], [], [], [], [], [], []], "/r/FormOf": [["skins"], ["bare", "vbare"], [], ["fleshes", "fleshing", "fleshed"], ["barings", "vbare"], ["barenesses"], [], [], [], ["skeletalized", "skeletalizing", "skeletalizes"], ["vbare"], ["zo\u00eb", "zo\u00e9", "zoey"], [], [], [], ["nudations"], ["fisticuff"], ["barish"], [], ["nakes"], [], ["nudest", "nuder", "nudes"], [], ["fist fight", "fistfights", "fistfighting", "fistfought"], [], ["nakeder", "nakedest"], ["nothings"], ["nakednesses"], ["offed", "offer", "offs", "offing", "ov"], [], ["clotheses"]], "/r/IsA": [["thick skin animal body", " bodyconnective tissue body", "wineskin artifact", " artifactsurface artifact", "investment animal body", " bodybody covering body", " artifactbag artifact", " animalbody covering body", "dewlap body", "scalp body", "cuticle body", "hangnail body", " stateanimation state", "prepuce body", "buff body", "skin graft body", "waterskin artifact", "deerskin", "skin on vertebrate head", "lambskin", "skin on whole body", "sealskin", "skin on hand", "skin on scrotum", "loinskin", "important orga", "external anatomical part"], [], [], ["color", " bodyanimal tissue body", "meat", "carrion", "ore", "film"], [], [" attributeplainness attribute", " statenakedness state", "skinny"], [], [], [], [], [], ["wpnamegiven name"], [], [], [], [], ["boxing matches"], [], [], [], [], [" statenakedness state", " artifactpainting artifact", " persoperson", "streaker person perso"], [], [" actfight act", "punch up act"], [], [], [" quantityrelative quantity", "nihil latin quantity", "bugger all quantity"], ["nude state", "undress state", "bareness state", " statecondition state", "raw state", "skinny"], ["film"], [], ["shirts", "t shirt", "shirt", "rinsed to remove solid particles", "shoe", "blouses and pants", "normally", "not potable either", "jeans and dresses", "important part of appearance", "scrub", "slacks and shorts", "gloves", "raincoat"]], "/r/PartOf": [[" artifactaircraft artifact", "pacinian corpuscle body", "sweat gland body", " bodyintegumentary system body", "pressure point body", "skin cell body", "wrinkle shape body", "pore body", "blackhead body", "freckle body", "dermis body", "epidermis body", "free nerve ending body", "liver spot body", "scab body", "whitehead body", "macule body", "tissue"], [], [], [], [], [], [], [], [], [], [], [], [], [], [], [], [], [], [], [], [], [], [], [], [], [], [], [], [], [], ["zipper"]], "/r/HasA": [["apple", "onions"], [], [], [], [], [], [], [], [], [], [], [], [], [], [], [], [], [], [], [], [], [], [], [], [], [], [], [], [], [], []], "/r/CapableOf": [["feel tender", "feel pressure", "feel smooth", "feel clammy", "feel texture", "feel painful", "feel cold", "vary in colour", "feel stretched"], [], [], [], [], [], [], [], [], [], [], [], [], [], [], [], [], [], [], [], [], [], [], [], [], [], [], [], [], [], ["protect skin from su", "get dirty", "air out", "become soiled", "dry in wind", "smell moldy if left wet", "hang in closet", "dry on rail", "give false impressio", "shred into pieces of confetti", "fit", "dry on clothes line"]], "/r/AtLocation": [["fruit", "finger", "body", "good health", "trapper's work area", "fungus", "bucket of chicke"], [], [], [], [], [], [], [], [], [], [], [], [], [], [], [], [], [], [], [], [], [], [], [], [], [], [], [], [], [], ["store", "closet", "dresser", "house", "suitcase", "mall", "clothing store", "velvet", "hamper", "woolen fabric", "clothes closet", "felt", "cabinet", "furniture dresser", "bed", "cloth", "drawer", "shop", "trunk", "bedroom"]], "/r/HasProperty": [[], [], [], [], [], [], [], [], [], [], [], [], [], [], [], [], [], [], [], [], [], [], [], [], [], ["human bor"], [], [], ["light"], [], ["dirty", "purple", "hanging on clothes line"]], "/r/CreatedBy": [[], [], [], [], [], [], [], [], [], [], [], [], [], [], [], [], [], [], [], [], [], [], [], [], [], [], [], [], [], [], []], "/r/Synonym": [["v contactbark contact", " persoskinhead perso", "tegument body", "hide animal", "pelt animal", " foodpeel food", "v motioclamber motio", "v contactstub contact", "skinhead", "hide", "cutis body", "peel", "peel contact", "dermis", " persobaldhead perso", "pare contact", "drum head", "film"], [], [], [" bodyhuman body", "meat", " plantpulp plant", "fat", ""], [" actdenudation act"], ["nudity", "nakedness", "starkness attribute", " statebleakness state", "meagreness", "undisguisedness"], [], [], [], [], ["a bareheaded "], ["wpnamewpname"], [], [], [], [], [" actfistfight act", " actboxing act", "prizefighting", "punch up", "fistfight", "brawl"], [], ["skeletalism"], ["expose"], [], [" artifactnude sculpture artifact", "nude painting artifact", "a au naturel ", "nude person perso", "bare", "nudity", "naked", "aflesh colored", "bareskin", "wpartwpart"], [], ["fisticuffs act", "slugfest act", "vget into", "punch up", "hand to", "fisticuffs", "barehanded", "vduke it out", "bare", "vstart", "fight", "duke it out"], [], ["a defenseless ", "raw a ", "a au naturel ", "aunclothed", "bareskin", "abare", "bare", "adefenseless", "aunshaded", "aunshielded", "aplai", "anude", "araw", "stark bollock naked"], ["zippo quantity", "aught quantity", "nil quantity", "cypher quantity", "goose egg quantity", "nix quantity", "nada quantity", "zilch quantity", "zip quantity", "naught quantity", "null quantity", "cipher quantity", "zero quantity", "my eye", "bugger all", "nix", "naff all", "nowt", "minor thing", "fuck all", "jack shit", "consequence", "nought", ""], ["nudeness state", " attributeopenness attribute", "nudity", "bareness", "nudity state", " statebleakness state", "undisguisedness", "nakedhood"], ["v socialmurder social", "cancelled a ", "a turned ", "r awayr ", "r forthr ", ""], [], ["clothing", " artifactapparel artifact", "thing", "garment", "apparel"]], "/r/LocatedNear": [[], [], [], [], [], [], [], [], [], [], [], [], [], [], [], [], [], [], [], [], [], [], [], [], [], [], [], [], [], [], []], "/r/SimilarTo": [[], [], [], ["peach"], [], [], [], [], [], [], [], [], [], [], [], [], [], [], [], [], [], ["anaked", "naked", "abare"], [], [], [], ["a unassisted ", "a overt ", "unassisted a ", "a bare ", "overt a ", "bare a ", "astark naked", "nude", "anude", "abare"], [], [], ["inactive a ", "unsatisfactory a ", "a inactive ", "a disconnected ", "disconnected a ", "a unsatisfactory "], [], []], "/r/MadeOf": [[], [], [], ["penis", "titty", "huma", "human body", "kitte", "human being"], [], [], [], [], [], [], [], [], [], [], [], [], [], [], [], [], [], [], [], [], [], [], [], [], [], [], ["outfit", "silk"]], "/r/ReceivesAction": [[], [], [], [], [], [], [], [], [], [], [], [], [], [], [], [], [], [], [], [], [], [], [], [], [], [], [], [], [], [], ["stored in wardrobe", "worn by people", "worn to work", "kept in linen closet", "made out of fabric", "made out of cloth", "washed", "made from cloth", "bought at mall", "purchased at mall", "washed in laundry room", "done with needles and fabrics", "stored in closet", "found at mall", "pressed to remove creases", "made to wor", "worn when in public", "kept in closet"]]}, "/r/UsedFor": {}, "/r/LocatedAt": {}, "/r/FormOf": {"/r/RelatedTo": [["vbare", "unbared"], ["vbare"], ["vbare", "missouri"], [], [], ["animal", "grizzly", "polar", "big", "bro ", "mammal", "large", "forest", "claws", "furry", "woods", "ursine", "fur", "big animal", "panda", "grizzly polar", "honey", "yogi", "grizzly animal", "large animal", "wild", "large mammal", "black", "teeth", "forest animal", "wild animal", "cub", "paws", "polar animal", "furry animal", "toy", "koala", "sporebearing", "sonwikten 2", "decimewikten 2", "weight bear", "bearless", "leafbearing", "owlbear", "beared", "nodiferous", "bearward", "awikten 1decline", "short faced bear", "spokesbear", "ursa minor", "ursid", "frugiferous", "unbrookable", "give birth", "birth", "vwikten 2support", "brumation", "loowikten 4", "awikten 1markets", "ursoid", "underbearer", "bearness", "intolerable", "wikten 1ursidae", "arctophilia", "arctic bear", "afford", "slant", "lava bear", "bearly", "vwikten 2specific", "tappen", "bearhound", "adree", "louis", "intolerant"]], "/r/UsedFor": [[], [], [], [], [], []], "/r/LocatedAt": [[], [], [], [], [], []], "/r/FormOf": [["vbare"], ["bare", "vbare"], ["barings", "vbare"], ["barers", "abare"], ["abare", "vbare", "vbear"], ["borne", "born", "bears", "bearest", "beared"]], "/r/IsA": [[], [], [], [], [], ["mammal", "american black bearopencycbear animal", "bruin animal", "asiatic black bear animal", "sloth bear animal", "ice bear animal", "american black bear animal", " animalcarnivore animal", " persoinvestor perso", "grizzly bear", "brown bear animal", "grizzly", "bear cub animal", "sloth bearopencycbear animal", "himalayan brown bearopencycbear animal", "pessimist", "opencycbear animalquadruped", "opencycbear animalomnivore", "atlas bearopencycbear animal", "spectacled bearopencycbear animal", "ailuropodaopencycbear animal", "himalayan red bearopencycbear animal", "opencycbear animalplacental mammal", "opencycbear animaleukaryotic organism", "pedobear", "macfarlane's bearopencycbear animal", "animal", "cave bearopencycbear animal", "parictisopencycbear animal", "opencycbear animalmammal", "kermode bearopencycbear animal", "polar bearopencycbear animal"]], "/r/PartOf": [[], [], [], [], [], []], "/r/HasA": [[], [], [], [], [], ["claws"]], "/r/CapableOf": [[], [], [], [], [], ["fish with it's paws", "fish for salmo", "hunt rabbit", "winter over in de", "climb tree", "sleep all winter long", "swim", "eat salmo", "winter in cave"]], "/r/AtLocation": [[], [], [], [], [], ["meadow", "countryside"]], "/r/HasProperty": [[], [], [], [], [], []], "/r/CreatedBy": [[], [], [], [], [], []], "/r/Synonym": [["a bareheaded "], [], [" actdenudation act"], [], [], ["endure", "assume possession possessio", "v cognitiodigest cognitio", "v bodyhave bun in oven body", "take over possession possessio", "hold possession possessio", "accept possession possessio", "v bodywear body", "v bodygive birth body", "v stativehold stative", "turn out creation creatio", "v contacthold contact", "tolerate", "v investmentyield investment", "v socialbehave social", "put up with", "carry away", "vgive birth", "yieldwikten 1", "suffer"]], "/r/LocatedNear": [[], [], [], [], [], []], "/r/SimilarTo": [[], [], [], [], [], []], "/r/MadeOf": [[], [], [], [], [], []], "/r/ReceivesAction": [[], [], [], [], [], []]}, "/r/IsA": {"/r/RelatedTo": [[]], "/r/UsedFor": [[]], "/r/LocatedAt": [[]], "/r/FormOf": [[]], "/r/IsA": [[]], "/r/PartOf": [[]], "/r/HasA": [[]], "/r/CapableOf": [[]], "/r/AtLocation": [[]], "/r/HasProperty": [[]], "/r/CreatedBy": [[]], "/r/Synonym": [[]], "/r/LocatedNear": [[]], "/r/SimilarTo": [[]], "/r/MadeOf": [[]], "/r/ReceivesAction": [[]]}, "/r/PartOf": {}, "/r/HasA": {}, "/r/CapableOf": {}, "/r/AtLocation": {}, "/r/HasProperty": {}, "/r/CreatedBy": {}, "/r/Synonym": {"/r/RelatedTo": [[], [], [], [], [], [], [], [], [], [], [], [], ["awikten 1unprotected", "au naturelr", "nude scene", "jab molassie", "awikten 1singularity", "in all one's gloryr", "unclothe", "slime mold", "in altogether", "waxplay", "balum rancum", "in puris naturalibusr", "in all one's glory", "bare assed", "bare bottomed", "gymnopaedia", "awikten 1spacetime", "nudation", "bare arse", "bucket naked", "denude", "nakedlyr", "skyclad", "lap dance", "life class", "bare butt", "gymnopaedic", "nake", "scantily clad", "godiva", "in pink", "unapparelled", "nantaimori", "naked apron", "streak", "seminaked", "gymnostom", "sheela na gig", "in nuddy", "nakey", "streaker", "kaalgat", "butt naked", "get one's kit off", "nakedness", "mother naked", "bare bum", "skinny dipper", "trauma naked", "skinny", "awikten 1barre", "unclothed", "republican marriage", "awikten 1unaccompanied", "buck naked", "in raw", "gymno", "scud", "naken", "topless", "skinny dip", "stark naked", "naked as day one was born", "bare", "club", "rat", "birthday", "sandal"], [], [], ["fight", "catfight", "vfight", "fist", "fistfighting", "outslug", "scrape", "knuckles", "put up one's dukes", "bare"], ["easy", "plai", "soap", "simplification", "a botanysmooth botany", "a botany ", "easy peasy", "simpleton", "a plain ", "a botany", "plain a ", "smooth botany", "a easy ", "simplicity", "rough botany", "easy a ", "simp", "dumb pipe", "clear cut", "horse and carriage", "gunate", "sax", "alow pressure", "quasisimple", "housepants", "species", "spell it out", "oversimple", "downshifting", "quick fix", "acylinders", "incomplex", "elevator pitch", "honda", "kiss", "kinesia paradoxa", "semple", "aduplicity", "spell things out", "little black dress", "whelk stall", "basic", "silly", "straightforward", "goober", "rustic", "incomposite", "asubgroup", "heddle", "asteam", "singular", "supersimplification", "auncompounded", "propositio", "klang", "word processor", "unostentatious", "anormal", "dalton's law", "plain sailing", "horsetail", "fedex quest", "simplyr", "reductive", "sphenophyte", "apparatus", "ainnocent", "haplo", "simpleness", "no frills", "double feast", "waltz", "ancestral name", "aplai", "templatic", "aundistinguished", "dumbed do a", "magic bullet", "reduce", "musical bow", "double", "semidouble", "whisk fern", "dumb do v", "azooid", "folksy", "asingle", "kyriology", "arank", "auncomplicated", "aguileless", "club moss", "astraightforward", "unpretentious", "prosaic", "deltidiodont", "sely", "entry level", "one gallused", "wabi", "simplex", "drawloom", "stretcher", "unadorned", "inartificial", "aornamentatio", "unembellished", "bachelor's fare", "occam's razor", "feast", "semisimple", "idiotical", "bada bing boom", "straight talk", "supersimple", "cakewalk", "words of one syllable", "peasanty", "lunchbox", "cookie cutterish", "nonsimple", "complex", "chemosynthesis", "yokelish", "from goo to you by way of zoo", "cut and dried", "simplist", "undesigning", "simplistic", "chaste", "convenient", "geometric", "dim witted", "jordan curve", "rondoletto", "low tech", "uncomplicated", "common", "ahigh pressure", "monosaccharide", "egg of columbus", "veblen's theorem", "molecular", "dude food", "down home", "unsimple", "kiss principle", "pharmacognosis", "unelaborate", "afoolish", "magnolia", "child's play", "compound time", "onefold", "rube goldberg machine", "homely", "milk pudding", "galenical", "ahomogenous", "open and shut", "protomolecule", "monascidian", "dissociation", "sluggish", "acompound", "ultrasimple", "microservice", "write do v", "nothing to it", "alobed", "pteridophyte", "ingenuous", "dyneme", "quillwort"], ["unvarnished", "aplai", "bald", "asimple", "aunadorned"], []], "/r/UsedFor": [[], [], [], [], [], [], [], [], [], [], [], [], [], [], [], [], [], [], []], "/r/LocatedAt": [[], [], [], [], [], [], [], [], [], [], [], [], [], [], [], [], [], [], []], "/r/FormOf": [[], [], [], [], [], [], [], [], [], [], [], [], ["nakeder", "nakedest"], [], [], ["fist fight", "fistfights", "fistfighting", "fistfought"], ["simpled", "simplest", "simples", "simpling", "simpler"], [], []], "/r/IsA": [[], [], [], [], [], [], [], [], [], [], [], [], [], [], [], [" actfight act", "punch up act"], [" plantherb plant"], [], []], "/r/PartOf": [[], [], [], [], [], [], [], [], [], [], [], [], [], [], [], [], [], [], []], "/r/HasA": [[], [], [], [], [], [], [], [], [], [], [], [], [], [], [], [], [], [], []], "/r/CapableOf": [[], [], [], [], [], [], [], [], [], [], [], [], [], [], [], [], ["mean not complicated"], [], []], "/r/AtLocation": [[], [], [], [], [], [], [], [], [], [], [], [], [], [], [], [], [], [], []], "/r/HasProperty": [[], [], [], [], [], [], [], [], [], [], [], [], ["human bor"], [], [], [], ["truths", "beautiful", "highway systems", "ideas", "things", "people who advocate morality", "features"], [], []], "/r/CreatedBy": [[], [], [], [], [], [], [], [], [], [], [], [], [], [], [], [], [], [], []], "/r/Synonym": [[], [], [], [], [], [], [], [], [], [], [], [], ["a defenseless ", "raw a ", "a au naturel ", "aunclothed", "bareskin", "abare", "bare", "adefenseless", "aunshaded", "aunshielded", "aplai", "anude", "araw", "stark bollock naked"], [], [], ["fisticuffs act", "slugfest act", "vget into", "punch up", "hand to", "fisticuffs", "barehanded", "vduke it out", "bare", "vstart", "fight", "duke it out"], ["a simple minded ", "a round eyed ", " persosimpleton perso", "unsubdivided botany", "mere a ", "bare a ", "a uncomplicated ", "natural", "aplai", "straightforward", "unchallenging", "aundecorated", "weak", "austere", "aonefold", "ainnocent", "aunsuspecting", "abare"], ["unornamented a ", "plain a ", "bare a ", "spare a ", "aundecorated", "aunadorned", "aaustere", "amodest", "abare"], []], "/r/LocatedNear": [[], [], [], [], [], [], [], [], [], [], [], [], [], [], [], [], [], [], []], "/r/SimilarTo": [[], [], [], [], [], [], [], [], [], [], [], [], ["a unassisted ", "a overt ", "unassisted a ", "a bare ", "overt a ", "bare a ", "astark naked", "nude", "anude", "abare"], [], [], [], ["a botanyacuminate ", "apiculate a botany", "a unsophisticated ", "a botanyfive needled ", "a botanyoblong ", "a botanyarrow shaped ", "a botanyorbiculate ", "a botanyapiculate ", "a botanyspearhead shaped ", "three needled a botany", "a botanykidney shaped ", "a botanydolabriform ", "a botanyheart shaped ", "simplex a ", "simplistic a ", "needle shaped a botany", "oblong a botany", "a botanyelongate ", "a botanyneedle shaped ", "deltoid a botany", "arrow shaped a botany", "acuminate a botany", "needled a botany", "a botanytwo needled ", "a undecomposable ", "oblanceolate a botany", "ovate a botany", "fiddle shaped a botany", "a botanyspatula shaped ", "obtuse a botany", "a botanyoblanceolate ", "kidney shaped a botany", "a botanysword shaped ", "a botanylyrate ", "a botanyelliptic ", "a botanylanceolate ", "elliptic a botany", "spatula shaped a botany", "a botanyovate ", "a botanyfour needled ", "a botanydeltoid ", "plain a ", "a botanyshield shaped ", "sword shaped a botany", "a simplex ", "lyrate a botany", "unlobed a botany", "caudate a botany", "two needled a botany", "a botanyobovate ", "orbiculate a botany", "a simplistic ", "shield shaped a botany", "undecomposable a ", "obovate a botany", "heart shaped a botany", "a botanyneedled ", "a botanycaudate ", "five needled a botany", "a botanyfiddle shaped ", "a botanyobtuse ", "four needled a botany", "cuneate a botany", "a botanythree needled ", "perfoliate a botany", "a botanyperfoliate ", "a botanycuneate ", "elongate a botany", "spearhead shaped a botany", "a plain ", "dolabriform a botany", "a botanyunlobed ", "unsophisticated a ", "lanceolate a botany", "facile", "modest"], ["unadorned a ", "a unadorned "], []], "/r/MadeOf": [[], [], [], [], [], [], [], [], [], [], [], [], [], [], [], [], [], [], []], "/r/ReceivesAction": [[], [], [], [], [], [], [], [], [], [], [], [], [], [], [], [], [], [], []]}, "/r/LocatedNear": {}, "/r/SimilarTo": {"/r/RelatedTo": [[], [], [], [], [], [], [], [], ["nonnude", "anudist", "painting", "full monty", "nudie cutie", "nudism", "skinny dipping", "nudelyr", "skinny", "adenude", "undress", "seminude", "abeige", "nudy", "in pink", "ata", "skyclad", "birthday suit", "butt naked", "nudity", "naturism", "portraitgate", "fig leaf", "life drawing", "artwork", "naked as jaybird", "unclothed", "in nip", "nelfie", "aclothing", "full frontal", "nudes", "in nuddy", "in buff", "flesh colored", "photograph", "anudity", "anudism", "nudification", "starkers", "abare"], ["awikten 1unprotected", "au naturelr", "nude scene", "jab molassie", "awikten 1singularity", "in all one's gloryr", "unclothe", "slime mold", "in altogether", "waxplay", "balum rancum", "in puris naturalibusr", "in all one's glory", "bare assed", "bare bottomed", "gymnopaedia", "awikten 1spacetime", "nudation", "bare arse", "bucket naked", "denude", "nakedlyr", "skyclad", "lap dance", "life class", "bare butt", "gymnopaedic", "nake", "scantily clad", "godiva", "in pink", "unapparelled", "nantaimori", "naked apron", "streak", "seminaked", "gymnostom", "sheela na gig", "in nuddy", "nakey", "streaker", "kaalgat", "butt naked", "get one's kit off", "nakedness", "mother naked", "bare bum", "skinny dipper", "trauma naked", "skinny", "awikten 1barre", "unclothed", "republican marriage", "awikten 1unaccompanied", "buck naked", "in raw", "gymno", "scud", "naken", "topless", "skinny dip", "stark naked", "naked as day one was born", "bare", "club", "rat", "birthday", "sandal"]], "/r/UsedFor": [[], [], [], [], [], [], [], [], [], []], "/r/LocatedAt": [[], [], [], [], [], [], [], [], [], []], "/r/FormOf": [[], [], [], [], [], [], [], [], ["nudest", "nuder", "nudes"], ["nakeder", "nakedest"]], "/r/IsA": [[], [], [], [], [], [], [], [], [" statenakedness state", " artifactpainting artifact", " persoperson", "streaker person perso"], []], "/r/PartOf": [[], [], [], [], [], [], [], [], [], []], "/r/HasA": [[], [], [], [], [], [], [], [], [], []], "/r/CapableOf": [[], [], [], [], [], [], [], [], [], []], "/r/AtLocation": [[], [], [], [], [], [], [], [], [], []], "/r/HasProperty": [[], [], [], [], [], [], [], [], [], ["human bor"]], "/r/CreatedBy": [[], [], [], [], [], [], [], [], [], []], "/r/Synonym": [[], [], [], [], [], [], [], [], [" artifactnude sculpture artifact", "nude painting artifact", "a au naturel ", "nude person perso", "bare", "nudity", "naked", "aflesh colored", "bareskin", "wpartwpart"], ["a defenseless ", "raw a ", "a au naturel ", "aunclothed", "bareskin", "abare", "bare", "adefenseless", "aunshaded", "aunshielded", "aplai", "anude", "araw", "stark bollock naked"]], "/r/LocatedNear": [[], [], [], [], [], [], [], [], [], []], "/r/SimilarTo": [[], [], [], [], [], [], [], [], ["anaked", "naked", "abare"], ["a unassisted ", "a overt ", "unassisted a ", "a bare ", "overt a ", "bare a ", "astark naked", "nude", "anude", "abare"]], "/r/MadeOf": [[], [], [], [], [], [], [], [], [], []], "/r/ReceivesAction": [[], [], [], [], [], [], [], [], [], []]}, "/r/MadeOf": {}, "/r/ReceivesAction": {}}}, "": {"N1": {"/r/RelatedTo": ["windowdoor", "worklabor", "butchermeat", "gallomeasure", "woundgash", "punishmentcrime and", "chickelaying", "thricerthree", "informed educated ", "closed obstructed ", "transpondianrightpondia", "mystifymystery", "audiovisualsaudiovisual"], "/r/UsedFor": ["flash artifactlight physics", "string bassplaying music"], "/r/LocatedAt": [], "/r/FormOf": ["air burstsair burst", "pot belliespot belly", "cross sectionscross sectio"], "/r/IsA": ["suburb locatioresidential district locatio", "western skink animalskink animal", "inertial mass physicsmass attribute", "leading man persoactor perso", "occasion timetime time", "tree toad animalfrog animal", "petaurista animalmammal genus animal", "torch singer persosinger perso", "drop arch artifactpointed artifact", "rottenstone substancelimestone substance", "scorpionfish animalscorpaenid animal", "temporary hookup artifactconnection artifact", "acrylic fiber substanceman made substance", "dependence statestate ", "overhand pitch actpitch baseball", "american spikenard plantsubshrub plant", "hedonist persosensualist perso", "homecoming actreunion act", "aldrovanda plantdicot genus plant", "ambystomatidae animalamphibian family animal", "assist ice hockeymaneuver act", "tithe barn artifactbarn artifact", "hypsometer artifactaltimeter artifact", "papyrus communicatiodocument communicatio", "cacodyl substancegroup chemistry", "penance actsacrament act", "rule of evidence lawrule communicatio", "usherette persousher perso", "hooks bodyhand body", "bilabial communicatiolabial consonant communicatio", "kurdish communicatioiranian communicatio", "theism cognitioreligion cognitio", "aristocrat persoleader perso", "bundesbank groupcentral bank group", "skirtform of female attire", "yardarm artifactend locatio", "supreme court lawfederal group"], "/r/PartOf": ["satachristian myth", "old testament communicatiobible communicatio", "styloid process bodytemporal bone body", "voider artifactbody armor artifact", "tower of london artifactlondon locatio"], "/r/HasA": ["baywater"], "/r/CapableOf": ["blanketscover bed", "chefbone chicke", "authorswrite books"], "/r/AtLocation": ["windowhouse", "dustcarpet", "action figuretoy department", "barbershopmall", "mouselab maze"], "/r/HasProperty": [], "/r/CreatedBy": [], "/r/Synonym": ["hawaiian honeycreeper animalhoneycreeper animal", "thing cognitiomatter cognitio", "dprk locationorth korea locatio", "gas tight air ", "get into possessioget in possessio", "west persocicily isabel fairfield perso", "sapindus drumondii plantwild china tree plant", "abls communicatiobachelor of arts in library science communicatio", "homburg artifactfedora artifact", "choking coil artifactchoke artifact", "sewerage artifactsewer artifact", "fish bowl stategoldfish state", "caddy golfcaddie golf", "moray eel animalmoray animal", "family zygnemataceae animalzygnemataceae animal", "severity attributeaustereness attribute", "hors d oeuvre foodhors food", "chukka artifactchukka boot artifact", "immunise competitioimmunize competitio", "kindling pointautoignition temperature", "corruptlyr corruptedlyr ", "lazy faineant ", "copernicia prunifera plantcarnauba plant", "log z's bodysleep body", "sworn pledged ", "palestine authority grouppalestine national group", "polyodon spathula animalpaddlefish animal", "linnaea borealis americana plantamerican twinflower plant", "stylise artstylize art", "thank youthank you very much", "infirm decrepit ", "uriniferous tubule bodynephron body", "passing actpassage act", "rio nunez coffee plantrobusta plant", "experimentation cognitioexperiment cognitio", "powerful knock do a ", "lichgate artifactlychgate artifact", "take advantage socialtrespass social", "pyrethrum plantpainted daisy plant", "take turns changealternate change", "water level locatiowaterline locatio", "fuddle stateclutter state", "insisting communicatioinsistence communicatio", "vibrate perceptioresonate perceptio", "viridity attributegreen attribute", "yarn dye changeimpress change", "balaenoptera borealis animalsei whale animal", "electron orbit locatioorbit locatio", "lillie persobeatrice perso"], "/r/LocatedNear": [], "/r/SimilarTo": ["large leafed leafy ", "captious critical ", "exaggerated increased ", "effective militaryoperational military", "tasty winey ", "fast breaking news article", "second rate inferior ", "disputatious argumentative ", "private nonpublic ", "coated glazed ", "free clear "], "/r/MadeOf": [], "/r/ReceivesAction": []}, "N2": {}}}