{"bowl": {"N1": {"/r/RelatedTo": ["plate", "soup", "nest", "bowling", " artifactfood", " artifactliquid substance", "dish", "popping crease", "mixer", "thrower", "rice bowl", "vessel", "volcano bowl", "hypocraterimorphous", "kyathos", "nappie", "potpourri", "champagne bucket", "thali", "waterphone", "taco salad", "porringer", "sebilla", "scullwikten 2", "hypanthium", "punchbowl", "bowllike", "mazer bowl", "steamroller", "decoke", "doily", "paila", "around wicket", "puki", "pot lace", "no ball", "gowpen", "suncup", "cheelam", "headpan", "phiale", "mandolin", "vbowler", "lebes gamikos", "pudding basin", "chuckwikten 2", "castle", "back up", "nutbowl", "salad bowl", "soup spoon", "corrie", "basin", "overwikten 1", "jicara", "tablespoon", "finger bowl", "snap", "gusle", "bowl lute", "bell tree", "unbowled", "nineholes", "crateriform", "stummel", "toilet", "water pocket", "brouilleur", "krar", "bowled", "monopetalous", "part time bowler", "leg spinner", "off spinner", "pipewood", "run up", "overpitch", "twelfth man", "soupspoon", "coffee bowl", "cone", "attack", "corannulene", "mortar and pestle", "epergne", "send do v", "fruit bowl", "berkemeyer", "monteith", "turn out", "shit bowl", "soup bowl", "straw stem", "roly poly", "bockey", "tea bowl", "bowl barrow", "singing bowl", "\u00e9cuelle", "ascocarp", "open attack", "dolsot", "papasan chair", "bowlful", "chucker", "ball and socket joint", "roundarm"], "/r/UsedFor": ["hold popcor", " artifacthold stative", "hold tobacco in pipe", "hold beans", "hold oranges", "hold cherries", "hold spice", "hold figs", "hold cream", "hold relish", "hold soup", "hold fruit", "have outdoor musical event", "hold ice cream", "play football", "mix ingredients", "hold marinades", "hold cream of wheat", "hold apples", "hold mush", "hold grapes", "have athletic event", "hold mixed nuts", "hold apricots", "soup", "hold hot cereal", " artifactserve consumptio", "hold peanuts", "hold sugar", "cut hair", "hold liquids", "hold cereal", "hold dip", "hold wine", "hold broth", "hold blueberries", "hold chips", "wheaties", "eating from", "hold salad", "eat cereal", "hold milk for cat", "hold bouillabaisse", "hold pears", "sugar", "hold eggs", "sugar pops", "apples", "eating hot chicken soup", "eating soup", "hold seeds", "hold cranberries", "wash hands", "hold rice", "hold wet foods", "hold finger foods", "hold artichoke", "cereal", "grapes", "presentation of food", "hold animal food", "hold dry ingredients for baking", "frosted flakes", "contain food", "hold cat food", "hold dog food", "hold toilet water"]}, "N2": {"/r/RelatedTo": {"/r/RelatedTo": [["dish", "food", "eating", "round", "dinner", "flat", "bowl", "china", "saucer", "eat", "circle", "table", "crockery", "utensil", "dinnerware", "serving", "surface", "ceramic", "off", "disc", "holder", "disk", "dining", "kitche", "circular", "flat dish", "ware", "baseball", "round dish", "eating dish", "food holder", "item", "home", "eate", "frisbee", "setting", "fork", "food o", "tableware", "flat bowl", "container", "record", "baseball home", "eating surface", "on table", "eat off", "dinner dish", "eat o", "dishware", "round flat", "eating off", "holds", "for food", "dinner ware", "object", "place", "for eating", "flat round", "big", "large", "serving dish", "like", "server", "eating o", "glass", "eating utensil", "large saucer", "holds food", "eat from", "white", "flatware", "tables", "food dish", "porcelai", "base", "spoo", "under", "eaten off", "table setting", "shape", "holding", "holding food", "serving food", "round china", "knife", "big saucer", "dinner holder", "under food", "cupboard", "vessel", "eating from", "food container", "photomechanical", "ichthyodorulite", "ballet", "slipper", "endstone", "malleation", "glyphograph", "wrist plate", "tubeplate", "fretboard", "rebiting", "niepce's process", "through hole technology", "parapterum", "felt grain", "desensitizer", "lady", "interepimeral", "haptophyte", "wikten 1winner", "floorplate", "pygal", "chromium plate", "magnetomotor", "copperplate", "platemark", "wikten 1brisket", "twiffler", "crusta", "shako", "pinecone fish", "electrotype", "wikten 1nap", "billboard", "epiphysiodesis", "frogwikten 1", "drypoint", "sclerodermic", "gousset", "platten", "deadline", "jesserant", "side plate", "epijugal", "underplate", "syntergosternite", "subductive", "wikten 1vinyl", "photoetching", "genouill\u00e8re", "epaulette", "photographometer", "knocker", "wikten 1horseshoe", "electrotypist", "slate", "rebite", "chrome", "lithotype", "epiplastron", "tea service", "partyware", "tegulated", "lockplate", "plate paper", "lithotypy", "armour plating", "ventrite", "shearer", "landwikten 1", "do dishes", "ortho", "tripestone", "wikten 1transfer", "clypeate", "tassel", "bitter plate", "gula", "tintinnabulum", "carbon", "ferrotype", "electrotypy", "sap shield", "hypandrium", "miniplate", "wallplate", "tide dial", "diamond plate", "aluminography", "wikten 1horizontal", "codpiece", "sternite", "bitter electromagnet", "platebound", "dipper", "tondino", "dark slide", "slice", "brushback", "pterygomaxillary", "ectypography", "toeplate", "photoelectrotype", "thin layer chromatography", "nasal", "metasternum", "brachyonychia", "platewise", "placard", "muffin", "dynatron", "silver bath", "albertype", "blanket", "blade", "rocker", "moton", "tectonics", "cancellus", "china plate", "wikten 1anode", "dorsal", "pterygoid", "mesoscutum", "duotype", "urostege", "b battery", "dam plate", "ollier disease", "implate", "split finger fastball", "platemaking", "futtock plate", "katepisternum", "blue plate special", "carbon nanofiber", "doubler", "lorication", "capsquare", "trilaminar", "plateable", "melanonychia", "tie plate", "set table", "nickel", "baleen", "offset", "cerography", "salad plate", "tuille", "plaquet", "unplated", "stave", "salter harris fracture", "sundial", "heating surface", "metapleuron", "form", "multiwell", "flexography", "water plate", "straightener", "interplate", "platelike", "back door", "metallotherapy", "wikten 1racehorse", "swashplate", "nameplate", "slide", "pronotum", "heliotypy"], ["food", "liquid", "broth", "chicke", "bowl", "hot", "liquid food", "meal", "stew", "noodle", "chicken noodle", "water", "vegetables", "liquid meal", "appetizer", "hot liquid", "watery", "noodles", "dinner", "eating", "vegetable", "minestrone", "drink", "bowls", "ca", "tomato", "lunch", "thin stew", "thi", "gazpacho", "partan bree", "supper", "london particular", "tom kha gai", "avgolemono", "souping", "mulligatawny", "tarator", "chowder", "xavier soup", "poor man's pizza", "blushing bunny", "bouillabaisse", "soupline", "albondigas", "joumou", "tortellini", "magiritsa", "tangbao", "wedding soup", "alphabet soup", "sinigang", "suimono", "bouquet garni", "soupy", "cullen skink", "oxtail", "mandlen", "pepper pot", "sancocho", "vichyssoise", "shkedei marak", "entremetier", "mandlach", "she crab soup", "potage", "egg drop soup", "pottage", "dashi", "pot au feu", "rivel", "champon", "gumbo", "pozole", "soupspoon", "kreplach", "stockpot", "pepperpot soup", "stone soup", "ukha", "ribollita", "soup bone", "tom yam", "jardini\u00e8re", "tureen", "soupmaker", "porridge", "hotdish", "orzo", "ramen", "manna croup", "borscht", "shchi", "lalo", "brown windsor soup", "solyanka", "warmer", "summer soup", "rassolnik", "bosintang", "mock turtle soup", "gamjatang", "souper", "mohinga", "tom kha", "fish tea", "galbitang", "miso soup", "consomm\u00e9", "zuppa", "miso", "apapransa", "souplike", "mannish water", "scotch broth", "soup kitchen", "soured cream", "stewish", "menudo", "sofky", "panada", "souped", "beurre mani\u00e9", "egusi", "plum pudding model", "rasam", "saimin", "papaitan", "soup bowl", "brew", "matzo ball", "hangover soup", "soups", "malatang", "soup dumpling", "scrag end", "jjamppong", "ragout", "misoshiru", "soupe maigre", "pasta e fagioli", "fideo", "soupless", "sippet", "printanier", "nonsoup", "like", "watery food", "chicken broth", "canned", "liquid lunch", "wet food", "wet", "veggies", "liquid dinner", "warm", "pea", "hearty", "fluid", "crackers"], ["birds", "bird", "home", "eggs", "twigs", "house", "tree", "bird home", "birds home", "sticks", "bird house", "trees", "dwelling", "egg", "bed", "baby", "place", "bowl", "birds house", "twig", "baby birds", "straw", "in tree", "branches", "leaves", "for birds", "bird eggs", "in trees", "grass", "bird bed", "birdhouse", "bird dwelling", "animal", "housing", "holder", "egg holder", "round", "birds eggs", "made", "structure", "sticks twigs", "twigs leaves", "basket", "bird place", "holds", "laying", "natural", "hatching", "animal home", "holds eggs", "nursery", "bird housing", "living", "egg home", "mud", "for eggs", "internidal", "inquiline", "nestmaking", "vneat", "retreat", "nester", "renest", "precocial", "nestmate", "unnest", "domicolous", "nestbuilding", "leaflitter", "hangnest", "tyrant", "fish", "paglia e fieno", "nestable", "monodomy", "castlebuilder", "cylindroma", "broody", "nidulant", "jet ant", "penduline", "positio", "disnest", "nestful", "nestless", "vbuild", "pasta", "nesting", "beambird", "haunt", "callback hell", "nidify", "sand wasp", "incubate", "extranidal", "supercolony", "soldier", "award", "habitual", "vfit", "guardia", "hatch", "nidulation", "termite bug", "star height", "snug", "weaverbird", "stickleback", "nestest", "nesteth", "vinside", "vsettle", "duck ant", "eastern tent caterpillar", "thornbird", "cassican", "guest", "vespiary", "salangane", "communistic", "nests", "eggery", "misnested", "nestlet", "carpenter ant", "circular", "mousebird", "nest scrape", "organ of chievitz", "neossine", "arribada", "kleptoparasitism", "megamind", "neurothekeoma", "vsuccessive", "nested", "trogon", "ant", "hangbird", "leaf cutter bee", "comfortable", "cubilose", "vplace", "tarantula killer", "ranaspumin", "stockwork", "resort", "nonnesting", "nidicolous", "rice", "residence", "intranidal", "nestlike", "rear", "cotton mouse", "amphibia", "paussine", "nestle", "brood patch", "bower bird", "mammal", "young", "parent", "oligogyny", "insect", "termite", "halcyon", "eyrie", "machine gu", "esculent swallow", "unicoloniality", "nestwardr", "de", "scrape", "polydomy", "pyramid of doom", "nidification", "cozy", "bid", "nide", "nidifugous", "dulosis", "vhunt", "deposit", "unnestle", "nidiform", "hideout", "number", "fall webworm", "sociable weaver", "fortified", "unnested", "nidus", "nidificate", "laying eggs", "building", "circle", "inside", "birds live", "live", "chicks", "holding", "has", "mess", "twigs sticks", "stick", "habitat", "resting", "eggs i", "birds i", "bird nursery", "eggs inside", "lay", "where", "egg place", "bird made", "birds bed", "feathers", "tree branches", "chick", "twigs grass", "bunched twigs", "bunched", "branch", "birds make", "make", "homes", "shelter", "holding eggs", "incubator", "twigs eggs", "home birds", "straws", "has eggs", "by birds", "bedding", "eggs twigs", "tree branch", "bro ", "made twigs", "primate", "built", "lair", "bird lair", "donut", "twiggy", "birds dwelling", "breeding", "mother bird", "mother", "pouch", "bird building", "twig pile", "pile", "with eggs", "tree home", "constructio", "abode", "leaves twigs", "twig bowl", "babies", "feathered", "birdie", "birdie home", "birds homes", "small", "sticks leaves", "where eggs", "sparrow", "resting place", "lay eggs", "sleep", "under birds", "under", "hand", "bird lives", "lives", "cushio", "egg cushio", "net", "twig net", "baby birdhouse", "bird structure", "animal dwelling", "hat", "on tree", "twigs mud", "hatching eggs", "litter", "straw bowl", "birds rest", "rest", "keeping eggs", "keeping", "birds lay", "bird habitat", "branches twigs", "wove", "accommodatio", "bird accommodatio", "furniture", "where birds", "animals", "from birds", "twiggy de", "agai", "home bird", "birds build", "build", "what", "their", "twig structure", "the", "twig house"], ["bowl", "triangular", "left arm unorthodox", "around wicket", "pi", "bowling crease", "actio", "finger spin", "indian club", "kickback", "leg spin", "candlepin bowling", "mankad", "lawn bowls", "bowling ball", "ten pin bowling", "over wicketr", "bodyline", "wrist spin", "cosmic bowling", "bowling bag", "body english", "fivepins", "boules", "outbowl", "perfecto", "part time bowler", "off spin", "ninepins", "te", "indoors", "knock over", "duckpins", "all rounder", "new ball", "underarm", "bowling alley", "military medium", "roll", "left arm orthodox", "turducken", "road bowling", "game", "crown green bowling", "outdoors", "group", "pin", "bowlerwikten 1", "propelling", "alley", "medium pace", "ball", "bowls", "candlepin", "batsma", "tenpins", "skittle", "english", "defensive", "kingpin", "skittles", "bowler", "spare", "head", "lane", "thunder"], [], [], ["plate", " artifactfood food", " artifactsignal phenomeno", "do dishes", " artifact food", "bowl", "cake", "multidish", "som tam", "set table", "dishing", "vessel", "lobscouse", "coddle", "thieboudienne", "menu", "lasagna", "macaroni cheese", "kleftiko", "huevos rancheros", "gyudon", "eggah", "saut\u00e9", "white pudding", "lo mein", "rajma", "pork and beans", "cacik", "patella", "maque choux", "dishrack", "hakka noodle", "compotier", "ravioli", "isi ewu", "eggs sardou", "chana", "donburi", "piedish", "shabu", "nabemono", "soondae", "chanpuru", "petri dish", "kichadi", "fish strainer", "moussaka", "potpie", "burger bar", "poutine", "chicken marengo", "buddha's delight", "blazer", "measure", "water banquet", "pizza ghetti", "dishmop", "wash up", "r\u00f6sti", "kotlovina", "potted shrimp", "vfrustrate", "scallop", "pad thai", "vgossip", "burgoo", "pancheon", "clack dish", "remove", "kushari", "entr\u00e9e", "tarka dahl", "bengal potatoes", "wash dishes", "main course", "bollu pre\u00f1\u00e1u", "scotch woodcock", "dish towel", "stovies", "paten", "fabes con amasueles", "skillet", "karpas", "red rice", "wipe up", "souvlaki", "bruschetta", "shrikhand", "chao tom", "pigs in blanket", "shish kebab", "katogo", "pan haggerty", "welsh rarebit", "voutwit", "eggcup", "bill of fare", "small plate", "mansaf", "circlet", "dished", "dishlike", "unadon", "charchari", "italian", "namul", "nkwobi", "r\u00e9chauff\u00e9", "pasta", "kung pao", "aloo chaat", "gratin", "rezala", "meatloaf", "espetada", "skirlie", "sharer", "escargot", "kizami", "ducana", "strapatsada", "mine", "tahchin", "dishless", "casserole", "vserve", "jameed", "pressed duck", "patina", "champon", "dishcloth", "fondue", "dushbara", "flatware", "dishpan", "boat", "hair tidy", "presentoir", "snickers salad", "foo", "jjim", "laulau", "kachumbari", "cowboy beans", "red pudding", "side order", "crockery", "dishes", "ruibe", "pizza", "platel", "bobotie", "soured cream", "p'tcha", "masgouf", "vbeat", "ambotik", "cakepan", "sekihan", "binagoongan", "casu marzu", "carbonara", "sausage gravy", "doner kebab", "tureen", "sidewikten 1", "cevapcici", "cottage fries", "bukkake", "clams casino", "huevos divorciados", "dishwater", "kitfo", "thali", "tikka masala", "au jus", "satay", "papboat", "prawn cocktail", "feuillet\u00e9", "mogodu", "fixings", "arroz con pollo", "abgusht", "seven layer salad", "kabsa", "rafute", "ambigu", "ants climbing tree", "galbijjim", "patera", "cockentrice", "smalahove", "gopchang", "kroeung", "souffl\u00e9", "chili con carne", "osh", "muffineer", "pommes anna", "risotto", "trinchado"], [], ["lemonade", "blunt", "micromixing", "mixed", "tonic water", "machine", "mixture", "mixing console", "liquidizer", "fruit juice", "shower head", "micromixer", "tequila slammer", "spirit", "autofade", "bowl", "simple syrup", "long drink", "mix", "turntablism", "cocktail", "beat", "coca cola", "spout", "socialize", "blade", "mixers", "mixie", "kitche", "blender", "utensil", "kitchen utensil", "electric", "gadget", "kitchen gadget", "drink binder", "drink", "binder", "food", "chopping", "chopping food", "cooking", "cooking tool", "tool", "beaters", "drinks", "cup", "large", "large cup", "blending appliance", "blending", "appliance"], ["pitcher", "toeboard", "throwers", "silk", "chucker", "vessel", "cup", "shape", "illegally", "discobolus", "bowler", "throwster", "throw", "bowl"], [], ["boat", "ship", "container", "captain", "glass", "body", "blood", "plate", "moon pool", "overrake", "fluidized bed", "ship's days", "harness cask", "newbuild", "forecabin", "turret deck", "frigatoon", "storeship", "shorepower", "samariform", "lightroom", "outboard", "kamado", "disembark", "stringer", "bowsman", "lymphangiopathy", "pottle", "triaconter", "intrafusion", "pavesade", "towee", "autoclave", "bottle up", "bootstripe", "subscapular", "galileo thermometer", "teapot", "omphalode", "nozzle", "fairway", "hijacked", "minehunter", "calcinatory", "sublimatory", "harborage", "beaker", "false fire", "metal", "shole", "barratry", "shoaler", "thoracic duct", "chemical reactor", "vessels", "lymphogenous", "snapdragon", "angioscope", "catenary", "occlusion", "schoolship", "bowl", "box off", "gundalow", "afterbody", "sparger", "torpedoer", "snubbing post", "fuddling cup", "turtleback", "olpe", "poleman", "anastomosis", "wheelhouse", "wing", "dish", "gooch crucible", "myovascular", "telangiectasis", "puretic power block", "proa", "lavatory", "line of battle", "lines", "billboard", "camel", "neoperfusion", "metarteriole", "quanter", "urceole", "diaconicon", "radio fix", "frank caro process", "mother ship", "at helm", "hydromotor", "middle body", "towfish", "karahi", "vesselled", "mash tun", "fundus", "dunsel", "double ender", "ductus arteriosus", "staith", "granulomatosis with polyangiitis", "teh tarik", "below decks", "dead freight", "drinkware", "relieving tackle", "descensory", "charter", "war grave", "surface ship", "abreast", "astern", "dubber", "mortar", "masthouse", "cranse iron", "cockpit", "ramline", "akshayapatra", "towmaster", "fistula", "bungwikten 1", "sceuophylacium", "cogue", "tall ship", "garage", "pycnometer", "smallcraft", "crystallizer", "winecup", "rodmeter", "stoopwikten 4", "stegnosis", "sternwheeler", "battleship", "gallivat", "gunboat", "angiolymphatic", "krater", "cinenchyma", "galleass", "striking distance", "rule of road", "longship", "extravasate", "paddle steamer", "toplight", "ampulla", "engine", "space", "potstone", "seiner", "semisubmersible", "roundup", "plumbing", "berthage", "steamboat", "stream clock", "first officer", "merchant", "cinerary urn", "knotter", "spitbox", "boottopping", "pooping", "waterplane", "skeg", "greybeard", "vial", "submarine chaser", "sofar", "balsamarium", "vessel flute", "urn", "fair wind", "barge", "athwartshipsr", "rhumb line", "barcon", "linkspan", "lymphography", "sidewheeler", "boiling tube", "lymphedema", "cistern", "campane", "catwalk", "knaggie", "skeel", "pot boiler", "angiodermatitis", "haul", "gunkanmaki", "angiocardiography", "kvevri", "carvel", "magnetic recording", "ironclad", "steersman", "hyperbaric oxygen chamber", "plank sheer", "haulabout", "doggerwikten 1", "coolship", "angiology", "sink", "settler", "subsider", "pipe", "seajacker", "fluid", "day shape", "revenue cutter", "gugglet", "freighter", "laticiferous", "patamar", "commingler", "passagemaker", "cruet", "bilander", "goblet", "guess warp", "lugger", "dolium", "fondon", "chief mate", "transship", "take wheel", "lymphangiectasia", "fermenter", "floorhead", "hydrofoil", "wherry", "gun brig", "flyboat", "catharping", "onboard", "patrol boat", "air", "craft", "vesselness", "badge", "tackling", "padeye", "motorsailer", "slideflask", "turning circle", "baggala", "bayliss effect", "paddle wheel", "seajack", "seaway", "refrigeratory", "monkey", "foul berth", "poonga oil", "pouch", "shipkiller", "one pot", "roundhouse", "cooja", "shipping lane", "tolldish", "thermos", "tankard", "endolymphatic", "fendering", "decanter", "koff", "cookie jar", "logboard", "do vwikten 2", "pottery", "life car", "bump", "convoy", "contusion", "pennant", "nanovessel", "watercraft", "variation", "vasodilator", "transfuse", "dipper", "cradle", "sea letter", "shallow waisted", "underback", "centre of effort", "ship railway", "squilgee", "pyrothonide", "road", "motor ship", "circulatory", "sick bay", "anchor ball", "lorcha", "lutation", "breach", "navigation", "blockship", "gas cylinder", "ostracon", "sand canal", "renderer", "loadout", "sternpost", "bockey", "screw", "taotie", "man of war", "sea pass", "ligature", "cross line", "evacuate", "sternport", "barrel", "samaroid", "anchor", "secernent", "postlanding", "cup", "air draft", "snying", "rete", "pontoonwikten 1", "reship", "velamentous", "seamanship", "pannikin", "incoercible", "ship ahoy", "landwaiter", "photoreactor", "stillatory", "angiography", "chesstree", "abeamr", "keel over", "steamerwikten 1", "vacuum pan", "tanker", "loutrophoros"], [], ["ablossom", "abowl", "atube", "aborder", "asalver", "alilac", "aphlox", "aslender"], ["vase", "ancient greek", "bowl", "ladle"], ["bowl", "diaper"], ["bowl", "assortment", "music", "pot au feu", "room", "dried", "decorative", "anthology", "motley", "potpourris", "plant", "medley", "scent", "mixture", "salmagundi", "miscellaneous", "sacheted", "song", "mixed bag", "stew", "prose", "ragout", "fragrant", "sachet", "collectio", "material"], [], ["platter", "bowl", "dish", "meal"], ["percussion instrument", "cylindrical", "neck", "bowl", "pa", "resonator", "acoustic"], [], ["bowl", "pewter", "cup", "porridge", "dish", "porringers", "pottinger"], ["woode", "bowl", "water", "stonecutting", "saw"], [], ["perigynous", "stame", "sepal", "hypocarpium", "bowl", "flower", "staminophore", "petal"], ["monteith", "punchbowls", "bowl", "punch"], ["abowl"], [], ["force", "road roller", "voppositio", "vruthlessly", "irresistible", "steam", "steam tractor", "vlevel", "steam shovel", "cannabis", "steamrollers", "steam locomotive", "vroad", "vproceed", "steamrollering", "voverwhelming", "powered", "pipe", "smoking", "heavy", "bowl", "voverpower", "steam power", "steamroll", "steam engine", "cleveland steamer"], ["vpipe", "decarbonize", "decokes", "vbowl", "decoking", "vcarbo", "vdecarbonize", "vengine", "decarbonizatio", "vcylinder"], ["bowl", "line", "scratch", "vase", "paper", "protect", "lace", "doilies", "ornamental", "decorate"], ["south america", "bowl", "plate", "earthenware"], [], ["form", "bowl", "mold"], [], [], ["hands", "bowl"], ["ablatio", "surface", "bowl", "depressio", "snow", "evening primrose"], ["smoke", "tobacco", "hollow", "neck", "bowl", "earthe"], ["constructio", "container", "bowl"], ["libatio", "fountai", "bowl", "ancient greek", "arcaded", "enclosed"], ["buzuq", "lute", "stringed", "plectrum", "mandoline", "tricordia", "banjolin", "flat", "mandola", "mandore", "mandolinlike", "mandolute", "mandocello", "banjo mandolin", "octophone", "world war ii", "mandolins", "dotara", "mandolinist", "instrument", "courses", "raf", "violi", "bowl", "mandolin banjo", "strings", "pandura"], [], [], [], [], ["building", "house", "kings", "moat", "palace", "home", "fortress", "medieval", "kings home", "old", "stone", "king", "mansio", "royal", "cathedral", "luft", "vcheck", "vmust", "vfull", "vyorker", "constable", "vlength", "sally port", "castlet", "ch\u00e2teau", "tower", "qasr", "defence", "vprotect", "vvacant", "arrowslit", "battlemented", "vright", "castile", "peelhouse", "vtur", "vbatsma", "vspecial", "chatelain", "keep", "balgonie", "vsimilar", "siege warfare", "barbican", "vnearest", "keeper", "massymore", "castlingwikten 2", "vcastling", "vfar", "appendix:chess pieces", "gatehouse", "vside", "vrule", "becastled", "castellany", "bailey", "chemin de ronde", "caernarfon", "vseveral", "vrook", "rook", "vsame", "vkeep", "garderobe", "castling", "gwr", "castle guard", "vjapanese chess", "vbowl", "vend", "castles", "castled", "castlery", "vneither", "vstumps", "vhouse", "motte and bailey", "minstrels gallery", "vgo", "noblema", "donjon", "castlingwiktfr 1", "base court", "ravelin", "vnow", "castlelike", "ringwork", "vking", "vknock over", "bouncing castle", "castellations", "vhave", "vmove", "castleless", "swarf penny", "sandcastle", "ice palace", "fortified", "vseparate", "vmay", "burgrave", "castellology", "vsuch that", "vleft", "drawing room", "castlebuilding", "castellation", "vdefensive", "vhas", "forebuilding", "castellan", "dungeon", "chess", "starosty", "vcreate", "vcannot", "vpiece", "bartisan", "balmoral", "vsquare", "vpositio", "curtain wall", "vway", "gormenghastian", "boyer", "vball", "turret", "dwelling", "big", "kings house", "turrets", "knights", "towers", "medieval building", "stone building", "has", "has moat", "residence", "large", "fort", "king house", "rui", "mote", "princesses", "princess", "structure", "queens", "old building", "siege", "spai", "ancient", "royal home", "moats", "walls", "sand", "medieval structure", "old mansio", "queens house", "royalty", "rock", "rock building", "grand", "england", "historic mansio", "historic", "royal palace", "drawbridge", "moat drawbridge", "knight house", "knight", "kings residence", "live", "stronghold", "dungeons", "knights home", "giant", "large building", "giant house", "king home"], [], ["nut", "bowl", "nutbowls"], [], [], ["glaciatio", "corries", "bowl", "wikten 3soap opera", "geographical"], ["ram cichlid", "imbrium", "scoop", "park", "south park", "gulf", "sand trap", "birdbath", "ruhr", "depressio", "basinward", "basinless", "sink", "cantharus", "basins", "bolson", "basinwide", "tarim basin", "scammony", "trulleum", "aspersorium", "pull apart", "drainage system", "baptismal", "macrobasin", "area", "cuvette", "subbasin", "piscina", "big horn county", "formatio", "basinal", "bowl", "plunger", "washbowl", "pelviform", "wash room", "baptismal font", "epeirogenesis", "montana", "foyer", "basined", "doline", "ice", "dishpan", "micropool", "basinwardr", "cymatogeny", "drai", "hollow", "tyrrhenia", "washbasin", "tsukubai", "interbasin", "washing", "outlet", "depozone", "washstand", "centralian", "erosio", "lunette", "basinlike", "mokele mbembe", "washdish", "footbath", "wyoming", "county seat", "basinful", "overdeepen", "metabasin", "drainage basi", "water", "pot", "tub"], [], ["calabash", "fruit", "bowl"], ["measurement", "cutlery", "dessertspoon", "tablespoonful", "unit", "tbs", "tablespoons", "volume", "dessertspoo", "teaspoon", "soup spoon", "teaspoo", "silverware", "soupspoo", "tbsp", "milliliter", "bowl", "cooking", "teaspoons", "measuring", "three teaspoons", "three", "cooking measurement", "measure", "small", "small measurement", "spoo", "knife", "fork", "baking", "shovel", "eating", "soup", "kitche", "kitchen measure", "measure sugar", "sugar", "measurement spoo", "measuring cooking", "metal tableware", "tableware", "fork knife", "metal", "bigger", "knife fork", "spoon measurement", "baking measurement", "smaller", "measuring cutlery", "serving", "kind", "specific", "specific kind", "utensil", "eating utensil"], [], ["break", "fingers", "neutral zone infraction", "rivet", "circlip", "vbreak", "slap bass", "football", "snap bea", "seize", "vphotograph", "positio", "visual", "energy", "snapper", "faste", "drop back", "snappish", "yardsnap", "brittle", "back", "time", "pressure", "crack", "release", "vabruptly", "vsuddenly", "vigour", "snap shot", "vhike", "decisio", "vcenter", "vbowl", "lunch", "pop", "vmental", "yieldable", "firearm", "vsnappish", "vbatsma", "pistol", "unsnap", "phaseolus vulgaris", "quarterback", "bite", "thumb", "effortless", "scrimmage", "hike", "attack", "snapless", "wildcat", "deflagrable", "vfracture", "snack", "palm", "snappable", "vloose", "snapping turtle", "vmisfire", "man in motion", "unsnappable", "snapback", "snapsuit", "jounce", "keeper", "snapshot", "double take", "postsnap", "vbreakdo ", "pistol shrimp", "twang", "crackle", "tensio", "vsnick", "facetious", "easy", "vback", "embellishment", "grab", "chalk line", "snapping", "boom bap", "finger", "snap beetle", "vpop", "slapjack", "center", "scrapbook", "briskness", "presnap", "meal", "vsharply", "play", "crackback", "vtake", "shot", "vflash", "noise", "fingers noise", "finger noise", "crackle pop", "crackle and", "bend", "breaking", "break half", "half", "whip", "two", "two fingers", "cookie", "ginger", "cookie ginger", "longer", "longer nap", "nap", "finger movement", "movement"], ["guslar", "stringed instrument", "balkans", "lute", "dinarides", "slavic", "gusles", "bowl", "bow"], [], [], ["abowl"], ["ball", "player", "bowl", "game", "bumblepuppy", "point"], ["abowl"], ["bowl", "smoker", "pipe", "stem"], ["john", "bathroom", "flush", "bowl wax", "lavatory", "sanitary ware", "restroom", "use", "housebroken", "thunderbox", "secondary", "if it's yellow let it mellow", "shabby", "sitting toilet", "spend penny", "toileted", "facility", "shitpot", "seat", "men's room", "drop anchor", "chapel of ease", "pisshouse", "worship porcelain god", "use toilet", "three quarter bathroom", "smallest room in house", "throne room", "small", "crapper", "toileting", "worship porcelain goddess", "toilet room", "urination station", "toilet training", "flush toilet", "area", "talk to god on big white telephone", "porcelain goddess", "istinja", "septic tank", "bathtub", "kybo", "dry closet", "half bath", "having", "quarter bathroom", "commode", "urinatio", "toiletest", "toilet brush", "jacks", "double u", "go to toilet", "facilities", "fixture", "toileteth", "drop kids off at pool", "windsor soap", "place", "portable toilet", "half bathroom", "water closet", "soil stack", "outhouse", "if it's yellow let it mellow brown flush do ", "nontoilet", "toilets", "vgroom", "groom of stool", "toilet slipper", "drop chalupa", "litter tray", "potty parity", "cludgie", "courtesy flush", "powder one's nose", "karzy", "privy", "those", "sullage", "port o potty", "material", "superloo", "brasco", "very", "flusher", "carsy", "pooper", "hopper", "talk to ralph on big white telephone", "contai", "bathroom break", "quincy", "pray to porcelain god", "particularly", "soil pipe", "shower", "washroom", "powder room", "biffy", "ring", "johnny", "khazi", "cludge", "shitcan", "bogwikten 1", "full bathroom", "big white telephone", "chemical toilet", "wc", "dunny can", "sink", "plumber's helper", "phrontistery", "blumpkin", "throne", "vanity box", "bowl", "closet auger", "defecatio", "cubicle", "spud washer", "bedsit", "primpy", "system", "toiletless", "potwikten 1", "water", "enclosed", "latrine", "vdress", "porta potty", "head", "slopping out", "squat toilet", "dressing room", "caught short", "porcelain god", "flushable", "karsey", "large", "lavvy", "dirty", "waste", "dirty protest", "housebreak", "drop deuce", "shit bowl", "drop bomb", "peemergency", "lavvie", "comfort break", "sewer", "dunny man", "room", "bathroomware", "grooming", "pisser", "ca", "napki", "bathroom fixture", "bath", "lid", "plunge", "pooping", "for pooping", "furniture", "bathroom furniture", "bathroom seat", "twist", "handle", "flush handle", "bathrooms", "in bathrooms", "public", "in bathroom"], [], ["lid", "bowl", "glass", "absinthe", "water", "trickle"], ["ethiopia", "lyre", "krarist", "begena", "bowl", "eritrea"], ["pick", "rdismiss", "vbowl", "rwicket", "rbatsma", "strike rate", "play on", "rbreak", "rball", "switch hit", "rhit", "corridor of uncertainty", "flipper", "bowl out"], ["throat", "abowl", "agamopetalous", "apetal", "acorolla", "ipomoea", "atube"], [], [], [], ["ericaceous", "shrub", "united states", "wood", "pipe", "bowl"], [], ["vbowl", "vgood length", "vbounce", "vbatsma", "overpitching", "vball", "overpitches"], [], ["teaspoo", "spoo", "ladle", "cutlery", "soupspoonful", "tablespoo", "eat", "lovespoo", "soup", "dessertspoo", "soupspoons", "bowl"], [], ["cream", "ice", "ice cream", "shape", "holder", "closed", "intercolline", "gelati", "conodont", "intercone", "formal language", "bashlyk", "twist drill", "serac", "joint", "subcone", "cruise ship", "traffic cone", "point", "conicocylindrical", "quenouille training", "context free", "end", "surface of revolutio", "chlorophane", "triangle", "ninety nine", "cone in", "strobilaceous", "identify", "conicospherical", "hypercusp", "megastrobilus", "conical buoy", "emlen funnel", "conoid", "conepiece", "binode", "biconical", "kegelkarst", "coresidual", "turbinal", "regular language", "conifer", "line", "direct product", "rotate", "interconal", "conopsin", "strobilus", "vtraffic cone", "astroscope", "bicone", "infundibuliform", "lampshade hat", "frustum", "bong", "handroll", "diagram", "circular cone", "cono", "isoconic", "cannabis", "interval", "chromophane", "st hubert's key", "spherical cone", "microcone", "conization", "trimmer", "set", "tukul", "intraconal", "snow cone", "hyperbola", "conico", "apex", "cubic centimetre", "caldera", "segment", "spheroconic", "resonator", "smokable", "ice cream cone", "conicohemispherical", "trou de loup", "space", "cones", "solid of revolutio", "galbulus", "conal", "pseudocone", "subtend", "krumkake", "nappe", "cornucopia", "object", "recursively enumerable", "retina", "nun buoy", "peg", "juniper", "alluvial fan", "rhodophane", "ungula", "helix", "coeloconic", "fez", "bowl", "pastille", "spectrahedron", "wizard's hat", "sugar pine", "parabola", "hypercone", "quea", "conic section", "ellipse", "altitude", "shell", "funnel", "strobile", "styloconic", "frustoconical", "bevel gear", "closure", "bunoselenodont", "polyconic", "coneless", "witchwikten 2", "coneheaded", "conical", "dog", "genus", "coniform", "tumpeng", "auricula", "carbon nanofiber", "unode", "sugar loaf", "subconical", "marijuana", "somma", "conus", "circumduct", "quee", "lateral area", "microsupport", "nanocone", "extraconal", "gutta", "bollard", "inverse limit", "double dip", "quadricone", "conospherical", "arrow", "gyratory crusher", "conelike", "co", "pi\u00f1a", "temaki", "bullet", "pointed", "round", "hat", "teepee", "waffle", "container", "triangular", "pyramid", "round pyramid", "geometric", "solid", "sides", "base", "round base", "pointed shape", "pine", "pine seed", "seed", "wizard", "pointy", "wizard hat", "mountai", "solid shape", "orange", "two sides", "two", "desert", "cream holder", "spike", "bell", "three dimensions", "three", "dimensions", "container for", "volcano", "circular", "circular triangle", "thimble", "tube", "pointed tube", "speaker", "traffic directional", "directional", "traffic", "triangular solid", "round sides", "triangular shape", "dessert"], ["war", "fight", "actio", "aggressive", "battle", "fighting", "defence", "asthmogenic", "wet work", "counter offensive", "cybervulnerability", "recovery", "taste blood", "vwicket", "verbal", "give against", "compound attack", "giggles", "brilliancy", "discovered attack", "vapply", "let someone have it", "spike", "eat one's o v", "assault", "rent mob", "aggression", "zero day", "volume", "boarding pike", "worth", "backstab", "vscore", "bushwhacker", "breakaway", "signature strike", "vmanner", "tenable", "put up fight", "refutation", "tilt at windmills", "fork", "crazymaking", "quiet move", "hornet", "pregnable", "lay siege", "bowler", "unimpugnablyr", "biodefense", "disease", "phosphomonoesterase", "biscuit", "rip into", "lash out", "shark attack", "on defensive", "bite", "secure", "nuclear deterrent", "come at", "side", "vaim", "set upon", "heckler", "invitation", "assail", "unassailable", "conestat alfa", "divebomb", "attackin", "shock troop", "lie in wait", "pass\u00e9", "tankwikten 1", "vbat", "king hit", "cricket", "have at", "beset", "chuck dummy", "run at", "up frontr", "belabour", "antigas", "predator", "vrider", "september eleventh", "cybercommand", "self defense", "seize day", "napalm", "set about", "heart check", "ad feminamr", "preemptive self defence", "agonistics", "vviolent", "dr strangelove", "impregnablyr", "unblockable", "kill zone", "vru", "assailant", "council of war", "vforce", "machicolation", "interceptor", "vdeal with", "pouncewikten 2", "mwah", "harden", "drygulch", "snare", "heart attack", "aggressor", "sool", "offence", "sort out"], ["bowl", "polycyclic", "fragment", "buckminsterfullerene", "buckybowl", "circulene", "aromatic", "corannulenes", "hydrocarbo", "benzene ring", "parent compound"], [], ["table", "bowl", "centerpiece", "radiate", "silver"], [], [], ["germany", "netherlands", "drinking", "glass", "bowl"], ["glasses", "punchbowl", "fluted", "scalloped", "bowl", "silver"], [], [], [], [], [], ["gourd", "vessel", "bowl"], [], [], [], ["bowl"], ["pseudothecium", "perithecium", "sporocarp", "ascolocular", "ascomycete", "ascocarpic", "cleistothecium", "spore fruit", "ascoma", "bowl"], [], ["bibimbap", "stone", "bowl"], [], ["bowlsful", "bowlfuls", "bowl"], ["chuck", "throw", "bowler", "thrower", "bowl"], [], ["abowler", "overarm", "adelivery", "aright angle", "underarm", "abowl"]], "/r/UsedFor": [["hold food", "holding food", "eating from", "put food i", "serve cookies", "more formal than informal dining", "put food o", "stand o", "putting food o", "dental device", "holding", "eating food off of", "holding meal", "medical device", "setting table", "holding food eat", "serve food for eating", "serve food"], ["bowl", "satisfying appetites with minimum effort"], [], ["ball", "lane", "alley", "bowling ball"], [], [], ["eat things off of", "eating food", "hold food", "eating", "cooking", " artifactair broadcast medium", " artifactpick up perceptio", " artifactscan contact", " artifacthold stative", "serving food", " artifactserve consumptio", "eat pudding", "eat food with", "serve food o", "serving liquid", "eat", "serving food i", "displaying food", "eating from", "letching at", "eating off"], [], [], [], [], ["shipping", "storing liquids", "usually staying above water", "contain liquid", "moving people around", "float", "carry liquids", "hold flowers", "navigate", "ship goods", "sailing on ocea", "piloting", "transporting things", "store liquid"], [], [], [], [], [], [], [], [], [], [], [], [], [], [], [], [], [], [], [], [], [], [], [], [], [], [], [], [], [], ["making music", "playing music", "hit brother", "musician to use", "tuning", "annoy siblings", "playing stringed instrument", "playing", "accompanying guitar", "music", "creating music", "remembering childhood", "accompaniment to serenade", "folk music", "play music", "play sone", "make music", "bluegrass music", "entertai", "kentucky hills music", "old time music"], [], [], [], [], ["enhancing prestige", "housing prince", "exploring", "important building in historical times", "housing king", "guarding against people", "king's home", "shelter during battle", "fairy tale place", "housing princess", "kings", "touring", "protected dwelling", "fu", "capturing pa ", "housing quee"], [], [], [], [], [], [], [], [], ["eat soup", "drinking soup", "dry or liquid measurement when cooking", "serving food", "measure amounts of substance", "put sugar in tea", "mixing food", "eating ice cream", "measure medicine", "measure spices", "stirring soup in pot", "measuring", "stirring", "stir liquid", "prepare food"], [], [], [], [], [], [], [], [], [], ["poop", "urinate", "peeing", "dispose of waste", "go potty", "barf i", "shitting", "waste", "pooping", "poop i", "dispose of tissue", "depositing human waste"], [], [], [], [], [], [], [], [], [], [], [], [], [], [], [], [], [], [], [], [], [], [], [], [], [], [], [], [], [], [], [], [], [], [], [], [], [], [], [], [], []]}, "/r/UsedFor": {"/r/RelatedTo": [[], [], [], [], [], [], [], [], [], [], [], [], [], [], [], [], [], [], [], [], [], [], [], [], ["food", "liquid", "broth", "chicke", "bowl", "hot", "liquid food", "meal", "stew", "noodle", "chicken noodle", "water", "vegetables", "liquid meal", "appetizer", "hot liquid", "watery", "noodles", "dinner", "eating", "vegetable", "minestrone", "drink", "bowls", "ca", "tomato", "lunch", "thin stew", "thi", "gazpacho", "partan bree", "supper", "london particular", "tom kha gai", "avgolemono", "souping", "mulligatawny", "tarator", "chowder", "xavier soup", "poor man's pizza", "blushing bunny", "bouillabaisse", "soupline", "albondigas", "joumou", "tortellini", "magiritsa", "tangbao", "wedding soup", "alphabet soup", "sinigang", "suimono", "bouquet garni", "soupy", "cullen skink", "oxtail", "mandlen", "pepper pot", "sancocho", "vichyssoise", "shkedei marak", "entremetier", "mandlach", "she crab soup", "potage", "egg drop soup", "pottage", "dashi", "pot au feu", "rivel", "champon", "gumbo", "pozole", "soupspoon", "kreplach", "stockpot", "pepperpot soup", "stone soup", "ukha", "ribollita", "soup bone", "tom yam", "jardini\u00e8re", "tureen", "soupmaker", "porridge", "hotdish", "orzo", "ramen", "manna croup", "borscht", "shchi", "lalo", "brown windsor soup", "solyanka", "warmer", "summer soup", "rassolnik", "bosintang", "mock turtle soup", "gamjatang", "souper", "mohinga", "tom kha", "fish tea", "galbitang", "miso soup", "consomm\u00e9", "zuppa", "miso", "apapransa", "souplike", "mannish water", "scotch broth", "soup kitchen", "soured cream", "stewish", "menudo", "sofky", "panada", "souped", "beurre mani\u00e9", "egusi", "plum pudding model", "rasam", "saimin", "papaitan", "soup bowl", "brew", "matzo ball", "hangover soup", "soups", "malatang", "soup dumpling", "scrag end", "jjamppong", "ragout", "misoshiru", "soupe maigre", "pasta e fagioli", "fideo", "soupless", "sippet", "printanier", "nonsoup", "like", "watery food", "chicken broth", "canned", "liquid lunch", "wet food", "wet", "veggies", "liquid dinner", "warm", "pea", "hearty", "fluid", "crackers"], [], [], [], [], [], [], [], [], [], [], [], [], ["bra", "mixture", "breakfast", "flake", "cereal", "wheat", "bake", "manufactured"], [], [], [], [], [], [], ["sweet", "white", "sweetener", "cane", "salt", "powder", "granules", "crystals", "food", "grains", "coffee", "cake", "spice", "ingredient", "sucrose", "condiment", "sweetness", "tea", "sweet powder", "granular", "candy", "taste", "white powder", "sweet substance", "substance", "baking", "glucose", "sweet granules", "white granules", "white grains", "deoxyglucosone", "palmier", "rock candy", "sugared", "galactolipid", "cerebrose", "cotton candy", "aglycemia", "sugarhouse", "panhouse", "chrain", "pilon", "glycosinolate", "disaccharide", "sekanjabin", "alien nucleic acid", "sugarer", "diglycosylated", "miraculin", "sack whey", "akutaq", "glycogroup", "inactose", "gleucometer", "phosphosugar", "mutarotation", "globoside", "sweetcure", "pentasaccharide", "panela", "jaggery", "vinasse", "babinka", "rockbun", "demerara", "focaccia", "thiosugar", "marshmallow", "syrup", "kransekage", "floating island", "dumping syndrome", "tarte tatin", "oses", "effeminacy", "white pot", "sriracha", "monodesmosidic", "glycosylate", "monosaccharide", "octasaccharide", "mannopeptide", "concreter", "clean eating", "sprinkles", "welan", "sugarholic", "sponge cake", "sugar beet", "weight gainer", "thandai", "exopolysaccharide", "sugar bowl", "hard sauce", "eurocrem", "kolak", "sugars", "enrichment", "compliment", "mashout", "glycoside", "phosphocarrier", "nucleotide", "kerabu", "white chocolate", "indiglucin", "lemon curd", "acetogenic", "meglumine", "vmaple sugar", "saccharous", "endotransglycosidase", "nigerose", "brix", "rasgulla", "xylonic acid", "glycone", "vsyrup", "marquise", "chaptalization", "tablet", "glucagon", "simple syrup", "monoacetone", "glucoregulation", "bee wine", "lipidoglycan", "monoglycosylceramide", "glycol nucleic acid", "ammonia caramel", "flattery", "piccalilli", "marzipan", "glycooligomer", "toffee", "almond paste", "apiose", "vcrystallize", "pathia", "hexasaccharide", "palm sugar", "amyloglucosidase", "cura\u00e7ao", "calas", "diabetes", "proximate principle", "heterosaccharide", "caramelize", "sulfoquinovose", "saccharimetry", "praline", "sugarlike", "ledikeni", "nucleosidase", "ose", "amylolysis", "diet coke", "shit", "mashing", "aglycosuria", "yokan", "ribonucleotide", "chocnut", "cerealin", "blancmange", "tetrasaccharide", "monoglycosylated", "glycoligand", "cobbler's punch", "chelsea bun", "candy apple", "nonsugar", "glucic", "amylase", "shortcake", "sugar glass", "fairy butter", "cyclic nucleotide", "diastatic", "pi\u00e8ce mont\u00e9e", "sugaring", "glycosyl", "pain de mie", "pentaacetate", "synanthrose", "pseudooligosaccharide", "azasugar", "saccharify", "azidosugar", "threonic acid", "anhydrosugar", "pentosuria", "sugar substitute", "must weight", "cookie dough", "cinnamon roll", "allolactose", "boiled sweet", "tom collins", "semolina pudding", "glucoazide", "hot whiskey", "picklewikten 1", "mizuame", "skilligalee", "ginger wine", "monoglycosylglycerol", "hydroxymethylfurfural", "biomolecule", "sugary", "malt", "buttermint", "crispy seaweed", "acetonide", "hyaline", "gallize", "tyvelose", "desugared", "powellize", "metacetone", "multiglycoside", "anhydrogalactose", "deglycosylation", "saccharide", "chocolate concrete", "sugar palm", "enumerated articles", "crushed sugar", "cane brake", "glucometabolic", "jelly bean", "cocktion", "candied", "caustic sulphite caramel", "octose", "italian dressing", "blackstrap", "saccharo", "vgranulatio", "turkish delight", "vboil", "eucalyn", "saccharometabolism", "bisdesmosidic", "horchata", "pepper jelly", "lactobacillus", "gravlax", "cr\u00e8me br\u00fbl\u00e9e", "stevia", "bean pie", "vacuum pan", "glycoglycerolipid", "glyoxysome", "saccharimeter", "glycotransferase", "kosong", "transglycosidase", "glycodendrimer", "white sugar", "confection", "glycometabolism", "frozen custard", "hyperglycemia", "plum wine", "sunberry", "ducana", "affination", "egghot", "diacetone", "chlorosugar", "caster", "glac\u00e9", "glycophospholipid", "saccharephidrosis", "thioglycoside", "sugarlessness", "muah chee", "dulcite", "pentose", "laddu", "galactosphingolipid", "sour", "sugar paste", "quarter water", "sugarmaker", "crumble", "neocarrabiose", "lardy cake", "khurma", "massecuite", "phenylhydrazone", "saccharometry", "melezitose", "aglycone", "agrocinopine", "bisphosphate", "verbascoside", "glycobiogenesis", "heroi", "galactosylcerebroside", "cassonade", "dulce de leche", "scylloinositol", "nougat", "mucic acid", "back sweeten", "liqueur", "glyco", "triple", "pineapple cake", "glycosynthesis", "screaming jelly babies", "galactocerebroside", "sugar cookie", "deoxyribose", "aleberry", "stepony", "ribose", "italian meringue", "mebos", "isodulcite", "pashmak", "rich tea biscuit", "depression cake", "brandy fruit", "grocer's itch", "saccharize", "vsyntactic sugar", "mocuck", "glycoprocessing", "chitosugar", "lactose", "pathoglycemia"], [], [], ["ice cider", "apple", "wikten 2testicles", "apple berry", "red", "pie", "seed", "cider", "pick", "fruit"], [], [], [], [], [], [], [], [], [], ["cor", "captai", "milk", "grai", "breakfast", "food", "rice", "oat", "grass", "barley", "meal", "noncereal", "straw", "cereal bar", "aleurone", "health bar", "deglutination", "hordein", "citrinin", "dicamba", "isoproturon", "pablum", "prolamine", "lodging", "caryopsis", "breadstuff", "tritordeum", "cornfield", "oats", "teff", "grinding stone", "phytic acid", "wheat", "cultivate", "bromoxynil", "bunt", "cytase", "continental breakfast", "artificial rice", "cheerios", "chlortoluron", "foodgrain", "phytase", "manchurian wild rice", "cererian", "cerealist", "alberta", "ogi", "bran", "sorghum", "acha", "pyridoxine", "cornwikten 1", "germin", "prolamin", "canada", "special k", "sickle", "trail mix", "breakfast bar", "bowman birk protease inhibitor", "finger millet", "fonio", "corn exchange", "gluten", "degerm", "granulation", "cereals", "breakfast cereal", "amaranth", "aleuronate", "germ", "puffed rice", "toxamin", "wheaties", "flour", "malt", "kasha", "rhynchosporium", "marua", "crescent", "wheat bisk", "sincere", "hessian fly", "edible", "alternariol", "wholegrain", "pantothenic acid", "aceres", "american breakfast", "azelaic acid", "blade", "moniliformin", "degerminator", "fenpropimorph", "oatmeal", "breakfast food", "bowl", "life", "morning food", "morning", "in bowl", "for breakfast", "honeycomb", "of grai", "flakes", "sugar", "eating", "post"], ["wine", "grape", "aciniform", "casta", "\u0153nolin", "veraison", "vin jaune", "dionysus", "acinaceous", "vine", "wrath"], [], [], [], [], [], [], [], []], "/r/UsedFor": [[], [], [], [], [], [], [], [], [], [], [], [], [], [], [], [], [], [], [], [], [], [], [], [], ["bowl", "satisfying appetites with minimum effort"], [], [], [], [], [], [], [], [], [], [], [], [], ["bowl"], [], [], [], [], [], [], ["sweetening coffee", "sweeten food", "make foods sweet", "making deserts with", "filling craving", "sweeting coffee", "sweetening cup of coffee", "adding sweet flavor or taste", "sweetening tea", "make drinks sweet", "sprinlking on cereal", "keeping sugar at table", "sweetening foods", "making food sweet", "body to convert into energy", "baking batch of cookies", "eliminating sweet tooth", "providing energy at cellular levels"], [], [], ["bowl", "basket with handle", "bait deer"], [], [], [], [], [], [], [], [], [], ["cereal bowl", "bowl"], ["make wine", "bowl", "make jelly"], [], [], [], [], [], [], [], []]}}}, "brake": {"N1": {"/r/RelatedTo": [" artifactcar artifact", "car", "stopping", "autobrake", "boonwikten 3", "emergency brake", "brakes", "wikten 4enclosure", "outbrake oneself", "vacuum brake", "wikten 4baker", "brakeman", "wikten 3sheet metal", "drag parachute", "equalizer", "brakemaker", "slipper", "overbrake", "airbrake", "wikten 2overgro ", "unbrake", "thinking distance", "heel and toe", "dead man's brake", "roller bed", "wikten 4steam engine", "cruise control", "brake pedal", "brake test", "brakesman", "cowwikten 1", "wikten 4trough", "winchwikten 1", "glad hand", "wikten 3drag", "wikten 4shoe", "wikten 4slow", "guard's van", "brakeless", "wikten 3flax", "dandy horse", "wikten 4vehicle", "jake brake", "foot brake", "coaster brake", "gripe", "braked", "brakeforce", "wikten 3tool", "ramkie", "wikten 4confine", "thrust reverser", "braking distance", "skid", "brake fluid", "line lock", "landing gear", "braking", "hobby horse", "drogue", "deadman's brake", "wikten 4ballista", "toe stop", "sportbike", "wikten 4smith", "brake van", "speedway", "wikten 3machine", "stop", "pedal", "part", "stopper", "car stopper", "stop car", "drive", "bicycle", "bicycle part", "stopping car", "pads", "bikes", "stopping bikes", "stops", "stops car", "in car", "wheels", "car part", "car slower", "slower", "wheel", "how", "how stop", "power", "stopping power"], "/r/UsedFor": [" artifactfail change", " artifactstop motio"]}, "N2": {"/r/RelatedTo": {"/r/RelatedTo": [[], ["drive", "vehicle", "motor", "automobile", "wheels", "auto", "seat", "oil", "road", "ride", "driving", "transportatio", "four", "accord", " artifactpassenger boat", "brake artifact", " artifactdriver perso", "tur", "engine", "brake", "four wheels", "wheel", "gas", "wax", "va", "hybrid", "truck", "exhaust", "motor vehicle", "bus", "transport", "compact", "limousine", "wash", "jeep", "toy", "bull mobile", "honk", "wheel well", "dome light", "fog light", "alist", "hotting", "crashmate", "i don't drive", "cut and shut", "hillclimb", "driverside", "beep", "coup\u00e9", "ride bitch", "bitch seat", "rocket car", "trailer hitch", "hitch rack", "ice racing", "people carrier", "cons cell", "automatic", "wikten 1subway", "carbagewikten 3", "raggare", "company car", "flatbed", "body shop", "townsend deprivation index", "bubble car", "fuel economy", "caddr", "grassplot", "motor factor", "mercedes benz", "grain elevator", "battery booster", "c pillar", "valet", "opera window", "gearbox", "glove box", "carless", "nanocar", "d pillar", "carlike", "road iron", "trunk or treat", "aircar", "keycode", "trabby", "muley axle", "slidometer", "platform car", "q car", "avis", "stock car", "undertray", "carcoon", "carcoat", "frunk", "emissions test", "carwasher", "cover", "running board", "minicar", "mot", "waltzer", "wrecking car", "bucket of bolts", "run back", "carplane", "bear bait", "she", "crackerbox", "driving school", "mini", "jam jar", "climate control", "goods van", "windshield time", "head on collision", "robotaxi", "park", "lad mag", "ford", "redbird", "redline", "angle parking", "car lot", "pump car", "tipple", "multiple unit"], ["brake", "moist", "air", "clearway", "vstop", "t stop", "horse", "plow stop", "defibrillation", "inhibition", "pad", "halt", "hoof", "in full flow", "prevent", "hockey stop", "partitio", "current", "morning noon and nightr", "dung", "door", "direct", "inhibitor", "fill", "cavity", "unceasing", "poultice", "stopper", "anchor", "break", "end", "cork", "sig", "pause", "off", "finish", "law", "rest", "muzzle"], ["system", "hydraulic", "wheel", "automatic", "brake", "aircraft"], [], [], ["anti lock", "vbrake", "brake", "stop"], [], [], [], [], ["bobsleigh", "brakewoman", "employee", "coupling", "trai", "railroad", "steam engine", "brakesman", "trainman", "brake", "brakemen", "brakewoma", "machinery"], [], [], ["equatio", "argument", "frequencies", "stability", "morphism", "automobile", "dynamo", "pull", "equalize", "codomai", "electromagnet", "equal", "equalization", "functio", "limit", "balancer", "aeroplane", "set", "domai", "resistance", "armature", "lateral", "solutio", "factor through", "conductor", "equalizers", "brake", "outboard"], ["brake", "manufacturer"], ["flip flop", "mojri", "shoe", "brake", "bedroom", "corporal punishment", "wheel", "toilet slipper", "gib", "slipshoe", "plate", "vspank", "cinderella", "house", "slippered", "plimsoll", "wear", "hunt slipper", "pinafore", "houseshoe", "slippering", "vplimsoll", "sclaff", "uwabaki", "chapli", "apro", "vcorporal punishment", "slipperless", "beslippered", "house slipper", "slipperlike", "carpet slipper", "babouche", "wago", "adjustment", "baffie", "calceolate", "pantofle", "calceiform", "kurdaitcha man", "footwear", "foot wear", "foot", "before", "before bed", "bed", "indoor footwear", "indoor", "on feet", "feet", "house shoe", "glass shoe", "glass", "wor", "nightly", "worn nightly", "robe", "with robe", "moccasi", "soft shoe", "soft"], ["vbrake"], ["brake", "pneumatically", "wing"], [], ["vrelease", "vbraking", "vbrake"], [], [], [], [], [], [], [], [], ["railroad", "employee", "brakema", "coupling", "mine", "brake", "winch", "trai"], [], [], [], [], [], [], [], [], ["abrake"], [], [], [], [], [], [], ["gripes", "fore", "gripeth", "petty", "distress", "trivial", "griping", "ster", "davit", "timber", "oppressio", "compass", "brake", "forefoot", "gripest", "bellywark", "vwhine", "vgrasp", "vseize", "keel", "wheel", "griped", "gripinglyr", "vcomplai", "complaint", "afflictio", "gripeful", "exactio", "pinching", "vclose hauled"], ["vbrake"], ["brake", "vehicle", "force"], [], ["brake", "string instrument", "fret", "fishing", "southern africa", "bicycle", "guitar"], [], [], [], ["pallet", "skidded", "skidpa", "ski", "bicycle", "runner", "skids", "antiskid", "skiddy", "drag", "stringer", "roadholding", "underpad", "burn out", "skiddinglyr", "sliding", "nonskid", "chai", "skidproof", "slue", "slipping", "skidding", "hook", "skidder", "sled", "fender", "flipper", "brake", "slip"], [], [], [], ["brake drum", "autobraking", "unbrake", "brake van", "brake bias", "vbrake", "eddy current", "gerbil", "drive", "stop"], [], ["extract", "aircraft", "drag parachute", "boat", "wind cone", "deploy", "aerial refuelling", "whale", "broach to", "device", "brake", "conical", "docking", "basket", "harpoo", "probe and drogue", "bag", "probe", "gunnery", "parachute"], [], [], [], ["acceleratio", "off road", "motorcycle", "speed", "economy", "fuel", "comfort", "street bike", "dirtbike", "brake", "corner"], [], [], ["road", "traffic", "superspeedway", "speedways", "brake", "dirt", "expressway", "racing", "racetrack", "auto racing", "track", "gear", "venue", "motorcycle"], [], ["sig", "red", "halt", "red sig", "prevent", "octago", "light", "traffic", "stopper", "red light", "rest", "actio", "command", "cease", "traffic sig", "pause", "signs", "motio", "shut one's mouth", "hit buffers", "unconformity", "heave to", "get off", "nonstopr", "kent bugle", "safeword", "stoak", "wikten 2bucket", "hold phone", "nonstopped", "skip stop", "limited", "just second", "hoy", "canutish", "velar pinch", "demur", "leave over", "anchor", "freeze up", "close up shop", "disavail", "turn off", "voice onset time", "hold it", "crimestopper", "jack in", "rein in", "clamp down on", "buckler", "open diapason", "dead man's switch", "belay", "unstoppable", "let up", "gheada", "arrest", "enough", "vwikten 1come to end", "don't", "preocclusion", "vwikten 1opening", "hijack", "organ console", "cry uncle", "put brakes on", "direct flight", "inexorablyr", "stayless", "wikten 1videocassette", "desist", "give up", "vwikten 1close", "bourdon", "pick up on", "intercipient", "lay off", "spoken pause"], ["rudder", "ankle", "swell box", "treadle", "pedalest", "pedaliter", "foot", "pedalo", "footpedal", "pedaling", "bebung", "dandy horse", "pedalian", "pedalled", "sustain", "piano", "fuzz box", "low sock", "pedaled", "heel and toe", "pleuropedal", "pedaleth", "cycle", "hobby horse", "brake pedal", "sock cymbal", "low hat", "kickboard", "rat trap", "organ console", "porn groove", "celeripede", "pedal squares", "wah pedal", "accelerator", "pedally", "exercise bicycle", "pedals", "pedial", "push bike", "footswitch", "turbo trainer", "lever", "pedalling", "celerifere", "toeclip", "tirasse", "pedomotive", "kickwikten 1", "clanger", "crankarm", "brake line", "clutch pedal", "biting point", "kickdrum", "pedaller", "freecoaster", "vbicycle", "footplate", "hemimelia", "bicycle", "effects unit", "tandem", "kickdo ", "overpedal", "step machine", "afoot", "brake", "step", "bike", "on bike", "feet", "flower", "foot propeller", "propeller", "power", "bicycle power", "acceleratio", "part", "bike part", "metal", "break"], ["eye", "hand", "branch", "bone", "nose", "head", "ear", "leg", "piece", "verse", "leaf", "feet", "foot", "lip", "page", "finger", "neck", "room", "mouth", "face", "department", "sectio", "month", "minute", "body", "bit", "scene", "word", "roof", "counterpart", "partial", "letter", "act", "atom", "petal", "back", "day", "adverb", "member", "cell", "battle", "edge", "portio", "blade", "flower", "jaw", "window", "drop", "stick", "cent", "bottom", "cheek", "component", "note", "iris", "seed", "outlier", "cut up", "seventy ninth", "hankou", "diagram", "centriciput", "special issue", "transilluminate", "deviate", "transabled", "whit", "feature", "hexamerism", "resolution", "d in p aeq", "sustentator", "eighty eighth", "anthostele", "supralateral", "toe", "bulk", "forty seventh", "construct", "outcrop", "barony", "muti murder", "presence", "article", "impartial", "bipartite", "waist", "twelfth", "parts interpreter", "intramolecular", "parted", "eighty fourth", "gastrogastric", "dodecapartite", "herb", "thirty third", "thereinafterr", "driblet", "polyvinylsiloxane", "forty second", "regio", "fifty first", "hexapartite", "decollator", "sixty second", "courtroom", "guard", "plane geometry", "colocolic", "vdepart", "pentamerism", "scheme", "rectorectal", "half", "sample", "backside", "dysembryogenesis", "partition", "partwiser", "motor factor", "fifty sixth", "multipartite", "subtriple", "duet", "machinery", "parting", "forenoon", "apartment", "action", "conclusion", "sunhung", "weldment", "mostlyr", "exeresis", "parts", "tripartible", "doodah", "three fisted", "seventy seventh", "eighty ninth", "basso", "homomorphosis", "seventy first", "hot swap", "subdichotomy", "pelvic inflammatory disease", "mortification", "saddle bow", "region", "entity", "city state", "disally", "ogdoad", "thirty seventh", "take part in", "engaged", "forty sixth", "vellicate", "contain", "integral", "quadrinomial", "distribution", "afractional", "heart and soul", "biventer", "demask", "leftpondia", "campane"], ["stop", "cork", "stoppering", "statio", "playspot", "tampion", "stoppered", "commodity", "freeze valve", "decanter", "stoppage", "west indies", "jug", "knot", "bottle cap", "stopper knot", "plugging", "tampoon", "vclose", "cork borer", "stoppers", "fast", "cleat", "stopple", "eugenia", "restopper", "vcontainer", "unstopper", "florida", "retentive", "rope", "goalkeeper", "stopping", "bung", "futures market", "destinatio", "origi", "saltmouth", "selvagee", "genus", "flacon", "tree", "trai", "unravel", "brake", "anchor", "plug", "umbrella", "break"], [], [], ["car", "actio", "cars", "steer", "moving", "operate", "movement", "activity", "driver", "driving", "vehicle", "steering", "move", "road", "control", "travel", "car actio", "motio", "operate car", "go", "do", "transportatio", "in car", "steer car", "car movement", "move car", "automobile", "operating", "car activity", "car travel", "golf", "control car", "moving car", "what", "feeze", "device", "unperch", "outdrive", "unearth", "cartroad", "ability", "first do ", "corner", "propulsion", "header", "hackney", "overdriven", "vertical", "testosteronal", "dement", "invalid carriage", "driver fatigue", "bat", "data", "deadhead", "drivelike", "untappice", "motorvate", "pull up", "ambitio", "vmotivate", "wardrive", "stave", "cabdriver", "vincentive", "bake sale", "read", "exorcise", "straight", "matrix", "test drive", "slant", "redrive", "riplock", "vforcefully", "vcompel", "driveway", "sustained", "coupled", "drover", "tool around", "write", "leadfoot", "float", "arc", "tailgate", "flash drive", "psychohydraulics", "roust", "minicab", "stroke", "hyperboulia", "death drive", "serpentine belt", "truck driver", "vhit", "framebuffer", "vprovide", "impaired", "bayonet", "defragmentation", "objective", "midwicket", "outboard motor", "pootle along"], ["weight weenie", "gear case", "road warrior", "celeripede", "cross bike", "hybrid", "recumbent", "bikeporn", "multicycle", "nose bonk", "sissy bar", "brevet", "alleycat", "headset", "dirt jumping", "bottom bracket", "headtube", "bicycle stand", "like riding bicycle", "bikejor", "ordinary", "bikeless", "e bike", "bicycle mail", "saddle", "vtravel", "motorbike", "hardtail", "cruiser", "bicycle path", "block chain", "scorcher", "bikeshed", "toeclip", "rigid", "toucan crossing", "bmx", "cadence", "head tube", "cable", "skibobbing", "bicyclism", "railbike", "cogset", "saddlebag", "tricycle", "frameset", "freewheel", "utility bike", "wheelset", "service course", "bikewear", "celerifere", "track stand", "chain slap", "down tube", "brake noodle", "softail", "safety bicycle", "seat", "bikemaker", "ramkie", "cycle", "pannierwiser", "unicycle", "gravel bike", "raleigh", "hovercycle", "lace", "dandy horse", "cyclewear", "countersteering", "wheelie", "skybike", "vexercise", "fakie", "biking", "hill climb", "pedomotor", "boda", "cyclocomputer", "cyclocross", "velodrome", "groupset", "hobby horse", "pneumatic", "monocycle", "bicycle touring", "exercise bicycle", "biker", "hitch rack", "bmx bike", "rat trap", "guard's van", "freehub", "velocipede", "motorcycle", "chaincase", "derny", "penny farthing", "pedal cycle", "messenger bag", "lowrider bicycle", "tubulars", "training wheels", "snedge", "backpedal", "mixte", "steering head", "bikable", "road captain", "pedal", "bottle cage", "velocipedestrian", "bikery", "steed", "tingatinga", "mountain bike", "banana seat", "handlebar", "caliper brake", "bikepacking", "skid", "bicyclelike", "awheel", "cyclogaine", "velociman", "snedging", "two wheeler", "salmon", "bicycle pump", "bicycle helmet", "velocipedian", "chainguard", "skycycle", "skibob", "counterbalancer", "commissaire", "bicycular", "ghost bike", "seat post", "scorch", "walkalong", "vehicle", "backie", "croggy", "pannier", "boris bike", "swing off", "cyclist", "track bike", "bicycling", "crankset", "cycling", "shopper", "cycle path", "standover", "road bike", "bikelike", "cyclery", "stabilisers", "bicyclist", "log", "velophile", "ride", "bicycle tourist", "bicycle tire", "tribar", "derailleur", "trainer", "critical mass", "kickstand", "propel", "johnny onions", "antibike", "paceline", "handcycle", "onion johnny"], [], [], ["vpad", "pad", "frog", "brake", "paper"], ["vbike", "brake", "chai", "spoke", "helmet", "petal", "steel", "race"], [], ["stop", "vstop", "express", "brake", "statio", "bench"], [], [], ["car", "vehicle", "muscle", "automobile", "bundle buggy", "guns", "inside edge", "stroller", "set of wheels", "running gear", "wheel", "outside edge", "thigh", "rollaway", "vwheel", "spoke", "scooter", "drive", "roll", "skate", "tractor", "toy", "axle", "motor", "cart", "carriage", "brake", "jeep", "castor", "board", "trailer", "ride", "va", "tank"], [], [], ["walk", "slow motion", "allargandor", "taper off", "decelerate", "brake", "ru", "walking"], ["wheel of fortune", "car", "tire", "fortune", "round", "circle", "spoke", "wheelbench", "bevel gear", "wheeled", "torque converter", "wheelwright", "celeripede", "trocho", "wheelslip", "turf ski", "colour wheel", "spokewikten 1", "track", "superuser", "scoopwheel", "typewheel", "slood", "mud flap", "mag wheel", "detector bar", "denver boot", "middelmannetjie", "penny farthing", "rudder", "wheelwork", "wheeler", "drum brake", "birotate", "pacific", "universal lever", "guard", "snow chain", "wheellike", "hopperdozer", "lug nut", "eccentric", "amphidisc", "whyte notation", "pivotman", "truing", "breaking wheel", "punishment", "rail head", "vpivot", "nonwheeled", "archibald wheel", "crankset", "suradanni", "cut glass", "wheel bug", "three wheeler", "heelies", "janker", "firework", "landing gear", "slipper", "wheel arch", "rotifer", "rotative", "kick wheel", "power", "fellywikten 1", "training wheels", "photodrome", "kickstool", "pulley", "torture", "treadwheel", "poitrinal", "felloe", "endless screw", "multicycle", "connecting rod", "wheels", "telemotor", "rolly", "trochometer", "wheelrim", "windwheel", "splasher", "pastry wheel", "rollerblade", "rotelle", "straight", "autobrake", "pivot", "spokewise", "flange lubricator", "semi trailer", "gripe", "bicycle tire", "wheelset", "big wheel", "chilean mill", "wheelchair", "idler", "union", "axis", "panmelodion", "koneke", "pelton wheel", "all wheel drive", "circumgyrate", "ponce wheel", "roller", "trailing truck", "turning circle", "vwheeled", "coup", "mudguard", "turret", "turingery", "kingpin", "influence", "push mower", "operameter", "brake drum", "wheeleth", "pedrail", "skateboard", "drivetrain", "backlash", "trochilics", "peirameter", "trindle", "dharmachakra", "trucklewikten 1", "tailwheel", "trundle", "trailing axle", "toe", "vtransport", "trackwheel", "shimmy", "grindstone", "thumbwheel", "pastille", "mobile", "lugnut", "quad bike", "in line skate", "escape wheel", "hubometer", "vroll", "leading truck", "peritrochium", "paddlewheel", "wheeltapper", "trochite", "traction", "wheelcraft", "steering wheel", "skibob", "jackshaft", "berkshire", "hindley's screw", "nose bonk", "wheelless", "hubcap", "vwhirl", "nosewheel", "bead", "mudflap", "wheelest", "roller shoe", "trundle wheel", "trochal", "pizza cutter", "break on wheel", "locking differential", "barrel roll", "hutch", "caterpillar track", "equirotal", "mikado", "tarantass", "kebbuck", "differential gear", "poker", "change wheel", "segway", "baby buggy", "tormentor", "unwheeled", "traverse table", "spare tire", "stairclimber", "carruca", "throwwikten 1", "snowboard", "trolley jack", "gin block", "monowheel", "power slide", "coachwheel", "quad skate", "horn drum", "rouet", "whirling table", "wheeling", "wheelband", "final drive", "spinning wheel", "brush wheel", "bogey", "trailing wheel", "spole", "tie rod", "car replacer", "wheelable", "camber", "bogie", "cogset", "hub", "wagon wheel effect", "twenty niner", "bucketwheel", "firewheel", "rear wheel drive", "front wheel drive"], ["age", "questio", "price", "size", "distance", "weight", "cost", "why", "quantity", "amount", "what", "india", "where", "whe", "greeting", "instructive case", "how\u2019s", "soeverr", "howsit", "ciser", "how's", "how so", "wikten 2tumulus", "how'll", "how'd", "in what world", "that", "working knowledge", "rwikten 1what", "how'm", "anend", "hows", "geography", "how sor", "how're", "wikten 1means", "howeverr", "way", "measure", "indian greeting", "method", "quality", "explai", "rate", "birthday", "degree", "hello", "populatio", "question starter", "starter", "where why", "what whe", "why whe", "number", "indian hello", "conditio", "fine", "like", "value", "method questio", "beginning", "question beginning", "why what", "none", "strength", "form", "question form", "explaining", "range", "you do", "do", "where what", "describe", "garde", "mileage", "commo", "common greeting", "reaso", "experience", "are you", "structure", "altitude", "like why", "asking", "budget", "what way", "way to", "memory", "bor", "who where", "who", "films", "old films", "when where", "old", "lay", "weigh", "gallo", "pronou", "instructions", "ow", "like ow", "estimate", "native", "native greeting", "procedure", "adverb", "indian saying", "saying", "basic questio", "basic", "agai", "question agai", "indian talk", "talk", "appearance", "red", "red india", "demonstratio", "brake", "taste", "directions", "writer one", "year", "writer", "example", "time", "rank", "tell", "tell me", "desig", "descriptio"], [], ["energy", "electricity", "strength", "force", "might", "steam", "dummy car", "counterhegemony", "driving spirit", "high powered", "antipower", "euro skeptic", "coordination", "countermapping", "kratos", "pneumatic", "lateralist", "fall from grace", "empowerment", "placet", "heyday", "wielder", "weird", "queendom", "judge jury and executioner", "underpower", "busbar", "archangel", "intensimetry", "tyrant", "cogenerative", "long legs", "exclusive right", "outpower", "coercio", "frequency assignment", "diesel electric", "toolsy", "powertrain", "divide and rule", "matronly", "exclusory", "keys to kingdom", "absolute monarchy", "decisional", "power distance", "god", "bourdieuan", "crank up", "volatility", "prepollent", "focimetry", "top hand", "revert", "pwr", "euro skepticism", "overload", "varifocal lens", "power car", "supercharge", "monodynamic", "parliamentary", "quasicoaxial", "water wheel", "inertness", "culmination", "equipollentlyr", "doubling cube", "exponential", "strong", "ascendent", "muscleless", "ego trip", "dynein", "prepollence", "gas boat", "diesel powered", "unattractive", "destiny", "image", "turbocharge", "in charge", "windwheel", "all hat and no cattle", "watt", "ground power", "bus duct", "powered", "constitutive", "auxetometer", "influence", "laptop hobo", "brownout", "gastrobot", "base", "subpower", "mover and shaker", "devolution", "merchant prince", "figurehead", "installation", "power up", "allotrophic", "euroskeptic", "all bark and no bite", "wattless", "subaltern", "resolvance", "photovoltaic effect", "big boys", "microgeneration", "abwatt", "angelology", "pipe tong", "authorize", "succession", "gunboat diplomacy", "zero", "throne village", "oppression", "blast off", "powerest", "recentralisation", "physical", "apotome", "run do v", "mechanism", "prefect", "containment", "have handle on", "high priest", "puissance", "locomotion", "hung", "resnatron", "heterarchy", "ambitious", "optical", "jurisdictio", "logarithm", "boilerplate", "new federalism", "lord", "federalism", "dead", "uninterruptible power supply", "locomotive", "varistor", "exponent", "wonder woman", "powermonger", "cardinality", "check and balance", "governance", "scatback", "magnetothermopower", "reagency", "let through", "element", "party state", "power cut", "wingmanship", "potentiary", "vertu", "eikonometer", "long arm", "strengthlessness", "dual federalism", "neorealism", "big wheel", "intra vires", "seminal", "bin tipper", "restoration", "self aggrandizement", "lens", "autodynamic", "mathematical logic", "empowered", "luminous intensity", "heteronomy", "anti devolutionist", "rotary engine", "multipotent", "moral authority", "four stroke engine", "europlug", "reign", "bottom hand", "ultrapowerful", "water frame", "all powerful", "compulsive", "motivity", "elementalism", "legislature", "authority", "quasi corporation", "foison", "allheal", "motile", "reaction turbine", "judgment", "mode of production", "tellurocracy", "transfer", "powerless", "grosch's law", "candlepower", "sabre rattling", "eurosceptic", "wheel", "inferiority", "outage", "contraband of war", "autocratic", "foot pound second", "imperiality", "superminority", "empower", "thalassocracy", "available", "wind turbine", "helioelectric", "planck power", "refringence", "dominate", "tooth and nail", "overlord", "charge up", "quasimunicipal", "cognoscitive", "double adapter", "power trip", "powerhead", "bifocals", "ppu", "store of value", "quo warranto", "muckamuck", "distributed computing", "power tower"], []], "/r/UsedFor": [[], ["fu", "driveway", " artifacttransport motio", " artifactdrive motio", "getting to work", "get home", "having fu", "pull wago", "getting to places", "getting around", "wheel", "getting to school", "skylight"], ["stop sig", "brake pedel", "resting"], [], [], [], ["stopping vehicle"], [], [], [], [], [], [], [], [], [], ["protecting feet"], [], [], [], [], [], [], [], [], [], [], [], [], [], [], [], [], [], [], [], [], [], [], [], [], [], [], [], [], [], [], [], [], [], [], [], [], [], [], [], [], [], [], [], [], [], [], [], [], [], [], [], ["", "brake artifact motio"], [], [], [], [], [], ["storing data", "compact artifact motio", "international highway", "motorway", "ambulance artifact motio", "car artifact motio", "cabriolet", "park o", "use computer", "highway"], ["transportatio", "riding", "racing", "personal transport", " artifactrush motio", " artifactride motio", "travelling o", "dismantling", "excersize", "traveling", "travel short distances", "get somewhere fast", "get faster to mall", "go places", "entertainment", "getting fit", "getting around to ", "ride to ", "welding"], [], [], [], ["go from place to"], [], [], [], [], [], [], [], [], ["rolling", "tur", "low resistance movement", "going around and", "car", "make vehicle move smoothly", "drive car", "being on axle", "tires", "holding tire", "allowing vechicle to move", "making pottery", "machinery"], [], [], ["locomotive artifact consumptio", "battery artifact consumptio", "conquering natio", "battery", "locomotive artifact physics", "engine artifact consumptio", "engine artifact physics", "disease"], []]}, "/r/UsedFor": {"/r/RelatedTo": [[], []], "/r/UsedFor": [[], []]}}}}