{"break": {"N1": {"/r/RelatedTo": ["rest", "smash", "snap", "escape", "fracture", "broke", "pause", "destroy", "time", "shatter", "fall change"], "/r/UsedFor": [], "/r/LocatedAt": [], "/r/FormOf": [], "/r/IsA": ["cut in broadcasting act", " eventchange event", " actdelay act", " tennisscore act", "cut in film act", " actescape act", "fast break basketball act", "interjection act", "heckling act", "breaking off act", " actstroke sport", " eventaccident event", " eventseparation event", " actdash act", "snap event"], "/r/PartOf": [" actbilliards act", " actpool act"], "/r/HasA": [], "/r/CapableOf": ["bones", "guns"], "/r/AtLocation": [], "/r/HasProperty": [], "/r/CreatedBy": [], "/r/Synonym": ["snap off contact", " actopen frame act", "break off contact", "separate change", "break away motion motio", " eventinterruption event", "erupt emotion emotio", "v stativeviolate stative", "fall apart contact", "break away social", " geologyfault geology", " statefracture state", "v changefail change", " timepause time", "happy chance event", "v communicatiopause communicatio", "break of serve tennis", " actbreakage act", "v socialtransgress social", "v communicatiodisclose communicatio", "v socialdemote social", "discontinue change", "wear contact", "v changedampen change", "v changecrack change", "v changebreak in change", "v socialseparate social", "get out communication communicatio", "develop change", "v competitiobetter competitio", "v bodyfracture body", "v changeinterrupt change", "jailbreak act", "come apart change", "v motiocollapse motio", "disruption act", "break up contact", "burst emotion emotio", "wear out contact", "get around communication communicatio", "split up change", "bust contact", "break off change", "good luck event", "prisonbreak act", "breakout act", "gap act", "v possessiobankrupt possessio", "v socialbreak in social", "interruption act", "fall apart change", "v motiobreak dance motio", " actrespite act", " eventrupture event", "stop change", "prison breaking act", "break out motion motio", "gaolbreak act"], "/r/LocatedNear": [], "/r/SimilarTo": [], "/r/MadeOf": [], "/r/ReceivesAction": []}, "N2": {"/r/RelatedTo": {"/r/RelatedTo": [["sleep", "nap", "break", "relax", "relaxatio", "sleeping", "take", "bed", "do ", "relaxing", "time", "stop", "work", "easy", "like", "lay", "take break", "short", "actio", "take easy", "activity", "energy", "lying", "sleep nap", "pause", "and relaxatio", "lying do ", "pedallyr", "newton's first law", "sixteenth rest", "well rested", "take it easy", "overrested", "restlessness", "r and", "vwikten 2trial", "restful", "allay", "jubilee", "wikten 1motio", "tithewikten 1", "remainder", "repose", "catch one's breath", "rested", "home", "breather", "swearwikten 3", "vwikten 2lie", "resting", "r", "wikten 1cue", "chevalet", "wikten 1absence", "rack time", "nauheim treatment", "breakwikten 1", "vwikten 2end", "setwikten 1", "vacation", "electrooculography", "requiescant in pace", "coffee break", "eighth rest", "varrest", "wikten 1annoyance", "wikten 1quiet", "adirondack chair", "ride", "sleeper cab", "muskoka chair", "unrestinglyr", "footboard", "downlying", "reposure", "nonresting", "pull in", "wikten 1tranquility"], ["break", "crush", "destroy", "actio", "hit", "breaking", "hulk", "pumpkins", "hitting", "voverwhelming", "smashed", "smashproof", "smashing", "unsmashable", "overhead", "wham", "vsexual intercourse", "smasher", "shatter", "bankruptcy", "smash up", "blooter", "squish", "hard", "crash", "squash", "destructio", "like", "flatte", "demolish", "beginning", "tennis", "pieces", "violent", "hit hard", "break something", "car", "violent actio", "mashing", "apart", "smithereens", "pulverize", "band", "pumpkins band", "breaking things", "movement", "punching", "pound", "crush destroy", "stuff", "dropping", "instant potato", "potato", "instant", "up", "break up", "break apart", "wreck", "violently", "glass", "break glass", "cans", "destructive", "break pieces", "pumpki", "tiny", "tiny pieces", "crushing", "loud", "like squash", "like crash", "accident", "car accident", "hitting club", "club", "knock together", "knock", "together", "hitting something", "bash", "like bash", "incredible hulk", "incredible", "like crush", "hitting hard", "destroying", "hulk activity", "activity", "clobber", "onomatopoeia", "violently break", "smooch", "painful", "forcefully", "breaking stuff", "break forcefully", "event", "hit break", "punching actio", "hitting event", "breaking plates", "term", "hulk actio", "big", "car wreck", "big hit", "wreck destroy", "tennis term", "plates", "hulk break", "flatten cans", "grab", "stroke", "hammer break", "tennis stroke", "hammer", "and grab", "tennis serve", "serve", "mashing pumpkins", "shatter break", "like pumpkins", "blanking", "blanking pumpkins", "crash heavily", "stomp crush", "stomp", "heavily", "hit something", "blow", "hard blow", "hand", "hand actio", "violence", "tennis shot", "shot", "mushing", "flat", "flat stuff", "mushing things", "mashing apart", "breaking actio", "records", "hit records", "potatoes", "little", "little pieces", "squashed", "killing bugs", "killing", "bugs", "hit song", "song", "car crash", "wreck break", "pounding", "collisio", "over", "run over", "ru", "break violently", "sledgehammer", "dropped", "breaking pumpkins", "windows", "breaking windows", "flattening cans", "onomatopoeic", "crushing onomatopoeic", "flattening", "forced", "forced breakage", "breakage"], ["break", "fingers", "neutral zone infraction", "rivet", "circlip", "vbreak", "slap bass", "football", "snap bea", "seize", "vphotograph", "positio", "visual", "energy", "snapper", "faste", "drop back", "snappish", "yardsnap", "brittle", "back", "time", "pressure", "crack", "release", "vabruptly", "vsuddenly", "vigour", "snap shot", "vhike", "decisio", "vcenter", "vbowl", "lunch", "pop", "vmental", "yieldable", "firearm", "vsnappish", "vbatsma", "pistol", "unsnap", "phaseolus vulgaris", "quarterback", "bite", "thumb", "effortless", "scrimmage", "hike", "attack", "snapless", "wildcat", "deflagrable", "vfracture", "snack", "palm", "snappable", "vloose", "snapping turtle", "vmisfire", "man in motion", "unsnappable", "snapback", "snapsuit", "jounce", "keeper", "snapshot", "double take", "postsnap", "vbreakdo ", "pistol shrimp", "twang", "crackle", "tensio", "vsnick", "facetious", "easy", "vback", "embellishment", "grab", "chalk line", "snapping", "boom bap", "finger", "snap beetle", "vpop", "slapjack", "center", "scrapbook", "briskness", "presnap", "meal", "vsharply", "play", "crackback", "vtake", "shot", "vflash", "noise", "fingers noise", "finger noise", "crackle pop", "crackle and", "bend", "breaking", "break half", "half", "whip", "two", "two fingers", "cookie", "ginger", "cookie ginger", "longer", "longer nap", "nap", "finger movement", "movement"], ["break", "jail", "priso", "get away", "out", "ru", "getting", "run away", "prison break", "jail break", "flee", "getting away", "getaway", "exit", "running", "running away", "escapes", "character", "oil spill", "struggle", "light out", "snooker", "surround", "get out", "duck out", "utopiate", "breakaway", "vcontext", "go to ground", "houdini", "bust out", "backslash", "hexadecimal", "slip through cracks", "escapable", "nonescape", "estray", "water maze", "bolt hole", "vprogram", "run mile", "escaped", "evasive", "fly coop", "dodge bullet", "table of death", "bolthole", "escapist", "velude", "evade", "irredeemable", "effervesce", "scove", "steam", "cut and run", "escapeless", "beat rap", "spring out", "microdot", "outflow", "loophole", "leakage", "exhaust valve", "go underground", "liquid", "apophyge", "vcombinatio", "inextricable", "electric current", "scarper", "unescape", "chemical peritonitis", "weeping spring", "way out", "singing", "escape room", "elude", "fire escape", "manufacturing", "outlet", "umbeschew", "save one's skin", "break out", "vulvaless", "vavoid", "slip someone's mind", "sere", "vstring", "do bunk", "run for it", "fugacity", "shun", "do disappearing act", "escapement", "escapism", "scapegoat", "leak", "escapee", "text", "outleap", "abscondment", "vcharacter", "effervescence", "jailbreak", "antihorizon", "make run for it", "break loose", "emissary"], ["break", "maisonneuve fracture", "hot tearing", "fractio", "k\u00fcntscher nail", "clase", "impact resistance", "ductility", "hot tear", "breakage", "fracted", "gliding plane", "osteoporosis", "rock", "crisp", "diaplasis", "microfracture", "reduce", "bone", "fractal", "nonfracture", "fragment", "ilizarov apparatus", "hydrofracture", "arachnoid", "trap rock", "hydraulic fracturing", "contrafissure", "callus", "osteosynthesis", "bone density", "multifracture", "rhegma", "kyphoplasty", "holstein lewis fracture", "solution of continuity", "knit", "osteopsathyrosis", "fracturable", "yttrialite", "osteoclasis", "vbreak", "nonfracturing", "joint", "osteoclasy", "effraction", "refracture", "microfracture surgery", "laddering", "frangent", "broke", "frail", "fault", "dystomic", "fraction", "infractible", "breaking", "antifracture", "ultimate tensile strength", "greenstick fracture", "macrotrauma", "snap", "toughness", "fractography", "nightstick fracture", "zoledronic acid", "ligamentotaxis", "reduction", "crack", "fragile", "osteogenesis imperfecta", "diastasis", "cryofracture", "pseudarthrosis", "postfracture", "leptoclase", "lisfranc fracture", "geologic joint", "ordonezite", "cartilage", "unfractured", "counterextension", "mono fracture", "boulder opal", "peridynamics", "fractoluminescence", "fat pad sign", "fractural", "impact energy"], ["awikten 1broke", "broked", "vbreak", "skint", "awikten 1any", "shillingless", "brokeness", "dimeless", "tapped out", "awikten 1deprived", "hammer break", "vwikten 3business", "broken", "awikten 1money", "shatting on one's uppers", "awikten 1bankrupt", "pok kai", "lose one's shirt", "adjective", "fractured", "bone", "poor", "break"], ["break", "rest", "stop", "caesura", "interpause", "bass drop", "regroup", "breathing space", "pausing", "album track", "postpausal", "pauses", "unpausing", "macrosegment", "stoppage", "suicide", "chronostasis", "prepausal", "resume", "pauser", "run on", "breath", "note", "pregnant pause", "dialefe", "autopause", "take breather", "sig", "snooze", "pausinglyr", "slow roll", "speech disfluency", "hesitancy", "continuance", "intermissionless", "paused", "pausable", "micropause", "pauseful", "unpause", "clean and jerk", "latching", "postpausallyr", "diapause", "showstopper", "prepausallyr", "letup", "haltless", "unpausinglyr", "layover", "breakwikten 1", "samprosa", "vplayback", "pauseless", "lapse", "computer", "flatfootedr", "quadral", "butto", "video game", "dwell", "predisagreement", "quiesce", "minibreak", "incessantlyr", "dvd", "enjambed", "straightr", "hiatus", "angel passes", "recess", "incessant", "forbearwikten 1", "vplay", "hesitatio", "hold", "wait", "vcr", "stopping", "nearly stop", "nearly", "hesitate", "temporary", "vcr actio", "actio", "stop temporarily", "temporarily", "play", "recorder butto", "recorder", "remote command", "remote", "command", "musical rest", "musical", "stop play", "interruptio", "quotes", "video", "video rest", "possible", "vcr butto", "stop awhile", "awhile", "momentary wait", "momentary", "temporary stop", "halt", "temporary halt"], ["smash", "rui", "break", "vdestructio", "destruction", "destroyer", "demolish", "wreck", "ravage", "bomb out", "kill", "gut", "banjax", "ruin", "weedkiller", "totalled", "buster", "biocide", "destructivism", "hunt do v", "backup", "third degree burn", "shipkiller", "nanobee", "hypertumor", "redestroy", "make shit of", "thalamotomy", "eat", "autodestruct", "eviscerate", "hollywood ending", "biblioclastic", "autodestructive", "nondestruction", "cripple", "islamocommunism", "unprinciple", "overkill", "burn one's bridges", "forspill", "dr strangelove", "egocidal", "tear apart", "antiballistic", "overwrite", "annihilable", "biodestructible", "pull do v", "wipe out", "ligniperdous", "destroyability", "overturn", "vrui", "take gilt off gingerbread", "conservation of energy", "shoah", "account for", "lay waste", "wastewikten 3", "go for burton", "destroyed", "ruination", "blow sky high", "eradicate", "liberticidal", "material breach", "cane", "starve", "forbreak", "biblioclast", "rip up", "forburn", "hand someone his head", "destructive", "brain", "uncreate", "wash away", "corncob", "doomsday weapon", "trypanolytic", "blow to kingdom come", "suffocate", "self destroyer", "lost in action", "suck all air out of", "vuse", "perempt", "sacrifice", "chump blocker", "vsoundly", "obliterate", "cryosurgery", "antisatellite", "demoralize", "indestructible", "antibiotic", "deconstruction", "uglify", "destroyinglyr", "vdestructive", "shatter", "take do v", "abolish", "inexpugnable", "unmake", "fragile", "in for kill", "corrosive", "totaled", "rome wasn't burned in day", "irradiate", "vdata", "ruffle up", "vproperty", "invincible", "sweep away", "dissunder", "withering", "autodestruction", "cultbuster", "dambuster", "reduce to rubble", "destructionist", "devour", "dash", "herbicidal", "destroying", "autothysis", "denaturalisation", "bebreak", "demolition", "unbreed", "denaturalization", "self destruct", "destructible", "abash"], ["minute", "hour", "clock", "watch", "morning", "evening", "minutes", "hours", "year", "always", "month", "century", "seconds", "day", "measurement", "week", "clocks", "age", "ago", "measure", "now", "moment", "party", "passing", "dimensio", "hours minutes", "past", "break", "present", "measures", "stitch", "night", "alarm clock artifact ", "clock artifact ", "rest", "recent", "whe", "temporal", "future", "seconds minutes", "tells", "chronological", "late", "clock measures", "fourth dimensio", "fourth", "minutes seconds", "after", "minutes hours", "story", "current", "play", "birthday", "sleep", "calendar", "passage", "clock tells", "watches", "hour minute", "due", "tell", "second", "days", "motion", "hartle hawking state", "anachronism", "timely", "presentless", "proper time", "check out time", "midtime", "spit bath", "contemporaneouslyr", "chronon", "alreadyr", "ther", "timeweighted", "time detector", "paleomagnetism", "megasecond", "dusktime", "overnightr", "when", "compile time", "hithertor", "correlation function", "tour of duty", "frame dragging", "plastochron", "naptime", "bedtime", "perpetual", "life expectancy", "laggard", "timed", "circumduce", "harvest break", "jerkmeter", "wheneverr", "sothic year", "take up", "yeartime", "repeatedlyr", "momentless", "punctual", "yottasecond", "ripelyr", "dimpsey", "carryover", "sidereal year", "timestream", "cockcrow", "convenience", "infinite monkey theorem", "flowtime", "time of departure", "yester morrow", "proleptical", "nativity", "unconformity", "exposure", "seismic risk", "nontime", "kuaiji", "lightlike", "absolute time", "clock watcher", "approximation algorithm", "heartbeat", "termination", "chronophobia", "clocking", "tick past", "timework", "classical period", "temporarilyr", "omnitemporal", "ttt", "way back wher", "late night", "paropamisus", "breathing space", "alarm clock", "antichronical", "chronograph", "bit interval", "chronomancy", "panchronic", "moodsetter", "chronos", "henceforwardr", "rag puck", "music", "boarder", "present perfect", "idle", "headway", "sands", "somewhere along liner", "rapid fire", "golf widow", "ahead of time", "thenceforwardr", "spend time", "chronokinesis", "civil year", "yestertide", "rhenish palatinate", "markov jump process", "previous", "pray", "operating time", "response time", "attoclock", "yesteryear", "as of", "give of oneself", "impersonal subject", "coagulometer", "agelong", "yore", "presentness", "course of time", "sexy time", "double kill", "chronemics", "chronal", "watchman's clock", "hang with", "ages", "cyclostationary", "datalogger", "chronologize", "tonnage", "synchronous", "chronoscope", "chronosequence", "baroque period", "workload", "earthly branch"], ["break", "bologna bottle", "vdefeat", "unshattered", "brisant", "hammer", "shatterer", "vviolently", "shattereth", "fragment", "antishatter", "crush", "vdispirit", "brisance", "vtiny", "vemotionally", "glass delusion", "shattered", "vdestroy", "shatterest", "shattering", "forburst", "bebreak", "unshatter", "vbreak", "shatters", "vdisable", "vsmash", "shatterable", "lance", "unshatterable", "smash", "glass"], []], "/r/UsedFor": [["going to sleep", "hotel room", "hotel", "sleeping", "sleeping at night", "sitting do ", "motel"], [], [], ["listening to music", "becoming inebriated", "watching movie", "going to film", "jumping out of window"], [], [], [], ["mine"], ["watch", "doing enjoyable things"], [], []], "/r/LocatedAt": [[], [], [], [], [], [], [], [], [], [], []], "/r/FormOf": [["rests", "reest", "resteth", "restest", "resting"], ["smasht", "smashes", "smashing", "smashed"], ["snapping", "snaps", "snappeth", "snappest", "snapped"], ["escapest", "escapedst", "escapeth", "escapes", "escaped"], ["fracturing", "fractured", "fractures"], ["stony broke", "brokes", "broked", "brokest", "break"], ["pauses", "paused", "pausing"], ["destroyed", "destroys", "destroyest", "destroyeth", "destroing"], ["timed"], ["shatters", "shatterest", "shattering", "shattered", "shattereth"], []], "/r/IsA": [["lie in act", "armrest artifact", "bedrest act", "whole rest communication communicatio", " actinactivity act", "chin rest artifact", "quiescence act", " artifactsupport artifact", " communicatiomusical notation music", "half rest communication communicatio", "headrest artifact", "quarter rest communication communicatio", "leisure act", " stateinaction state", " statedeath state", "laziness act"], [" motor vehiclecollision event"], [" timewhile time", " actmotion act", " eventnoise event", " eventbreak event", " artifactfastener artifact", "opencycsnapping fingersvoluntary body movement", "fastener", "band"], [" plantplant botany", " eventdischarge event", " actavoidance act", "evasion act", "getaway act", " actrunning away act", " actmeans act", "skedaddle act", " actdiversion act", "exodus act", "break act", "junctional cardiac arrhythmia"], ["comminuted fracture state", "compression fracture state", "hairline fracture state", "simple fracture state", " actbreakage act", " stateinjury state", "complete fracture state", "fatigue fracture state", "depressed fracture state", "impacted fracture state", "incomplete fracture state", "compound fracture state", "displaced fracture state", "wpvideo gamevideo game"], [], ["delay time", "halftime time", " actinactivity act", "time out", "freeze act", "respite act", " timetime interval time", "lapse time", "dead air time", "caesura time", "hesitation act", "intermission act", "letup time", "blackout time", "respite time", "opencycempty time intervaltime period", "opencycpaused statedevice"], [], ["linear concept", "money", "measurement", "not money", "ephemera time", "eternity time ", "musical time music ", "greenwich mean time ", " attribute", "past time ", "incarnation time", "duration time ", " timetime period time", "biological time ", "present time ", "continuum time ", "daylight saving time ", "abstract concept", "day time", "civil time ", " eventexperience event", "fourth dimensio", "moment time", "high time", " timemoment time", "occasion time", "dead time", "geological time ", "future time ", "one way", "precious thing", " eventcase event", "hard times time", "while time", "space age time", "wee time", "man made concept", "cosmic time ", "time management", "one type of bridge", "compile time", "lifetime", "not neccesarily linear", "human inventio", "time signal"], ["wpvideo gamevideo game"], []], "/r/PartOf": [[], [], [], [], [], [], [], [], ["space time continuum"], [], []], "/r/HasA": [[], [], [], [], [], [], [], [], [], [], []], "/r/CapableOf": [["free to think clearly"], [], [], [], [], [], [], ["love", "humans"], ["spring forward", "age"], [], []], "/r/AtLocation": [[], [], [], [], [], [], [], [], [], [], []], "/r/HasProperty": [[], [], [], [], [], ["wristwatch", "now"], [], [], ["running", "linear", "finite", "now"], [], []], "/r/CreatedBy": [[], [], [], [], [], [], [], [], [], [], []], "/r/Synonym": [["eternal rest state", "relaxation act", "repose act", " linkdefremainder linkdef", "sleep state", "v contactperch contact", "repose stative", "v changestay change", "catch one's breath communication communicatio", "reside stative", "quietus state", "eternal sleep state", " timerespite time", "v contactpillow contact", "breathe communication communicatio", "take breather communication communicatio", "ease act", "v stativelie stative", "cradle", "vwikten 2lea", "vwikten 2be", "wikten 1cradle"], [" eventknock event", "v possessiobankrupt possessio", "blast contact", " actcrash act", "r smashinglyr ", "dash change", "boom contact", "v contactbang up contact", " acthit act", "v emotiocrush emotio", " actoverhead act", "smash up motor vehicle", "nail contact", "vpound", "crash", "smash hit", "vdash", "vshatter", "vslaughter", "lump"], [" foodsnap bean food", "v photographyphotograph photography", "flick contact", "snap fastener artifact", "click motion motio", "click contact", " foodgingersnap food", " attributeelasticity attribute", "crack perception perceptio", " actcinch act", " american footballcentering football", "v emotiobreak do emotio", " artifactsnapshot artifact", " actcatch act", "snarl communication communicatio", "v contactsnatch contact", "v contacttear contact", " eventcrack event", "press stud artifact", "crack change", "jinx", "snapshot", ""], ["escapism act", "v communicatioget off communicatio", "get away motion motio", "v communicatiomiss communicatio", "leak event", " actevasion act", "get away social", "outflow event", " artifactsafety valve artifact", "v stativeelude stative", "flight act", "break loose motion motio", "leakage event", "v motiorun motio", "vemerge", "escape key", "abscondment"], [" geologyfault geology", "cracking act", "break state", "break body", "crack act", "burst", "wpvideo gamewpvideo game"], ["a stone broke ", "abroke", "broken", "aimpoverished"], ["intermission time", "suspension time", "break time", "intermit communication communicatio", "interruption time", "break communication communicatio", "v stativehesitate stative"], ["ruin contact", "put do v contact", "destruct creation creatio", "v competitiodemolish competitio", "vbreak", "vkill", "downstroy", "dispatch", "eradicate", "veradicate", "perish", "ruin"], [" attributemeter attribute", "v changeclock change", " timeclock time", "clip event", " timefourth dimension time", " timeprison term time", "life", "vset"], ["squash", "smash", "burst", "wpvideo gamewpvideo game"], []], "/r/LocatedNear": [[], [], [], [], [], [], [], [], [], [], []], "/r/SimilarTo": [["vlie"], [], ["cracker"], [], [], ["impoverished"], [], ["disrupt"], [], [], []], "/r/MadeOf": [[], [], [], [], [], [], [], [], [], [], []], "/r/ReceivesAction": [[], [], [], [], [], [], [], [], [], [], []]}, "/r/UsedFor": {}, "/r/LocatedAt": {}, "/r/FormOf": {}, "/r/IsA": {"/r/RelatedTo": [[], [], [], [], [], [], [], [], [], [], [], [], [], [], []], "/r/UsedFor": [[], [], [], [], [], [], [], [], [], [], [], [], [], [], []], "/r/LocatedAt": [[], [], [], [], [], [], [], [], [], [], [], [], [], [], []], "/r/FormOf": [[], [], [], [], [], [], [], [], [], [], [], [], [], [], []], "/r/IsA": [[], [], [], [], [], [], [], [], [], [], [], [], [], [], []], "/r/PartOf": [[], [], [], [], [], [], [], [], [], [], [], [], [], [], []], "/r/HasA": [[], [], [], [], [], [], [], [], [], [], [], [], [], [], []], "/r/CapableOf": [[], [], [], [], [], [], [], [], [], [], [], [], [], [], []], "/r/AtLocation": [[], [], [], [], [], [], [], [], [], [], [], [], [], [], []], "/r/HasProperty": [[], [], [], [], [], [], [], [], [], [], [], [], [], [], []], "/r/CreatedBy": [[], [], [], [], [], [], [], [], [], [], [], [], [], [], []], "/r/Synonym": [[], [], [], [], [], [], [], [], [], [], [], [], [], [], []], "/r/LocatedNear": [[], [], [], [], [], [], [], [], [], [], [], [], [], [], []], "/r/SimilarTo": [[], [], [], [], [], [], [], [], [], [], [], [], [], [], []], "/r/MadeOf": [[], [], [], [], [], [], [], [], [], [], [], [], [], [], []], "/r/ReceivesAction": [[], [], [], [], [], [], [], [], [], [], [], [], [], [], []]}, "/r/PartOf": {"/r/RelatedTo": [[], []], "/r/UsedFor": [[], []], "/r/LocatedAt": [[], []], "/r/FormOf": [[], []], "/r/IsA": [[], []], "/r/PartOf": [[], []], "/r/HasA": [[], []], "/r/CapableOf": [[], []], "/r/AtLocation": [[], []], "/r/HasProperty": [[], []], "/r/CreatedBy": [[], []], "/r/Synonym": [[], []], "/r/LocatedNear": [[], []], "/r/SimilarTo": [[], []], "/r/MadeOf": [[], []], "/r/ReceivesAction": [[], []]}, "/r/HasA": {}, "/r/CapableOf": {"/r/RelatedTo": [["high five", "vbone", "acrostealgia", "castanets", "musical instrument", "bag of antlers", "bone", "tympanic cavity", "body", "break", "skull", "leg", "jaw", "poiso", "neck", "ankle", "back", "rib", "frail", "fish", "cast"], ["bullet", "gu", "muscle", "wheels", "gunwiser", "biceps", "triceps", "vgu", "war", "army", "battle", "robbery", "shot", "rifle", "squirt", "duel", "axle", "aim", "destroyer", "soldier", "range", "silence", "projectile", "beam"]], "/r/UsedFor": [["kill animals"], ["hunt animals", "wound and kill", "kill", "hunt for game animals", "take illegal actions", "harm"]], "/r/LocatedAt": [[], []], "/r/FormOf": [["bone", "vbone"], ["vgu", "gun", "gu"]], "/r/IsA": [[" artifactpercussion instrument artifact", "not good food for dogs", "find underground", "wpseason 2television season", "wpstudiocompany", "wpseason 3television season", "wpseason 6television season", "wpsoundtrackalbum"], ["types of weapons", "arms", "plural for gu", "always in position to kill", "tools"]], "/r/PartOf": [[], []], "/r/HasA": [["fish", "ducks", "animals", "dogs", "humans", "frogs", "pigs", "fingers", "lot of calcium", "whales", "cats", "lizards", "bodies"], []], "/r/CapableOf": [["break"], ["misfire", "break", "jam", "fire bullets to targets", "kill or injure humans", "free people from jail", "even odds", "arm robbers", "help outlaws in crimes", "bigger than people", "fire bullets to target", "destroy lives", "take life", "deadly weapons"]], "/r/AtLocation": [["perso", "fish", "museum", "wpstudiojapa", "wpstudiosuginami"], ["military base", "roadblock", "sporting goods store", "school", "war"]], "/r/HasProperty": [["rigid", "hard", "stiff", "like ceramic", "strong", "broken if stressed too much", "harder than other bones"], ["very dangerous", "dangerous", "semiautomatic", "illegal to have in airports", "controlled by legistlatio", "deadly in wrong hands", "automatic", "bad", "controlled in canada"]], "/r/CreatedBy": [[], []], "/r/Synonym": [["finger cymbals artifact", "clappers artifact", "castanets artifact", "props", "wpstudiowpstudio", "wpseason 5wpseason 5", "wpsoundtrackwpsoundtrack", "wpseason 8wpseason 8", "wpseason 7wpseason 7", "wpseason 4wpseason 4"], ["biceps"]], "/r/LocatedNear": [[], []], "/r/SimilarTo": [[], []], "/r/MadeOf": [["huma"], []], "/r/ReceivesAction": [["broke", "connected to each other by joints"], ["fired on ranges", "fired safely on ranges", "used in hunting", "used by people who hunt", "held in hands", "locked in safes"]]}, "/r/AtLocation": {}, "/r/HasProperty": {}, "/r/CreatedBy": {}, "/r/Synonym": {"/r/RelatedTo": [[], [], [], [], [], [], [], [], [], [], [], [], [], [], [], [], [], [], [], [], [], [], [], [], [], [], [], [], [], [], [], [], [], [], [], [], [], [], [], [], [], [], [], [], [], [], [], [], [], [], [], [], [], [], [], [], [], []], "/r/UsedFor": [[], [], [], [], [], [], [], [], [], [], [], [], [], [], [], [], [], [], [], [], [], [], [], [], [], [], [], [], [], [], [], [], [], [], [], [], [], [], [], [], [], [], [], [], [], [], [], [], [], [], [], [], [], [], [], [], [], []], "/r/LocatedAt": [[], [], [], [], [], [], [], [], [], [], [], [], [], [], [], [], [], [], [], [], [], [], [], [], [], [], [], [], [], [], [], [], [], [], [], [], [], [], [], [], [], [], [], [], [], [], [], [], [], [], [], [], [], [], [], [], [], []], "/r/FormOf": [[], [], [], [], [], [], [], [], [], [], [], [], [], [], [], [], [], [], [], [], [], [], [], [], [], [], [], [], [], [], [], [], [], [], [], [], [], [], [], [], [], [], [], [], [], [], [], [], [], [], [], [], [], [], [], [], [], []], "/r/IsA": [[], [], [], [], [], [], [], [], [], [], [], [], [], [], [], [], [], [], [], [], [], [], [], [], [], [], [], [], [], [], [], [], [], [], [], [], [], [], [], [], [], [], [], [], [], [], [], [], [], [], [], [], [], [], [], [], [], []], "/r/PartOf": [[], [], [], [], [], [], [], [], [], [], [], [], [], [], [], [], [], [], [], [], [], [], [], [], [], [], [], [], [], [], [], [], [], [], [], [], [], [], [], [], [], [], [], [], [], [], [], [], [], [], [], [], [], [], [], [], [], []], "/r/HasA": [[], [], [], [], [], [], [], [], [], [], [], [], [], [], [], [], [], [], [], [], [], [], [], [], [], [], [], [], [], [], [], [], [], [], [], [], [], [], [], [], [], [], [], [], [], [], [], [], [], [], [], [], [], [], [], [], [], []], "/r/CapableOf": [[], [], [], [], [], [], [], [], [], [], [], [], [], [], [], [], [], [], [], [], [], [], [], [], [], [], [], [], [], [], [], [], [], [], [], [], [], [], [], [], [], [], [], [], [], [], [], [], [], [], [], [], [], [], [], [], [], []], "/r/AtLocation": [[], [], [], [], [], [], [], [], [], [], [], [], [], [], [], [], [], [], [], [], [], [], [], [], [], [], [], [], [], [], [], [], [], [], [], [], [], [], [], [], [], [], [], [], [], [], [], [], [], [], [], [], [], [], [], [], [], []], "/r/HasProperty": [[], [], [], [], [], [], [], [], [], [], [], [], [], [], [], [], [], [], [], [], [], [], [], [], [], [], [], [], [], [], [], [], [], [], [], [], [], [], [], [], [], [], [], [], [], [], [], [], [], [], [], [], [], [], [], [], [], []], "/r/CreatedBy": [[], [], [], [], [], [], [], [], [], [], [], [], [], [], [], [], [], [], [], [], [], [], [], [], [], [], [], [], [], [], [], [], [], [], [], [], [], [], [], [], [], [], [], [], [], [], [], [], [], [], [], [], [], [], [], [], [], []], "/r/Synonym": [[], [], [], [], [], [], [], [], [], [], [], [], [], [], [], [], [], [], [], [], [], [], [], [], [], [], [], [], [], [], [], [], [], [], [], [], [], [], [], [], [], [], [], [], [], [], [], [], [], [], [], [], [], [], [], [], [], []], "/r/LocatedNear": [[], [], [], [], [], [], [], [], [], [], [], [], [], [], [], [], [], [], [], [], [], [], [], [], [], [], [], [], [], [], [], [], [], [], [], [], [], [], [], [], [], [], [], [], [], [], [], [], [], [], [], [], [], [], [], [], [], []], "/r/SimilarTo": [[], [], [], [], [], [], [], [], [], [], [], [], [], [], [], [], [], [], [], [], [], [], [], [], [], [], [], [], [], [], [], [], [], [], [], [], [], [], [], [], [], [], [], [], [], [], [], [], [], [], [], [], [], [], [], [], [], []], "/r/MadeOf": [[], [], [], [], [], [], [], [], [], [], [], [], [], [], [], [], [], [], [], [], [], [], [], [], [], [], [], [], [], [], [], [], [], [], [], [], [], [], [], [], [], [], [], [], [], [], [], [], [], [], [], [], [], [], [], [], [], []], "/r/ReceivesAction": [[], [], [], [], [], [], [], [], [], [], [], [], [], [], [], [], [], [], [], [], [], [], [], [], [], [], [], [], [], [], [], [], [], [], [], [], [], [], [], [], [], [], [], [], [], [], [], [], [], [], [], [], [], [], [], [], [], []]}, "/r/LocatedNear": {}, "/r/SimilarTo": {}, "/r/MadeOf": {}, "/r/ReceivesAction": {}}}, "":{}}