{"bury": {"N1": {"/r/RelatedTo": ["reinter", "unburial", "inter", "embedded", "deterration", "lairwikten 1", "genizah", "burier", "to ", "borough", "exhumation", "flesh", "burial chamber", "six feet under", "vwikten 1buria", "bury st edmunds", "fortify", "buries", "resting place", "vivisepulture", "unburied", "graveyard", "whelm", "cathole", "put to bed with shovel", "buried", "lay away", "haniwa", "tomb", "necrophore", "throw dirt on", "inhumate", "earth", "bur", "burying", "bevis marks", "igunaq", "lay to rest", "sepulcher", "unburiable", "england", "vwikten 1suppress", "put in ground", "vwikten 1abando", "greater manchester", "interrer", "burial", "prestwich", "megapode", "whitefield", "immure", "metropolitan borough", "inhume", "ramsbottom", "be gathered to one's fathers", "rebury", "grave", "actio", "plant", "bodies", "dead bodies", "dead", "coffin actio", "coffi", "ground", "in ground", "dirt", "hole", "dirt hole", "engraving", "corpse", "corpse disposal", "disposal", "funerals", "digging", "activity", "funeral activity", "funeral"], "/r/UsedFor": [], "/r/LocatedAt": [], "/r/FormOf": ["yburied", "burieth", "buried", "buriest", "burying", "buries"], "/r/IsA": [], "/r/PartOf": [], "/r/HasA": [], "/r/CapableOf": [], "/r/AtLocation": [], "/r/HasProperty": [], "/r/CreatedBy": [], "/r/Synonym": ["inhume social", "sink contact", "inhume", "inter social", "lay to rest social", "v cognitioforget cognitio", "v contactimmerse contact", "inter", "entomb social", "borough", "boro", "burg", "burgh"], "/r/LocatedNear": [], "/r/SimilarTo": [], "/r/MadeOf": [], "/r/ReceivesAction": []}, "N2": {"/r/RelatedTo": {"/r/RelatedTo": [["reinters", "vgrave", "vbury", "reinterred", "reinterring"], ["exhumatio", "disinterment", "bury", "unbury"], ["intermittent", "pantheonize", "interring", "vbury", "interred", "intra", "organigram", "sepulture", "intertropical front", "vgrave", "reinterment", "interment", "inearth", "interrer", "vconfine", "uninterred", "net", "betwee"], ["metadiegetic", "asecure", "abury", "alodge", "aplant", "exceptional case marking", "asurround", "substructure", "encysted", "subliminal message", "aearth", "unembeddable", "planar", "midlet", "hypodiegetic", "e textile", "adeep rooted", "imbed", "nonembedded", "embedment", "neg raising", "asolid", "unembed", "paraffinated", "nested", "systemic", "afirm", "aconcrete", "jaw"], ["unearthing", "bury", "earth"], [], ["bury", "sacred", "dispose", "law", "genizoth", "depository", "cemetery", "jewish", "item", "hebrew"], ["bury", "buriers"], [], ["pendle", "londo", "allerdale", "sutton", "similar", "burghal", "bexley", "hendon", "greenwich", "bloomsbury", "newcastle under lyme", "st edmundsbury", "hidate", "vale of glamorgan", "bury", "unit", "burgher", "whitton", "redbridge", "bronx", "richmond upon thames", "emsworth", "queens", "barrow in furness", "brent", "kingston", "haringey", "silverto ", "taunton deane", "derry", "walthamstow", "municipal", "ribble valley", "wandsworth", "burg", "ealing", "chorley", "southwark", "amber valley", "kings county", "boroughhood", "boroughwide", "islington", "brough", "manhattanville", "eastleigh", "sauga", "greater london", "catty", "dudley", "greenhill", "staten island", "test valley", "telford and wrekin", "waltham forest", "sefton", "town and go ", "queen's park", "manhattan", "municipality", "boroughmaster", "bromley", "rossendale", "abbottsto ", "pot walloper", "boston", "burgess", "pledge", "district", "city", "kingston upon thames", "croydon", "crofton", "camden", "metropolitan borough", "arrondissement", "right", "lambeth", "lawman", "city of westminster", "bickley", "burgh", "bracknell forest", "merton", "anerley", "brooklyn", "stockton on tees", "dacorum", "fortify", "havering", "corporatio", "administrative", "interborough", "boroughmonger", "preston", "aleutians east borough", "pocket borough", "barnet", "spandau", "barking and dagenham", "hounslow", "rotten borough", "bur", "birmingham", "runnymede", "dartford", "epsom and ewell", "corporation", "westminster", "copeland", "gettysburg", "broxtowe", "wimbledon", "civic centre", "ward", "new york city", "burghmote", "gravesham", "portreeve", "hackney", "alaska", "lewisham", "kensington and chelsea", "hillingdon", "county borough", "boroughs", "banstead", "cuauht\u00e9moc", "clarksville", "associatio", "thurrock", "burlington", "high peak", "unadopted road", "wirral", "erewash", "surety", "to ", "brooklynese", "christchurch", "multiborough", "brixham", "walsall", "torbay", "richmond", "tower hamlets", "wyre", "county at large", "ilford", "newham", "mudeford", "castle point", "ixtacalco", "hayes", "hammersmith and fulham"], ["unburial", "reexhumation", "dig up", "reinterment", "bury", "exhumations"], ["wound", "body", "geoduck", "fleshest", "food", "trichinoscope", "tissue", "fleshmonger", "fleshlike", "pescetarian", "legs", "pornotroping", "cat's paw", "albacore", "napoleon", "fleshes", "necrophagous", "pomelo", "ciguatera", "necrophage", "abdominoplasty", "collop", "underfleshed", "long pork", "fleshless", "carnification", "pigmeat", "meat", "fleshed", "mydaleine", "man eating", "lamb", "deflesh", "bony", "kreophagist", "omophagous", "vleather", "fleshing", "flank", "vbury", "vfatte", "fleshings", "carnate", "bare", "anthropophagy", "bra ", "carneous", "sheepflesh", "flesh and blood", "calfflesh", "carnassial", "unfleshly", "muscle", "gangrene", "fleshlessness", "flab", "meat on one's bones", "animal", "flesh colored", "rock salmon", "appendix:colors", "incarnative", "russet burbank", "semivegetarian", "fat", "pantyhose", "uncarnate", "dreamfish", "marcour", "carrot", "morbidezza", "crab fork", "sarcophilous", "flesher", "necrophagy", "cucumber", "snow apple", "deer meat", "necrophagia", "well done", "comice", "swineflesh", "cast fossil", "sarcosis", "meager", "excarnation", "fleshhood", "carnivorous", "excarnate", "ichthyosarcotoxic", "desiccated coconut", "recruit", "pinch", "victoria plum", "octopus", "full fleshed", "hydrogen fluoride", "cilice", "sarcoid", "kipfler", "skinbound", "sarcophagous", "carrio", "fishify", "mummia", "kreophagy", "carnify", "omophagic", "buccal cavity", "tuna fish", "creophagous", "fleshworm", "open wound", "fleshy", "sarco", "sarcosaprophagous", "context", "skin back", "sarcotic", "ichthyosarcotoxism", "incarnate", "cockflesh", "goatflesh", "carnation", "amyous", "beholder", "unflesh", "aghori", "pumpkin pie", "inlibration", "sockeye", "fleshmeat", "sarcophagy", "omophagia", "unfleshed", "fleshling", "arms", "long pig", "fish", "quick", "tabefaction", "vegetarian", "colloped", "neuridin", "carrion", "cockmeat", "flesheth", "pome", "maneating", "oxflesh", "skiving", "incarnification", "hamburger", "androphagous", "apricot", "beurr\u00e9", "ski", "bone", "bur", "butcher", "neck", "steak", "wood", "body covering", "covering", "our", "our ski", "bloody red", "red", "bloody", "eate", "fruit", "fruit meat", "cannibalism", "huma", "stitch", "woma", "and bone", "ma", "man woma", "cowhide", "material", "body material"], [], [], [], [], ["fortitude", "vfortificatio", "becastled", "forework", "fortress", "inbuild", "countermure", "borough", "burke", "fortification", "embattail", "vfortress", "enharden", "vstrength", "vimpart", "fortified", "valcohol", "fortificant", "vfort", "rampart", "vdefense", "vingredient", "vnutritional", "vhostile", "fortifier", "fortifyinglyr", "licence to crenellate", "fort", "bury", "mound", "burgh", "vwine", "refortify", "vstrengthe", "rampire", "picket", "vvigor", "vspirit", "fortifying", "bulwark", "defilade", "enrich", "bur", "strengthen", "eat one's wheaties", "vsecure", "steel"], ["vbury"], [], ["bury", "alive"], ["graveless", "abury", "abier", "uninterred"], ["cemetery", "death", "lichyard", "dead", "sexton", "burial ground", "land", "useable", "black wedding", "pile", "bury", "churchyard", "boneyard", "gravekeeper", "mosque yard", "discard", "storage", "graveyards", "useful", "hill"], ["vwhammel", "whemmle", "vovercome", "vemotio", "whelmed", "vengulf", "vbury", "overwhelm", "voverwhelm", "whelming", "vsubmerge", "whelms"], ["sailing", "pit", "capsta", "ster", "catholes", "faeces", "bury", "earth", "hawser", "man of war"], [], ["autochthonous", "buriable", "dig out", "potter's field", "aplace", "sepult", "aconceal", "metal detecting", "aburial", "metal detector", "graveclothes", "cemetery", "allochthonous", "vbury", "up to here", "treasure trove", "ahidde", "paleoplain", "galvanic anode", "inurned", "agrave", "time capsule", "geosol", "power line", "grave", "coffi", "ground"], [], ["terracotta", "figure", "dead", "clay", "japa", "ritual", "bury"], ["grave", "disinter", "martyrium", "tholos", "dead", "hearse", "clava cairn", "untombed", "burian", "ghaffir", "tombs", "resting place", "dolmen", "cromlech", "valley of kings", "tombing", "ledger", "tumulus", "kofun", "tombless", "speos", "vault", "polyandrion", "marabout", "tombic", "untomb", "mausoleum", "arcosolium", "tomblike", "crypt", "swoon hypothesis", "serdab", "pleurant", "foo dog", "dromos", "tomb bat", "gravemound", "spirit way", "grave goods", "disentomb", "vbury", "remains", "entomb", "foo lion", "burywikten 1", "naveta", "tutankhamon", "beehive tomb", "tombed", "tombal", "burial", "place", "burial place", "toe um", "um", "toe", "death place", "death", "dead people", "people", "pyramid", "bible", "graveyards bible", "graveyards", "ancient grave", "ancient", "grave marker", "marker"], ["beetle", "vertebrate", "necrophoric", "necrophoretic", "sexton beetle", "larva", "food", "carrion beetle", "carcass", "bury", "gravedigger", "necrophoresis", "burying beetle"], [], ["vbury", "vinhume"], ["planet", "ground", "our", "moo", "our planet", "world", "space", "middle earth", "globe", "land", "soil", "round", "dirt", "moon", "su", "north pole", "geo", "sublunary sphere", "earthish", "geoengineering", "earthlike", "mother earth", "third", "terra", "terrene", "earthless", "\u2641", "home", "hill", "continent", "we", "name", "live", "blue", "pangaea", "earth fast", "antiearth", "ringfort", "amillennialism", "landfill", "lithogeochemistry", "gaea", "magnetosphere", "radial velocity", "keeling curve", "millimeter of mercury", "sidereal day", "earthing", "crustal", "sidereal time", "precession of equinoxes", "radiogeology", "true north", "asthenosphere", "terraqueous", "turf", "midgard", "demeter", "exogeography", "roller", "teegeeack", "ampelite", "cataclysm", "mantle", "tectonic", "vhide", "armillary sphere", "syzygy", "lunar distance", "earthboy", "vburrow", "lithosphere", "ingress", "nonterrestrial", "riddance", "nonearthed", "earths", "circumterraneous", "exo ocean", "amphigean", "nether region", "lunisolar calendar", "cloud ceiling", "subsidence", "earthican", "seismic lithosphere", "hako", "coaccretion", "kelvin wave", "schumann resonance", "geanticlinal", "geostatic", "carbon based", "subsoil", "superhabitable", "earthness", "solar calendar", "gibbous moon", "woma", "earthperson", "geoheliocentrism", "neotectonics", "geology", "lunar year", "heave", "electrically", "tumulus", "microtremor", "cosmosphere", "seism", "my very educated mother just served us noodles", "primordial soup", "dorodango", "equinoctial", "bhumi", "oxygen revolution", "troposphere", "earthhood", "geothermal", "aldebaran", "geoscopy", "turbah", "earthlore", "geosynclinal", "hydrothermal vent", "earthlight", "global warming", "age", "earth return vehicle", "selenoid", "extramundane", "dirt bed", "gaia", "paleoclimate", "space probe", "endogenic", "geostrophic", "eartheater", "pipe", "geophilia", "rock", "seismogenic zone", "siderophile", "huma", "stratimetry", "fertile", "earthgirl", "eight thousander", "hump", "cosmozoa", "earthboard", "rock record", "chthonic", "geoneutrino", "umbra", "air navigation", "barnard's star", "ocean current", "translunar", "afterlife", "apocalypse", "geogonic", "tellurian", "day", "unearthed", "scintillation", "superterrestrial", "space capsule", "earthed", "sublunary", "superhabitable planet", "graticule", "pedosphere", "earthstorm", "terrigenous", "nammu", "strainmeter", "seismic", "agartha", "proxigean spring tide", "nuclearite", "mountain", "earther", "appendix:planets", "grounded", "eartheth", "geophagic", "hypabyssal", "fox", "shothole", "terraform", "hubble law", "abiosphere", "great circle route", "semidiameter", "circumterrestrial", "magnetic reversal", "pay dirt", "precession", "skylight", "globemaker", "biogeology", "deep space", "subaerialism", "grey goo", "geb", "geonomy", "heliocentrism", "midsphere", "voltage", "indo asia", "earth science", "lunar eclipse", "earthborn", "groundwave", "geocyclic", "conservation biology", "blindage", "earthman", "around world", "molehill", "anomalistic year", "geophage", "lynchet", "inferior", "isobathytherm", "terrane", "hydrospace", "arte povera", "space communication", "geomagnetism", "flood geology", "extraterrestrial", "slide", "geostatic arch", "physical geography", "tectosilicate", "d\u00e9blai", "geosyncline", "remblai", "eructation", "dry closet", "cappagh bro ", "upr", "degree", "goldilocks planet", "madreporier", "tectonism", "geocidal", "lunar phase", "calcareoargillaceous", "cologne earth", "molecast", "isochasm", "space guidance", "teapotism", "nutation", "gaiaism", "sedimentary rock", "amor", "sol iii"], ["plant", "burfish", "bury", "burg", "fortify", "pearl", "burgh", "fuller's thistle", "sticker grass", "borough", "burs", "burgrass", "burry", "buzzie", "tassel", "husk", "rub"], ["grave", "interment", "burial", "vbury", "landfill", "casket", "coffi"], [], ["decompose", "meat", "delicacy", "fat", "bury", "inuit"], [], ["vdead", "sepulchering", "vright of sepulchre", "burial chamber", "ensepulcher", "vsepulchral", "vsepulture", "vbury", "sepulchers"], ["abury"], ["country", "gaytonian", "harringay", "inglewood", "ramsbury", "rusholme", "southwick", "burdon", "tonge", "fenland", "london", "farnborough", "dacorum", "stapleton", "edgware", "clive", "hulme", "ashley", "reedham", "scarborough", "purley", "erewash", "staffordshire", "darley", "anglo norman", "brightlingsea", "germoe", "anglophobic", "full english breakfast", "newbridge", "elton", "perry", "pommyland", "barnard castle", "waterlooville", "handforth", "middlewich", "poulton", "shoeburyness", "prime meridian", "bagley", "marple", "duckmanton", "wedmore", "isle of portland", "ashburton", "londonderry", "romiley", "underwood", "troon", "epping forest", "hundred years war", "caston", "elberton", "ridge", "ecb", "central bedfordshire", "stock", "peak district", "ottery st mary", "audenshaw", "altrincham", "yeovilton", "crackpot", "broadstairs", "kempton", "trent bridge", "derbyshire spar", "abe", "northfleet", "sheet", "city of london", "bromsgrove", "newcastle upon tyne", "bakhsh", "lymm", "harpenden", "grassum", "kilburn", "alfreton", "jacobitism", "digby", "widnes", "bishop's castle", "loughborough", "somerset", "heppelwhite", "haslemere", "maiden newton", "morris", "basingstoker", "hereford", "sedgemoor", "queen's park", "eagle", "westcott", "sidmouth", "muswell hill", "cleveland", "garth", "chiltern", "shrewsbury", "sherwood forest", "salisbury", "milton", "wickford", "witenagemote", "sutton coldfield", "poynton", "bolton", "bulmer", "uk garage", "chelmsford", "stone", "marlborough", "lynmouth", "church", "bradley", "red lodge", "wilton", "bicester", "burton upon trent", "acle", "horndean", "ventnor", "white horse", "alms fee", "pimlico", "crewe", "bursledon", "caldwell", "grange over sands", "langham", "trym", "leodensian", "bakewell", "pratt", "street", "nottingham", "newcastle under lyme", "ardwick", "cotswold hills", "hull hole merger", "bishopsworth", "charing", "taw", "wash", "rudyard", "hastings", "north kesteven", "trainband", "justiciar", "cestrian", "west lothian question", "maldon", "old windsor", "blackpool", "barwick", "churchill", "hebden bridge", "stratford on avon", "church stretton", "zeals", "lyne", "chatham", "margate", "rial", "crediton", "forest heath", "aldcliffe", "allerton", "northumbria", "witham", "heaton", "wollaston", "fordingbridge", "thurston", "oldham", "manchester", "weymouth", "littlehampton", "king's lynn", "english carrier", "tinsley", "titchfield", "poonah", "stow", "bideford", "radstock", "south oxfordshire", "wells next sea", "greenhithe", "speedwell", "historic county", "firestone", "fenwick", "malvernian", "alresford", "ewell", "pseudo english", "everton", "minorat", "herefordshire", "brummellian", "anglophile", "north west leicestershire", "rishton", "scruton", "wyre forest", "malvern", "song and supper room", "hatfield", "trithing", "frome", "cirencester", "true blue", "newcastle", "newby", "ilkeston", "welwyn garden city", "newton abbot", "london particular", "east lindsey", "swedey", "crook", "cumbria", "plympton", "march", "heysham", "deben", "langport", "burnham on sea", "blue banana", "lyneham", "north", "abberley", "brighton", "hallamshire", "dartford", "southville", "reigate", "pie eater", "ashby de la zouch", "barnstaple", "foulridge", "essex", "warminster", "paulton", "louth", "sefton", "hampton hill", "birchwood", "princes risborough", "harewood", "torbay", "brue", "selby", "greenbank", "totterdo ", "orwell", "cheshunt", "shirehampton", "north east derbyshire", "banstead", "waverley", "barnsley", "teeswater", "st just", "stanstead", "newquay", "berkshireman", "scottish borders", "rosedale", "ayside", "english", "cockfosters", "helston", "wood green", "isle", "sunningdale", "wilmington", "five nations", "waltham cross", "lincolnshire", "alfred", "spalding", "tonbridge", "sanitary district", "newark", "stuart", "scunthorpe", "esher", "addlestone", "camberwell", "accrington", "cheswick", "headley", "leven", "whitley", "eleven plus", "euphuism", "flow blue", "medway towns", "wensleydale", "littleborough", "new alresford", "eccles", "haswell", "blyton", "earley", "united kingdom of great britain and northern ireland", "sturminster newton", "walton on hill", "potton", "romsey", "sale", "swanwick", "beaconsfield", "wiganer", "appley", "cotham", "savile snooker", "ashurst", "ballinger", "tenbury wells", "woodford", "southampton water", "glastonbury", "clovelly", "jew's house", "marden", "stow on wold", "blyth", "tame", "ipswich", "charlton", "needham", "bridport", "oakham", "dunkirk", "bristol", "wembley", "vale of white horse", "milnrow", "mortlake", "havant", "kimberlin", "axe", "alnager", "fens", "litton", "municipal borough", "henley on thames", "aston", "emsworth", "hemel hempstead", "heckington", "albion", "east riding of yorkshire", "butlerage", "eaton", "portionist", "middlesbrough", "burwell", "tyne", "montpelier", "harbourside", "heath", "baxter", "effra", "test nation", "mossley", "home office", "bank", "borehamwood", "fleet", "bishop's stortford", "camdenite", "toxteth", "totnes", "linton", "sandford", "union jack", "mousehole", "harwell", "horsey", "fowey", "beach", "upton", "mercia", "doctors commons", "south lakeland", "anglo palestinian", "stoke mandeville", "weedon", "wiltshire", "billericay", "niton", "yare", "brentry", "sedgwick", "darrington", "kingswear", "langdon", "wootton bassett", "rapper sword", "diss", "lockleaze", "hungerford", "colne", "filton", "barnstable", "uttoxeter", "mellor", "fakenham", "hazel grove", "halstead", "wootton", "hampshire", "clevedon", "noble", "maryport", "southmead", "sutton", "st ives", "wellingborough", "westward ho", "bathampton", "stoke newington", "ingram", "tidworth", "hartley", "aspull", "canvey island", "ockendon", "bow", "wakefield", "south walsham", "great britain", "helton", "bury st edmunds", "chinnor", "kidlington", "whitstable", "craven", "anglomaniac", "leek", "rock", "lymington", "skipton", "constituent country", "lessingham", "stafford", "north shields", "crouch", "stockton on tees", "bridgwater", "latimer", "ribble", "wray", "seaburn", "lundy", "lindisfarne", "redingensian", "bournemouth", "eaz", "peterlee", "mite", "appleton", "winthrop", "skiddaw", "stockport", "stoke", "windsor and maidenhead", "east cambridgeshire", "soar", "bollington", "knowledge", "collie", "north lincolnshire", "berkshire", "consul", "norfolcian", "anglocentric", "redland", "fairfield", "sleaford", "catton", "torquay", "harrington", "henley in arden", "alford", "horning", "penzance", "wokingham", "hartington", "soke of peterborough", "stanford le hope", "mudeford", "brownhills", "cornish", "torridge", "lakeland", "alquifou", "sandy", "teignbridge", "chester le street", "huntington", "wye", "cheddar cheese", "bristol channel", "rawtenstall", "effingham", "wantage", "chippenham", "hayton", "needham market", "fareham", "datchet", "richmond upon thames", "bootle", "upham", "wapping", "anglicanism", "dingley", "old alresford", "whitchurch", "evesham", "blundellian", "coventry", "southern fairy", "wareham", "wisbech", "waltham abbey", "peckham", "yatton", "melksham", "seaton", "bourne", "wendover", "cheadle", "newmarket", "guy fawkes day", "gatwick", "trafford", "redbridge", "zennor", "stokenchurch", "hazelwood", "bellingham", "appley bridge", "entwistle", "swinton", "wilmslow", "lily crucifix", "anglocentricallyr", "bacup", "howell", "t charge", "ashfield", "london clay", "rockingham", "hope", "northern soul", "norman french", "latchford", "forton", "shelton", "dorking", "shitterton", "goldstone", "bristle", "westport", "catbrain", "ware", "parrett", "southampton", "sunbury on thames", "hornby", "anfield", "sherborne", "dukinfield", "minster", "alston", "amber valley", "dart", "chorleywood", "ovalgate", "ore", "preston", "singing hinny", "royston", "dace", "dove", "corfe castle", "ramsey", "flagg", "flitwick", "swanage", "glossop", "blowing house", "dyke", "calder", "home nation", "wing", "londonish", "hermitage", "west kirby", "grecian", "united kingdom", "piddle", "bordon", "righale", "west country", "olney", "teignmouth", "tarrant", "tiverton", "birmingham", "trophy money", "hale", "calderdale", "stockwell", "chiltern hills", "charing cross", "brislington", "boughton", "launceston", "box", "campton", "esk", "godalming", "kingston upon hull", "stanbury", "didsbury", "new milton", "dawley", "established church", "grafton", "curtisland", "stanhope", "sheffield", "old blighty", "herne bay", "williams", "southall", "corse", "saloop", "lake", "cleethorpes", "thetford", "tudor rose", "seaham", "exeter", "civil enforcement officer", "cliftonian", "royton", "wolverhampton", "leatherhead", "moulton", "marazion", "aleconner", "farmington", "kirton", "withywood", "anderton", "newland", "cam", "newton", "dingle", "martock", "smalley", "west midlands", "corsham", "ruk", "eston", "ash", "medway", "iden", "blue vinney", "rumney", "dean", "east hampshire", "easton", "burn", "calne", "londonshire", "keighley", "duergar", "anglia", "flushing", "settle", "shirburnian", "crick", "derbyshire dales", "milburn", "harrogate", "kington", "pickering", "thanet", "hoddesdon", "bognor regis", "bedfordshire", "hanley", "wincanton", "walsall", "skeffington", "wolverton", "enumerated articles", "ogle", "wessington", "bridge", "anglo american", "dalby", "uttlesford", "lewes", "tolland", "lovington", "northampton", "winnersh", "chard", "ascot", "reptonian", "silicon fen", "amesbury", "clacton on sea", "werneth", "chadwell heath", "grove hill", "burnley", "blackwood", "strood", "leamington spa", "islington", "teesside", "carnforth", "worthington", "mangotsfield", "wickham", "yorkshire", "aughton", "tyne and wear", "hampton", "wharton", "worksop", "smectymnuan", "chilton", "colby", "county durham", "honiton", "purbeck", "dee", "kenilworth", "cowes", "market deeping", "dartmouth", "evenlode", "ilford", "york", "thorpe", "east suffolk", "weir", "seven", "lake district", "midhurst", "northwich", "teme"], [], [], [], [], ["inter", "bury"], ["grave", "funeral", "undertaker", "necropompa", "carnary", "embalming room", "burying", "humation", "crypt", "edimmu", "god's acre", "buried", "coffin", "bury", "moundbuilding", "interment", "umqan", "novendial", "parish register", "mortuary", "pay one's last respects", "burials", "peristalith", "gravestead", "committal", "kurgan", "funeral rite", "gravewikten 1", "obrution", "trental", "westminster abbey", "inhumation", "necrosol", "zoothapsis", "camposanto", "multiburial", "reburial", "deathcare", "safety coffin", "morgue", "funerial", "chapel of rest", "sheloshim", "preburial", "dispatching", "exhume", "death", "coffi", "ground", "hanging coffins", "ollawproman pot", "ceremony", "tomb", "underground", "death ceremony", "funerals", "after", "after death", "bone", "funeral activity", "activity", "body", "disposal", "body disposal", "in ground", "burying ceremony", "cemetery", "in cemetery", "internment", "underground death", "dead", "dead underground"], ["england", "lancashire", "bury", "greater manchester"], ["mound builder", "bury", "maleo", "chicke", "moundbird", "turkey", "decaying", "egg", "mallee fowl", "megapodiidae", "geothermal", "vegetatio", "solar radiatio", "incubate", "brush turkey", "megapod", "megapodes", "amegapodiidae"], ["greater manchester", "bury", "england", "metropolitan borough"], ["vbury", "vwall", "vcapture", "vconfine", "immuration", "unimmured", "vimpurity", "vimmurement", "immuring", "immures", "vtrap", "vimpriso", "vcloister", "vput", "walled", "intramural", "immured"], [], ["vgrave", "vbury", "uninhumed", "inhumer", "inhumate"], ["bury", "greater manchester", "lancashire", "england", "market to "], [], ["famadihana", "reburied", "reburies", "reburying", "vbury", "reburial"], ["dead", "place", "burial", "hole", "death", "tombstone", "gravity", "coffin artifact", "graves", "coffi", "people", "ground", "dead people", "burying", "tomb", "burial place", "resting", "body", "headstone", "resting place", "burial mound", "gravewardr", "gravo", "lichway", "burgrave", "gravesite", "uncharnel", "reinter", "gravedigger", "gravenwikten 1", "graveward", "matronlike", "highwikten 1", "graved", "nasty", "gravelyr", "polytonic", "hogback", "buried", "vwikten 2begrave", "inhume", "gravedancer", "awikten 3tone", "long home", "davy jones's locker", "graveless", "mortsafe", "wikten 4landgrave", "gravestone", "gravestead", "wikten 1burial", "disinter", "flippancy", "graveside", "wikten 3accent", "resurrection man", "narrow house", "gravedom", "sepulchral", "danse macabre", "wikten 4palsgrave", "war cemetery", "resurrectionist", "anud\u0101tta", "wikten 1destructio", "body snatcher", "myrology", "sombre", "dargah", "war grave", "wikten 4margrave", "committal", "grave marker", "draugr", "unsmiling", "graverobbing", "cothurnate", "margrave", "sheol", "inter", "remoundwikten 2", "graveness", "bodysnatching", "gravedigging", "weightsome", "burywikten 1", "serious", "gravelyrwikten 1", "grievous", "gravelike", "mass grave", "catacomb", "landgrave", "stone", "bodies", "cemetery", "bury", "death place", "casket", "in ground", "perso", "pit", "plot", "home", "marker", "dead body"], ["action"], ["seed", "tree", "flower", "gree", "cotto", "leaves", "grass", "growing", "crop", "garde", "cor", "flowers", "vegetatio", "living", "leaf", "vegetable", "seaweed", "life", "small", "living thing", "haoma", "bed artifact botany", "salvinorin", "plantation", "growing thing", "factory", "trees", "flora", "bush", "roots", "organism", "stem", "ground", "grow", "tobacco", "green growing", "greenery", "small tree", "gardens", "green thing", "has", "green leaves", "seeds", "growth", "leafy", "frondesce", "sandwort", "pigment", "pick", "phytoconstituent", "xenohormesis", "aetheogam", "agronomy", "zoomorphosis", "paleoethnobotany", "chloroplast", "tallophyte", "photomorphogenesis", "lignocellulose", "vegetative", "cuphea", "devil's claw", "cryptovirus", "somaclonal", "phyllosphere", "palaeoflora", "oxylophyte", "micropropagation", "monocotyl", "cryptogam", "carbohydrate", "black eyed susan", "diplobiontic", "japonica", "towel gourd", "tetraterpene", "plasmodiophorid", "resprouter", "haulm", "bryophyte", "alien", "littorine", "edaphophyte", "coronilla", "etolin", "phytoindole", "polytunnel", "linaria", "calla lily", "cutin", "etiolate", "rhizoid", "bikont", "knotgrass", "hodgkinsine", "nandina", "ambary", "phytopharmacology", "potyvirus", "glyoxisome", "herbicidal", "haptotropism", "soldierwood", "cycasin", "ricinine", "cryptospora", "achimenes", "araceous", "hart's ear", "fanflower", "lupeol", "interplant", "isopimpinellin", "candelilla wax", "coprosma", "wongi", "polygamomonoecious", "hapaxanth", "norlignan", "gromwell", "protodioscin", "hedge mustard", "sex chromosome", "bodenvag", "laticiferous", "digitalis", "begomovirus", "adipostatin", "natural reserve", "cress", "frutex", "deer's tongue", "bitterweed", "unifoliolate", "chlorophyll b", "cecidium", "chaconine", "water lily", "botanizer", "euphorbia", "allseed", "honewort", "moss", "oleogenesis", "hammerwort", "decinine", "agrophyte", "plantivorous", "yellow sigatoka", "ascidium", "ricegrass", "tryptophan synthase", "carpet bedding", "reseeder", "carbonification", "systemin", "urceolus", "mycotrophic", "club rush", "brand", "phytonism", "snowflake", "amphiphyte", "phosmet", "crown cactus", "geniposidic acid", "cottonweed", "frondescence", "sea holly", "costmary", "ursolic acid", "blessed thistle", "heterothallic", "pennycress", "areolated", "photoperiodism", "primary cell wall", "betasatellite", "chlormequat", "polysporangiophyte", "wardian case", "bennettitalean", "silvicide", "chemotype", "scylloinositol", "organic matter", "frost blite", "false banana", "lamb's quarters", "ostryopsitrienol", "tutin", "caulescence", "horsemint", "bird pepper", "krubi", "vernalin", "apospory", "paludal", "saltbush", "tetterwort", "phytosanitary", "matico", "hanging basket", "angienchyma", "revegetate", "anaerophyte", "lycopsid", "coralbells", "ravenala", "lepra", "geomycin", "bed", "phytodegradation", "roothole", "heterophyte", "virginia creeper", "standergrass", "marker degradation", "overplant", "plantae", "monoecious", "cocoa bean", "oligophagy", "phytotherapy", "watersheep", "crotalaria", "subirrigation", "alfalfa", "cockscomb", "hare's lettuce", "eddo", "brassicacean", "stigmaria", "trichome", "prangos", "chionophile", "lactescence", "oxypeucedanin", "baby's tears", "largeleaf", "horsenettle", "prairie clover", "funkia", "millefleur", "stylopodium", "club moss", "rampion", "dahlia", "dieffenbachia", "soboles", "japanese spikenard", "phagomyxid", "sport", "lentil", "holocellulose", "photosynthesis", "biodiversity", "plastid", "sempervive", "vernalization", "phytobacterium", "macroplant", "belladonna", "malanga", "heterophyllous", "viroid", "sciophyte", "yucca", "bufotoxin", "bruisewort", "ectomycorrhiza", "food plant", "piscina", "vegetable lamb", "cuticle", "harefoot", "ecdysteroid", "rockery", "motherwort", "chamaephyte", "mesembryanthemum", "xylogalacturonan", "dianthus", "planted", "snoutbean", "zephyr lily", "peltasperm", "rumex", "coontie", "plastome", "phytopathogenesis", "root pressure", "phylum", "peristeria", "resow", "underplant", "plants", "plantwide", "microflora", "cellulose", "archaeophyte", "abyssal zone", "saccolabium", "artificial selection", "hungarian chamomile", "watermilfoil", "fertilizer", "nature preserve"], ["delegate", "hydrostatic skeleton", "charnel", "millipede", "frame of reference", "body", "corporative", "limnology", "percussion", "mortuary", "prepositus", "perturbation", "blood", "aerodynamics", "rolling contact", "kawarimi", "kinetics", "friction", "necrophagic", "crematorium", "granule cell", "collisionless", "mach's principle", "body snatcher", "grave", "bone", "morgue", "dance", "cell", "bury", "furnace", "coffi"], [], ["grave", "widow", "a extinct ", "kill", "adjective", "state", "deceased", "corpse", "wood", "morgue", "deadly", "matamatam", "ago", "adeath", "aliving", "cadaveric", "psychopomp", "beardruff", "cotard's syndrome", "mortuary", "necrolatrous", "gone with wind", "resurrection", "pay one's last respects", "necrophagic", "macaria", "underworld", "apower", "vdeade", "feet firstr", "cremation", "no more", "vdeadly", "belly up", "aignore", "stillbirth", "intense", "deadass", "in abraham's bosom", "transcommunication", "coldness", "vundead", "quick", "airless", "necromass", "breathless", "graveyard", "necral", "deathcare", "autolysis", "burial chamber", "double kill", "necrophoresis", "aparesthesia", "stone dead", "coffin", "dybbuk", "meat wagon", "aplay", "off hooks", "monumental masonry", "alack", "piet\u00e0", "abier", "necrophage", "haniwa", "corpsehood", "cemetery", "heaven", "vdeadliness", "niflheim", "deathly", "crematorium", "deadheading", "rcompletely", "necrozoophilia", "aemotio", "ahyperbole", "resurrectionism", "black wedding", "have had one's chips", "cremate", "spiritualist", "tango uniform", "threnody", "alife", "nether region", "with god", "tree burial", "deading", "ainoperable", "psychomancy", "obsequy", "deadness", "bioscopy", "apins and needles", "ulla lulla", "alive", "necrophagy", "rabsolutely", "aliterally", "taphoflora", "non gradable", "necromyophylous", "ossuary", "resurrect", "still with us", "adoomed", "myling", "dead pay", "unalive", "adipocere", "nondead", "diewikten 1", "necromancy", "astral spirit", "corbeau", "with lord", "necrophagia", "saprophyte", "napoo", "schr\u00f6dinger's cat", "from dead", "vis mortua", "aflat", "rsuddenly", "destruent", "asleep", "six feet under", "efferosome", "silent majority", "charnel house", "at rest", "grave goods", "tomb", "sloughy", "sciomancer", "out of picture", "tower of silence", "organic matter", "darkness", "doctorfish", "late", "trental", "sepulcher", "thanatocracy", "addled", "abraham's bosom", "necrolater", "charon", "halfdead", "sequestrectomy", "chautha", "s\u00e9ance", "ghost", "mania", "toes up", "stillness", "ahole", "deaded", "necropants", "dead as doorknob", "cenotaph", "necrospermia", "invocator", "fish therapy", "gone", "undead", "abroke", "streeker", "ectoplasm", "saprophagous", "bier", "necrophilia", "deadish", "thanatocoenose", "infernal", "stillborn", "necrocracy", "mourning piece", "infarct", "vitally challenged", "living thing", "decedent", "sarcosaprophagous", "saprophagic", "at peace", "shroud", "one's race is ru", "no longer with us", "deadcart"], [], [], ["floor", "earth", "dirt", "under", "below", "feet", "mole", "land", "grass", "soil", "sand", "surface", "outside", "walking", "beneath", "hill", "under feet", "plant", "grave", "outside floor", "us", "earth dirt", "below feet", "foot", "seed", "underfoot", "oil", "walk", "under foot", "killwikten 1", "roothole", "geo", "bardiglio", "earthquake", "almond paste", "ranger", "toothbill", "champwikten 4", "real estate", "dutty", "pasture", "sump pit", "worm's eye view", "ground to ship", "aerial", "place kick", "gravestead", "sujuk", "tail lift", "yump", "groundeth", "cornmeal", "clomp", "surcharge", "pleck", "eat out", "terricolous", "neutral", "terrestrial", "cryptoporticus", "palmigrade", "half volley", "aboveground", "fallstreak", "cohoba", "holoepiphyte", "tent peg", "scrubbird", "saxon green", "nshima", "r\u00e9seau", "chopped", "unground", "coffee grounds", "downstrike", "vwikten 1popping crease", "quagmire", "rising damp", "schuko", "air to ground", "queenslander", "drop attack", "frog's eye view", "bottom edge", "fast rope", "line of levels", "wikten 1popping crease", "wikten 1batsma", "grade", "wikten 1theatre", "inground", "risbank", "grounds", "outcrop", "groundwardsr", "belowground", "earthworm", "terrestriality", "wikten 1run out", "blockwikten 1", "manwich", "grog", "ruckwikten 1", "stumphole", "sprig", "bedrock", "meatball", "ground level", "tailstrike", "order arms", "piloti", "space weapon", "hamburger", "bonding jumper", "mylodon", "footing", "badelynge", "ice storm", "draggle", "ground to", "worm charming", "supermetaphor", "valenciennes", "wikten 1electrical", "pickup", "one short", "groundworker", "wikten 1flush", "lightning conductor", "geothermal energy", "wikten 1bottom", "mesh", "monopolewikten 2", "uphillr", "water table", "matted glass", "brussels ground", "profilograph", "wellwater", "wasteground", "kop", "wikten 1surface", "grist", "underdrawing", "pepper pot", "groundspeed", "bridgehead", "reground", "out ground", "terricole", "milled", "fall do v", "groundable", "oval", "consideration", "mordant", "polygonboden", "witch hunt", "walkwikten 1", "groundshare", "landfyrd", "geoglyph", "uncut", "hot lava", "torta", "pissaphone", "fishmeal", "vwikten 1body", "moka pot", "groundline", "wheatmeal", "wikten 1artistic", "subdrainage", "pronograde", "vwikten 1teenager", "fallowwikten 1", "thanaka", "highlining", "soakaway", "drop", "keepy uppy", "underpainting", "unjust enrichment"], [], ["ground", "sand", "soil", "earth", "mud", "land", "mole", "clean", "cleanse", "blackmail", "kompromat", "stai", "dirtless", "freckle", "washboard", "filth", "dustmat", "placer", "grime", "terraceous", "deech", "lowdo ", "dirtman", "muck", "earthy", "bedirt", "degunkify", "chthonophagia", "windscreen wiper", "ordure", "speedway", "dirtproof", "beclart", "spot", "myso", "rupophobia", "nastiness", "blotch", "hardpack", "mysophobe", "lurt", "cowboy shower", "bedizen", "grunge", "smirchwikten 1", "windshield wiper", "dirt cake", "washboarding", "smut", "saur", "scunge", "desire line", "dustpan", "schmutz", "geophagia", "mysophobia", "dirt jumping", "dirty", "scabrous", "unsoiling", "crud", "supercross", "gunk", "oomska", "attle", "vacuum bag", "wormshit", "dykewikten 1", "dirtlike", "gossip", "hill", "garde", "dust", "wax", "bro ", "fame", "seed", "plant", "dry mud", "dry", "gravel", "ground soil", "soot", "mountai", "on ground", "road", "wash", "smoke", "grave", "worm", "particles", "unclea", "pollutio", "rock", "slope", "ground material", "material", "flower", "soil particles", "trail", "field", "bury", "napki", "planting", "stone", "lot", "digging", "fingernails", "under", "under fingernails", "beggar", "garbage", "ground particles", "messy", "nothing", "vacuum", "grains", "small", "small grains"], ["grave", "window", "doughnut", "mouth", "pore", "bar", "cave", "wound", "mine", "pit", "hollerith code", "cut out", "wikten 1security", "backfill", "crutter", "agloo", "above par", "wikten 1weakness", "blind hole", "brusher", "coal hole", "wikten 1gree", "go to ground", "trench", "butterfly ballot", "punchboard", "countersink", "bogey", "reeved", "teebox", "twist drill", "drillwikten 1", "trepanation", "dibber", "jud", "ebullating", "feature", "bur block", "shuttle box", "coin", "pritchel hole", "stop up", "airhole", "multihole", "punching", "hole in one", "match play", "wikten 1full course", "roothole", "keywikten 1", "keyhole", "eyelet", "bullet hole", "spider hole", "ring binder", "holes", "stomy", "hawsehole", "nanosponge", "atrioseptostomy", "betti number", "catch plate", "feedhole", "gobble hole", "yeddingwikten 3", "bitstock", "arrow hole", "strudel", "p type", "venthole", "egg crated", "dribble glass", "clevis", "journal bearing", "formboard", "vodka luge", "quasihole", "brise soleil", "hand hole", "bialy", "polaron", "igloo", "carpintero", "blasthole", "third", "pockmarked", "soakaway", "suspiral", "holeless", "drillhole", "party ring", "ventage", "judas", "corehole", "holey", "dropleton", "beanhole", "screwboard", "gouge", "mohole", "flagstick", "mousehole", "boob window", "n type", "pitchpenny", "murder hole", "poke out", "bar billiards", "thumbhole", "pub golf", "roman dodecahedron", "bee escape", "pegboard", "centrebit", "spackle", "trip slip", "fit rod", "coloboma", "plug", "creephole", "outhole", "hollow hearted", "bore needle", "keypunch", "dogballs", "below par", "wikten 1shortstop", "burrow", "pinhole camera", "holeth", "recessed", "ferme", "double bogey", "lithodome", "knuckerhole", "holelike", "bayonet", "clevis pin", "schuko", "perforation", "adder stone", "rynd", "borewikten 1", "wikten 1square", "centerpunch", "triblet", "bunsen burner", "armhole", "ebullated", "puncture", "peephole", "drop grommet", "holeproof", "stumphole", "manway", "obturator", "golf course", "keyguard", "pierce", "pertuse", "craterization", "punched pocket"], [], ["lithoglyph", "photoetch", "japanese paper", "glyptic", "whittle", "engraver", "photoxylography", "engrave", "zincograph", "xylograph", "demitint", "glyptography", "stylus", "electrotint", "cradle", "scauper", "autogravure", "graphoscope", "grangerism", "acierage", "overmount", "stylet", "burin", "selvage", "chalypsography", "photoglyphy", "heliogravure", "chalcography", "tectiform", "groove", "vignette", "anaglyptograph", "artist's proof", "carve", "leaded type", "aquafortist", "iconograph", "zincography", "engravings", "engraved", "bury"], ["body", "dead", "likam", "necropsy", "body snatcher", "cruentation", "corpses", "corps", "corpsy", "vuncontrollably", "undead", "embalm", "graveclothes", "graverobbing", "death erection", "vcontrol", "sky burial", "vperformance", "carcass", "corpse road", "mass grave", "corporeal", "corporatio", "post mortem", "famadihana", "worm food", "body of christ", "corpsed", "necrofetishism", "corpse camp", "remains", "corpser", "body bag", "pyre", "corpus", "cremation", "corpse powder", "corse", "corporate", "lich", "unlaid", "vlaugh", "round robin", "resurrectionist", "bier", "necrophobia", "mummia", "corpulent", "floater", "dental identification", "resurrection man", "resomation", "necrosadism", "viscerotome", "dead meat", "tumah", "diener", "danse macabre", "cadaveric", "ninja loot", "facecloth", "corpsing", "jiangshi", "necrophagia", "aghori", "ghoulish", "corpselike", "tree burial", "ghoul", "vulvaless", "draugr", "dead body", "coffi", "grave", "decay", "bury"], [], ["nondisposal", "deaccession", "resomation", "chapel of rest", "promession", "piscina", "anthrosol", "categorizatio", "sanitation", "garbage scow", "necrophoric", "black bag", "arrangement", "predisposal", "dumpwikten 1", "disposition", "green labelling", "dispose of", "hemozoin", "classificatio", "remand", "trash bag", "dumping", "demerger", "misdisposition", "garbage bag", "wasteway", "rubbish bag", "tree burial", "disposals", "in hand", "modesty bag", "dispositio", "dispose", "waste", "burial", "sink", "bury"], ["funeral", "coffi", "dead", "burial", "casket", "grave", "bury", "grief"], ["mole", "regio", "dig up", "ore", "california", "dig", "diggings", "dig out", "backhoe", "fossorial", "locality", "actio", "gold", "australia", "break ground", "mamoty", "vdig", "shovel", "miner", "mine", "pick", "garde", "dirt", "bury", "toil", "burrow"], ["play", "reading", "game", "swim", "dance", "camp", "sleep", "work", "exercise", "writing", "climb", "ru", "drive", "read", "dream", "inactive", "active", "party", "call", "wash", "drink", "rest", "ride", "hyperactive", "dabble", "tilt at windmills", "girl guiding", "chesterfield rugby", "risk assessment", "carry on", "emerging market", "marathon", "tombstoner", "locality", "reptilase", "subactivity", "youthquake", "anthrosol", "normoactive", "prospective", "hormone", "mechanogram", "cootie catcher", "dojowikten 1", "immunoprotein", "epicentre", "depressing", "tidemark", "two minute silence", "cybersurveillance", "ghost to ", "word association", "m\u00e9tier", "shape up or ship out", "futilitarianism", "actimeter", "cage diving", "conversation piece", "vested interests", "frenzy", "yak shaving", "time killer", "underactivity", "hypermetabolism", "muscle memory", "electrospinography", "piece of cake", "consensual crime", "fast lane", "stagnate", "microlearning", "bungee jumping", "parahawking", "anitrazafen", "disentrainment", "antiepileptogenesis", "phoney war", "masturbation", "staff function", "love scene", "activity trap", "inaction", "revitalise", "bioavailability", "rigmarole", "schedule", "polyphasic", "eustasy", "good time", "mechanotransduction", "dice with death", "multiactivity", "fits and starts", "activate", "same old", "profession", "superactivity", "intellection", "electroantennography", "effortfulness", "boondoggle", "gd", "co", "neurometrics", "collection", "electrocochleography", "sactibiotic", "actometry", "gunzel", "rest day", "acheron fossae", "verticillatine", "headquarters", "commuterdom", "retrospective", "pet project", "energy", "lupanarian", "fun", "spoils of war", "timepass", "in bed", "entertainment", "court of honor", "headstage", "call sign", "space agency", "movement", "white heat", "activeness", "space walk", "polysomnogram", "timeline", "microtremor", "indian summer", "virtual sex", "neuromimetic", "bobbol", "apgar", "rockpooling", "mutual masturbation", "workout", "canadiana", "spasm", "passion pit", "call it day", "rat race", "quiesce", "narrowboating", "wet blanket", "focal point", "neurofeedback", "part time", "slow", "quickness", "playsong", "tax break", "opening of envelope", "cerebroelectrical", "hypercognitive", "osmosensor", "gorge walking", "timesuck", "presence", "cytoactivity", "business", "putter around", "flurry", "make pass at", "dynamism", "neurocircuit", "dominant", "sexy times", "quiet", "activity stream", "bioassay", "session", "pharmacophore", "hectivity", "pleasure", "parasailing", "pgo", "entrepreneur", "sprint", "smutfic", "skulduggery", "amateur hour", "bedmatics", "oversensing", "ratiocination", "microlighting", "electroplay", "gear up", "sercon", "thespianism", "brain dead", "tidepooling", "gastroprotection", "iva", "task force", "a", "locus", "hit ground running", "biotest", "bustlesome", "pollute", "actogram", "slump", "athletics", "eventful", "how sausage gets made", "give over", "derdeba", "busy work", "easter egg hunt", "song and dance", "cybermartyr", "outburst", "cool off", "conglomerate", "fuss", "safe sex", "pre mechanization", "sexy time", "actiwatch", "activities", "actual", "ambulometer", "tachygastria", "water fight", "inertion", "partner", "front row", "bustle", "punding", "fandom", "hectic", "churn", "only game in to ", "metaplasticity", "procreation", "kidult", "hustly bustly", "production", "province", "isobologram", "occupation", "actimetric", "contributor", "art form", "magnetoencephalography", "don't hate player game", "anestrum", "dowless", "jump rope", "electrography", "youth center", "overrested", "political asylum", "desistence", "electrodiagnosis", "signature strike", "coherin", "dyke out", "scholarship", "normogastria", "trigpointing", "open season", "bustling", "teambuilding", "micropeptide", "band camp", "tonguage", "antigonadotropin", "sleep mode", "autoerotica", "like for sales", "five finger exercise", "polyethism", "domain", "diversion", "normoactivity", "visuomotor", "active ingredient", "intelligence", "epiphenomenon", "overprogrammed", "cyberpiracy", "electroencephalogram", "tropic hormone", "piffy on rock bun", "front", "goer", "sidetrack", "minac", "biopharmaceutics", "cook up storm", "napoleon", "acromegaly", "climate denialism", "make it rain", "tutelary deity", "yachting", "blobbing", "heliomagnetism", "neurogram", "incidental expense", "canoe camping", "warm up", "timecourse", "monocyclic", "information society", "cryptobiosis", "make work", "fall to", "living room", "get down with", "inertness", "vibrant", "subactive", "standard electrode potential", "neuroactivity", "electroencephalography", "enzyme inhibitor", "hot spot", "sympathomimesis", "program", "senior patrol leader", "get amongst it", "seropositioning", "sexless", "mind numbing", "electrogram", "layperson", "get down to business", "electroantennogram", "solfatara", "social lubricant", "kinocentrum", "quantification", "proprietary trading", "voyeur", "upswing", "gambling", "sex drive", "antipolitics", "hacky sack", "lose one's life", "action movie", "community service", "action", "anthropocene", "decline", "societal", "pixel tracking", "icebreaker", "mover and shaker", "questivity", "functional magnetic resonance imaging", "depressant", "neurodynamics", "detention warrant", "crimebuster", "rushing", "balls about", "patron saint", "promote", "whole shooting match", "recession", "kloofing", "artist", "nonactivity", "good to go", "sin tax", "actio", "bereitschaftspotential", "hypocrisy", "activationist", "brain death", "dixel", "fast times", "light up", "sexuality", "selfcest", "alarums and excursions", "genderism", "metalloenzyme", "budget", "babeldom", "actimetry", "bump and grind", "command performance", "overactivity", "neuromyotonia", "architourist", "hyperestrogenism", "sublimate", "environmentalism", "insulinotropic", "epistemological", "party and play", "undersexed", "journalism", "pursuit", "sleep spindle", "hobbyist", "crafternoon", "continence", "fanhood", "gafia", "center", "enlightened", "procrasturbation", "effort"], [], ["funereal", "sermo", "dead march", "passing bell", "honour guard", "funerals", "threnode", "prefuneral", "chaperon", "cemetery", "obsequy", "underbearer", "keening", "burial", "elegy", "elegist", "chautha", "novendial", "memorial service", "funerary", "arval", "soul ale", "rite of passage", "funeralgoer", "nonfuneral", "funeral director", "obsequial", "knell", "ustrinum", "black", "undertaker", "tangihanga", "caisson", "reconstructive mortician", "embalming room", "myriologue", "catafalque", "postfuneral", "deathwatch", "state funeral", "consolatio", "firing squad", "exequial", "nenia", "principal", "month's mind", "pallbearer", "taps", "keener", "mabugo", "mortuary", "funeral store", "funeral rite", "eulogy", "unknelled", "funerial", "pallbearing", "taphophilia", "funeral celebrant", "earl marshal", "taphophile", "obsequies", "pauper's funeral", "burial society", "haka", "cortege", "soulscot", "pyre", "cyberfuneral", "janazah", "removal", "hatch match and despatch", "sky burial", "interment", "eulogist", "hanging coffin", "death", "funeralize", "chapel", "gumphion", "dirge", "respect", "die", "dead", "casket", "ur", "pall", "bury"]], "/r/UsedFor": [[], [], [], [], [], [], [], [], [], [], [], [], [], [], [], [], [], [], [], [], [], ["bury relatives", "flowers", "burying dead creatures", "mourners", "settings for horror movies", "bury dead body", "burying dead people or animals", "burying dead people", "memorials to dead", "place to remember", "headstones", "burial", "buring dead", "old bones", "dead", "dead people", "settings for scary stories", "place to grieve", "research genology", "dig up zombies", "honoring dead"], [], [], [], [], [], [], [], [], [], [], ["live o", "living", "generating magnetic field", "it's environment", "milky way", "animals to exist upo", "living o", "grow people"], [], [], [], [], [], [], [], [], [], [], [], [], [], ["graveyard"], [], [], [], [], [], [], [], [], [], [], [], [], [], [], ["graveyard"], [], [], [], [], ["hole", "cleaners"], ["hide i", "drill artifact", "drill artifact object", "entry", "water", "bury treasure", "sticking things i", "room to put i", "planting", "dirt", "discard things"], [], ["knife"], [], [], ["bomb", "trash", "garbage"], ["bagpipes", "church", "dressing nice"], ["spade", "knife", "shovel"], ["playing lacrosse", "surfing"], [], []], "/r/LocatedAt": [[], [], [], [], [], [], [], [], [], [], [], [], [], [], [], [], [], [], [], [], [], [], [], [], [], [], [], [], [], [], [], [], [], [], [], [], [], [], [], [], [], [], [], [], [], [], [], [], [], [], [], [], [], [], [], [], [], [], [], [], [], [], [], [], [], [], [], [], [], [], [], [], [], [], [], [], [], []], "/r/FormOf": [["reinters", "reinterred", "reinterring"], ["unburials"], ["interred", "interring", "inters", "intered", "intering"], ["vembed"], ["deterrations"], [], ["geniza", "genizahs", "genizot", "genizoth"], ["buriers"], [], ["boroughs", "boro"], ["exhumations"], ["fleshes", "fleshing", "fleshed"], [], [], [], [], ["fortifies", "fortifying", "fortified"], ["bury", "vbury"], [], [], ["vunbury"], ["graveyards"], ["whelmed", "whelming", "whelms"], ["cat hole", "catholes"], [], ["vbury", "bury"], [], ["haniwas"], ["tombed", "tombs", "tombing"], ["necrophores"], [], ["inhumating", "inhumated", "inhumates"], ["earths", "earthed", "airth"], ["burr", "burs"], ["vbury", "buryings", "bury"], [], [], [], ["sepulchering", "sepulchers", "sepulchered"], [], [], [], [], [], [], ["interrers"], ["burials"], [], ["megapodes"], [], ["immures", "immuring", "immured"], [], ["inhuming", "inhumes", "inhumed"], [], [], ["reburied", "reburies", "reburying"], ["graves", "graving", "graved", "graveth", "gravest"], [], ["planted", "planteth"], ["body", "vbody"], [], ["deaded", "deader", "deads", "deadest", "deading"], [], [], ["grounding", "grounded", "groundest", "grounds"], [], ["dirting", "dirted", "dirts"], ["holes", "holed"], [], ["vengrave", "engravings"], ["corpses", "corpsing", "corpsed"], [], ["disposals"], ["funeral"], ["diggings", "vdig"], ["activities"], [], ["funerals", "afunereal"]], "/r/IsA": [[], [], [], ["computer"], [], [], [], [], [], ["burgh location locatio", " locatioto group", "pocket borough location locatio", " locatioadministrative district locatio", "rotten borough location locatio", "richmond", "administrative district", "borough newyork", "political entity"], [" actact"], ["color", " bodyanimal tissue body", "meat", "carrion", "ore", "film"], [], [], [], [], [], [], [], [], [], ["grave site", "where humans bury dead people", "outdoor location"], [], [], [], [], [], [], ["egyptian pyramid", "grave site", "memorial", "find underground"], [], [], [], ["oblate sphereoid", "planet in solar system", "oblate spheroid", "word", "place name", "one astronomical unit from su", "natural building material", " locatiolocation", "oblate sphere", "soil substance", " substanceelement substance", "globe", " substancematerial substance", "saprolite substance", "diatomaceous earth substance", "partially molten planet", "bigger than moo", "moraine object substance", "inner planet", "homeworld", "big cube", "ball flies thru space", "element", "home planet", "planet", "big and has strong gravity", "another word for soil", "one of nine planets"], [" artifactbit artifact", "spanish needles plant", " plantpericarp plant"], [" actconcealment act", "reburying act", "disappearing from sight", "burying alive", "utility wire project bury", "covering", "solid exiting fluid"], [], [], [], [], [], ["country", "place name"], [], [], [], [], [], [" eventfuneral event", "wpmusiciamusical artist"], [], [" animalgallinaceous bird animal", "mallee fowl animal", "maleo animal", "brush turkey animal", "scrubfowl", "bird"], [], [], [], [], [], [], [], [" timedeath time", " artifacttopographic point locatio", "mastaba artifact", "burial chamber artifact", "grave site", "outdoor location"], [], ["cabbage", "poison ivy", "cotto", "seaweed", "organism", "grass", "tree", "verbena", "pine", "colorado blue spruce", "peppermint", "neophyte plant botany", "monocarp plant botany", "factory artifact", "dark green spreader yew", "rheingold arborvitae", "recycling plant artifact", " persoactor perso", "pot plant botany", "canadian hemlock", "holophyte plant botany", "cannabis", "little gem arborvitae", "blue star juniper", "calgary carpet juniper", "apomict plant botany", " cognitiocontrivance cognitio", "kallay's juniper", "euonymus", "embryo botany", "vascular plant botany", "sporophyte plant botany", "bottling plant artifact", "air plant botany", "densiformis gem yew", "saltworks artifact", "hygrophyte plant botany", "brewery artifact", "phytoplankton animal botany", "houseplant plant botany", "packinghouse artifact", "annual botany", "refinery artifact", "emarld beauty arborvitae", "vine", "poisonous plant botany", "escape plant botany", "acrogen plant botany", "myrmecophyte plant botany", "aloe vera", "venus flytrap", "atropina belladona", "endemic plant botany", "winery artifact", "cryptogam plant botany", "gametophyte plant botany", "plantlet plant botany", "sewage disposal plant artifact", "aquatic plant botany", "perennial botany", "biennial botany", "garden plant botany", "wilding plant botany", "gold thread falsecypress", " artifactbuilding complex artifact", "mint artifact", "ornamental plant botany", "distillery artifact", "crop plant botany", "smelter artifact", "rock plant botany", "hetz midget arborvitae", "non flowering plant botany", "autophyte plant botany", " botanyorganism", "microflora plant botany", "blue tip juniper", "helichrysum", "nigra dark green arborvitae", "hughes juniper", "andorra juniper", "rhododendro", "wardi yew", "northern lights azalea", "osteospermum", "dwarf alberta spruce", "diascia", "runyan yew", "hicksi yew", "dark green pyramidal yew"], ["mummies", "organic machines", "organic computors"], [], [" grouppeople group", " timetime time", "slain group"], [], [], [" cognitiopercept cognitio", " artsurface artifact", " electricityconnection artifact", " locatiomilitary position military", "promontory", "liquid ground", "common ground", "hill", "stamping ground", "frozen volatile", "high ground", "fairground", "solid ground", "another name for soil", "sand", "diatomite", "stomping ground", "parade ground", "rocky planetary stuff"], [], [" statedirtiness state", "word", "mud", "soil", "material", "another word for soil", "oil"], ["aperture object", " shapespace shape", "pit object", "peephole artifact", "perforation object", "cup artifact", "ozone hole object", "wormhole object", "cranny object", "bullet hole object", "armhole artifact", " objectnatural depression object", "dogleg artifact", "mouth hole artifact", "eyelet artifact", "bolt hole object", "pore shape", "thumbhole artifact", "pothole object", " artifactopening artifact", "perforation artifact", "mortise artifact", "hawse artifact", "burrow object", "nail hole artifact", "gopher hole object", "keyhole artifact", "buttonhole artifact", "knothole substance object", "eye artifact", "kettle hole geology object", "leak object", "plughole artifact", "rabbit burrow object", "countersink artifact", "vent artifact", "air hole artifact", "sound hole artifact", " artifactplaying period game", "puncture artifact", "ear hole artifact", "manhole artifact", " objectopening object", "loophole artifact", "lubber's hole artifact", "nostril", "rathole object", "finger hole artifact", " statedefect state", "bunghole artifact", "posthole artifact", "negative space", "absence"], [], ["steel engraving act", "aquatint act", "gravure artifact", " actprintmaking act", "dry point artifact", "copperplate artifact", "halftone artifact", "etching artifact", " artifactplate artifact", "linecut artifact", "woodcut artifact", " artifactprint artifact", "steel engraving artifact", "paper currencyopencycengraving print", "wafer etchopencycengraving event", "opencycengraving eventmarkingopencycmarking on surface", "opencycengraving eventcutting", "art form", "opencycengraving printphysical information bearing object"], ["exanimate thing", "dead elephant", "carcass", "organic matter", "dead vertebrate", "dead bird", "dead insect", "dead human body", "dead person", "dead whale", "mummified remains", "dead terrorist", "dead organism", "dead male person"], [], ["mine disposal act", "appointment law act", "lending act", " artifactkitchen appliance artifact", "abandonment act", " actact", " attributepower attribute", "comb out act", "sewage disposal act", "giving act", "treatmentopencychandling management", "pontificating", "organizationopencycorganization administration management", "carrying on"], [], [], ["sex", "reading", "skiing", "game", "singing", "skating", "actio", "listening", "learning", "playing cards", "education act", "continuance act", "leadership act", "mystification act", "placement act", "space walk act", "performing surgery", "enjoyment act", "energizing act", "aid act", "liveliness act", "diversion act", "protection act", "nursing patients", "operation act", "role act", "moving slowly", "acting act", "negotiation act", "politics act", "puncture act", "boating", "perturbation event act", "solo act", "writing act", "buzz act", "practice act", "concealment act", "grouping act", " actact", "burst act", "dismantling act", "waste act", "timekeeping time act", "pleasure act", "variation act", "turn game act", "creation act", "release act", "domesticity act", "sensory activity act", "measurement act", "playing games", "game act", "jumping", "precession act", "fun act", "operation military act", "cup of tea act", "behavior psychology act", "training act", "procedure act", "preparation act", "wrongdoing act", "use act", " chemistrycapability state", "market act", "works act", "crime", "work act", "representation act", "provision act", "worship act", "operation commercial enterprise act", "lamentation act", "music singing act", "support act", "behavior act", "search act", "attempt act", "laughter act", "occupation act", "calibration act", "service case law act", "demand act", "bungee jumping", "ceremony act", "organization act", "follow up act", "update act", "control act", "last act", "verbalisation communication act", "barking", "smoking marijuana", "do", "canoeing", "typing", "party", "non aspectual quantity", "polo", "drinking tea", "saw film", "sitting", "programming", "shoplifting"], [], ["burial event", "sky burial event", " eventceremony event"]], "/r/PartOf": [[], [], [], [], [], [], [], [], [], [], [], [], [], [], [], [], [], [], [], [], [], [], [], [], [], [], [], [], [], [], [], [], ["universe", "solar system", "land object", "hemisphere location object", "sky object", "hydrosphere object", "lithosphere object", "van allen belt location object", "atmosphere location object"], [" artifactdentist's drill artifact"], [], [], [], [], [], [], ["newcastle location locatio", "bristol location locatio", "marston moor location locatio", "liverpool location locatio", "humber object locatio", "lincolnshire location locatio", "west yorkshire location locatio", "cheviot hills location locatio", "kent location locatio", "aire object locatio", "east anglia location locatio", "yorkshire location locatio", "cam object locatio", "cotswolds location locatio", "oxford location locatio", "birmingham location locatio", "cambridge location locatio", "hertfordshire location locatio", "cumbria location locatio", "thames object locatio", "tyne object locatio", "london location locatio", "sussex location locatio", "hull location locatio", "coventry location locatio", " locatioeurope object", "blackpool location locatio", "trent object locatio", "bath location locatio", "northumbria location locatio", "south yorkshire location locatio", "scilly islands location locatio", "leicestershire location locatio", "east sussex location locatio", "northumberland location locatio", "hadrian's wall location locatio", "pennines location locatio", "devon location locatio", "reading location locatio", "hampshire location locatio", "avon object locatio", "somerset location locatio", "gloucester location locatio", "berkshire location locatio", "leicester location locatio", " locatiounited kingdom locatio", "west sussex location locatio", "brighton location locatio", "sunderland location locatio", "manchester location locatio", "worcester location locatio", "ouse object locatio", "avon location locatio", "north yorkshire location locatio", "northamptonshire location locatio", "portsmouth location locatio", "gloucestershire location locatio", "severn object locatio", "wessex location locatio", "cornwall location locatio", "lake district location locatio", "west country location locatio", "cheddar location locatio", "lancaster location locatio", "surrey location locatio", "lancashire location locatio", "essex location locatio", "surrey", "uk", "great britai"], [], [], [], [], [], [], [], [], [], [], [], [], [], [], [], ["gravestone artifact"], [], ["transport system", "plant part botany", "hood object botany", "leaf"], [], [], [], [], [], [], [], [], [" artifactgolf course golf"], [], [], [], [], [], [], [], [], [], []], "/r/HasA": [[], [], [], [], [], [], [], [], [], [], [], [], [], [], [], [], [], [], [], [], [], ["more bones than vegetable garde", "grave"], [], [], [], [], [], [], [], [], [], [], ["molten core", "atmosphere", "gravity", "many artificial satellites", "many different living organisms", "one moo", "single moo", "several billion human beings", "continents and oceans", "shape of sphere", "tectonic plates", "north and south pole", "six populated continents"], [], [], [], [], [], [], [], ["beaches"], [], [], [], [], [], ["gravesite"], [], [], [], [], [], [], [], [], [], ["graveyard"], [], [], ["animals", "all animals", "tissue", "humans", "organs", "bones"], [], [], [], [], [], [], [], [], [], [], [], [], [], [], [], [], [], []], "/r/CapableOf": [[], [], [], [], [], [], [], [], [], [], [], [], [], [], [], [], [], [], [], [], [], [], [], [], [], [], [], [], [], [], [], [], ["receive rain from clouds", "revolve"], [], [], [], [], [], [], [], [], [], [], [], [], [], [], [], [], [], [], [], [], [], [], [], [], [], ["grow in garde", "flower in spring", "suffering dehydratio", "bloom", "bottle drinks"], [], [], ["dinosaurs", "mean no longer alive"], [], [], ["freeze in winter"], [], ["ring bathtub", "cake car", "cake on window sills", "cover coffi", "cake on clothes"], [], [], [], [], [], [], [], ["add dirt to pile"], ["near end"], [], []], "/r/AtLocation": [[], [], [], [], [], [], [], [], [], [], [], [], [], [], [], [], [], [], [], [], [], ["spirit", "arlingto", "cemetery", "church yard", "church", "outer perimeter of church", "to ", "church grounds", "huma", "every to ", "city", "vicinity of graves", "church property", "coffi", "body"], [], [], [], [], [], [], ["bone", "central passage"], [], [], [], ["solar system", "ocea", "orbit", "oxyge", "atlantic ocea", "forest", "life", "mineral", "tree", "sea", "universe", "snake", "carbon dioxide", "beaver", "marmot"], [], [], [], [], [], [], [], ["fox", "tearoom", "rented flat", "pub", "english channel", "channel", "castle", "pillow case", "quee", "prince", "knight", "tony blair", "churchyard", "brick row house", "booking office", "cheque book", "motorway"], [], [], [], [], [], [], [], [], [], [], [], [], [], [], [], ["funeral", "body", "huma", "corpse", "decomposed body", "foot"], [], ["windowsill", "pot", "outside"], [], [], [], [], [], ["oil", "dirt", "rocks", "grass", "snow", "fungus", "penny", "pebble", "shadow", "pebbles", "sand", "steel cable", "tree", "dog poop", "ficus", "rock", "coi", "pond", "moss", "worms", "dust", "mammoth", "trash", "hole", "insect", "paw prints", "leaves", "litter", "pilot", "dirty", "potato in growing", "foot print", "not flying", "little stones", "nut", "not in air", "money", "cat", "pavement", "acor", "septic tank", "fallen leaves", "weeds", "mushrooms", "picnic", "shadows", "ear", "slush", "footprints"], [], ["ground", "ficus", "street", "fingernails", "bed", "surface of earth", "rug", "subway", "carpet", "plant", "moo", "cellar", "garde", "field", "desk", "finger", "race track", "fishing worms", "old carpet", "tree", "bottom of sea", "suface of moo", "potato", "cat", "fungus", "anemone", "hole", "forest", "fraternity house", "corner", "closet", "apple tree", "floor"], ["mouse", "lemur", "wall", "swiss cheese", "donut", "ground", "ball", "old sock", "golf gree", "golf course", "pocket", "butto", "rabbits", "dirt"], [], ["plate", "horse"], ["morgue", "funeral", "grave"], [], [], [], [], [], [], ["casket", "mourner", "coffi", "human body", "mourning people", "body", "ministers", "mourners", "pallbearer", "preaching", "dead perso", "stiff", "grave", "corpse", "crying people", "priests", "mourners and loved ones", "crying", "dead body", "caskets", "lot of flowers", "people wearing black", "sad people", "people", "sad relatives", "black clothing", "chairs", "wreath", "rabbis", "dead people", "mourning", "deceased perso", "pallbearers", "group of mourners", "humans", "families", "sadness", "tearful people", "people in mourning", "death", "cultural diversity", "sad family members"]], "/r/HasProperty": [[], [], [], [], [], [], [], [], [], [], [], [], [], [], [], [], [], [], [], [], [], [], [], [], [], [], [], [], [], [], [], [], ["spherical", "finite", "round like ball", "very beautiful", "flat", "very big and heavy", "dirt", "one of many planets"], [], [], [], [], [], [], [], [], [], [], [], [], [], [], [], [], [], [], [], [], [], [], [], ["situations"], [], ["alive"], ["unique"], [], ["elvis", "groucho marx", "scamper", "non functioning body", "chips", "extinct birds", "douglas adams", "albert einstei", "dinosaurs", "person without head probably", "humans cannot respond whe", "value matters little to who", "many famous people", "when people executed", "ray charles"], [], [], [], [], ["find outside", "earth", "opaque", "find underground"], ["one"], [], [], [], [], [], ["sad"], [], [], [], []], "/r/CreatedBy": [[], [], [], [], [], [], [], [], [], [], [], [], [], [], [], [], [], [], [], [], [], [], [], [], [], [], [], [], [], [], [], [], [], [], [], [], [], [], [], [], [], [], [], [], [], [], [], [], [], [], [], [], [], [], [], [], [], [], [], [], [], [], [], [], [], [], [], [], [], [], [], [], [], [], [], [], [], []], "/r/Synonym": [[], [], ["v socialbury social", "vbury", "immure", "intra", "vinhume", "ventomb", "sepulcher"], [], [], [], [], [], [], ["arrondissement", "bury", "burgh", "boro", "burg"], ["disinterment act", "digging up act", "disinterment"], [" bodyhuman body", "meat", " plantpulp plant", "fat", ""], [], [], [], [], ["v competitioarm competitio", "v changestrengthen change", "v cookingspike cooking", "fort contact", "nerve", "incastle", "fence", "castle", "bank up", "back up", "vstrengthe", "strengthen", "undergird"], [], [], [], [], [" locatiocemetery locatio", "cemetery", "churchyard", "burial ground"], ["v emotiooverwhelm emotio", "vsubmerge"], ["hawsehole"], [], ["inhumed a ", "interred a ", "interred"], [], [""], ["sepulchre", " artifactgrave artifact", "burial chamber", "sepulcher", ""], ["burying beetle", "carrion beetle", "sexton beetle"], [], [], ["globe", "globe object", "dirt", "ground", "ground substance", " objectland object", "world object", " cognitioworldly concern cognitio", " location locatio", " electricityground electricity", "soil", " object", "hill up", "middle earth", "world", "mother earth", "loam", "turf", "mankind", "clay"], ["burr artifact", "burr change", "burr plant"], ["burial act"], [], [], [], [" artifactburial chamber artifact", "vinter", "tomb"], [], [], [], [], [], [], [], [" actburying act", "sepulture event", "entombment event", "inhumation event", "interment event", "interment", "", "inhumation", "wpmusicianwpmusicia"], [], ["mound bird animal", "scrub fowl animal", "mound builder animal", "scrubfowl", "incubator bird", "mound builder", "brush turkey", "moundbird", ""], [], ["v lawimprison law", "vinter", "vcloister"], [], ["vbury", "v socialbury social", "inter"], [], [], [], [" communicatiograve accent communicatio", "v contactsculpt contact", "v contactengrave contact", "tomb artifact", "a sedate ", "a grievous ", "a life threatening ", "aserious", "equivocal", "gravity", "awikten 3weightsome", ""], [], ["flora botany", "set contact", "v contactimplant contact", "industrial plant artifact", "works artifact", "v creatioestablish creatio", "plant life botany", "implant cognition cognitio"], [], [], ["a deadened ", "a drained ", "a stagnant ", "r abruptlyr ", "a all in ", "idle a ", "deceased", "r perfectlyr ", "numb a ", "extinct"], [], [], ["v motioget stranded motio", "earth", " objectland object", "v contactprime contact", "run aground motion motio", " linkdeffooting linkdef", " cognitiobackground cognitio", "v contactanchor contact", " substanceearth substance", "v cognitioestablish cognitio", " motivereason motive", "earth electricity", " artifactflat coat artifact", "terrain", "track"], [], ["grunge state", " substancesoil substance", "filth state", "earth", "a ungraded ", " communicatioscandal communicatio", " substancecrap substance", "soil state", "stain state", "grease state", "grime state", "soil", "mud", "filth"], ["hole out golf", " bodytrap body", " statefix state", "golf hole artifact", "hollow object", "solitary confinement", "gap"], [], ["etching act", ""], ["cadaver", " bodycadaver body", "carcass", "remains"], [], ["disposition act", "garbage disposal artifact", " commercial enterpriseadministration enterprise", "electric pig artifact", "use", "dumping"], [], [" actexcavation act", "spadework"], [" stateaction state", " processnatural process", " processbodily process", " attributeactiveness attribute"], [], ["obsequy event", "interment", "memorial service", ""]], "/r/LocatedNear": [[], [], [], [], [], [], [], [], [], [], [], [], [], [], [], [], [], [], [], [], [], [], [], [], [], [], [], [], [], [], [], [], ["mars"], [], [], [], [], [], [], [], [], [], [], [], [], [], [], [], [], [], [], [], [], [], [], [], [], [], [], [], [], [], [], [], [], [], [], [], [], [], [], [], [], [], [], [], [], []], "/r/SimilarTo": [[], [], [], ["integrated a ", "a enclosed ", "a integrated ", "enclosed a "], [], [], [], [], [], [], [], ["peach"], [], [], [], [], [], [], [], [], [], [], [], [], [], ["belowground a ", "a belowground "], [], [], [], [], [], [], [], [], [], [], [], [], [], [], [], [], [], [], [], [], [], [], [], [], [], [], [], [], [], [], ["grievous", "agrievous"], [], [], [], [], ["cold a ", "a stillborn ", "insensitive a ", "stone dead a ", "a late ", "lifeless a ", "a exanimate ", "slain a ", "a precise ", "inelastic a ", "a complete ", "a fallen ", "assassinated a ", "a brain dead ", "a deathlike ", "inoperative a ", "a assassinated ", "extinct a ", "a d.o.a ", "fallen a ", "executed a ", "stillborn a ", "at peace a ", "a executed ", "precise a ", "nonviable a ", "murdered a ", "exsanguinous a ", "exanimate a ", "doomed a ", "a defunct ", "late a ", "a insensitive ", "a slain ", "d.o.a a ", "a noncurrent ", "pulseless a ", "a extinct ", "noncurrent a ", "a nonviable ", "a out of play sport", "a murdered ", "complete a ", "out of play sport ", "a unprofitable ", "unreverberant a ", "a cold ", "unprofitable a ", "defunct a ", "a doomed ", "a inactive ", "a inelastic ", "a stone dead ", "a at peace ", "deathlike a ", "a pulseless ", "brain dead a ", "a exsanguinous ", "a inoperative ", "a unreverberant ", "inactive a ", "a lifeless "], [], [], [], [], [], [], [], [], ["carcass"], [], ["relinquishment", "eliminatio", "elimination"], [], [], [], [], []], "/r/MadeOf": [[], [], [], [], [], [], [], [], [], [], [], ["penis", "titty", "huma", "human body", "kitte", "human being"], [], [], [], [], [], [], [], [], [], [], [], [], [], [], [], [], [], [], [], [], ["layers of rock"], [], [], [], [], [], [], [], [], [], [], [], [], [], [], [], [], [], [], [], [], [], [], [], [], [], [], [], [], [], [], [], [], [], [], [], [], [], [], [], [], [], [], [], [], []], "/r/ReceivesAction": [[], [], [], [], [], [], [], [], [], [], [], [], [], [], [], [], [], [], [], [], [], [], [], [], [], ["cemetery where dead people", "graveyard where deceased people", "graveyard where dead people"], [], [], [], [], [], [], ["covered mostly with water", "made up of different nations", "divided into twenty four time zones"], [], [], [], [], [], [], [], [], [], [], [], [], [], [], [], [], [], [], [], [], [], [], [], [], [], [], ["composed of limbs torso and head", "meant for loving"], [], [], [], [], ["beef"], [], ["washed off"], ["filled with air"], [], [], [], [], [], [], [], [], [], []]}, "/r/UsedFor": {}, "/r/LocatedAt": {}, "/r/FormOf": {"/r/RelatedTo": [[], [], ["autochthonous", "buriable", "dig out", "potter's field", "aplace", "sepult", "aconceal", "metal detecting", "aburial", "metal detector", "graveclothes", "cemetery", "allochthonous", "vbury", "up to here", "treasure trove", "ahidde", "paleoplain", "galvanic anode", "inurned", "agrave", "time capsule", "geosol", "power line", "grave", "coffi", "ground"], [], ["grave", "interment", "burial", "vbury", "landfill", "casket", "coffi"], ["vbury"]], "/r/UsedFor": [[], [], [], [], [], []], "/r/LocatedAt": [[], [], [], [], [], []], "/r/FormOf": [["vbury"], ["vbury"], ["vbury", "bury"], ["vbury"], ["vbury", "buryings", "bury"], ["bury", "vbury"]], "/r/IsA": [[], [], [], [], [" actconcealment act", "reburying act", "disappearing from sight", "burying alive", "utility wire project bury", "covering", "solid exiting fluid"], []], "/r/PartOf": [[], [], [], [], [], []], "/r/HasA": [[], [], [], [], [], []], "/r/CapableOf": [[], [], [], [], [], []], "/r/AtLocation": [[], [], [], [], [], []], "/r/HasProperty": [[], [], [], [], [], []], "/r/CreatedBy": [[], [], [], [], [], []], "/r/Synonym": [[], [], ["inhumed a ", "interred a ", "interred"], [], ["burial act"], []], "/r/LocatedNear": [[], [], [], [], [], []], "/r/SimilarTo": [[], [], ["belowground a ", "a belowground "], [], [], []], "/r/MadeOf": [[], [], [], [], [], []], "/r/ReceivesAction": [[], [], ["cemetery where dead people", "graveyard where deceased people", "graveyard where dead people"], [], [], []]}, "/r/IsA": {}, "/r/PartOf": {}, "/r/HasA": {}, "/r/CapableOf": {}, "/r/AtLocation": {}, "/r/HasProperty": {}, "/r/CreatedBy": {}, "/r/Synonym": {"/r/RelatedTo": [[], [], ["vgrave", "vbury", "uninhumed", "inhumer", "inhumate"], [], [], [], [], ["intermittent", "pantheonize", "interring", "vbury", "interred", "intra", "organigram", "sepulture", "intertropical front", "vgrave", "reinterment", "interment", "inearth", "interrer", "vconfine", "uninterred", "net", "betwee"], [], ["pendle", "londo", "allerdale", "sutton", "similar", "burghal", "bexley", "hendon", "greenwich", "bloomsbury", "newcastle under lyme", "st edmundsbury", "hidate", "vale of glamorgan", "bury", "unit", "burgher", "whitton", "redbridge", "bronx", "richmond upon thames", "emsworth", "queens", "barrow in furness", "brent", "kingston", "haringey", "silverto ", "taunton deane", "derry", "walthamstow", "municipal", "ribble valley", "wandsworth", "burg", "ealing", "chorley", "southwark", "amber valley", "kings county", "boroughhood", "boroughwide", "islington", "brough", "manhattanville", "eastleigh", "sauga", "greater london", "catty", "dudley", "greenhill", "staten island", "test valley", "telford and wrekin", "waltham forest", "sefton", "town and go ", "queen's park", "manhattan", "municipality", "boroughmaster", "bromley", "rossendale", "abbottsto ", "pot walloper", "boston", "burgess", "pledge", "district", "city", "kingston upon thames", "croydon", "crofton", "camden", "metropolitan borough", "arrondissement", "right", "lambeth", "lawman", "city of westminster", "bickley", "burgh", "bracknell forest", "merton", "anerley", "brooklyn", "stockton on tees", "dacorum", "fortify", "havering", "corporatio", "administrative", "interborough", "boroughmonger", "preston", "aleutians east borough", "pocket borough", "barnet", "spandau", "barking and dagenham", "hounslow", "rotten borough", "bur", "birmingham", "runnymede", "dartford", "epsom and ewell", "corporation", "westminster", "copeland", "gettysburg", "broxtowe", "wimbledon", "civic centre", "ward", "new york city", "burghmote", "gravesham", "portreeve", "hackney", "alaska", "lewisham", "kensington and chelsea", "hillingdon", "county borough", "boroughs", "banstead", "cuauht\u00e9moc", "clarksville", "associatio", "thurrock", "burlington", "high peak", "unadopted road", "wirral", "erewash", "surety", "to ", "brooklynese", "christchurch", "multiborough", "brixham", "walsall", "torbay", "richmond", "tower hamlets", "wyre", "county at large", "ilford", "newham", "mudeford", "castle point", "ixtacalco", "hayes", "hammersmith and fulham"], ["club", "bor", "dumortierite", "kornerupine", "vborrow", "middlesbrough", "boro", "football", "boron"], ["borough", "burgish", "wikten 1fortified", "wikten 1medieval", "burgs", "wikten 2burger", "bur", "wikten 1burgher", "burggrave"], ["kinross", "lauder", "tumulus", "bur", "gourock", "linlithgow", "provost", "mound", "wishaw", "cupar", "rattray", "burghal", "peebles", "burgh of barony", "common good", "fortify", "blairgowrie", "cullen", "borough", "falkland", "kirkcaldy", "scotland", "roxburgh", "arbroath", "burghmote", "cowdenbeath", "burghs"]], "/r/UsedFor": [[], [], [], [], [], [], [], [], [], [], [], [], []], "/r/LocatedAt": [[], [], [], [], [], [], [], [], [], [], [], [], []], "/r/FormOf": [[], [], ["inhuming", "inhumes", "inhumed"], [], [], [], [], ["interred", "interring", "inters", "intered", "intering"], [], ["boroughs", "boro"], ["boros", "borough"], ["burgs"], ["burghs"]], "/r/IsA": [[], [], [], [], [], [], [], [], [], ["burgh location locatio", " locatioto group", "pocket borough location locatio", " locatioadministrative district locatio", "rotten borough location locatio", "richmond", "administrative district", "borough newyork", "political entity"], ["wpformula oneformula one team"], [" locatioto locatio"], [" locatioborough locatio"]], "/r/PartOf": [[], [], [], [], [], [], [], [], [], [], [], [], []], "/r/HasA": [[], [], [], [], [], [], [], [], [], [], [], [], []], "/r/CapableOf": [[], [], [], [], [], [], [], [], [], [], [], [], []], "/r/AtLocation": [[], [], [], [], [], [], [], [], [], [], [], [], []], "/r/HasProperty": [[], [], [], [], [], [], [], [], [], [], [], [], []], "/r/CreatedBy": [[], [], [], [], [], [], [], [], [], [], [], [], []], "/r/Synonym": [[], [], ["vbury", "v socialbury social", "inter"], [], [], [], [], ["v socialbury social", "vbury", "immure", "intra", "vinhume", "ventomb", "sepulcher"], [], ["arrondissement", "bury", "burgh", "boro", "burg"], ["bury", "borough", "burgh", "wpformula onewpformula one"], ["burgh", "bury", "borough"], ["boro", "borough", "bury", "burg"]], "/r/LocatedNear": [[], [], [], [], [], [], [], [], [], [], [], [], []], "/r/SimilarTo": [[], [], [], [], [], [], [], [], [], [], [], [], []], "/r/MadeOf": [[], [], [], [], [], [], [], [], [], [], [], [], []], "/r/ReceivesAction": [[], [], [], [], [], [], [], [], [], [], [], [], []]}, "/r/LocatedNear": {}, "/r/SimilarTo": {}, "/r/MadeOf": {}, "/r/ReceivesAction": {}}}, "": {"N1": {"/r/RelatedTo": ["windowdoor", "worklabor", "butchermeat", "gallomeasure", "woundgash", "punishmentcrime and", "chickelaying", "thricerthree", "informed educated ", "closed obstructed ", "transpondianrightpondia", "mystifymystery", "audiovisualsaudiovisual"], "/r/UsedFor": ["flash artifactlight physics", "string bassplaying music"], "/r/LocatedAt": [], "/r/FormOf": ["air burstsair burst", "pot belliespot belly", "cross sectionscross sectio"], "/r/IsA": ["suburb locatioresidential district locatio", "western skink animalskink animal", "inertial mass physicsmass attribute", "leading man persoactor perso", "occasion timetime time", "tree toad animalfrog animal", "petaurista animalmammal genus animal", "torch singer persosinger perso", "drop arch artifactpointed artifact", "rottenstone substancelimestone substance", "scorpionfish animalscorpaenid animal", "temporary hookup artifactconnection artifact", "acrylic fiber substanceman made substance", "dependence statestate ", "overhand pitch actpitch baseball", "american spikenard plantsubshrub plant", "hedonist persosensualist perso", "homecoming actreunion act", "aldrovanda plantdicot genus plant", "ambystomatidae animalamphibian family animal", "assist ice hockeymaneuver act", "tithe barn artifactbarn artifact", "hypsometer artifactaltimeter artifact", "papyrus communicatiodocument communicatio", "cacodyl substancegroup chemistry", "penance actsacrament act", "rule of evidence lawrule communicatio", "usherette persousher perso", "hooks bodyhand body", "bilabial communicatiolabial consonant communicatio", "kurdish communicatioiranian communicatio", "theism cognitioreligion cognitio", "aristocrat persoleader perso", "bundesbank groupcentral bank group", "skirtform of female attire", "yardarm artifactend locatio", "supreme court lawfederal group"], "/r/PartOf": ["satachristian myth", "old testament communicatiobible communicatio", "styloid process bodytemporal bone body", "voider artifactbody armor artifact", "tower of london artifactlondon locatio"], "/r/HasA": ["baywater"], "/r/CapableOf": ["blanketscover bed", "chefbone chicke", "authorswrite books"], "/r/AtLocation": ["windowhouse", "dustcarpet", "action figuretoy department", "barbershopmall", "mouselab maze"], "/r/HasProperty": [], "/r/CreatedBy": [], "/r/Synonym": ["hawaiian honeycreeper animalhoneycreeper animal", "thing cognitiomatter cognitio", "dprk locationorth korea locatio", "gas tight air ", "get into possessioget in possessio", "west persocicily isabel fairfield perso", "sapindus drumondii plantwild china tree plant", "abls communicatiobachelor of arts in library science communicatio", "homburg artifactfedora artifact", "choking coil artifactchoke artifact", "sewerage artifactsewer artifact", "fish bowl stategoldfish state", "caddy golfcaddie golf", "moray eel animalmoray animal", "family zygnemataceae animalzygnemataceae animal", "severity attributeaustereness attribute", "hors d oeuvre foodhors food", "chukka artifactchukka boot artifact", "immunise competitioimmunize competitio", "kindling pointautoignition temperature", "corruptlyr corruptedlyr ", "lazy faineant ", "copernicia prunifera plantcarnauba plant", "log z's bodysleep body", "sworn pledged ", "palestine authority grouppalestine national group", "polyodon spathula animalpaddlefish animal", "linnaea borealis americana plantamerican twinflower plant", "stylise artstylize art", "thank youthank you very much", "infirm decrepit ", "uriniferous tubule bodynephron body", "passing actpassage act", "rio nunez coffee plantrobusta plant", "experimentation cognitioexperiment cognitio", "powerful knock do a ", "lichgate artifactlychgate artifact", "take advantage socialtrespass social", "pyrethrum plantpainted daisy plant", "take turns changealternate change", "water level locatiowaterline locatio", "fuddle stateclutter state", "insisting communicatioinsistence communicatio", "vibrate perceptioresonate perceptio", "viridity attributegreen attribute", "yarn dye changeimpress change", "balaenoptera borealis animalsei whale animal", "electron orbit locatioorbit locatio", "lillie persobeatrice perso"], "/r/LocatedNear": [], "/r/SimilarTo": ["large leafed leafy ", "captious critical ", "exaggerated increased ", "effective militaryoperational military", "tasty winey ", "fast breaking news article", "second rate inferior ", "disputatious argumentative ", "private nonpublic ", "coated glazed ", "free clear "], "/r/MadeOf": [], "/r/ReceivesAction": []}, "N2": {}}}