{"cellphone": {"N1": {"/r/RelatedTo": ["smombie", "pocket dial", "vcall", "modular smartphone", "memory card", "butt dialing", "blackberry", "cellphones", "dumbphone", "butt dial", "obama phone", "flashcard", "coverage", "call", "bar"], "/r/UsedFor": ["communicatio"], "/r/LocatedAt": [], "/r/FormOf": ["cellphoning", "cellphones", "cell phone", "cellphoned"], "/r/IsA": ["electronic device", "phone"], "/r/PartOf": [], "/r/HasA": [], "/r/CapableOf": [], "/r/AtLocation": ["purse"], "/r/HasProperty": [], "/r/CreatedBy": [], "/r/Synonym": ["mobile phone", " artifactcellular telephone artifact", "cellular telephone", "celly", "mobile"], "/r/LocatedNear": [], "/r/SimilarTo": [], "/r/MadeOf": [], "/r/ReceivesAction": []}, "N2": {"/r/RelatedTo": {"/r/RelatedTo": [["cellphone", "smombies"], [], [], [], [], [], ["vdevice", "iphone", "acinus", "youngberry", "blackberries", "drupelet", "fruit", "himalayan blackberry", "blackberried", "loganberry", "boysenberry", "blackberrylike", "marionberry", "blackberryade", "tayberry", "blackcurrant", "brambleberry", "salmonberry", "canefruit", "ve mail", "rubus fruticosus", "vforage", "vgather", "rose", "shrub", "cellphone", "blackberrying", "bush lawyer", "crackberry", "pda", "email appliance", "bramble", "rubus", "species", "vtext message", "bear", "raspberry"], ["cellphone"], ["featurephone", "cellphone", "smartphone"], [], [], ["flashcards", "memory card", "memorizatio", "card", "memory stick", "rote", "solid state", "digital camera", "computer", "cellphone", "digital memory"], ["hyperlocalism", "miscoverage", "radio", "network", "signal", "plutography", "undercoverage", "undercovered", "cover", "multicover", "all risks", "holiday", "trial by media", "missing white woman syndrome", "overspray", "undercover", "reutersgate", "double indemnity", "protection", "roverback", "mobile phone", "strength", "overcover", "picocell", "coverages", "defense", "cellphone", "noncoverage", "receptio", "paint", "insurance", "shade", "distance", "benefit", "spa"], ["phone", "telephone", "ring", "actio", "conversatio", "communicatio", "use", "shout", "someone", "phones", "telephone line artifact communicatio", "contact", "dial", "colum", "phone conversatio", "phone actio", "activity", "talking", "yell", "use phone", "phoning", "friend", "talk", "ringing", "name", "sessio", "telephone actio", "vcatch", "slow roll", "squawk", "insta call", "bidding box", "floor", "auction call", "miscall", "double", "craps", "threesies", "vraise", "yoo hoo", "galewikten 1", "pre hook", "aliyah", "crying call", "optionality", "beslave", "on hold", "on call", "invoker", "vname", "caller", "vpremium", "forecall", "bename", "vcraps", "becko", "throw dirt on", "vmatch", "in money", "cleardo ", "vbridge", "tintinnabulum", "vdirections", "flat call", "functional programming", "conference call", "ninesies", "vstate", "call up", "infinity box", "hight", "invocation", "call stack", "shift", "chutter", "role", "vbatsma", "deesis", "call on", "downcall", "advoke", "cell phone", "american bittern", "automatic", "behold", "callback"], ["place", "drinking", "soap", "pub", "drinks", "alcohol", "establishment", "drinking place", "saloo", "restaurant", "beer", "drink", "drinking establishment", "taver", "club", "bar resto", "nut bar", "counter", "building", "alcoholic", "drunk", "alcohol place", "liquor", "metal", "lounge", "hole", "meeting", "rod", "pole", "locatio", "meeting place", "joint", "stools", "exam", "drinks place", "beverages", "bargirl", "barpost", "latin cross", "barfly", "pick up tab", "belly up", "mark tree", "barboy", "barruly", "mamading", "checkout divider", "ntigram", "oshibori", "crystallophone", "quintuple", "barrier", "splinter bar", "saint andrew's cross", "topbar", "reinforced concrete", "headbanger", "tin cry", "lightbar", "ktv bar", "beer line", "debar", "barrulet", "brotie", "hitching bar", "wikten 1grinder", "moral obligation", "prop up bar", "jumbrella", "overslaugh", "wikten 1hoof", "bar up", "norman", "betty", "cold dra a", "contributory negligence", "wing bar", "navbar", "wikten 1judge", "arsis", "hemiola", "stammtisch", "public house", "turn button", "vwikten 1obstruct", "besides", "whipstaff", "turnbuckle", "wikten 1foo", "transom", "microbar", "wikten 1staff", "bar off", "except", "bridle iron", "strongback", "booze can", "barwalking", "arrowback", "wikten 1navigatio", "meteg", "horizontal bar", "barman", "cross", "piston rod", "tracery", "chinning bar", "barrable", "mouth bar", "hatchetation", "gunfighter seat", "handspike", "rathskeller", "kafunda", "trundle", "strull", "kimetaoshi", "ruin pub", "lup sup bar", "wakeboard tower", "unwrought", "soda siphon", "barlike", "balkie", "picket fence", "strippy", "pullup", "handsoap", "estaminet", "taproom", "brushbar", "fine ounce", "baz", "last call", "soundbar", "barmaid", "wikten 1substance", "wikten 1crust", "saloon", "bebar", "pull up", "ferroconcrete", "grid", "barring", "wikten 2pascal", "picobar", "isobar", "bargoer", "exclude", "middle eight", "cheater", "bar shoe", "climbing frame", "prestressed concrete", "call liquor", "wikten 1ordinary", "uneven bars", "barrister", "cocktail table", "footbar", "chafery", "eyebar", "honky tonk", "sports bar", "copperbar", "statute of frauds", "latticing", "ground bar", "abatewikten 1", "parallel bars", "winstub", "herisson", "niddy noddy", "treviss", "sissy bar", "mamasan", "pintxo", "bierstub", "wine list", "bar line", "kickstand", "swingtree", "fern bar"]], "/r/UsedFor": [[], [], [], [], [], [], [], [], [], [], [], [], [], ["communicate", "contact", "cellular telephone artifact communicatio", "communicating", "cellular telephone artifact", "talking to friend", "telephone booth"], ["getting drunk", " artifactseparate stative", " artifactprotect competitio", "make brace", "meet people", "pry window ope", "viewing sushi chef", "meeting new people", "drinking", "get drunk"]], "/r/LocatedAt": [[], [], [], [], [], [], [], [], [], [], [], [], [], [], []], "/r/FormOf": [["smombies"], [], [], [], [], [], ["blackberrying", "blackberries", "blackberried"], ["cellphone"], ["dumbphones"], [], [], ["flash card", "flashcards"], ["coverages"], ["calledst", "calls", "calling", "callest"], ["barring", "bars"]], "/r/IsA": [[], [], [], [], [], [], [" plantbramble bush plant", " fooddrupelet plant", "true blackberry plant", "western blackberry plant", " foodberry food", "dewberry plant", "sand blackberry plant", "fruit", "edible fruit", "aggregate fruit", "information appliance"], [], [], [], [], [], [" communicationews communicatio", " possessiosum possessio", " attributeextent attribute"], [" communicatiotelephone communicatio", " sportdecision act", "function call communication communicatio", "long distance communication communicatio", "system call communication communicatio", " communicatiodemand communicatio", " communicatiorequest communicatio", "local call communication communicatio", "collect call communication communicatio", "wake up call communication communicatio", "call back communication communicatio", " cognitioinclination cognitio", " actvisit act", "crank call communication communicatio", "round act", "call in communication communicatio", "recall communication communicatio", "conference call communication communicatio", " communicatioinstruction computer science"], ["place", "carpenter's level artifact", " meteorologypressure unit quantity", " artifactobstruction artifact", " lawrailing artifact", " objectbarrier object", "rail artifact", "handlebar artifact", "oyster bar artifact", "drawbar artifact", "cash bar artifact", "handspike artifact", "salad bar artifact", "soda fountain artifact", "grab bar artifact", "shackle artifact", "slice bar artifact", "wet bar artifact", " artifactheating element artifact", "fret artifact", "stabilizer bar artifact", " artifactcounter artifact", "sushi bar artifact", "core artifact", "track artifact", " objectridge object", "belaying pin ship artifact", "rotor artifact", "towel rail artifact", " artifactimplement artifact", " artifactsupport artifact", "sandbar object", "heaver artifact", "bolt artifact", "lever artifact", "chinning bar artifact", "crossbar artifact", "snack bar artifact", "wine bar artifact", "fretopencycbar object", "nightclubopencycnight clubopencycbar drinking establishment", "place where alcoholic drinks", "pub", "opencycbar placeman made structure", "billiards saloonopencycbar drinking establishment", "popular file name in examples", "railopencycrail baropencycbar object"]], "/r/PartOf": [[], [], [], [], [], [], [" foodtrue blackberry plant", " foodwestern blackberry plant"], [], [], [], [], [], [], [" communicatiocard game act"], [" artifacthorizontal bar artifact", " artifactparallel bars artifact", "millibar quantity meteorology", " lawcourt law", "barye quantity meteorology", " artifactgoal artifact"]], "/r/HasA": [[], [], [], [], [], [], [], [], [], [], [], [], [], [], ["seafood restaurants"]], "/r/CapableOf": [[], [], [], [], [], [], [], [], [], [], [], [], [], [], []], "/r/AtLocation": [[], [], [], [], [], [], [], [], [], [], [], [], [], ["answering machine"], ["beer", "drunk", "city", "alcoholics", "huma", "stools", "vodka", "stool", "drunkards", "bartender", "drunk people", "lemon peel", "waitress", "cocktail waitress", "spirit", "wine", "liquor", "customer", "barstools", "liquor glass", "alcoholic", "tab", "alcoholic beverage", "spirits", "cocktail cabinet", "cigarette smoke", "weasel i", "pretty girls", "mug", "cold tap", "sexual harassment", "sluts", "idiots", "airport", "ash tray", "corner of two streets", "shot glass", "restaurant", "nightclub", "las vegas", "michiga", "law student taking test", "student", "rowdy conduct", "whiskey", "guys looking for pretty girls", "beverages", "new york city", "white russia", "chips", "club", "alcholic drinks"]], "/r/HasProperty": [[], [], [], [], [], [], [], [], [], [], [], [], [], [], []], "/r/CreatedBy": [[], [], [], [], [], [], [], [], [], [], [], [], [], [], []], "/r/Synonym": [["smartphone zombie"], [], [], [], [], [], ["blackberry bush plant", "bramble", "blackberry bush", ""], [], [], [], [], [" communicatioflash card communicatio"], ["insurance coverage possession possessio", "reporting communication communicatio", "reportage communication communicatio"], ["call off motion motio", "call up telephone", " actcall option act", "v communicatioshout communicatio", " communicatiocry communicatio", "v communicationame communicatio", "telephone call communication communicatio", "ring up", "v socialaddress social", "phone call communication communicatio", "v card gamebid game", "claim communication communicatio", "ring telephone", "v socialvisit social", "telephone", "send for communication communicatio", "telephone", "call in possession possessio", "phone telephone", " communicatiomargin call communicatio", "v communicatiopredict communicatio", " communicatiobirdcall communicatio", "drop someone line", "invoke"], ["v contactbarricade contact", "exclude communication communicatio", "debar communication communicatio", "v socialbanish social", " communicatiomeasure communicatio", "but", " artifactbrowning automatic rifle artifact", " attributestripe attribute", " lawlegal profession law", " artifactcake artifact", " artifactbarroom artifact", " actprevention act", "apart from", "measure", "pipe", "wikten 1barroom"]], "/r/LocatedNear": [[], [], [], [], [], [], [], [], [], [], [], [], [], [], []], "/r/SimilarTo": [[], [], [], [], [], [], [], [], [], [], [], [], [], [], []], "/r/MadeOf": [[], [], [], [], [], [], [], [], [], [], [], [], [], [], []], "/r/ReceivesAction": [[], [], [], [], [], [], [], [], [], [], [], [], [], [], []]}, "/r/UsedFor": {"/r/RelatedTo": [[]], "/r/UsedFor": [[]], "/r/LocatedAt": [[]], "/r/FormOf": [[]], "/r/IsA": [[]], "/r/PartOf": [[]], "/r/HasA": [[]], "/r/CapableOf": [[]], "/r/AtLocation": [[]], "/r/HasProperty": [[]], "/r/CreatedBy": [[]], "/r/Synonym": [[]], "/r/LocatedNear": [[]], "/r/SimilarTo": [[]], "/r/MadeOf": [[]], "/r/ReceivesAction": [[]]}, "/r/LocatedAt": {}, "/r/FormOf": {"/r/RelatedTo": [[], ["cellphone"], [], []], "/r/UsedFor": [[], [], [], []], "/r/LocatedAt": [[], [], [], []], "/r/FormOf": [["vcellphone"], ["cellphone"], [], ["vcellphone"]], "/r/IsA": [[], [], [], []], "/r/PartOf": [[], [], [], []], "/r/HasA": [[], [], [], []], "/r/CapableOf": [[], [], [], []], "/r/AtLocation": [[], [], [], []], "/r/HasProperty": [[], [], [], []], "/r/CreatedBy": [[], [], [], []], "/r/Synonym": [[], [], [], []], "/r/LocatedNear": [[], [], [], []], "/r/SimilarTo": [[], [], [], []], "/r/MadeOf": [[], [], [], []], "/r/ReceivesAction": [[], [], [], []]}, "/r/IsA": {"/r/RelatedTo": [[], ["call", "cell", "device", "communicatio", "phonetic", "ring", "dial", "phones", "phubbing", "phone monkey", "telephone", "dog", "senone", "yello", "sound", "white pages", "phoned", "vwikten 1telephone", "monophone", "voiced", "percussive", "phoning", "ring in", "complementary distribution", "phreak", "language", "ring around", "isophone", "samsung", "tapper", "ring out", "world phone", "phone up", "speaker", "wikten 1software", "ring round", "phoneme", "diphone", "wikten 1real time", "contact number", "wikten 2phonetically", "handsfree", "phoner", "phonetics", "down tack", "speaking clock", "wikten 1phone tag", "multiphone", "ring back", "calling", "talking", "communication device", "people", "calling people", "sprint", "mobile", "shorter", "ringing", "cellular", "tone", "address", "talk", "devise", "communication devise", "numbers", "mobile cell", "home", "kitche", "receiver", "calls", "making", "making calls", "cells", "telecommunicatio", "communication cell", "voice", "voice communicatio", "ring tone", "cell device", "like cell", "like", "for talking", "apple", "released today", "today", "released", "dial tone", "contact", "office", "office desk", "desk", "talking device", "communication tool", "tool", "cell one", "hold", "caller id", "id", "caller", "number", "call with", "calling device", "hang", "busy", "ringer", "mobile sometimes", "sometimes", "bell", "typically cell", "typically", "booths", "everyone has", "has", "everyone", "versio", "shorter versio", "message", "typhoo", "telegraph", "line", "land", "land line", "name", "communication instrument", "ear", "instrument", "telecommunications", "telecommunications device", "cell communicatio", "card"]], "/r/UsedFor": [[], ["communicatio", "calling", "talking", "machine", "make call", "calling friends", "telephone room", "communicating"]], "/r/LocatedAt": [[], []], "/r/FormOf": [[], ["phoned", "phoning", "phones"]], "/r/IsA": [[], [" phoneticslanguage unit communicatio", "phoneme linguistics phonetics", "sonant communication phonetics", "vowel communication phonetics", "device", "orinasal phone communication phonetics", "consonant communication phonetics", "semivowel communication phonetics", "digital telephone", "mobile phone", "cellphone", "short way of saying telephone", "private business exchange telephone", "dial phone", "telephone", "landline telephone", "form of communicatio", "on hook", "abbreviation of telephone", "electrical device", "home telephone", "touch tone telephone", "cordless telephone", "cellular phone", "extension telephone", "shortened form of telephone", "machine", "communication device", "answering machine phone", "pay phone", "manufactured device", "off hook", "tool", "another way of saying telephone", "tool to call", "pay phoneopencycpublic telephone"]], "/r/PartOf": [[], [" phoneticsutterance communicatio", "keypad"]], "/r/HasA": [[], []], "/r/CapableOf": [[], ["make calls", "ring three times", "ring until answered", "ring loudly", "ring incessantly"]], "/r/AtLocation": [[], ["desk", "office", "motel", "house", "desktop", "at hotel", "keypad", "rest area", "neighbor's house"]], "/r/HasProperty": [[], ["one kind of electric machine"]], "/r/CreatedBy": [[], []], "/r/Synonym": [[], ["sound phonetics", " artifactearphone artifact", " artifacttelephone artifact", "v telephonecall telephone", "speech sound phonetics", "telephone", "wiktfr 1telephone", "vwiktfr 1telephone", "phone up"]], "/r/LocatedNear": [[], []], "/r/SimilarTo": [[], []], "/r/MadeOf": [[], []], "/r/ReceivesAction": [[], []]}, "/r/PartOf": {}, "/r/HasA": {}, "/r/CapableOf": {}, "/r/AtLocation": {"/r/RelatedTo": [["wallet", "pocket", "piastre", "handbag", "turkey", "change purse", "toma", "purser", "bag", "manpurse", "pogue", "bourse", "pursing", "hobo bag", "persia", "purses", "knittle", "purseless", "cutpurse", "purseth", "kinchaku", "quantity", "marsupite", "reimburse", "pursed", "purselike", "bursar", "bursa", "sum", "belt purse", "pursest", "vprotrude", "money", "air kiss", "bursiform", "purseweb spider", "pocketbook", "unpursed", "pickpurse", "purseful", "penduline", "bulse", "womans bag", "womans", "wallet bag", "case", "container", "change container", "change", "female wallet", "female", "girl things", "girl", "compact", "holding", "holding bag", "doctor", "woman handbag", "woma", "lady wallet", "lady"]], "/r/UsedFor": [["carry money", "carrying money", "carry wallet", "holding personal effects", "holding cash", "hitting over head", "store makeup", "carrying money and personal identificatio", "put shit i", "holding makeup", "carry things", "putting money i", "holding change", "store checkbook", "holding stuff"]], "/r/LocatedAt": [[]], "/r/FormOf": [["pursing", "pursed", "purses"]], "/r/IsA": [[" possessiosum possessio", " artifactbag artifact", "evening bag", "typically", "handbag", "gearopencycpersonal device", "shoulder bag", "baggage", "small bag carried bgy wome", "non powered device"]], "/r/PartOf": [["purse string artifact", "strap"]], "/r/HasA": [["money"]], "/r/CapableOf": [["hold money", "store money", "hold cosmetics"]], "/r/AtLocation": [["wallet", "checkbook", "keys", "checkbook cover", "cheque book holder", "credit card wallet", "checkbook holder", "comb", "credit card", "lint", "handbag", "cash coi", "mirror", "coin purse", "key", "coi", "lipstick case", "tampo", "dollar bill", "coins", "train ticket", "cash", "small mirror", "tissue", "subway pass", "pe", "lipstick", "glasses case", "money", "dollars", "pill", "women's accessory store", "pocket", "pepper spray", "key chai", "hanging on woman's shoulder", "junk", "safety pi", "identificatio", "calculator", "sunglasses", "house", "account book", "hand", "facial tissue", "nail file", "money if you're lucky", "kleenex", "chewing gum", "hair brush", "writing instrument", "opera glasses", "notepad", "key case", "cellphone", "junk and lots of", "home", "dime", "woman's room", "driver's license", "nickle", "condom", "department store", "aspiri", "handkerchief", "calendar book", "cash toke", "tanning lotio", "makeup", "vanity case", "dollar", "debit card", "eyeglasses case", "penny", "return ticket", "pocket sized notebook", "store", "movie ticket", "fake id", "change", "candy", "robber's cache", "gum", "moistener", "tissues", "car keys"]], "/r/HasProperty": [[]], "/r/CreatedBy": [[]], "/r/Synonym": [["handbag", " artifactbag artifact", "wrinkle contact", "bursary", "pocketbook", "coin purse", "pocket", "poke", "vpucker"]], "/r/LocatedNear": [[]], "/r/SimilarTo": [[]], "/r/MadeOf": [[]], "/r/ReceivesAction": [[]]}, "/r/HasProperty": {}, "/r/CreatedBy": {}, "/r/Synonym": {"/r/RelatedTo": [[], [], [], ["cellular phone", "cellmate", "goal celebratio"], ["cell", "moving a ", "a moving ", "moblog", "food cart", "smartbook", "mobilize", "aagency", "canteen", "transtainer", "mobile telephone", "mobile county", "idevice", "antherozoid", "podcasting", "mm", "mobilizatio", "county seat", "airhouse", "playbus", "wireless operator", "corridor warrior", "phorocyte", "railway gun", "smartwatch", "amove", "battle bus", "hostess trolley", "field hospital", "smac", "phablet", "road warrior", "alabama", "byod", "move", "hypomobile", "mobilelike", "mobility", "field artillery", "metallic bond", "amobile phone", "guerrilla warfare", "hovercam", "prefix", "mobilise", "mobilization", "chromatography", "afluidity", "awheel", "movely", "m commerce", "internet", "smart band", "lamellipodium", "afreedom", "microbot", "ambulance", "cell yell", "landline", "trunk", "madware", "immobile", "ultramobile", "hypermobile", "on wheels", "mobile device", "nonmobile", "planozygote", "yaranga", "automobile", "kinetic", "ringxiety", "reverse link", "mobot", "field kitchen", "nerdic", "text message", "sculpture", "third screen", "teacart", "mobilome", "mobiles", "forward link", "trailer", "phone", "text", "car", "telephone", "sprint", "toy"]], "/r/UsedFor": [[], [], [], [], []], "/r/LocatedAt": [[], [], [], [], []], "/r/FormOf": [[], [], [], ["cellies", "cellie"], ["mobiles"]], "/r/IsA": [[], [], [], [], [" artifactsculpture artifact", "sculpture", "baby mobile"]], "/r/PartOf": [[], [], [], [], [" objectalabama locatio", " locatioalabama locatio"]], "/r/HasA": [[], [], [], [], []], "/r/CapableOf": [[], [], [], [], ["delight infant"]], "/r/AtLocation": [[], [], [], [], ["note"]], "/r/HasProperty": [[], [], [], [], []], "/r/CreatedBy": [[], [], [], [], []], "/r/Synonym": [[], [], [], ["cellmate", "cellphone"], ["mobile phone", "mobile river object", "a nomadic ", "fluid a ", "cellphone", "cell phone", "relocatable", "cellular telephone", "wpsculpturewpsculpture"]], "/r/LocatedNear": [[], [], [], [], []], "/r/SimilarTo": [[], [], [], [], ["ambulant a ", "perambulating a ", "racy a ", "mechanized a ", "a transplantable ", "a rangy ", "a floating ", "seaborne a ", "a mechanized ", "rotatable a ", "a versatile biology", "a transportable ", "waterborne a ", "a ambulant ", "a perambulating ", "floating a ", "transplantable a ", "motile microorganism ", "a changeable ", "a maneuverable ", "a airborne ", "rangy a ", "moving a ", "a rotatable ", "changeable a ", "a waterborne ", "versatile biology ", "transportable a ", "airborne a ", "raiseable a ", "a moving ", "maneuverable a ", "a raiseable ", "a racy ", "a seaborne ", "a motile microorganism"]], "/r/MadeOf": [[], [], [], [], []], "/r/ReceivesAction": [[], [], [], [], []]}, "/r/LocatedNear": {}, "/r/SimilarTo": {}, "/r/MadeOf": {}, "/r/ReceivesAction": {}}}, "": {"N1": {"/r/RelatedTo": ["windowdoor", "worklabor", "butchermeat", "gallomeasure", "woundgash", "punishmentcrime and", "chickelaying", "thricerthree", "informed educated ", "closed obstructed ", "transpondianrightpondia", "mystifymystery", "audiovisualsaudiovisual"], "/r/UsedFor": ["flash artifactlight physics", "string bassplaying music"], "/r/LocatedAt": [], "/r/FormOf": ["air burstsair burst", "pot belliespot belly", "cross sectionscross sectio"], "/r/IsA": ["suburb locatioresidential district locatio", "western skink animalskink animal", "inertial mass physicsmass attribute", "leading man persoactor perso", "occasion timetime time", "tree toad animalfrog animal", "petaurista animalmammal genus animal", "torch singer persosinger perso", "drop arch artifactpointed artifact", "rottenstone substancelimestone substance", "scorpionfish animalscorpaenid animal", "temporary hookup artifactconnection artifact", "acrylic fiber substanceman made substance", "dependence statestate ", "overhand pitch actpitch baseball", "american spikenard plantsubshrub plant", "hedonist persosensualist perso", "homecoming actreunion act", "aldrovanda plantdicot genus plant", "ambystomatidae animalamphibian family animal", "assist ice hockeymaneuver act", "tithe barn artifactbarn artifact", "hypsometer artifactaltimeter artifact", "papyrus communicatiodocument communicatio", "cacodyl substancegroup chemistry", "penance actsacrament act", "rule of evidence lawrule communicatio", "usherette persousher perso", "hooks bodyhand body", "bilabial communicatiolabial consonant communicatio", "kurdish communicatioiranian communicatio", "theism cognitioreligion cognitio", "aristocrat persoleader perso", "bundesbank groupcentral bank group", "skirtform of female attire", "yardarm artifactend locatio", "supreme court lawfederal group"], "/r/PartOf": ["satachristian myth", "old testament communicatiobible communicatio", "styloid process bodytemporal bone body", "voider artifactbody armor artifact", "tower of london artifactlondon locatio"], "/r/HasA": ["baywater"], "/r/CapableOf": ["blanketscover bed", "chefbone chicke", "authorswrite books"], "/r/AtLocation": ["windowhouse", "dustcarpet", "action figuretoy department", "barbershopmall", "mouselab maze"], "/r/HasProperty": [], "/r/CreatedBy": [], "/r/Synonym": ["hawaiian honeycreeper animalhoneycreeper animal", "thing cognitiomatter cognitio", "dprk locationorth korea locatio", "gas tight air ", "get into possessioget in possessio", "west persocicily isabel fairfield perso", "sapindus drumondii plantwild china tree plant", "abls communicatiobachelor of arts in library science communicatio", "homburg artifactfedora artifact", "choking coil artifactchoke artifact", "sewerage artifactsewer artifact", "fish bowl stategoldfish state", "caddy golfcaddie golf", "moray eel animalmoray animal", "family zygnemataceae animalzygnemataceae animal", "severity attributeaustereness attribute", "hors d oeuvre foodhors food", "chukka artifactchukka boot artifact", "immunise competitioimmunize competitio", "kindling pointautoignition temperature", "corruptlyr corruptedlyr ", "lazy faineant ", "copernicia prunifera plantcarnauba plant", "log z's bodysleep body", "sworn pledged ", "palestine authority grouppalestine national group", "polyodon spathula animalpaddlefish animal", "linnaea borealis americana plantamerican twinflower plant", "stylise artstylize art", "thank youthank you very much", "infirm decrepit ", "uriniferous tubule bodynephron body", "passing actpassage act", "rio nunez coffee plantrobusta plant", "experimentation cognitioexperiment cognitio", "powerful knock do a ", "lichgate artifactlychgate artifact", "take advantage socialtrespass social", "pyrethrum plantpainted daisy plant", "take turns changealternate change", "water level locatiowaterline locatio", "fuddle stateclutter state", "insisting communicatioinsistence communicatio", "vibrate perceptioresonate perceptio", "viridity attributegreen attribute", "yarn dye changeimpress change", "balaenoptera borealis animalsei whale animal", "electron orbit locatioorbit locatio", "lillie persobeatrice perso"], "/r/LocatedNear": [], "/r/SimilarTo": ["large leafed leafy ", "captious critical ", "exaggerated increased ", "effective militaryoperational military", "tasty winey ", "fast breaking news article", "second rate inferior ", "disputatious argumentative ", "private nonpublic ", "coated glazed ", "free clear "], "/r/MadeOf": [], "/r/ReceivesAction": []}, "N2": {}}}