{"fail": {"N1": {"/r/RelatedTo": ["fallible", "failure", "grade", "nonfailing", "unreach", "fail at life", "go down tube", "disobey", "misken", "flunk", "fall on one's face", "emptyhanded", "lost errand", "conkwikten 3", "take shit", "screw pooch", "surelyr", "neglect", "all or nothing", "misplease", "weaklink", "underthink", "hitty missy", "go back", "go belly up", "plough", "resit", "vwikten 1unsuccessful", "fallibility", "take on water", "scantlewikten 2", "miss boat", "miscarry", "fallacious", "miss stays", "bomb out", "failable", "disaster waiting to happen", "vwikten 1goal", "disappoint", "blow one's chance", "go down drain", "contravene", "infallible", "miss one's tip", "prat about", "hit or miss", "without failr", "go down tubes", "breaking change", "bite dust", "take count", "failed", "failure rate", "thwart", "come to nought", "miss point", "fail\u2019d", "shit bed", "frail", "leave someone out in cold", "renounce", "residuary estate", "turn turtle", "come cropper", "go under", "life critical", "sink like stone", "fallacy", "arf", "fall between two stools", "stickit minister", "clap out", "fall off wagon", "break do v", "go out", "kamikaze", "barf", "come gutser", "underawe", "infallibility", "malfunction", "disaccord", "misheed", "fall by wayside", "fail secure", "blow gasket", "failer", "pass no", "overload", "secure", "too big to fail", "all sizzle and no steak", "let do v", "go back on", "faileth", "reckon", "drop ball", "safety critical", "die on vine", "bollockswikten 1", "fool's errand", "deadbeat dad", "fall do v", "draw blank", "go wrong", "lose one's way", "flunk out", "fall at last hurdle", "losewikten 1", "failinglyr", "bite big one", "win battle but lose war", "blind", "death march"], "/r/UsedFor": ["brake artifact change"], "/r/LocatedAt": [], "/r/FormOf": ["fails", "failed", "failing", "failure"], "/r/IsA": [], "/r/PartOf": [], "/r/HasA": [], "/r/CapableOf": ["christia", "plans"], "/r/AtLocation": [], "/r/HasProperty": [], "/r/CreatedBy": [], "/r/Synonym": ["flush it social", "give way change", "go wrong social", "flunk social", "conk out change", "betray emotion emotio", "bomb social", "break do v change", "go change", "give out change", "miscarry social", "neglect social", "go bad change", "break change", "run out change", "die change", "collapse", "miscarry", "decline", "abate", "decay", "failure", "founder"], "/r/LocatedNear": [], "/r/SimilarTo": [], "/r/MadeOf": ["troll", "epic fail"], "/r/ReceivesAction": []}, "N2": {"/r/RelatedTo": {"/r/RelatedTo": [["afail", "errable", "afallibilist", "awrong", "nonfallible", "falliblyr", "afallibility", "afallibilism", "afallacious", "fallibleness", "ainfallibility", "faultworthy", "failable", "fallacy", "amistake", "fallacious", "afallacy"], ["fail", "guy fawkes day", "nonfailure", "fight losing battle", "jeopardy", "functio", "anosognosia", "nonfulfillment", "johanson blizzard syndrome", "mis", "fatigue", "mintie moment", "rupture", "nonconformity", "materials science", "underwrite", "misheed", "fail safe", "conditio", "slogginess", "noncomplementation", "s.m.a.r.t", "lapse", "smashup", "nonsuccess", "ileus", "you win some lose", "killer", "lip flap", "lazarus sign", "required", "death spiral", "even odds", "item", "down toilet", "on ropes", "breakdo ", "misfield", "hemiaplasia", "lay eggs", "circle drain", "nonretraction", "nondestruction", "capacitor plague", "desirable", "bankruptcy", "success", "incohesion", "misapprehension", "intended", "miss is as good mile", "failureless", "find out hard way", "incapable", "flopdom", "perseverance", "from dead", "asystole", "failures", "dispute", "nonpayment", "busy signal", "have last laugh", "kallman syndrome", "esophagopathy", "race suicide", "doomed", "click of death", "backcast", "nonhappening", "perform", "state", "clusterfuck", "refranation", "sometimes you eat bear and eats", "kablooie", "fault", "terminate", "back to square one", "bomb", "engaged tone", "error", "cockayne syndrome", "no win situation", "megaflop", "nonprotest", "save day", "back to square oner", "objective", "alopecia", "often wrong never in doubt", "inattention", "malfunction", "washout", "fatal", "fallacious", "china syndrome", "failproof", "brinelling", "meet", "vanity press", "efato", "twist in wind", "antifailure", "final nail in coffin", "bathos", "fiasco", "turkey", "no win", "guaranty", "guy fawkes night", "take", "backfiring", "tick paralysis", "do or die", "trainwreck in slow motion", "dyskeratosis congenita", "premortem", "failover", "every man is architect of his own fortune", "stink", "breach of contract", "pull out of fire", "burn in", "ability", "nonfeasance", "smith lemli opitz syndrome", "endeavour", "straw that broke camel's back", "nonperformance", "object", "lay egg", "kussmaul breathing", "redundancy", "alienation of affections", "crush syndrome", "underaccommodation", "persistent truncus arteriosus", "preterition", "digitalis", "mechanical", "blamestorm", "heart attack", "give something up as bad job", "flopperoo", "gynogenesis", "pride comes before fall", "goldensprog", "didelphys", "epic fail", "reboot", "postlapsarian", "misappreciation", "flop sweat", "make or break", "anhepatia", "tombstone engineering", "postfailure", "death by thousand cuts", "yo mode", "dysadaptation", "excalation", "opposite", "verocytotoxin", "shit", "adiaphoria", "defining moment", "dud", "bardet biedl syndrome", "defeat", "lose", "mistake", "retreat", "regret", "rui"], ["a", "class", "fail", "slope", "test", "year", "correctwikten 2", "grade on curve", "report card", "staff surgeon", "non gradable", "grades", "vlevel", "orange pekoe", "washboard", "midgrade", "regrade", "woolclassing", "vseam allowance", "misgrade", "woolclasser", "vtest", "mil spec", "no roll", "ground", "woolsorter", "gentleman's c", "topnotcher", "decigrade", "washboarding", "vcomponent", "vacademic", "hierarchical", "clade", "extra virgin", "overgrade", "f minus", "score", "ungraded", "vsurface", "gradate", "gradable", "honor student", "profile", "gradewide", "kindergarten", "lilioid", "soda ash", "taxo", "gradient", "vflatte", "nonachiever", "divisor", "undergrade", "vscore", "ungradedness", "aoutstanding", "flunk out", "system", "servant out of livery", "gradient post", "grader", "standard", "linear", "gradee", "rating", "multigrade", "gradienter", "plus", "transcript", "bactoagar", "regrading", "gradia", "shui xian", "vremove", "fancy", "gradation", "hydrostatic pressure relief system", "passing grade", "variety", "pelycosaur", "progress", "vrddhi", "gradeless", "minus", "vpass", "dean's list", "vtrim", "coursework", "mark", "dop", "upgrade", "grade crossing", "generic", "metallic waterproofing", "intergrade", "ascent", "graded", "industrial", "social promotion", "kyu", "vseam", "grading", "j.g", "term paper", "level", "graduate", "purum", "cru", "degree", "vsmooth", "voverall", "ordinary seaman", "pitching", "military rank", "vbulk", "pass fail", "grade inflation", "failing", "report", "rank", "excellent", "rate", "average", "pass", "regular", "hill", "course", "school mark", "school", "quality", "evaluatio"], ["afail"], ["reachlessness", "vreach", "vfail"], [], [], ["vdisobedience", "vdisobedient", "unmind", "disobeying", "vorder", "vobedient", "vfail", "disobeys", "vobey", "disobedience", "vrefuse", "delinquent", "vobedience", "obedient", "disobeyer", "disobeyeth", "disobedient", "obedience", "luser", "contempt of court", "disobeyed", "red light camera", "disobeyest"], ["vknowledge", "vignorant", "vdeny", "voverlook", "vwrong", "vignore", "vdisclaim", "vacknowledge", "videa", "videntify", "vunaware", "vdisregard", "vdiso ", "vdisavow", "vrepudiate", "vesteem", "vrecognise", "vrefuse", "vexaggerated", "vmisunderstand", "vmisconceive", "vappear", "vfalse", "vfail", "vmistake", "vmentio", "vneglect", "vrecognitio"], ["flunking", "flunk out", "vpass", "vfear", "flunked", "vback out", "flunks", "vshirk", "flunkee", "vfail", "fail"], [], ["aempty handed", "aimpoverished", "aunarmed", "empty", "emptyhandedlyr", "toom handedr", "afail", "toom handed"], [], [], [], [], [], ["shoemaker's children go barefoot", "forsleep", "forsee", "mishold", "misken", "vcarelessness", "lack", "vcare", "neglected", "backhandedness", "inattention", "neglectful", "neglecting", "negligiblyr", "vnegligee", "abandoning", "soger", "dilapidated", "overslip", "negligible", "languish", "vnegligence", "forcasten", "habitual", "vforbear", "slight", "vattend", "vnotice", "care", "dereliction", "vomit", "voversight", "nonacceptance", "urban blight", "undersee", "neglectest", "wither on vine", "negligence", "lapse", "forsloth", "misprision", "misregard", "neglectee", "talkative", "disuse", "slighting", "vattentio", "mislippen", "neglecter", "vrespect", "vslight", "dilapidation", "leave out", "cesser", "doomage", "oversit", "die on vine", "neglects", "vfail", "death camp", "neglecteth", "forlet", "actio", "bad", "bad parenting", "parenting", "leave undone", "undone", "leave"], [], ["vfail", "vdisplease"], ["permissive action link", "fail", "safety", "damage"], ["vthought", "vconsideratio", "vgive", "underthinker", "vfail", "vconsider"], [], [], [], ["plow", "ploughs", "plougheth", "ploughzone", "sharebeam", "boutwikten 1", "whippletree", "till", "cascrom", "hide", "ploughpan", "rib", "cultirostral", "fallowed", "caschrom", "mouldboard", "carucate", "landside", "ploughtail", "two wheel tractor", "book", "seam presser", "ploughed", "joiner", "grove", "alkaid", "ploughing", "sullwikten 2", "ploughest", "sheth", "undercutter", "plane", "constellatio", "rake", "vhave sex", "summer fallow", "ploughstaff", "balarama", "plowman", "vmove", "middlebuster", "furrow", "standard", "star", "subsoiler", "ploughhead", "dubhe", "drail", "disc", "trim", "ploughland", "carpetway", "replough", "overplough", "earing", "soam", "iron harvest", "ploughmanship", "yoke", "ploughboy", "vfail", "ard", "unploughed", "listing", "ploughwise", "ploughlike", "bookbinder", "shave", "harrow", "turnwrest", "groove", "plowshare", "implement", "trench plough", "draft horse", "ursa major", "arent", "stilt", "ploughhorse", "plowright", "hoodening", "earthboard", "farm", "ox"], ["retake", "resits", "vexaminatio", "resitting", "resitter", "fail", "resat", "examinatio", "vfail"], [], ["errancy", "prone to", "fallible", "fallacy", "afail", "fallibilities", "ainfallible", "fallacious"], [], [], [], ["vabort", "misluck", "miscarrying", "vwrong", "cast", "vfail", "miscarries", "vmiscarriage", "vrecipient", "miscarried", "vfoetus"], ["afalse", "ad hominem", "afalsifier", "afalsity", "afalsificatio", "specious", "awrong", "paralogist", "sophistical", "afallible", "fallaciouslyr", "afallibilism", "afallacy", "adeceitful", "amisleading", "adeceptive", "sophistic", "fallacy", "nonfallacious", "aillogical", "fallible", "sophist", "adeceiving", "argumentum ad fidem", "afalsificator", "afaulty", "afallibilist", "afail", "sophistry", "paralogism", "ignotum per ignotius", "amistake", "aerroneous", "fallaciousness", "argumentum ad populum", "erroneous", "argumentum ad ignorantiam", "adelusive", "afailure", "aincorrect", "aillusive", "antilogic", "afallibility", "afalsify", "aillusory", "aspecious", "crocodile", "argumentum ad hominem", "afalsifiable"], [], [], ["aexhaust", "afail", "afallible"], [], [], ["disappointment", "rain on someone's parade", "vyield", "frustrate", "disappointeth", "piss on someone's bonfire", "faithless", "deceive", "disappointing", "begeck", "piss in someone's cornflakes", "choker", "disenchant", "disappoints", "vdisplease", "vfail", "bummed out", "let do v", "deflate", "vunderperform", "adisappointed", "disappointest", "vsadde", "disappointed", "disoblige", "vexpected", "vpromised", "disappointer", "flat out"], [], [], ["vcontraventio", "contraveneth", "vtruth", "contraventional", "contravenest", "vcontrary", "vorder", "contravening", "contravener", "vconform", "run afoul of", "vregulatio", "vdeny", "vact", "contravened", "vfail", "contravention", "contravenes"], ["infallibility", "ainfallibility", "aweakness", "aerror", "acertai", "foolproof", "ainfallibly", "asure", "infalliblyr", "afault", "afail", "unfailing", "bulletproof", "fallibility", "knaveproof", "inerrable", "errancy", "noninfallible", "infallibleness", "afallacy"], [], [], [], [], [], [], [], [], ["yo dieting", "sweet seventeen", "disconfirmed expectancy", "toes up", "parker square", "tits up", "pseudarthrosis", "botched up", "in vain", "abankrupt", "anticlimax", "vfail", "unsuccessful"], [], ["vprevent", "double bank", "vobstruct", "frustrate", "thwartable", "thwartedness", "crimebusting", "put spoke in someone's wheel", "thwarter", "hostile", "have one's hands tied", "thwarts", "stymie", "confound", "sneap", "tower of babel", "prevention", "rail", "take wind out of someone's sails", "thwarting", "thwartest", "tie someone's hands", "atransverse", "thwarteth", "counteract", "thwarted", "thwartness", "keel", "vimpede", "beam", "transom", "aoblique", "crimebuster", "vfail", "thwartinglyr", "stop", "foil", "make", "make unsuccessful", "unsuccessful", "pla", "spoil pla", "spoil"], [], [], ["vfail"], [], ["a delicate ", "delicate a ", "a weak ", "unhealthy a ", "afragility", "fragile", "adurable", "ainfirm", "girl", "afrailty", "frailish", "pindling", "atemptatio", "frailed", "slimsy", "aweak", "afirm", "aresolutio", "aunchaste", "afail", "vbanjo", "afragile", "avirtue", "afrailness", "infirm", "afractal", "afracture", "fraillyr", "abreak", "asi", "sensitive", "cabas", "wastewikten 3", "tea and toaster", "afractio", "frailing", "fraction", "afractional", "aperish", "frails", "frailness", "vfingernail", "afrailly", "sparrowlike", "frailty", "weak", "elderly", "conditio", "weakness", "elderly conditio", "perso", "elderly perso", "old", "old weak", "bones", "weak bones", "adjective", "delicate"], [], ["renunciation", "vresig", "renounces", "vdiscontinue", "postdigital", "renunciatio", "renouncest", "vformal", "vcast off", "vatsake", "sequester", "abjure", "vdiso ", "vpronounce", "renunciatory", "vassociatio", "vright", "abdicate", "vsurrender", "renunciant", "renounceable", "vgive up", "forsake", "renounceth", "apostate", "renege", "forsay", "vdenounce", "vdecline", "renunciate", "dust up", "renouncer", "renouncement", "vfollow suit", "mitchell principles", "vforsake", "expatriate", "renunciative", "apostatize", "apotactite", "vfail", "renounced", "vannounce", "vabando", "vtrust", "pray gay away", "renouncing", "forisfamiliate", "forswear", "self renunciation", "diso v", "abnegate", "vdeclaratio", "vrenunciatio", "vrepudiate", "denounce"], [], [], [], [], [], [], ["sophism", "petitio principii", "fallacious", "no true scotsman fallacy", "fallibilism", "idolum", "proof by example", "conceptual fallacy", "beg question", "illogic", "argumentum ad crumenam", "fallibility", "concretism", "specious", "logical fallacy", "two wrongs make right", "fail", "circular argument", "begging question", "urban legend", "false", "vicious circle", "equivocation", "argument from ignorance", "deceptive", "argument", "fallibilist", "bulverist", "non sequitur", "fallible", "infallible", "informal fallacy", "bulverism", "fallacies", "falsism", "argumentum ad consequentiam", "ignoratio elenchi", "untruth", "palsy", "lie"], ["fail", "ruff", "ari", "retry", "half", "arif", "abort"], [], [], [], [], [], [], ["triple sec", "suicide bomber", "vodka", "vfail", "big blue blanket", "arisk", "vdestroy", "vdisastrous", "asuicidal", "seppuku", "hara kiri", "suicide", "attack", "cocktail", "lime juice"], ["vfail", "vvomit", "vomit", "barfed", "barfing", "barfs"], [], ["vawe", "vintended", "vfail", "vinspire"], ["infallible", "papal infallibility", "ismah", "fallible", "mistake", "neo ultramontanism", "fail", "infallibilism", "old catholic", "inerrability", "infallibilist", "inerrableness"], ["safety critical", "vimproper", "mal", "life critical", "kraepelinian", "on blink", "dysfunction", "valvopathy", "defect", "misfunction", "ribosomopathy", "glitch", "parthenin", "spaz", "break internet", "misworking", "dysvascular", "malfunctioned", "malfunctions", "watchdog timer", "vegas mode", "congestee", "malfunctioning", "hunk of junk", "vfunctio", "central pain syndrome", "imerslund gr\u00e4sbeck syndrome", "gammopathy", "faulty", "failure", "brown syndrome", "ondine's curse", "sick sinus syndrome", "take shit", "vfail", "anismus", "functio", "speech disorder", "trouble", "disorder", "go wrong", "disease", "error"], ["accord", "vfail", "vdissent", "disaccords", "vaccord", "absence", "reverse", "disharmony"], ["vfail", "heedlessness", "care", "vheed", "vamiss", "failure"], [], [], [], ["fail"], [], ["blow fuse", "traffic shaping", "overloadeth", "overloadest", "overloader", "overloading", "outage", "surcharge", "trip out", "overburden", "overloadable", "overlade", "overloaded", "overloads", "override", "vpower", "vload", "damage", "overfreight", "vfail", "swaying"], ["protected a ", "safe a ", "a protected ", "a safe ", "a invulnerable ", "fixed a ", "invulnerable a ", "a fixed ", "safe", "landing net", "burglarproof", "ultrasecure", "chivy", "sure up", "embedded", "deadbolt", "reefpoint", "afail", "unassailable", "lingerie tape", "thiefproof", "worry free", "bridgehead", "batten do v", "packing case", "bail out", "bicycle stand", "settlewikten 1", "zori", "safe as houses", "bolster", "hazardproof", "hackerproof", "frap", "lock in", "revolving loan", "access code", "aanxiety", "oropharyngeal", "anaconda mortgage", "chuckable", "beret", "selfsecure", "twistlock", "afinancial", "cleat", "margin", "multilocked", "order", "youth detention centre", "catholic creditor", "insecure", "general retainer", "moor up", "restraint", "snug", "well fixed", "analog hole", "unmortared", "letterbox", "bitts", "guard", "wharf", "securest", "build on sand", "lavalava", "forefix", "bestay", "multilocking", "afirm", "boltwikten 1", "loggerhead", "pier", "tuft", "leash", "nookery", "aattack", "snake fence", "secures", "aeavesdropping", "counterbond", "sugar tit", "safety", "safe deposit box", "areliable", "adiscovery", "deadlatched", "collateralize", "secureness", "liar's mortgage", "breathe easy", "treebound", "irredeemable", "razor wire", "arisk", "asecurity", "hackproof", "walk line", "chain", "furl", "secured", "secure by design", "reservation", "ensconce", "securing", "enlist", "nonsecure", "lash do v", "skewer", "stanchion", "car seat", "astable", "atheft", "tie up", "screw up", "tenderpreneur", "moorwikten 2", "stow away", "asecret", "aunafraid", "key bolt", "pagri", "vervelle", "diving", "virtual private network", "undergird", "jsse", "bellyband", "adoubt", "retain", "collateralized", "bumpkin", "blue shirt", "asafe", "aprotected", "truss", "irrelapsable", "lock do v", "ainterceptio", "get in", "belaying pin", "lanier", "securement", "air gap", "sure", "swiss bank account", "aloss", "safehouse", "hold fort", "securelyr", "inviolate", "pin do v", "tie do v", "get one's hands on", "gutmann method", "command", "debt of honor", "shipshape and bristol fashion", "yardsnap", "kerckhoffs's principle", "preshared", "atomic authorization", "assure", "furcula", "security", "zorb", "staplewikten 2", "rickety", "secureth", "cryptophone", "copper bottomed", "drop anchor", "flip flop", "fortify", "adanger", "safelyr", "foothold", "holderbat", "resecure", "wrap up", "protect", "bank", "lock"], [], [], [], [], ["vfail"], ["vtake into account", "reckoneth", "vthink", "take", "reckons", "vfail", "outtell", "tut work", "vdeal with", "rule of thumb", "underreckon", "vreckon with", "baal", "vmisjudge", "miscast", "unreckonable", "figure up", "reckonest", "vignore", "calculate", "hundred", "repute", "carucate", "forereckon", "reckonable", "temporal hour", "reckoner", "vreckon without one's host", "guess", "month of consecution", "tellwikten 1", "compute", "vaccount", "ab urbe conditar", "vdraw up", "cast up one's accounts", "dirhem", "overreckon", "reckoning", "vsettle", "vconsider", "unreckoned", "vreckon without", "leap day", "reckoned", "vsuppose", "connumeration"], [], [], [], [], [], [], [], [], [], [], [], [], [], [], [], [], ["mole", "see", "shade", "bat", "deaf", "blindish", "aneurological", "rlooking", "diplograph", "status ailment", "hide", "guide dog", "curtai", "small blind", "aunintelligible", "blinding", "visually impaired", "goalball", "blind massage", "snow blind", "window", "sighted", "big blind", "afail", "ab", "gooch eyed", "optacon", "runseeingly", "boss eyed", "adeaf", "eyeless", "deafblindness", "sandblind", "sunblind", "chick blinds", "raphigraphy", "snowblind", "blindism", "jalousie", "window treatment", "refreshable display", "nonsighted", "emblind", "venetian blind", "aacknowledge", "pseudergate", "aclose", "roller blind", "blindlyr", "torball", "late position", "asmallest", "darken", "unseeing", "noctograph", "aprint disabled", "glanceless", "window covering", "unblinded", "aslightest", "straddle", "aperceive", "forced bet", "blinder", "adead end", "aunconditional", "conceal", "double straddle", "avisibility", "stone blind", "covering", "rdealt", "unblind", "lorenz", "vtemporarily", "kobzar", "headrail", "gazeless", "aphysiological", "rcard", "braille", "gropinglyr", "blinded", "nonblind", "nonseeing", "print disabled", "asee", "ainvisible", "vpermanently", "blinds", "\u2803 \u2807", "blindage", "beblind", "subterfuge", "exoculate", "tiresias", "invisible", "blindness", "blind as bat"], []], "/r/UsedFor": [[], [], ["writing term paper", "writing program"], [], [], [], [], [], [], [], [], [], [], [], [], [], [], [], [], [], [], [], [], [], [], [], [], [], [], [], [], [], [], [], [], [], [], [], [], [], [], [], [], [], [], [], [], [], [], [], [], [], [], [], [], [], [], [], [], [], [], [], [], [], [], [], [], [], [], [], [], [], [], [], [], [], [], [], [], [], [], [], [], [], [], [], [], [], [], [], ["chai"], [], [], [], [], [], [], [], [], [], [], [], [], [], [], [], [], [], [], [], [], [], [], ["curtain artifact change"], []], "/r/LocatedAt": [[], [], [], [], [], [], [], [], [], [], [], [], [], [], [], [], [], [], [], [], [], [], [], [], [], [], [], [], [], [], [], [], [], [], [], [], [], [], [], [], [], [], [], [], [], [], [], [], [], [], [], [], [], [], [], [], [], [], [], [], [], [], [], [], [], [], [], [], [], [], [], [], [], [], [], [], [], [], [], [], [], [], [], [], [], [], [], [], [], [], [], [], [], [], [], [], [], [], [], [], [], [], [], [], [], [], [], [], [], [], [], [], [], [], []], "/r/FormOf": [[], ["fail", "failures"], ["graded", "grading", "grades"], [], ["unreaches", "unreaching"], [], [], ["disobeyeth", "disobeyest", "disobeying", "disobeyed", "disobeys"], ["miskent", "miskens", "miskenned", "miskenning"], ["flunking", "flunks", "flunked"], [], ["empty handed"], [], [], [], [], [], ["neglecting", "neglecteth", "neglects", "neglected", "neglectest"], [], ["mispleased", "mispleases", "mispleasing"], ["weaklinks"], ["underthinking", "underthinks", "underthought"], [], [], [], ["plow", "ploughing", "ploughest", "ploughland", "ploughs", "ploughed", "plougheth"], ["resits", "resat", "resitting"], [], ["fallibilities"], [], [], [], ["miscarried", "miscarrying", "miscarries"], [], [], [], [], [], [], ["disappointeth", "disappointing", "disappointed", "disappointest", "disappoints"], [], [], ["contravenes", "contravening", "contravened"], [], [], [], [], [], [], [], [], [], ["vfail", "fail"], [], ["thwarts", "thwarting", "thaught", "thwarted"], [], [], [], [], ["frailest", "frails", "frailed", "frailer", "frailing"], [], ["renounces", "renouncing", "renounced", "renounceth", "renouncest"], [], [], [], [], [], [], ["fallacies"], [], [], [], [], [], [], [], ["kamikazes", "kamikazeing", "kamikazed"], ["barfs", "barfed", "barfing"], [], ["underawed", "underawing", "underawes"], ["infallibilities"], ["malfunctioning", "malfunctions", "malfunctioned"], ["disaccording", "disaccorded", "disaccords"], ["misheeds", "misheeding", "misheeded"], [], [], [], ["failers"], [], ["overloads", "overloading", "overloaded"], ["securer", "secureth", "securest", "securing", "secured", "secures"], [], [], [], [], ["vfail"], ["reckoning", "reckon'd", "reckons", "reckoneth", "reckoned", "reckonest"], [], [], [], [], [], [], [], [], [], [], [], [], [], [], [], [], ["blinds", "blinder", "blindest", "blinding", "blinded", "blindeth"], []], "/r/IsA": [[], [" statefortune state", "failing act", "backsliding act", "bankrupt person perso", "dead duck state", "bank failure state", "crop failure state", "heart failure state", "nonconformity act", "naught act", "underdog person perso", "breakdoevent", "disappointment act", "flop event", "flash in pan person perso", "out baseball act", "renal failure state", "flop person perso", "miscarriage event", " eventhappening event", " statedisorder state", "default possession act", "error baseball act", "downfall event", "bankruptcy state", "malformation event", "miss event", "loss act", "copout act", "malfunction event", " actomission act", "breach act", " persounfortunate perso", "flame out event", " actnonaccomplishment act", "defeat event"], [" communicatioablaut communicatio", "level state", "o level state", "upgrade attribute", " attributegradient attribute", "college level state", "downgrade attribute", " animalcattle animal", "biosafety level state", " staterank state", " attributeelevation attribute", "diliniation of excellent"], [], [], [], [], [], [], [], [], [], [], [], [], [], [], ["omission state", " statedecline state"], [], [], [], [], [], [], [], ["ard", "carucate"], [], [], ["errancy attribute", " attributeundependability attribute"], [], [], [], [], [], [], [], [], [], [], [], [], [], [], [], [], [], [], [], [], [], [], [], [], [], [" artifactcrosspiece artifact"], [], [], [], [], [" quantityweight unit quantity", " artifactbasket artifact"], [], [], [], [], [], [], [], [], ["pseudoscience cognition cognitio", "logical fallacy cognition cognitio", " cognitiomisconception cognitio", "pathetic fallacy cognition cognitio", "sophism cognition cognitio", "paralogism cognition cognitio"], [], [], [], [], [], [], [], [" persopilot aircraft", " artifactfighter military", " persosuicide bomber terrorism"], [], [], [], [" attributedependability attribute", "papal infallibility attribute", "inerrancy christianity attribute", "papal infallibility", "dependable thing"], ["stall event", " eventfailure event", "blowout event"], [], [], [], [], [], [], [], [" artifactload artifact"], ["secure by design"], [], [], [], [], [], [], [], [], [], [], [], [], [], [], [], [], [], [], [], [], [], [], [" artifactprotective covering artifact", "shutter artifact", " grouppeople group", " artifactscreen artifact", "window blind artifact", "winker artifact", "curtain artifact", "blind spot"], []], "/r/PartOf": [[], [], [], [], [], [], [], [], [], [], [], [], [], [], [], [], [], [], [], [], [], [], [], [], [], [], [], [], [], [], [], [], [], [], [], [], [], [], [], [], [], [], [], [], [], [], [], [], [], [], [], [], [], [], [" artifactdinghy artifact"], [], [], [], [], [], [], [], [], [], [], [], [], [], [], [], [], [], [], [], [], [], [], [], [], [], [], [], [], [], [], [], [], [], [], [], [], [], [], [], [], [], [], [], [], [], [], [], [], [], [], [], [], [], [], [], [], [], [], [], []], "/r/HasA": [[], [], [], [], [], [], [], [], [], [], [], [], [], [], [], [], [], [], [], [], [], [], [], [], [], [], [], [], [], [], [], [], [], [], [], [], [], [], [], [], [], [], [], [], [], [], [], [], [], [], [], [], [], [], [], [], [], [], [], [], [], [], [], [], [], [], [], [], [], [], [], [], [], [], [], [], [], [], [], [], [], [], [], [], [], [], [], [], [], [], [], [], [], [], [], [], [], [], [], [], [], [], [], [], [], [], [], [], [], [], [], [], [], [], []], "/r/CapableOf": [[], ["lower expectations", "destroy hope", "illusio", "amount to nothing", "hold back"], ["drop to f"], [], [], [], [], ["christia"], [], [], [], [], [], [], [], [], [], [], [], [], [], [], [], [], [], [], [], [], [], [], [], [], [], [], [], [], [], [], [], [], [], [], [], [], [], [], [], [], [], [], [], [], [], [], [], [], [], [], [], [], [], [], [], [], [], [], [], [], [], [], [], [], [], [], [], [], [], [], [], [], [], ["short circuit"], [], [], [], [], [], [], [], ["brown out lights"], [], [], [], [], [], [], [], [], [], [], [], [], [], [], [], [], [], [], [], [], [], [], [], ["mean lacking power of sight", "bright light", "leading blind"], []], "/r/AtLocation": [[], ["casino"], [], [], [], [], [], [], [], [], [], [], [], [], [], [], [], [], [], [], [], [], [], [], [], [], [], [], [], [], [], [], [], [], [], [], [], [], [], [], [], [], [], [], [], [], [], [], [], [], [], [], [], [], [], [], [], [], [], [], [], [], [], [], [], [], [], [], [], [], [], [], [], [], [], [], [], [], [], [], [], [], [], [], [], [], [], [], [], [], [], [], [], [], [], [], [], [], [], [], [], [], [], [], [], [], [], [], [], [], [], [], [], [], []], "/r/HasProperty": [[], [], [], [], [], [], [], [], [], [], [], [], [], [], [], [], [], [], [], [], [], [], [], [], [], [], [], [], [], [], [], [], [], [], [], [], [], [], [], [], [], [], [], [], [], [], [], [], [], [], [], [], [], [], [], [], [], [], [], [], [], [], [], [], [], [], [], [], [], [], [], [], [], [], [], [], [], [], [], [], [], [], [], [], [], [], [], [], [], [], [], [], [], [], [], [], [], [], [], [], [], [], [], [], [], [], [], [], [], [], [], [], [], ["love", "people", "ray charles", "people cannot see", "potatoes", "who cannot see", "if cannot see", "justice"], []], "/r/CreatedBy": [[], [], [], [], [], [], [], [], [], [], [], [], [], [], [], [], [], [], [], [], [], [], [], [], [], [], [], [], [], [], [], [], [], [], [], [], [], [], [], [], [], [], [], [], [], [], [], [], [], [], [], [], [], [], [], [], [], [], [], [], [], [], [], [], [], [], [], [], [], [], [], [], [], [], [], [], [], [], [], [], [], [], [], [], [], [], [], [], [], [], [], [], [], [], [], [], [], [], [], [], [], [], [], [], [], [], [], [], [], [], [], [], [], [], []], "/r/Synonym": [["a imperfect ", "aimperfect", "adefective", "afaulty", "afaultful", "faultful"], ["loser person perso", "nonstarter person perso", "unsuccessful person perso", " statebankruptcy state", "forbearance", "fail", "never wozzer", "grief", "loser", "scrub"], ["v cognitiorate cognitio", "ground level attribute", " cognitiomark cognitio", " quantitygrad quantity", "score cognition cognitio", " attributedegree attribute", "gradation communication communicatio", "tier state", "mark cognition cognitio", " groupclass group", "level state", "afirst rate", "gradian", "form", "aprize", "paraphyletic"], [], [], [], [], [], [], [" actfailing act", "v socialfail social", "collapse"], [], [], [], [], [], [], [], ["omit cognition cognitio", " attributenegligence attribute", "negligence", "pretermit cognition cognitio", "miss cognition cognitio", "disuse state", "v socialfail social", " actdisregard act", "drop cognition cognitio", "leave out cognition cognitio", " actnegligence act", "overleap cognition cognitio", "ignore cognition cognitio", " cognitiodisregard cognitio", "disregard cognition cognitio", "overlook cognition cognitio", "ignore", "renounce", "carelessness", "slight"], [], ["displease"], [], [], [], [], [], [" artifactplow artifact", " objectbig dipper object", "v farmingplow farming", "v motioplow motio", "sull", "great bear", "carucate", ""], [], [], [], [], [], [], ["v socialfail social", "vabort", "vfail", "abort"], ["a fraudulent ", "unsound a ", "erroneous", "mendacious"], [], [], [], [], [], ["let do v emotion emotio", "underwhelm", "vunderwhelm"], [], [], ["v socialconflict social", "v communicatiocontradict communicatio"], ["indefective", "aindefective", "aperfect", "afaultless", "impeccable"], [], [], [], [], [], [], [], [], [], [], ["bilk social", "foil social", "cross social", "frustrate social", "scotch social", "cross thwart artifact", "baffle social", "queer social", "spoil social", "cross", "acrossr", "athwart", "rathwart", "impede", "across", "vfoil"], [], [], [], [], ["a delicate ", "a imperfect ", "feeble", "weedy", "weak", "brittle"], [], ["repudiate communication communicatio", "vforswear", "diso v communication communicatio", "v socialabdicate social", "v possessioforeswear possessio", "v socialvacate social", "vabjure", "vforsay", "abjure", "vquit", "forswear", "abandon", "abdicate", "vdesert", "vdecline", "vreject", "vneglect", "deny oneself", "vdeny", "vresig", "vdrop"], [], [], [], [], [], [], ["false belief cognition cognitio", "delusio", "misconceptio", "myth"], ["bow wow"], [], [], [], [], [], [], [""], ["v bodyvomit body", " substancevomit substance", "vspew", "puke", "vpuke", "spew", "vomit"], [], [], ["perfection", "faultlessness", "infallibleness", "perfectio"], ["misfunction contact", "misoperate"], ["v stativedisagree stative"], ["ignore"], [], [], [], [], [], ["overcharge contact", "overburden artifact", "surcharge contact", "v changeclog change", "voverburde", "overburden"], ["a dependable ", "v contactfasten contact", "a unattackable ", "v possessioprocure possessio", "v contactplug contact", "v communicatioguarantee communicatio", "unafraid a ", "v contactbatten contact", "untroubled a ", "carry through", "acquire", "trustworthy", "safe", "paralyse", "assure", "insure", "lash", "act out", "reliable", "protect", "safetify", "neutralize", "fasten"], [], [], [], [], [], ["v cognitiothink cognitio", "count cognition cognitio", "v cognitiocalculate cognitio", "v cognitiotrust cognitio", "v mathematicscalculate mathematics", "v cognitiosee cognitio", "vnumber", "venumerate", "vcompute", "vaccount", "vcalculate", "vestimate", "vvalue", "vrepute", "vesteem", "balance", "judge", "add up", "take"], [], [], [], [], [], [], [], [], [], [], [], [], [], [], [], [], ["a unreasoning ", "unsighted a ", " communicatiosubterfuge communicatio", "dim change", "screen artifact", "rollsig", "asightless"], []], "/r/LocatedNear": [[], [], [], [], [], [], [], [], [], [], [], [], [], [], [], [], [], [], [], [], [], [], [], [], [], [], [], [], [], [], [], [], [], [], [], [], [], [], [], [], [], [], [], [], [], [], [], [], [], [], [], [], [], [], [], [], [], [], [], [], [], [], [], [], [], [], [], [], [], [], [], [], [], [], [], [], [], [], [], [], [], [], [], [], [], [], [], [], [], [], [], [], [], [], [], [], [], [], [], [], [], [], [], [], [], [], [], [], [], [], [], [], [], [], []], "/r/SimilarTo": [["a weak ", "a undependable ", "a error prone ", "weak a ", "undependable a ", "a errant ", "errant a ", "error prone a "], ["reversal", "setback"], [], [], [], [], [], [], [], [], [], [], [], [], [], [], [], [], [], [], ["stronglink"], [], [], [], [], [], [], [], [], [], [], [], [], ["a incorrect ", "incorrect a ", "a invalid ", "invalid a "], [], [], [], [], [], [], [], [], [], ["inerrable a ", "a inerrable ", "foolproof a ", "a foolproof "], [], [], [], [], [], [], [], [], [], [], [], [], [], [], [], ["a decrepit ", "decrepit a ", "light boned a ", "a light boned "], [], ["vabnegate", "vrelinquish", "forgo", "swear off", "resign", "vr\u00e9signer", "give up", "vabando", "relinquish", "vabjure"], [], [], [], [], [], [], [], ["woof", "bow wow"], [], [], [], [], [], [], [], [], [], [], [], [], [], [], [], [], [], [], [], [], ["a assured ", "a sure ", "a tight ", "steady a ", "a steady ", "a fail safe ", "sure a ", "tight a ", "fail safe a ", "assured a ", "firm a ", "a firm "], [], [], [], [], [], [], [], [], [], [], [], [], [], [], [], [], [], [], [], [], [], [], ["a stone blind ", "a deuteranopic ", "dazzled a ", "color blind a ", "blinded a ", "protanopic a ", "a blue blind ", "a sightless ", "deuteranopic a ", "blue blind a ", "visually challenged a ", "snow blinded a ", "unperceptive a ", "a dazzled ", "a color blind ", "a blinded ", "sightless a ", "blindfolded a ", "a visually challenged ", "stone blind a ", "a blindfolded ", "a snow blinded ", "a unperceptive ", "a protanopic ", "anosmic", "nose dead"], []], "/r/MadeOf": [[], [], [], [], [], [], [], [], [], [], [], [], [], [], [], [], [], [], [], [], [], [], [], [], [], [], [], [], [], [], [], [], [], [], [], [], [], [], [], [], [], [], [], [], [], [], [], [], [], [], [], [], [], [], [], [], [], [], [], [], [], [], [], [], [], [], [], [], [], [], [], [], [], [], [], [], [], [], [], [], [], [], [], [], [], [], [], [], [], [], [], [], [], [], [], [], [], [], [], [], [], [], [], [], [], [], [], [], [], [], [], [], [], [], []], "/r/ReceivesAction": [[], [], [], [], [], [], [], [], [], [], [], [], [], [], [], [], [], [], [], [], [], [], [], [], [], [], [], [], [], [], [], [], [], [], [], [], [], [], [], [], [], [], [], [], [], [], [], [], [], [], [], [], [], [], [], [], [], [], [], [], [], [], [], [], [], [], [], [], [], [], [], [], [], [], [], [], [], [], [], [], [], [], [], [], [], [], [], [], [], [], [], [], [], [], [], [], [], [], [], [], [], [], [], [], [], [], [], [], [], [], [], [], [], [], []]}, "/r/UsedFor": {"/r/RelatedTo": [[]], "/r/UsedFor": [[]], "/r/LocatedAt": [[]], "/r/FormOf": [[]], "/r/IsA": [[]], "/r/PartOf": [[]], "/r/HasA": [[]], "/r/CapableOf": [[]], "/r/AtLocation": [[]], "/r/HasProperty": [[]], "/r/CreatedBy": [[]], "/r/Synonym": [[]], "/r/LocatedNear": [[]], "/r/SimilarTo": [[]], "/r/MadeOf": [[]], "/r/ReceivesAction": [[]]}, "/r/LocatedAt": {}, "/r/FormOf": {"/r/RelatedTo": [["damp squib", "vfail", "always"], ["yo dieting", "sweet seventeen", "disconfirmed expectancy", "toes up", "parker square", "tits up", "pseudarthrosis", "botched up", "in vain", "abankrupt", "anticlimax", "vfail", "unsuccessful"], ["failings", "defect", "fault", "abortive", "perennial", "feet of clay", "imperial disease", "weakness", "successfullyr", "vfail", "grade", "bad", "grades", "bad grades", "fail", "si", "blanking", "student ramificatio", "ramificatio", "student", "doing poorly", "poorly", "doing", "losing", "classes", "low grade", "i have", "low", "have", "worst grade", "worst", "school", "participle", "students", "bad students", "exam result", "exam", "result", "report card", "report", "card", "fill i", "fill"], ["fail", "guy fawkes day", "nonfailure", "fight losing battle", "jeopardy", "functio", "anosognosia", "nonfulfillment", "johanson blizzard syndrome", "mis", "fatigue", "mintie moment", "rupture", "nonconformity", "materials science", "underwrite", "misheed", "fail safe", "conditio", "slogginess", "noncomplementation", "s.m.a.r.t", "lapse", "smashup", "nonsuccess", "ileus", "you win some lose", "killer", "lip flap", "lazarus sign", "required", "death spiral", "even odds", "item", "down toilet", "on ropes", "breakdo ", "misfield", "hemiaplasia", "lay eggs", "circle drain", "nonretraction", "nondestruction", "capacitor plague", "desirable", "bankruptcy", "success", "incohesion", "misapprehension", "intended", "miss is as good mile", "failureless", "find out hard way", "incapable", "flopdom", "perseverance", "from dead", "asystole", "failures", "dispute", "nonpayment", "busy signal", "have last laugh", "kallman syndrome", "esophagopathy", "race suicide", "doomed", "click of death", "backcast", "nonhappening", "perform", "state", "clusterfuck", "refranation", "sometimes you eat bear and eats", "kablooie", "fault", "terminate", "back to square one", "bomb", "engaged tone", "error", "cockayne syndrome", "no win situation", "megaflop", "nonprotest", "save day", "back to square oner", "objective", "alopecia", "often wrong never in doubt", "inattention", "malfunction", "washout", "fatal", "fallacious", "china syndrome", "failproof", "brinelling", "meet", "vanity press", "efato", "twist in wind", "antifailure", "final nail in coffin", "bathos", "fiasco", "turkey", "no win", "guaranty", "guy fawkes night", "take", "backfiring", "tick paralysis", "do or die", "trainwreck in slow motion", "dyskeratosis congenita", "premortem", "failover", "every man is architect of his own fortune", "stink", "breach of contract", "pull out of fire", "burn in", "ability", "nonfeasance", "smith lemli opitz syndrome", "endeavour", "straw that broke camel's back", "nonperformance", "object", "lay egg", "kussmaul breathing", "redundancy", "alienation of affections", "crush syndrome", "underaccommodation", "persistent truncus arteriosus", "preterition", "digitalis", "mechanical", "blamestorm", "heart attack", "give something up as bad job", "flopperoo", "gynogenesis", "pride comes before fall", "goldensprog", "didelphys", "epic fail", "reboot", "postlapsarian", "misappreciation", "flop sweat", "make or break", "anhepatia", "tombstone engineering", "postfailure", "death by thousand cuts", "yo mode", "dysadaptation", "excalation", "opposite", "verocytotoxin", "shit", "adiaphoria", "defining moment", "dud", "bardet biedl syndrome", "defeat", "lose", "mistake", "retreat", "regret", "rui"]], "/r/UsedFor": [[], [], ["taking exam"], []], "/r/LocatedAt": [[], [], [], []], "/r/FormOf": [["fail", "vfail"], ["vfail", "fail"], ["failings", "fail", "vfail"], ["fail", "failures"]], "/r/IsA": [[], [], [" stateimperfection state", "insufficiency state", "fatigue state", " actfailure act", "flaw state", "evaluating"], [" statefortune state", "failing act", "backsliding act", "bankrupt person perso", "dead duck state", "bank failure state", "crop failure state", "heart failure state", "nonconformity act", "naught act", "underdog person perso", "breakdoevent", "disappointment act", "flop event", "flash in pan person perso", "out baseball act", "renal failure state", "flop person perso", "miscarriage event", " eventhappening event", " statedisorder state", "default possession act", "error baseball act", "downfall event", "bankruptcy state", "malformation event", "miss event", "loss act", "copout act", "malfunction event", " actomission act", "breach act", " persounfortunate perso", "flame out event", " actnonaccomplishment act", "defeat event"]], "/r/PartOf": [[], [], [], []], "/r/HasA": [[], [], [], []], "/r/CapableOf": [[], [], [], ["lower expectations", "destroy hope", "illusio", "amount to nothing", "hold back"]], "/r/AtLocation": [[], [], [], ["casino"]], "/r/HasProperty": [[], [], [], []], "/r/CreatedBy": [[], [], [], []], "/r/Synonym": [[], [], ["flunk act", "weakness state", "decay"], ["loser person perso", "nonstarter person perso", "unsuccessful person perso", " statebankruptcy state", "forbearance", "fail", "never wozzer", "grief", "loser", "scrub"]], "/r/LocatedNear": [[], [], [], []], "/r/SimilarTo": [[], [], ["unsatisfactory a ", "a unsatisfactory "], ["reversal", "setback"]], "/r/MadeOf": [[], [], [], []], "/r/ReceivesAction": [[], [], [], []]}, "/r/IsA": {}, "/r/PartOf": {}, "/r/HasA": {}, "/r/CapableOf": {"/r/RelatedTo": [[], ["vpla", "pla", "ruin", "desig", "crop"]], "/r/UsedFor": [[], ["booking office"]], "/r/LocatedAt": [[], []], "/r/FormOf": [[], ["vpla", "pla"]], "/r/IsA": [[], []], "/r/PartOf": [[], []], "/r/HasA": [[], []], "/r/CapableOf": [[], ["include activities outside home", "fail"]], "/r/AtLocation": [[], []], "/r/HasProperty": [[], []], "/r/CreatedBy": [[], []], "/r/Synonym": [[], []], "/r/LocatedNear": [[], []], "/r/SimilarTo": [[], []], "/r/MadeOf": [[], []], "/r/ReceivesAction": [[], []]}, "/r/AtLocation": {}, "/r/HasProperty": {}, "/r/CreatedBy": {}, "/r/Synonym": {"/r/RelatedTo": [[], [], [], [], [], [], [], [], [], [], [], [], [], [], [], [], ["systempunkt", "ragdoll", "vsuddenly", "tumble do v", "collapsed", "saddle nose", "give way", "black hole", "precollapse", "fall", "tracheomalacia", "unravel", "caldera", "vbatsma", "eternally collapsing object", "take do v", "cave in", "zombie apocalypse", "slump", "vcease", "collapses", "ruin value", "stave in", "postcollapse", "cavitation", "fallen arch", "postbubble", "dropleaf", "vquick", "dot commiserate", "bottom falls out", "fall do v", "break do v", "collapsing", "flat feet", "death", "kick in", "vfold", "unnova", "laryngomalacia", "collapsion", "pneumonolysis", "windblast", "crumple", "cenote", "third period", "breakdo ", "vdo ", "hypernova", "down toilet", "laryngotracheomalacia", "fall to pieces", "saddlenose", "suspension", "vbreak", "collapsible", "post apocalyptic", "on ropes", "vcause", "postphilosophical", "tailspin", "domino", "vcompact", "collapsar", "shoring", "atelectasis", "high riser", "vfaint", "vfunctio", "reset", "implode", "dot carnage", "vcave i", "ginging", "creative differences", "crumple up", "vfall", "vout", "shrivel", "vbreakdo ", "come do v", "vsuccessio", "go under", "municide", "rockburst", "keel", "vapart", "give in", "close in on", "aeroatelectasis", "fall down on", "recollapse", "rui", "faint"], ["vabort", "misluck", "miscarrying", "vwrong", "cast", "vfail", "miscarries", "vmiscarriage", "vrecipient", "miscarried", "vfoetus"], ["declination", "slope", "sloping", "declinism", "go to seed", "retrogradation", "vrecline", "decadent", "negative option billing", "wanthriven", "circle drain", "vworse", "mutational meltdo ", "postfamilial", "postmoral", "swan dive", "sluggishness", "law of diminishing returns", "inflect", "sit out", "declineth", "declinal", "hit skids", "vforbear", "declines", "declension", "declined", "toboggan slide", "vclimate", "turn do v", "tofall", "incline", "downfall", "activity", "postpatriarchy", "decadence", "sluggish", "renounce", "plummet", "vinflect", "declininglyr", "declinature", "doughnut city", "movement", "reductio", "lapse", "second childhood", "fall", "retrogression", "downward", "has been", "degringolade", "vdownwards", "decliner", "droop", "vnumber", "abstention doctrine", "disclaim", "take fifth", "vincline", "vcline", "grade inflation", "falloff", "regenerationism", "vcase", "heteroclite", "dotage", "slump", "pass on", "adverbial genitive", "chicken out", "farm strike", "correction", "party pooper", "strong declension", "declivity", "postphilosophical", "diminutio", "vgender", "recline", "afternoon", "post pc", "declining", "bearwikten 1", "tailspin", "take", "declinable", "vdrop", "negative growth", "downturn", "vdeclivity", "oblique plane", "destatization", "go to bow wows", "rust belt", "descent", "explosive cyclogenesis", "ebb", "vfall", "dwine", "andropause", "conjugate", "go to pot", "death by thousand cuts", "vrefuse", "obamageddon", "declensionist", "weakening", "on skids", "vweak", "withsay", "on wane", "go to dogs", "disapply", "backgainwikten 1", "nol pros", "declinest", "drawdo "], ["abatable", "relent", "unabatedlyr", "abatee", "rebate", "revivor", "unlifting", "vwikten 1subside", "allow", "vwikten 1destroy", "batewikten 1", "defense in abatement", "vwikten 1moderate", "plea in abatement", "wikten 1abatement", "abates", "subside", "unabatinglyr", "abating", "vwikten 1omit", "allay", "abated", "abater", "unabating", "pass off"], ["rot", "helium dating", "biodeterioration", "decompose", "geochronometry", "perishable", "fluoridate", "conservable", "saproxylic", "vphono", "corruptible", "autodynamics", "gyttja", "nondecaying", "anaptotic", "putrescence", "decadent", "meth mouth", "cosmochronometer", "decaying", "conditio", "restore", "mulm", "vdeteriorate", "dilapidation", "digestion", "scavenger", "vdrag", "caries", "geochronometer", "nurse log", "vstate", "sweet", "moulder", "saprobiology", "vfissio", "mozy", "mesothorium", "uncorrupting", "decayed", "semileptonic", "alpha radiation", "vexcited", "vrot", "decayable", "instauration", "radiogenesis", "neutron activation analysis", "incorruptive", "incorruptible", "uncorrupt", "transient", "decay chain", "woodrot", "cast fossil", "parent nuclide", "vphoto", "spoon excavator", "weak", "burnettize", "morbid", "data rot", "vrelax", "rutherford", "vradiatio", "incorrupt", "worm food", "alpha decay", "decayer", "vundergo", "deterioratio", "broken windows policing", "vemit", "decayeth", "vchange", "process", "imperishable", "fluoroptic", "predecay", "beta radiation", "saprophagan", "undecayed", "decays", "corruptless", "spacelated", "wet rot", "ulmin", "undecaying", "medlar", "daughter nuclide", "declension", "damp off", "curie", "kyanize", "decadence", "thanatocracy", "spoil", "stagnant", "vcause", "result", "vairspeed", "moulderinglyr", "fizzle", "classicalon", "daughter", "unspoilt", "eremacausis", "half life", "perish", "mydatoxin", "crazy", "rotten", "break do v", "tooth", "rotting", "tooth rot", "decompositio", "rotte", "break do ", "do ", "break", "corpse", "corpse rotting", "problem", "tooth problem", "civilisatio", "rot dissolve", "dissolve"], ["fail", "guy fawkes day", "nonfailure", "fight losing battle", "jeopardy", "functio", "anosognosia", "nonfulfillment", "johanson blizzard syndrome", "mis", "fatigue", "mintie moment", "rupture", "nonconformity", "materials science", "underwrite", "misheed", "fail safe", "conditio", "slogginess", "noncomplementation", "s.m.a.r.t", "lapse", "smashup", "nonsuccess", "ileus", "you win some lose", "killer", "lip flap", "lazarus sign", "required", "death spiral", "even odds", "item", "down toilet", "on ropes", "breakdo ", "misfield", "hemiaplasia", "lay eggs", "circle drain", "nonretraction", "nondestruction", "capacitor plague", "desirable", "bankruptcy", "success", "incohesion", "misapprehension", "intended", "miss is as good mile", "failureless", "find out hard way", "incapable", "flopdom", "perseverance", "from dead", "asystole", "failures", "dispute", "nonpayment", "busy signal", "have last laugh", "kallman syndrome", "esophagopathy", "race suicide", "doomed", "click of death", "backcast", "nonhappening", "perform", "state", "clusterfuck", "refranation", "sometimes you eat bear and eats", "kablooie", "fault", "terminate", "back to square one", "bomb", "engaged tone", "error", "cockayne syndrome", "no win situation", "megaflop", "nonprotest", "save day", "back to square oner", "objective", "alopecia", "often wrong never in doubt", "inattention", "malfunction", "washout", "fatal", "fallacious", "china syndrome", "failproof", "brinelling", "meet", "vanity press", "efato", "twist in wind", "antifailure", "final nail in coffin", "bathos", "fiasco", "turkey", "no win", "guaranty", "guy fawkes night", "take", "backfiring", "tick paralysis", "do or die", "trainwreck in slow motion", "dyskeratosis congenita", "premortem", "failover", "every man is architect of his own fortune", "stink", "breach of contract", "pull out of fire", "burn in", "ability", "nonfeasance", "smith lemli opitz syndrome", "endeavour", "straw that broke camel's back", "nonperformance", "object", "lay egg", "kussmaul breathing", "redundancy", "alienation of affections", "crush syndrome", "underaccommodation", "persistent truncus arteriosus", "preterition", "digitalis", "mechanical", "blamestorm", "heart attack", "give something up as bad job", "flopperoo", "gynogenesis", "pride comes before fall", "goldensprog", "didelphys", "epic fail", "reboot", "postlapsarian", "misappreciation", "flop sweat", "make or break", "anhepatia", "tombstone engineering", "postfailure", "death by thousand cuts", "yo mode", "dysadaptation", "excalation", "opposite", "verocytotoxin", "shit", "adiaphoria", "defining moment", "dud", "bardet biedl syndrome", "defeat", "lose", "mistake", "retreat", "regret", "rui"], ["daruma", "beadsman", "life arrow", "gershon", "vwikten 3inflammatio", "religious order", "wikten 2iro", "wikten 1parent", "founders", "cofounder", "nonfounder", "donative", "remus", "patriarch", "holbergian", "patristic anthology", "bulge", "laozi", "father", "vwikten 3disable", "foundereth", "matriarch", "foundress", "foundering", "eustachian", "epicurus", "owenian", "founderest", "go under", "foundered", "hayk", "knoxian", "progenitor", "founderitis", "romulus", "treasurer"]], "/r/UsedFor": [[], [], [], [], [], [], [], [], [], [], [], [], [], [], [], [], [], [], [], [], [], [], []], "/r/LocatedAt": [[], [], [], [], [], [], [], [], [], [], [], [], [], [], [], [], [], [], [], [], [], [], []], "/r/FormOf": [[], [], [], [], [], [], [], [], [], [], [], [], [], [], [], [], ["collapses", "collapsed", "collapsing", "collapseth"], ["miscarried", "miscarrying", "miscarries"], ["declined", "declines", "declineth", "declining", "declinest"], ["abates", "abated", "abateth", "abbate", "abating", "abatest"], ["decays", "decaying", "decayed", "decayeth"], ["fail", "failures"], ["foundering", "foundered", "founders", "foundereth"]], "/r/IsA": [[], [], [], [], [], [], [], [], [], [], [], [], [], [], [], [], ["algidity state", "debacle event", "breakdostate", " stateillness state", "cave in event", "heatstroke state", " eventhappening event", "shock pathology state", "implosion event"], [], ["neglect state", "loss process", "nosedive process", "ebb process", "deterioration process", "wreck state", " processdecrease process", "sinking spell process", "twilight state", "slippage process", "erosion process", " statecondition state", "detumescence process"], [], [" phenomenoorganic phenomenon biology", " processnatural process", " processdecrease process", "decomposition state", "dilapidation process", "corruption process", "alpha decay process", "exponential decay process", "rancidity state", "putrefaction state", "deterioration state", "beta decay process", " stateunsoundness state", "decomposition biology process", "spoilage process", "cavity process", " processnuclear reaction physics"], [" statefortune state", "failing act", "backsliding act", "bankrupt person perso", "dead duck state", "bank failure state", "crop failure state", "heart failure state", "nonconformity act", "naught act", "underdog person perso", "breakdoevent", "disappointment act", "flop event", "flash in pan person perso", "out baseball act", "renal failure state", "flop person perso", "miscarriage event", " eventhappening event", " statedisorder state", "default possession act", "error baseball act", "downfall event", "bankruptcy state", "malformation event", "miss event", "loss act", "copout act", "malfunction event", " actomission act", "breach act", " persounfortunate perso", "flame out event", " actnonaccomplishment act", "defeat event"], [" persoskilled worker perso", "cofounder person perso", "bell founder person perso", "foundress person perso", "colonizer person perso", " persooriginator perso", "sole founder", "worker", "legal agent", "co founder", "entrepreneur", "person"]], "/r/PartOf": [[], [], [], [], [], [], [], [], [], [], [], [], [], [], [], [], [], [], [], [], [], [], []], "/r/HasA": [[], [], [], [], [], [], [], [], [], [], [], [], [], [], [], [], [], [], [], [], [], [], []], "/r/CapableOf": [[], [], [], [], [], [], [], [], [], [], [], [], [], [], [], [], [], [], [], [], ["radioactive particle", "teeth", "fruit"], ["lower expectations", "destroy hope", "illusio", "amount to nothing", "hold back"], []], "/r/AtLocation": [[], [], [], [], [], [], [], [], [], [], [], [], [], [], [], [], [], [], [], [], [], ["casino"], []], "/r/HasProperty": [[], [], [], [], [], [], [], [], [], [], [], [], [], [], [], [], [], [], [], [], [], [], []], "/r/CreatedBy": [[], [], [], [], [], [], [], [], [], [], [], [], [], [], [], [], [], [], [], [], [], [], ["company"]], "/r/Synonym": [[], [], [], [], [], [], [], [], [], [], [], [], [], [], [], [], ["v emotiocrack up emotio", "v bodybreak do body", "v motiocrumble motio", "give way motion motio", " eventcrash event", "cave in motion motio", "give motion motio", "fall in motion motio", "founder motion motio", "break motion motio", " actflop act", "burst motion motio", "prostration state", "vfail", "vcontract", "vbreak do ", "vflunk"], ["v socialfail social", "vabort", "vfail", "abort"], ["diminishment", "correct motion motio", "wane change", "go do v change", "v possessiorefuse possessio", "reject", " processdecay process", "v changeworsen change", "declination state", "v communicatiorefuse communicatio", "diminution process", " objectdescent object", "slump motion motio", "vdeteriorate", "vpine", "vdepreciate", "consumptio", "decay", "consumption", "decadence", "comedo ", "vlesse", "vinflect", "autumn", "vlapse", "degeneration", "vfail", "subside", "phthisis", "vreject", "vdecrease", "renounce", "decrease", "disapprove", "vavoid", "spurn", "declension", "vlanguish", "degeneracy", "declinatio", "reduction", "vincline", "vdiminish", "dwindle", "vdegenerate", "falling off", "vfall away", "atrophy", "deterioratio", "vslope", "vvary", "worsen", "declensio", "evade", "downfall", "vdecay", "vebb", "vdroop", "vrefuse", "vdwindle"], ["slack off change", "slack change", "let up change", "v changeslake change", "die away change", "vbeat do ", "vdiminish", "vrebate", "vput end to", "vslacke", "vallow", "abatement", "vsubside", "vtemper", "vlower", "vallay", "vappease", "vebb", "vdemolish", "decrease", "vraze", "vlay low", "vquiet", "vsofte", "vfail", "vcompose", "vintermit", "vsuppress", "vassuage", "vremit", "valleviate", "vreduce", "vbate", "vlesse", "vfrustrated", "vpacify", "vdecrease", "vremove", "vfall off", "vtranquillize", "vdull", "vsooth", "vmitigate", "vfade away", "vqualify", "vdeduct", "vattemper", "vcalm", "vterminate", "voverthro ", "vmollify"], ["radioactive decay process", "v physicsdisintegrate physics", "decline process", "decomposition phenomenon phenomeno", "crumble change", "disintegration process", "dilapidate change", "deterioratio", "decompositio", "decline", "withering", "fading", "decadence", "putrefactio", "radioactivity", "radioactive decay", "degeneracy", "vdeteriorate", "caducity", "dwindle", "failing", "vwaste", "decrepitude", "perishing", "nuclear decay", "disintegratio", "vfail", "maim", "dilapidatio", "declensio", "corruption", "putrefy", "cripple", "vdisintegrate", "wasting", "vperish", "vdecline", "vputrefy", "vwither", "vdecompose"], ["loser person perso", "nonstarter person perso", "unsuccessful person perso", " statebankruptcy state", "forbearance", "fail", "never wozzer", "grief", "loser", "scrub"], ["founding father person perso", " statelaminitis state", "father person perso", "v motiocollapse motio", "beginner person perso", "v socialfall through social", "vfail", "originator"]], "/r/LocatedNear": [[], [], [], [], [], [], [], [], [], [], [], [], [], [], [], [], [], [], [], [], [], [], []], "/r/SimilarTo": [[], [], [], [], [], [], [], [], [], [], [], [], [], [], [], [], [], [], [], [], [], ["reversal", "setback"], []], "/r/MadeOf": [[], [], [], [], [], [], [], [], [], [], [], [], [], [], [], [], [], [], [], [], [], [], []], "/r/ReceivesAction": [[], [], [], [], [], [], [], [], [], [], [], [], [], [], [], [], [], [], [], [], [], [], []]}, "/r/LocatedNear": {}, "/r/SimilarTo": {}, "/r/MadeOf": {"/r/RelatedTo": [["elve", "trawl", "sprelve", "trolled", "wikten 2trail", "lower peninsula of michiga", "cruise", "jonah fishing", "sprite halo", "baiter", "trolltard", "vwikten 2bait", "gorge fishing", "trolls", "attention whore", "wikten 1grotesque", "blue starter", "upward lightning", "countertroll", "backtroll", "wikten 1ugly", "vwikten 2roll", "trowwikten 2", "gigantic jet", "trollish", "bluejet", "transient luminous event", "edgy", "troller", "trollage", "trolllike", "greenskin", "trollywikten 3", "trollsome", "trollicious", "vwikten 2provoke", "troll job", "red sprite", "trollfic", "orc", "concern troll", "untrolled", "trollable", "trollitis", "trollist", "trolling", "wikten 1optical", "trolless", "trollette", "untrollable", "trollbuddy", "changeling"], []], "/r/UsedFor": [[], []], "/r/LocatedAt": [[], []], "/r/FormOf": [["trolls", "trolled", "trolling"], []], "/r/IsA": [[" actangling act", " artifactfisherman's lure angling", " folkloremythical monster perso", "michigander", "figments of imaginative human minds", "mythological creature", "michigania"], []], "/r/PartOf": [[], []], "/r/HasA": [[], []], "/r/CapableOf": [[], []], "/r/AtLocation": [["bridge", "tree"], []], "/r/HasProperty": [[], []], "/r/CreatedBy": [[], []], "/r/Synonym": [["trolling act", " communicatioround communicatio", ""], []], "/r/LocatedNear": [[], []], "/r/SimilarTo": [[], []], "/r/MadeOf": [["wi", "fail"], []], "/r/ReceivesAction": [[], []]}, "/r/ReceivesAction": {}}}, "": {"N1": {"/r/RelatedTo": ["windowdoor", "worklabor", "butchermeat", "gallomeasure", "woundgash", "punishmentcrime and", "chickelaying", "thricerthree", "informed educated ", "closed obstructed ", "transpondianrightpondia", "mystifymystery", "audiovisualsaudiovisual"], "/r/UsedFor": ["flash artifactlight physics", "string bassplaying music"], "/r/LocatedAt": [], "/r/FormOf": ["air burstsair burst", "pot belliespot belly", "cross sectionscross sectio"], "/r/IsA": ["suburb locatioresidential district locatio", "western skink animalskink animal", "inertial mass physicsmass attribute", "leading man persoactor perso", "occasion timetime time", "tree toad animalfrog animal", "petaurista animalmammal genus animal", "torch singer persosinger perso", "drop arch artifactpointed artifact", "rottenstone substancelimestone substance", "scorpionfish animalscorpaenid animal", "temporary hookup artifactconnection artifact", "acrylic fiber substanceman made substance", "dependence statestate ", "overhand pitch actpitch baseball", "american spikenard plantsubshrub plant", "hedonist persosensualist perso", "homecoming actreunion act", "aldrovanda plantdicot genus plant", "ambystomatidae animalamphibian family animal", "assist ice hockeymaneuver act", "tithe barn artifactbarn artifact", "hypsometer artifactaltimeter artifact", "papyrus communicatiodocument communicatio", "cacodyl substancegroup chemistry", "penance actsacrament act", "rule of evidence lawrule communicatio", "usherette persousher perso", "hooks bodyhand body", "bilabial communicatiolabial consonant communicatio", "kurdish communicatioiranian communicatio", "theism cognitioreligion cognitio", "aristocrat persoleader perso", "bundesbank groupcentral bank group", "skirtform of female attire", "yardarm artifactend locatio", "supreme court lawfederal group"], "/r/PartOf": ["satachristian myth", "old testament communicatiobible communicatio", "styloid process bodytemporal bone body", "voider artifactbody armor artifact", "tower of london artifactlondon locatio"], "/r/HasA": ["baywater"], "/r/CapableOf": ["blanketscover bed", "chefbone chicke", "authorswrite books"], "/r/AtLocation": ["windowhouse", "dustcarpet", "action figuretoy department", "barbershopmall", "mouselab maze"], "/r/HasProperty": [], "/r/CreatedBy": [], "/r/Synonym": ["hawaiian honeycreeper animalhoneycreeper animal", "thing cognitiomatter cognitio", "dprk locationorth korea locatio", "gas tight air ", "get into possessioget in possessio", "west persocicily isabel fairfield perso", "sapindus drumondii plantwild china tree plant", "abls communicatiobachelor of arts in library science communicatio", "homburg artifactfedora artifact", "choking coil artifactchoke artifact", "sewerage artifactsewer artifact", "fish bowl stategoldfish state", "caddy golfcaddie golf", "moray eel animalmoray animal", "family zygnemataceae animalzygnemataceae animal", "severity attributeaustereness attribute", "hors d oeuvre foodhors food", "chukka artifactchukka boot artifact", "immunise competitioimmunize competitio", "kindling pointautoignition temperature", "corruptlyr corruptedlyr ", "lazy faineant ", "copernicia prunifera plantcarnauba plant", "log z's bodysleep body", "sworn pledged ", "palestine authority grouppalestine national group", "polyodon spathula animalpaddlefish animal", "linnaea borealis americana plantamerican twinflower plant", "stylise artstylize art", "thank youthank you very much", "infirm decrepit ", "uriniferous tubule bodynephron body", "passing actpassage act", "rio nunez coffee plantrobusta plant", "experimentation cognitioexperiment cognitio", "powerful knock do a ", "lichgate artifactlychgate artifact", "take advantage socialtrespass social", "pyrethrum plantpainted daisy plant", "take turns changealternate change", "water level locatiowaterline locatio", "fuddle stateclutter state", "insisting communicatioinsistence communicatio", "vibrate perceptioresonate perceptio", "viridity attributegreen attribute", "yarn dye changeimpress change", "balaenoptera borealis animalsei whale animal", "electron orbit locatioorbit locatio", "lillie persobeatrice perso"], "/r/LocatedNear": [], "/r/SimilarTo": ["large leafed leafy ", "captious critical ", "exaggerated increased ", "effective militaryoperational military", "tasty winey ", "fast breaking news article", "second rate inferior ", "disputatious argumentative ", "private nonpublic ", "coated glazed ", "free clear "], "/r/MadeOf": [], "/r/ReceivesAction": []}, "N2": {}}}