{"fold": {"N1": {"/r/RelatedTo": ["wallet", "catstitch", "foldable", "watteau back", "antecrochet", "flexagon", "foldless", "vigesimo quarto", "unfold", "wikten 1scrolling", "foldeth", "plait", "folding", "jack knife", "plical", "wattle", "webfoot", "pucker", "turn back", "fold equity", "murphy bed", "dog ear", "mountain fold", "adipometer", "m ratio", "hand pie", "pachydermatocele", "conjunctivochalasis", "foldaway", "scapulet", "catamorphism", "vwikten 1material", "labia majora", "glomus", "times", "paracoxite", "wikten 1data structure", "mesorectum", "dead money", "throw in", "campstool", "folds", "circumflexion", "greater omentum", "pleurodirous", "smooth call", "stellwikten 2", "step stool", "folder", "adenoid", "foldedness", "anticlinorium", "folded", "magazine", "crease", "deerfold", "swedge", "pot committed", "mesoarium", "wingle", "clitoral hood", "go belly up", "doubling", "overfold", "foldase", "valley fold", "infold", "valve", "crumple up", "epiglottopharyngeal", "dogear", "falx", "convolute", "omentum", "crumpled", "electroglottograph", "vwikten 1crush", "syncline", "inflexure", "epicanthus", "flype", "flexure", "plicate", "microfolding", "wrap up", "plication", "typhlosole", "wikten 1bend", "tubax", "nanofold", "foolscap", "anglepoise", "misfold", "fold away", "polyfold", "plex", "collop", "polyplicate", "legal cap", "aryepiglotticus", "aryepiglottal", "foldon", "superfold", "headfold", "card table", "drapey", "cootie catcher", "pencil test", "lappet", "wikten 2christ", "enfold", "phrenicosplenic ligament", "saddle stitch", "abolla", "oxysome", "chalazoderma", "greeting card", "noshi", "interfold", "mesocaecum", "vocal cords", "quadrivalve", "hinge", "mesocyst", "x stool", "gubernaculum", "biplicity", "foldout", "uniplicate", "taco", "nictitating membrane", "mesogaster", "drapery", "refold", "plica", "gastroplication", "synclinal", "voluminous", "plicature", "broad ligament", "flat call", "sit out", "pseudolabium", "nascent protein", "corrugate", "muck", "foldest", "unplat", "signature", "scoring", "billfold", "epicanthoplasty", "duplicature", "printer's hat", "prefoldin", "airstair", "crumple"], "/r/UsedFor": ["machine"], "/r/LocatedAt": [], "/r/FormOf": ["folded", "foldest", "folds", "folden", "foldeth", "folding"], "/r/IsA": [" bodystructure body", " artifactpen artifact", "plication act", "epicanthus body", " shapeangular shape", "vocal cord body", "ruga anatomy body", "pucker shape", " groupgroup", " actchange of shape act", "tentorium anatomy body", "kink shape", "pleat artifact shape"], "/r/PartOf": [], "/r/HasA": [], "/r/CapableOf": [], "/r/AtLocation": [], "/r/HasProperty": [], "/r/CreatedBy": [], "/r/Synonym": ["plication shape", "bend shape", "fold up contact", "v socialclose social", "sheepcote artifact", "turn up contact", "v contactpen up contact", "plica body", "flexure shape", "crimp shape", "crease shape", "fold up change", "sheep pen artifact", " groupflock group", "folding act", "sheepfold artifact", " processfolding process", "bend", "wikten 2enclosure", "turn back", "vbend", "crease", "vwikten 1bend", "wikten 1flock", "wikten 1congregatio"], "/r/LocatedNear": [], "/r/SimilarTo": [], "/r/MadeOf": [], "/r/ReceivesAction": []}, "N2": {"/r/RelatedTo": {"/r/RelatedTo": [["money", "pocket", "purse", "leather", "holder", "billfold", "money holder", "back", "container", "back pocket", "ma", "holding", "mans", "cards", "pockets", "in pocket", "holds", "male", "man purse", "credit", "holds money", "holding money", "mans purse", "keeping", "me", "male purse", "fold", "bill", "keep", "money container", "inside", "money inside", "pants", "keep money", "carrying", "credit cards", "notecase", "sleeve", "case", "scrip", "sacket", "walletlike", "walleteer", "wallets", "bifold", "filofax", "credit card", "paper money", "trifold", "porte monnaie", "flat", "i lost my wallet", "plastic", "cyberwallet", "compact disc", "folder", "buttocks", "skater", "bills", "keeping money", "cash", "bill fold", "carrying money", "money i", "folded", "storing money", "storing", "for money", "carrier", "keeper", "money keeper", "card", "leather billfold", "money storage", "storage", "square", "dollar", "for me", "pouch", "small", "money carrier", "back pockets", "folded leather", "pants pocket", "identificatio", "bag", "money holding", "money cards", "cash holder", "keeps", "keeps money", "money purse", "hold money", "hold", "bill holder", "mans pocket", "usually leather", "usually", "men purse", "folding", "folds", "rear pocket", "rear", "notes", "possessio", "leather holder", "save", "save money", "keeping bills", "pocket purse", "small purse", "money pouch", "change", "book", "leather pouch", "money identificatio", "holding cash", "man pocket", "coin purse", "coi", "money pocket", "leather folder", "money keeping", "carries", "changes", "money changes", "carries money", "accessory", "leather money", "holds dollars", "dollars", "leather sometimes", "sometimes", "hip pocket", "hip", "coins bills", "coins", "can fold", "ca", "man money", "checkbook", "documents", "bills documents", "identification money", "three folds", "three", "keys", "license", "store", "cards money", "store money", "drivers license", "drivers", "money case", "money clip", "clip", "stores", "stores money", "money billfold", "money folder", "leather good", "good", "male billfold", "peoples", "peoples pockets", "put", "filled", "what", "filled money", "what you", "you put", "contains money", "passbook", "contains", "guy", "pocketbook", "pocket money", "money place", "place", "keep notes", "carrying cash", "carry", "note container", "note", "in purse", "soap", "flaps", "for notes", "black leather", "folding leather", "black", "pocket book", "bi", "bi fold", "of leather", "for ma", "leather container", "leather made", "made", "leather maybe", "maybe", "men pocket", "leather folded", "small book", "purse pocket", "bulge", "pocket bulge", "for males", "males", "holding bills", "guys", "guys purse", "toast", "money bag"], ["vstitch", "vzigzag", "vsew", "vedge", "vfold", "vcoarse"], ["britchka", "foldablyr", "flexible", "foldability", "side cap", "futon", "unfoldable", "afold", "convertible"], [], ["molar tooth", "fold", "enamel", "rhinoceros"], ["flex", "fold", "strip", "tetraflexagon", "flexagons", "flexatube", "hexaflexagon", "hexahexaflexagon"], ["afold"], [], ["frondesce", "sofa bed", "alternate universe", "unfoldase", "outroll", "vdevelop", "functional programming", "shooting stick", "unfolding", "unfoldest", "unfurl", "higher order functio", "explication", "vhappe", "unfolds", "vreveal", "frondescence", "unfoldedness", "post rock", "unclew", "unroll", "unfolder", "unfoldinglyr", "unwad", "vpe", "unfoldeth", "unfolded", "undouble", "unplat", "vfold", "fold", "vfolding", "uncrinkle", "let chips fall where they may", "way of world", "vturn out", "disinvolve", "unscroll", "anamorphism", "foldon", "conspiracism", "slow march"], [], ["vfold"], ["vdouble", "supervolute", "platting", "flat rope", "vinterweave", "yarn", "trick", "fold", "unpleat", "whip", "plaiting", "pleat", "knot", "vbraid", "kilting", "scoubidou", "sennit", "garland", "plaitless", "bullwhip", "braid", "contortuplicate", "plaiter", "windlestraw", "tassel", "doubling", "pigtail", "unplaited", "plat", "vpleat", "plaited", "vfold", "gauffer", "gimpwikten 1", "frounce", "british", "british braid"], ["enfolding", "paperfolding", "class", "orogeny", "sheep", "vfold", "malfolding", "phaeton", "refolding", "denaturation", "method", "chaperome", "jockteleg", "cofolding", "trestle", "shelter tent", "x chair", "downfolding", "money", "clasp knife", "fold", "deck chair", "postfolding", "prosegment", "source code", "misfolding", "enclosure", "arable", "foldings", "coi", "steamer chair", "bioconformatics", "foldscope", "duodecimo", "afold", "backfolding", "puff pastry", "phrygian cap", "hide", "unfold", "balisong", "wallet", "card"], [], ["aplica", "afold"], ["sallee", "fence", "vbind", "lizard", "ski", "wattling", "jacal", "wattleth", "twig", "shrub", "coojong", "lappet", "bark", "wattlest", "kiddle", "turkey", "tree", "roof", "thatch", "constructio", "bird", "ta", "wove", "wrinkled", "wattles", "wattled", "rod", "vconstruct", "barbel", "genus", "branch", "fold", "acacia", "gidgee", "hanging", "neck", "australia", "wall", "coloured", "fish", "chicke", "jelloped"], ["animal", "foot", "fold", "webfeet", "ski", "toes", "web footed"], ["puckereth", "puckerest", "puckers", "puckerer", "pout", "anxiety", "confusio", "vsqueeze", "puckering", "bother", "vdimple", "vfold", "vwrinkle", "unpucker", "pursilyr", "perplexity", "vpinch", "puckery", "puckered", "fold", "pursiness", "bepucker", "agitatio", "curly top", "lip", "kiss"], [], [], [], [], [], ["fat", "calliper", "fold", "thickness", "ski"], [], [], ["chalazoderma", "loose", "fold", "inelastic", "ski"], ["surface", "fold", "eye", "margi", "excess", "eyelid", "globe", "conjunctiva"], ["arollaway", "furniture", "afold", "tuckaway", "aaway", "rollaway"], ["rhizostome", "secondary", "manubrium", "fold", "medusa", "lobe", "mouth"], ["abstract", "initial algebra", "list", "anamorphism", "data type", "fold", "banana bracket", "banana", "catamorphic", "generalizatio", "hylomorphism", "functional programming", "catamorphisms", "paramorphism"], [], [], ["glomus coccygeum", "glomus caroticum", "glomus carotideum", "finger", "organized", "glomuvenous", "capillary", "vessel", "blood vessel", "conserve", "glomangiosarcoma", "blood pressure", "heat", "temperature", "blood", "core", "vei", "glomectomy", "orga", "toe", "bypass", "artery", "pronephro", "regulate", "glomus choroideum", "ear", "mesentery", "fold", "glomangioma", "extremity", "mesothelium", "flow", "glomangiomyoma"], ["double", "always", "ofte", "united kingdom", "severalfold", "rule of three", "discontent", "manyfoldr", "petroglyph", "timeses", "timesed", "old world", "periodical", "ofter", "high cotton", "sixfoldr", "auld lang syne", "plus", "hardship", "newspaper", "thricer", "ce", "tetrakis legomenon", "nonmodern", "time", "lose count", "fold", "zeitgeistilyr", "adverbial number", "multiplied", "timesing", "vmultiply", "queer street", "distributive number", "sword and sandal", "catacomb", "tris legomenon", "qid", "history", "future", "multiplicatio", "news", "dual", "ago", "napki", "peasant", "font", "rui", "product", "ancient", "area", "due", "age", "horsehair", "knight", "merchant", "armor", "lap", "cross", "scare"], ["posterior", "basal", "lateral", "coxal", "fold", "paracoxal"], [], ["rectum", "peritoneum", "mesorectal", "fold", "mesentery"], [], [], ["portable", "stool", "fold"], ["falsetto", "folded up", "syntaxis", "fold", "convoluted", "vfold", "napki", "wallet"], ["flexion", "fold", "wind", "turning", "curved", "bend"], [], ["ahorizontal", "aneck", "afold", "ahead", "acarapace"], [], [], [], ["subfolder", "index", "shellbag", "file manager", "filing cabinet", "virtual", "wallet", "folderlike", "knife", "fold", "chequebook", "briefcase", "organizer", "related", "dropbox", "folderless", "store", "file system", "folders", "paper", "file", "duo tang", "folding machine", "mailbox", "ring binder", "computer", "card"], ["roof", "tissue", "tonsil", "nasopharynx", "cytogenous", "throat", "adeniform", "adenoidectomy", "pharyngeal tonsil", "adenoidal", "alymphatic", "adenoiditis", "adenosquamous", "epithelium", "adeno", "adenectomy", "cilia", "wall", "lymphatic", "uvula", "fold", "posterior", "lymphotomy", "alymphoid", "adenotonsillectomy", "adenotonsillar"], ["fold"], ["regional", "anticlinal", "parallel", "fold", "geanticlinal", "anticline", "series"], ["folded up", "conduplicate", "misfolded", "thylakoid", "tertiary structure", "foldamer", "foldome", "broadside", "endpaper", "polypeptide", "downfolded", "linenfold", "blintz", "vfold", "backfolded", "rugal", "prefolded", "domain", "quaternary structure", "plicate", "card", "wallet", "napki", "pray", "prayer", "box"], ["article", "cover", "periodical", "book", "glossy", "city", "stripper clip", "automatic rifle", "pulp magazine", "magalogue", "nonmagazine", "derringer", "lad mag", "fanzine", "jazz mag", "house organ", "playmate", "reading material", "teenzine", "clubzine", "make up artist", "promag", "frontispiece", "type in", "voguette", "newsmagazine", "filler", "insert", "dog ear", "magazinist", "cyberzine", "covermount", "cover girl", "center spread", "lightroom", "centerfold", "publicatio", "thompson submachine gun", "adverticle", "stove", "platform", "illustrator", "bookazine", "contributor", "organ", "country", "back number", "newsstand", "stfzine", "comic book", "webmag", "fold", "academic", "tell all", "baquote", "newstrade", "coffee table", "magazineless", "canterbury", "columnist", "spread", "magazinelike", "armamentary", "charger", "contemporary", "district", "desk rejection", "welrod", "webzine", "syndicated", "store", "multimagazine", "magazineland", "biblezine", "trade magazine", "staggers and naggers", "catalogue", "dinkus", "center", "vogue", "e magazine", "tv guide", "property porn", "newsagent", "photo romance", "battery", "speed loader", "powder monkey", "newsroom", "natural product", "blogzine", "catazine", "e version", "fanmag", "partwork", "decoupage", "tit mag", "supply", "litmag", "magaziner", "prozine", "hate read", "carrier", "ammunitio", "bacover", "polybag", "horrorzine", "impressum", "pictorial", "modesty bag", "top shelf", "storehouse", "subscribe", "copy", "coverline", "barbette", "e zine", "round", "reservoir", "pass box", "girlie magazine", "shop", "chamber", "speedloader", "stfanzine", "marketing", "back issue", "magazining", "rocket pod", "playboy", "pulp", "gatefold", "headline", "journal", "news correspondent", "firearm", "back page", "porno mag", "printed matter", "journalese", "typesetting", "flexi disc", "small ad", "camera", "news", "issue", "fashio"], ["rugose", "creases", "permanent press", "double", "area", "substance", "play", "allergic salute", "creaser", "pressing", "ruga", "frontal wedgie", "anticrease", "mark", "m", "ride", "popping crease", "noncrease", "creaseproof", "pitch", "creaseth", "line", "donkey drop", "bowling crease", "whiskering", "goal crease", "smale's paradox", "uncrease", "crepe", "plica", "creased", "simian crease", "fold", "crinkle", "iron out", "goal", "creasing", "vgraze", "uncreasable", "rimple", "mankad", "return crease", "anticreasing", "pliable", "uncreased", "runkle", "iron", "creasable", "bifold", "creasest", "ruckle", "monolid", "crumple", "noncreasing", "creaseless", "michelin tire baby syndrome", "vwrinkle", "creasy", "marker", "white", "reduce", "break"], ["deer", "park", "fold"], ["mdma", "vmetal", "vleave", "vshape", "vfold", "tool", "vpaying", "vhammer"], [], ["blood vessel", "mesoarial", "intestine", "peritoneal", "fold", "ovary", "mesentery", "mesovarium", "nerve"], ["convolutio", "vtwist", "fold", "vbend"], [], [], ["tetraploidization", "fold", "doublings", "vdouble", "autotetraploid", "duplation", "plait", "conduplication", "pleat", "double dealing", "duplicature", "duplicand", "congemination", "double or quits", "trick"], ["vfold", "fold", "strata"], ["catalyze", "unfoldase", "enzyme", "fold"], [], ["vembrace", "vinwrap", "vinclose", "venvelop", "vclasp", "infolds", "vinwards", "infolding", "vfold", "vinvolve", "venfold"], ["needle valve", "turn on", "vibrator", "quinquevalve", "advalvar", "actuator", "transvalvular", "valvulopathy", "trivalve", "univalvular", "aerophone", "trv", "turn off", "pervalvar", "electrovalve", "snifting valve", "heterovalvar", "replum", "wastegate", "string", "hydrant", "valvocopula", "annuloplasty", "perivalvar", "puppet valve", "d valve", "valvular", "trapdoor", "valvuloplasty", "sluice", "trivalvular", "septifragal", "four way cock", "languette", "plan", "bleeder", "palintrope", "diverter", "pressure valve", "conceptacle", "valvopathy", "soda siphon", "paravalvular", "pseudoconopeum", "valvulotome", "kingston valve", "inequivalve", "plug rod", "pseudoseptum", "floodgate", "subvalvular", "intravalvular", "draincock", "valveless", "biraphid", "epivalve", "valviform", "abvalvar", "valve oil", "door", "microvalve", "valve train", "valvelet", "inequivalvular", "natural harmonic", "clearance space", "fold", "seacock", "atrioventricular valve", "timing chain", "bivalve", "valvometer", "heterovalvate", "dehisce", "whoopee cushion", "anther", "valvotomy", "lymphangion", "unimuscular", "leaflet", "univalved", "cambelt", "univalve", "valvuloseptal", "reseat", "detrusorrhaphy", "bivalvular", "dermatan sulfate", "slide", "valvule", "pseudoraphe", "sudrophone", "pyloric sphincter", "avalvular", "valvelike", "valvate", "valvulitis", "scum valve", "vacuum tube", "saxhorn", "rapheless", "supravalvular", "craticular", "valvula", "semilunar valve", "valvulogenesis", "leaf", "conopeum", "ball valve", "epiphallus", "clack valve", "bivalved", "intervalvular", "unvalved", "wrist plate", "flow", "water key", "joule thomson effect", "valved", "water gate", "leaf valve", "antygidium", "pulsejet", "pipefitting", "starting bar", "trivalvar", "foot valve", "stopcock", "bivalvous", "cavity", "desmodromic", "dysodont", "quadrivalvular", "valving", "timing belt", "multivalvular", "butterfly valve", "sphincter of oddi", "interarea", "d\u00f6bereiner's lamp", "multivalve", "equivalve", "diatom", "symphynote", "valver", "toby", "porefield", "infravalvular", "trivalved", "homovalvate", "lockshield", "positioner", "scutum", "shut off", "perivalvular", "check valve", "bileaflet", "cardiovalvular", "heart valve", "petcock", "shutoff", "barberry", "chilidium", "partitio", "h piece", "damper", "flugelhorn", "camshaft", "piston", "mitral valve", "monoraphid"], [], ["aretract", "aepiglottis", "aaryepiglottic", "aarticulatio", "afold", "apharyngeal"], ["dogeared", "fold", "dogearing", "corner", "dogears", "page", "book", "vfold"], ["rotula", "dacia", "dura mater", "falcine", "fissure", "chelicera", "snake", "fang", "poiso", "peritoneum", "falcial", "sickle", "fold", "brai", "hemihydranencephaly", "partitio", "sea urchi", "sword", "dacians"], ["convolve", "involute", "convolution", "vcoil", "convoluted", "vfold", "vconvolve", "aimbricate", "aconvoluted", "acoiled", "vconvolutio", "vcomplex", "convolutive", "supervolute"], ["gastroepiploic", "gastroomental", "viscera", "omentoplasty", "caul", "fold", "omentopexy", "epiploic", "abomasopexy", "sheftalia", "omentectomy", "omento", "peritoneum", "omental", "epiploitis", "epiplopexy", "epiplocele"], ["afold", "rumpled", "vcrumple", "crumple up", "accordioned", "crumpledness", "airregular", "crumply", "wad"], ["measure", "variatio", "vocal", "electroglottography", "electroglottographic", "device", "laryngograph", "time", "degree", "contact", "fold", "productio", "voice", "vibrate"], [], ["saddle reef", "strata", "synform", "synclinorium", "monocline", "saddle back reef", "upward", "saddle vein", "isocline", "downfold", "concave", "fold", "rock"], ["fold", "bend", "inflectio"], ["east asia", "eyelid", "epicanthal", "double eyelid", "fold"], ["rotatio", "tangle", "vleg", "flap", "vstocking", "vtur", "flypes", "vinside out", "fold", "vfoot", "transformatio", "knot"], ["flex", "flexo", "postflexural", "wing", "tur", "curve", "instrument", "fold", "geanticlinal", "distortio", "recurvation", "joint", "massif", "flexural", "flexio", "orga", "bend", "astronomical", "bird", "tubular", "monocline"], ["aplicature", "amultiple", "apleat", "acorrugated", "vpleat", "fundoplication", "alengthwise", "vfold", "aplicately", "afolded", "plicatelyr", "afa", "aplicatio"], ["formatio", "microscopic", "fold"], [], ["fold", "surgical procedure", "strengthe", "suture", "pleat", "shorte", "plicature", "plicate"], ["digestive", "invertebrate", "intestine", "typhlosoles", "surface", "fold", "area"], [], ["compact", "tubing", "saxophone", "fold"], ["fold", "nanoscale"], ["a8", "foolscaps", "inch", "printing", "legal", "a3", "fold", "b6", "quarto", "paper", "b0", "writing paper", "a4", "octavo", "cut", "legal cap", "fool's cap", "a6", "half"], ["lamp", "light", "adjustable", "arm", "fold"], ["amyloidoma", "vincorrect", "vconsequence", "vtertiary", "vunusual", "vcausatio", "misfolds", "vamyloidosis", "misfolding", "vdementia", "vstructure", "vfold"], [], ["aquantum number", "amultiple", "aenergy", "apart", "atotal", "aazimuthal", "afold", "aaspect"], ["duplex", "building", "fold", "triplex", "apartment"], ["slice", "fold", "colloped", "flesh", "roll", "meat", "body", "collops"], ["afold", "aexine"], [], ["larynx", "fold", "epiglottis", "muscle", "arytenoid", "aryepiglottic", "cartilage"], ["acontract", "aepiglottis", "alarynx", "afold", "aaryepiglottic"], ["fold", "unfold", "protei"], ["protei", "superfolded", "fold", "superfolding"], ["embryonic", "fold", "head", "ventral"], [], ["afold", "adrape"], [], [], ["lace", "wattle", "headdress", "musli", "vdecorate", "bashlyk", "fold", "flap", "jardini\u00e8re"], [], ["vembrace", "vfold", "enfolder", "enfolds", "venvelop", "enmist", "enfolding", "embrace", "enfoldment", "comply", "enfolded", "infold", "imply", "enfoldinglyr"], [], [], ["shoulder", "fold", "greek", "cloak", "roma", "brooch", "drape"], ["mitochondrial", "synthesis", "membrane", "atp", "inner", "body", "round", "crista", "fold"], ["pachydermatocele", "fold", "dermatomegaly", "connective tissue", "dermatolysis", "disorder", "inelastic", "ski"], [], ["ceremonial", "fold", "abalone", "meat", "white", "strip", "origami", "paper"], ["vfold"], ["mesocaecal", "peritoneum", "fold", "caecum"], [], ["adehiscent", "fold", "door", "shutter"], ["deltidiodont", "hingeth", "vknapp", "cardinal rule", "delthyrium", "stamp hinge", "bivalve", "hingeing", "keratomileusis", "cyrtomatodont", "hingeless", "hinges", "multiarticulate", "vdistal", "reasoning", "cross garnet", "swingtail", "ginglymoid", "hinging", "heelpost", "door", "drawbridge", "leaf valve", "polyptych", "alivincular", "joint", "french sash", "flapping hinge", "hinged", "principle", "alpha hinge", "pintle", "akinesis", "leaf", "dump truck", "pseudoctenodont", "palintrope", "album", "swing check valve", "bushing", "butterfly door", "verticle", "cardo", "hopper", "flipboard", "ctenodont", "tankard", "pivot", "bonnet", "leaf bridge", "scissor door", "affix", "symphynote", "fold", "vattach", "knap", "shell", "knife switch", "flexible", "subsequent", "clamshell", "rehinge", "suicide door", "unhinge", "hanging stile", "trunk maker", "hook", "flip phone", "diptych", "rectangle", "paper", "hingest", "sun visor", "vargueno", "bifold", "legcuff", "umbo", "butt hinge", "triptych", "event", "deacon's bench", "vcore", "trunk", "postage stamp", "taxodont", "delta hinge", "buttwikten 1", "vfeathered", "gum", "vdepend", "vequip", "shake one's head", "hingelike", "pseudotaxodont", "jaw", "knee"], ["peritoneum", "double", "liver", "gall bladder", "fold", "attach"], [], ["gonad", "fold", "peritoneum", "caudal", "gubernacular"], ["fold", "reduplicatio"], ["gatefold", "afold", "foldouts"], ["afold"], ["vfold", "vbuckle", "tacolike", "snack", "tex mex", "vulva", "flauta", "food", "vin half", "taqueria", "bell"], [], ["mesogastrium", "fold", "mesogastric", "peritoneum", "stomach", "mesopneumonium", "abdominal cavity", "dorsal", "wall"], ["lambrequin", "fold", "drape", "draperied", "undrape", "gracefully", "frontal", "curtai", "cloth", "galloon", "draped", "draper", "mannequin", "bedrape", "edgy", "mantling", "draper's", "draperylike"], ["refoldability", "refolding", "vfold", "refoldable", "refolds"], ["neume", "additional", "ligature", "plical", "tail", "note", "fold", "polish plait", "ski", "trichomatose", "plica polonica", "crease", "disease", "hair"], ["fold", "gastrorrhaphy", "stomach"], ["torsion angle", "atorsion angle", "astratum", "fold"], ["acoil", "avolume", "voluminosity", "abulk", "fright wig", "afold", "voluminouslyr", "voluminal", "voluminousness", "unvoluminous", "deep", "aconvolutio", "long drink", "deathhawk"], ["plicate", "fold", "plicatio"], [], [], [], ["vulva", "spirurida", "tissue", "nematode", "pseudolip", "fold"], [], ["corrugatest", "corrugating", "corrugates", "vparallel", "corrugated", "vwrinkle", "vgroove", "corrugateth", "corrugator", "vfold", "anderson shelter", "vridge"], ["vpass", "saprist", "mucking", "small isles", "slimy", "dirty", "mucks", "mud", "vfold", "vmanure", "dirt", "manure", "vreveal", "mucked", "mucker", "mucky", "scunge", "murk", "vshow", "slime"], ["vfold"], ["vunwreathe", "vunfold", "vtwist", "vfold"], ["unchecked exception", "flat signed", "crisscross", "cut autograph", "unsigned", "moniker", "match", "mark", "signable", "nuclear spectrum", "time signature", "signcryption", "pseudovariety", "signal", "subsign", "virus", "delegate", "method", "patter", "tempo", "subsignature", "implicatio", "print", "wet signature", "jogger", "page", "paraph", "stub", "diagonal form", "tughra", "initial", "countersign", "directio", "name", "moreton wave", "signatory", "accidental", "tuple", "russian copulation", "variety", "aidentity", "quadratic form", "sigil", "holograph", "notarize", "sign manual", "catchphrase", "multiple", "allograph", "idiograph", "override", "key signature", "parameter", "sgn", "archaeomagnetic", "attest", "public key certificate", "postscript", "key", "act", "telautograph", "body", "adistinctive", "acharacteristic", "tagline", "pantelegraph", "immunosignature", "atomic authorization", "monogrammist", "scroll", "calltip", "countersignature", "john henry", "sig", "patient", "cabriole leg", "virtual method", "unsign", "autograph", "approval", "fold", "multisignature", "contract", "prescriptio", "sectio", "signoff", "consignature", "doctor", "stave", "subscriptive", "minkowski space", "subscription", "calligram", "artist's proof", "trademark", "undersigned", "catch phrase", "gathering board", "warlording", "endorse", "john hancock", "re sign", "mcquary limit", "autopen", "checked exception", "signatureless", "book", "presignature", "writing", "note"], ["glass cutter", "save", "good length", "vscore", "blank", "striker", "without troubling scorers", "tryscoring", "goalscoring", "three pointer", "groove", "body wire", "association football", "scratch", "glacial", "fold", "batting average", "hit home run", "body cord", "contest", "nonscoring", "goalhanger", "point", "ascore", "hit six", "wi", "score", "baseball", "internet", "defender", "sitter", "wagon wheel", "attacker", "sport", "goal", "mark", "rank", "rate"], ["wallet", "currency", "case", "fold", "billfolds", "notecase", "bifold"], ["fold", "canthal", "surgical", "eye", "removal"], ["fold", "doubling", "membrane"], [], ["complex", "protei", "fold", "family"], ["aeroplane", "airstairs", "stair", "door", "fold", "cooper vane"], ["crimple", "crumpling", "scrunch", "crumpler", "vrumple", "scrumple", "crumpet", "scrimple", "crumplest", "crumples", "recrumple", "irregular", "vwrinkle", "crumb", "fold", "uncrumple", "crumpleth", "crease", "crumpled", "vcrush", "vcollapse", "misguggle"]], "/r/UsedFor": [["holding money", "hold credit cards", "holding credit cards", "hold cash and credit cards", "carry credit cards i", "holding checkbook", "store money", "holding photos", "hold money identification and credit cards", "carrying money and personal identificatio", "carrying money", "holding identification cards", "store cash", "holding id", "holding pictures of loved ones", "keeping credit cards"], [], [], [], [], [], [], [], [], [], [], [], ["piece of paper"], [], [], [], [], [], [], [], [], [], [], [], [], [], [], [], [], [], [], [], [], [], [], [], [], [], [], [], [], [], [], [], [], [], [], [], ["storage", "store documents", "store papers", "organizing papers", "organizing", "organizing documents", "store drawings", "store hard copies of informati", "containing similar items", "hold paper", "filing", "keeping like things together"], [], [], [], [], ["pass time"], [], [], [], [], [], [], [], [], [], [], [], [], [], [], [], [], [], [], [], [], [], [], [], [], [], [], [], [], [], [], [], [], [], [], [], [], [], [], [], [], [], [], [], [], [], [], [], [], [], [], [], [], [], [], [], [], [], [], [], [], [], [], [], [], [], [], [], [], [], [], [], [], [], [], [], [], [], [], [], [], [], [], [], [], [], [], [], [], [], [], [], [], [], [], ["binding agreements"], ["knife"], ["hold money", "holding money", "hold important things", "holding cards", "keeping paper money", "holding personal informatio", "money", "carry id", "holding credit cards", "keep money together", "store paper money"], [], [], [], [], [], []], "/r/LocatedAt": [[], [], [], [], [], [], [], [], [], [], [], [], [], [], [], [], [], [], [], [], [], [], [], [], [], [], [], [], [], [], [], [], [], [], [], [], [], [], [], [], [], [], [], [], [], [], [], [], [], [], [], [], [], [], [], [], [], [], [], [], [], [], [], [], [], [], [], [], [], [], [], [], [], [], [], [], [], [], [], [], [], [], [], [], [], [], [], [], [], [], [], [], [], [], [], [], [], [], [], [], [], [], [], [], [], [], [], [], [], [], [], [], [], [], [], [], [], [], [], [], [], [], [], [], [], [], [], [], [], [], [], [], [], [], [], [], [], [], [], [], [], [], [], [], [], [], [], [], [], [], [], [], [], [], [], [], []], "/r/FormOf": [["wallets"], ["catstitching", "catstitches", "catstitched"], [], [], ["antecrochets"], ["flexagons"], [], [], ["unfoldest", "unfoldeth", "unfolding", "unfolds", "unfolded"], [], ["vfold"], ["plaits", "plaited", "plaiting"], ["fold", "foldings", "vfold"], [], [], ["wattles", "wattled"], ["webfeet"], ["puckers", "puckering", "puckered"], [], [], [], [], [], ["adipometers"], [], [], ["pachydermatoceles"], [], ["foldaways"], ["scapulets"], ["catamorphisms"], [], [], ["glomera"], ["time", "timesed", "timesing", "timeses", "vtime"], [], [], ["mesorectums"], [], [], ["campstools"], ["fold", "vfold"], ["circumflexions", "circumflection"], [], [], [], [], [], ["folders"], ["adenoids"], [], ["anticlinoria", "anticlinoriums"], ["fold", "vfold"], ["magazines"], ["creases", "creased", "creasing"], ["deerfolds"], ["swedges", "swedging", "swedged"], [], ["mesoaria"], [], [], [], ["vdouble", "doublings"], ["overfolding", "overfolded", "overfolds"], ["foldases"], [], ["infolding", "infolded", "infolds"], ["valves", "valving", "valved"], [], [], ["dogears", "dogeared", "dogearing"], ["falces", "falxes"], ["convoluting", "convolutes"], ["omenta", "omentums"], ["vcrumple"], ["electroglottographs"], [], ["synclines"], ["inflexures"], ["epicanthi"], ["flyped", "flypes", "flipe", "flyping"], ["flexures"], ["plicating", "plicates", "plicated"], [], [], ["plications"], ["typhlosoles"], [], ["tubaxes"], ["nanofolds"], ["fool's cap", "foolscaps"], ["anglepoises"], ["misfolds", "misfolded", "misfolding"], [], ["polyfolds"], ["plexes"], ["collops"], [], [], ["aryepiglottici"], [], ["foldons"], ["superfolds"], ["headfolds"], [], ["drapiest"], [], [], ["lappeted", "lappeting", "lappets"], [], ["enfolding", "enfoldest", "enfolds", "enfolded", "enfoldeth"], [], [], [], ["oxysomes"], [], [], [], ["interfolds", "interfolding", "interfolded"], [], [], ["quadrivalves"], ["hingeing", "hinges", "hinged", "hinging"], ["mesocysts"], [], ["gubernacula"], [], ["foldouts", "fold out"], [], ["tacoing", "tacoed", "tacos"], [], ["mesogasters"], ["draperies"], ["refolded", "refolds", "refolding"], ["plicas", "plicae"], [], ["synclinals", "synclinical"], [], ["plicatures"], [], [], [], ["pseudolabia"], [], ["corrugates", "corrugated", "corrugating"], ["mucking", "mucked", "mucks"], ["vfold"], ["unplatted", "unplats", "unplatting"], ["signatures"], ["vscore", "scorings"], ["billfolds"], ["epicanthoplasties"], ["duplicatures"], [], ["prefoldins"], ["airstairs"], ["crumpling", "crumples", "crumpled"]], "/r/IsA": [[" artifactcase artifact", "transport container", "small pouch for carrying money", "gearopencycpersonal device", "wpapplicatiosoftware"], [], [], [], [], [], [], [], [], [], [], [], [" processgeological process geology", "collapsingopencycmaking more compact", "origami"], [], [], ["golden wattle plant", "silver wattle plant", "gidgee plant", " artifactframework artifact", " bodycaruncle body", " plantacacia plant", "black wattle plant"], [" animalanimal foot animal"], [" shapefold shape"], [], [], [], [], [], [], [], [], [], [], [], [], [], [], [], ["wpfungusfungus"], [" timetime period time", " time", "roman times time", "newspaper"], [], [], [], [], [], [" artifactstool artifact"], [], [], [], [], [], [], [], ["file folder artifact", "matchbook artifact", " artifactcovering artifact", "document folder"], ["tonsil", "anatomical structure"], [], [], [], ["wired", "newsweek", "linux journal", "colour supplement communication communicatio", " artifactsupply chamber artifact", " communicatiopublication communicatio", "redbook", "pulp communication communicatio", "trade magazine communication communicatio", " artifactstorehouse artifact", "comic book communication communicatio", " grouppublisher group", " artifactproduct artifact", "book", "news magazine communication communicatio", " communicatiopress communicatio", "slick communication communicatio", "tecnology review", "educational magazine seriesopencycmagazine series", "news magazineopencycmagazine series", "time", "regional magazineopencycmagazine series", "opencycmagazine seriesperiodicalopencycperiodical series", "childrens magazineopencycmagazine series", "macworld", "journal", "opencycmagazine seriesconceptual work", "adult magazineopencycmagazine series", "political magazine", "mangaopencycmagazine series", "bridal magazine seriesopencycmagazine series", "international magazineopencycmagazine series", "comic book seriesopencycmagazine series", "fastcompany", "opencycmagazine copyperiodicalopencycperiodical copy", "gay and lesbian magazineopencycmagazine series", "svm", "online magazine seriesopencycmagazine series", "opencycmagazine issueperiodical issue", "comic bookopencycmagazine issue", "pornographic magazineopencycmagazine series", "qwpmagazine", "focuswpgerman magazine", "cashboxwpmagazine", "joywpmagazine", "restaurantwpmagazine", "sylphwpmagazine", "punchwpmagazine", "titanicwpmagazine", "ellewpmagazine", "forbes", "blenderwpmagazine", "pentaclewpmagazine", "tabulawpmagazine", "strad", "heavy metalwpmagazine", "panoramawpmagazine", "advocate", "gq", "new yorker", "vanity fairwpmagazine", "melodywpmagazine", "eggwpmagazine", "soundswpmagazine", "residentwpmagazine", "tenniswpmagazine", "shapewpmagazine", "closerwpmagazine", "edgewpmagazine", "black beltwpmagazine", "circuswpmagazine", "biswpmagazine", "blastwpmagazine", "hardcore gamer", "esquirewpmagazine", "searchlightwpmagazine", "glamourwpmagazine", "classic rockwpmagazine", "kisswpmagazine", "interzonewpmagazine", "ok", "acewpgames magazine", "counterpunch", "wiredwpmagazine", "bitchwpmagazine", "optionwpcar magazine", "vibewpmagazine", "seventeenwpjapanese magazine", "commonweal", "mojowpmagazine", "attitudewpmagazine", "outwpmagazine", "junewpmanga magazine", "uncutwpmagazine", "banzaiwpmagazine", "literary review", "trainswpmagazine", "timewpmagazine", "tv guide", "argosywpmagazine", "cheese", "organiserwpnewspaper", "cosmopolitanwpmagazine", "dessertwpmagazine", "wizardwpmagazine", "premierewpmagazine", "locuswpmagazine", "fortunewpmagazine", "sternwpmagazine", "rolling stone", "der spiegel", "vicewpmagazine", "casus belliwpmagazine", "wirewpmagazine", "arch", "playboy", "awake", "slamwpmagazine", "geowpmagazine", "avnwpmagazine", "knickerbocker", "guitar player", "total", "kickerwpsports magazine", "maxwpgerman magazine", "dungeonwpmagazine", "mbwpmagazine", "faustwpmagazine", "mademoisellewpmagazine", "crashwpmagazine", "punkwpmagazine", "mother joneswpmagazine", "popular science", "scientist", "lifewpmagazine", "ariawpmagazine", "trendswpbelgian magazine", "curvewpmagazine", "penthousewpmagazine", "surferwpmagazine", "playwpus magazine", "eveningwpmagazine", "billboardwpmagazine", "bravowpmagazine", "allurewpmagazine", "lala", "europewpmagazine", "developwpmagazine", "monoclewpmedia company", "hustler", "progressive", "chipwpmagazine", "wingswpmagazine", "white dwarfwpmagazine", "mandatewpmagazine", "peoplewpmagazine", "discoverwpmagazine", "playgirl", "watchtower", "incwpmagazine", "voguewpmagazine", "american renaissancewpmagazine", "boyzwpmagazine", "kerrang", "encounterwpmagazine", "flowerswpmagazine", "ecologist", "moneywpmagazine", "globuswpweekly", "varietywpmagazine", "cicerowpmagazine", "playwpuk magazine", "exclaim", "madwpmagazine", "omniwpmagazine", "emmawpmagazine", "old manwpmagazine", "princesswpmagazine", "red herringwpmagazine"], [], [], [], [], [], [], [], [], [" actraise poker", " processmultiplication process"], [], [], [], [], ["slide valve artifact", " bodystructure body", "valvule body", "clack valve artifact", "exhaust valve artifact", " artifactcontrol artifact", "safety valve artifact", "ball valve artifact", "ileocecal valve body", " artifactdevice artifact", "intake valve artifact", "heart valve body", "poppet artifact", "choke artifact", "accelerator artifact", " animalshell animal", "butterfly valve artifact", "flow control structure", "faucet", "valve mechanical", "portal", "unidirectional valve"], [], [], [], [], [], ["lesser omentum body", "greater omentum body", " bodyperitoneum body"], [], [], [], ["synform"], [], [" bodyfold body"], [], [" statephysiological state"], [], [], [], [" actfold act"], [], [], [], [], [" communicatiosheet communicatio"], [], [], [], [], [], [], [], [], [], [], [], [], [], [], [], [], [], [" artifactlap artifact", " animallasiocampid animal"], [], [], [], [], [], [], [], [], [], [], [], [], [], ["butt hinge artifact", " artifactjoint artifact", "tee hinge artifact", "strap hinge artifact", " statecircumstance state"], [], [], [], [], [" communicatiopage communicatio", "centerfold communication communicatio"], [], ["chicken taco food", " fooddish food", "prepared solid food", "carnitas taco", "fish taco", "bean and cheese taco", "ready to eat food", "mexican hispanic food", "food", "wpmusiciamusical artist"], [], [], [" artifactfabric artifact"], [], [], [], [], [], [], [], [], [], [], [], [], ["find underwater"], [], [], [" communicatiosheet communicatio", " communicationame communicatio", "endorsement communication communicatio", "countersignature communication communicatio", " communicatiotune communicatio", "sign manual communication communicatio", "allograph communication communicatio", "autograph communication communicatio", "biosignature", "iconopencycsymbolic object", "character string token inscribed", "hand written document", "autograph"], [], ["folded group of paper money", "another name for wallet"], [], [], [], [], [], []], "/r/PartOf": [[], [], [], [], [], [], [], [], [], [], [], [], [], [], [], [], ["web animal"], [], [], [], [], [], [], [], [], [], [], [], [], [], [], [], [], [], [], [], [], [], [], [], [], [], [], [], [], [], [], [], [], [], [], [], [], ["center spread communication communicatio", "magazine article communication communicatio", " artifactcamera artifact", "feature communication communicatio"], [], [], [], [], [], [], [], [], [" actcard game act"], [], [], [], [], [" bodyheart body", " artifactbrass artifact", "handwheel artifact", "trumpet"], [], [], [], [], [], [], [], [], [], ["synform"], [], [" bodyeye body"], [], [], [], [], [], [], [], [], [], [], [], [], [], [], [], [], [], [], [], [], [], [], [], [], [], [], [], [], [], [], [], [], [], [], [], [], [], [], [], [], [], [], [" artifactswing door artifact", " artifactbi fold door artifact", " artifactgate artifact", " artifactexterior door artifact", " artifactcar door artifact", " artifactfrench door artifact", "pintle artifact", "pintel"], [], [], [], [], [], [], [], [], [], [], [], [], [], [], [], [], [], [], [], [], [], [], [], [], [], ["paraph communication communicatio", " communicatiobook communicatio"], [], [], [], [], [], [], [], []], "/r/HasA": [["money", "money and credit cards"], [], [], [], [], [], [], [], [], [], [], [], [], [], [], [], [], [], [], [], [], [], [], [], [], [], [], [], [], [], [], [], [], [], [], [], [], [], [], [], [], [], [], [], [], [], [], [], [], [], [], [], [], ["articles", "pages", "pictures and text"], [], [], [], [], [], [], [], [], [], [], [], [], [], [], [], [], [], [], [], [], [], [], [], [], [], [], [], [], [], [], [], [], [], [], [], [], [], [], [], [], [], [], [], [], [], [], [], [], [], [], [], [], [], [], [], [], [], [], [], [], [], [], [], [], [], [], [], [], ["toilet lids"], [], [], [], [], [], [], [], [], [], [], [], [], [], [], [], [], [], [], [], [], [], [], [], [], [], [], [], ["money", "place to keep currency"], [], [], [], [], [], []], "/r/CapableOf": [["hold money"], [], [], [], [], [], [], [], [], [], [], [], [], [], [], [], [], [], [], [], [], [], [], [], [], [], [], [], [], [], [], [], [], [], [], [], [], [], [], [], [], [], [], [], [], [], [], [], ["separate papers"], [], [], [], [], ["reach readers", "out gay ma", "cover article"], [], [], [], [], [], [], [], [], [], [], [], [], [], ["seat improperly", "let out air from tire", "allow water to flow"], [], [], [], [], [], [], [], [], [], [], [], [], [], [], [], [], [], [], [], [], [], [], [], [], [], [], [], [], [], [], [], [], [], [], [], [], [], [], [], [], [], [], [], [], [], [], [], [], [], [], [], [], [], [], [], [], [], [], [], [], [], [], [], [], [], [], [], [], [], [], [], [], [], [], [], [], [], [], [], [], [], [], [], [], [], [], [], [], []], "/r/AtLocation": [["money", "pockets", "purse", "pocket", "paper bill", "subway pass", "dollar bill", "transit ticket", "bill", "driver's license", "cash bill", "credit card", "credit card or cards", "five and dime", "ticket", "passenger ticket", "name", "penny", "rubber", "opera ticket", "check", "restaurant bill", "coi", "pouch", "movie ticket", "bed", "condom", "checkbook cover", "cash coi"], [], [], [], [], [], [], [], [], [], [], [], [], [], [], [], [], [], [], [], [], [], [], [], [], [], [], [], [], [], [], [], [], [], [], [], [], [], [], [], [], [], [], [], [], [], [], [], ["filing cabinet", "file cabinet", "shelf", "paper", "file drawer", "briefcase", "school"], [], [], [], [], ["paper page", "advertisement", "library", "bed", "skin care article", "bullet", "table", "bookstore", "hair care article", "articles", "newsstand", "bus depot", "mailbox", "waiting room", "shop", "train statio", "mail", "adverts", "advertising panel", "rack", "colum"], [], [], [], [], [], [], [], [], [], [], [], [], [], ["diaphragm"], [], [], [], [], [], [], [], [], [], [], [], [], [], [], [], [], [], [], [], [], [], [], [], [], [], [], [], [], [], [], [], [], [], [], [], [], [], [], [], [], [], [], [], [], [], [], [], [], [], [], [], [], [], [], [], [], [], [], [], [], [], ["fast food restaurant"], [], [], [], [], [], [], [], [], [], [], [], [], [], [], [], [], [], [], [], [], ["paper bill", "man's back pocket", "money", "debit card", "back pocket", "hip pocket", "air ticket", "identificatio", "mans pocket"], [], [], [], [], [], []], "/r/HasProperty": [[], [], [], [], [], [], [], [], [], [], [], [], [], [], [], [], [], [], [], [], [], [], [], [], [], [], [], [], [], [], [], [], [], [], [], [], [], [], [], [], [], [], [], [], [], [], [], [], [], [], [], [], ["newspaper"], ["similar to book"], [], [], [], [], [], [], [], [], [], [], [], [], [], [], [], [], [], [], [], [], ["paper"], [], [], [], [], [], [], [], [], [], [], [], [], [], [], [], [], [], [], [], [], [], [], [], [], [], [], [], [], [], [], [], [], [], [], [], [], [], [], [], [], [], [], [], [], [], [], [], [], [], [], [], [], [], [], [], [], [], [], [], [], [], [], [], [], [], [], [], [], [], [], [], [], [], [], [], [], [], [], [], [], [], []], "/r/CreatedBy": [[], [], [], [], [], [], [], [], [], [], [], [], [], [], [], [], [], [], [], [], [], [], [], [], [], [], [], [], [], [], [], [], [], [], [], [], [], [], [], [], [], [], [], [], [], [], [], [], [], [], [], [], [], [], [], [], [], [], [], [], [], [], [], [], [], [], [], [], [], [], [], [], [], [], [], [], [], [], [], [], [], [], [], [], [], [], [], [], [], [], [], [], [], [], [], [], [], [], [], [], [], [], [], [], [], [], [], [], [], [], [], [], [], [], [], [], [], [], [], [], [], [], [], [], [], [], [], [], [], [], [], [], [], [], [], [], [], [], [], [], [], [], [], [], [], [], [], [], [], [], [], [], [], [], [], [], []], "/r/Synonym": [["pocketbook artifact", "billfold artifact", "notecase artifact", "billfold", "pocketbook", "knapsack", "wpapplicationwpapplicatio", ""], [], ["folding a ", "foldaway a ", "soft top"], [], [], [], [], [], ["spread out contact", "spread contact", "stretch out motion motio", "extend motion motio", "v changeblossom change", "stretch motion motio", "open contact", "reveal"], [], [], [" artifactpleat artifact", "v handicraftbraid handicraft", " bodybraid body"], ["a foldable ", "fold process", " processprotein folding process", " actfold act"], [], [], ["lappet body"], ["webbed foot"], ["ruck contact", "ruck shape", "crumple contact", "cockle contact", "knit contact", "ruck up contact", "rumple contact", "v contactgather contact", "purse"], [], [], [], [], [], [], [], [], [], [], ["a foldable "], [], [], [], [], ["wpfunguswpfungus"], ["modern world time", "present times time", "contemporary world time", " actmultiplication act", "modern times time", "vmultiply", ""], [], [], [], [], [], [], [], [], [], [], [], [], [], ["directory", " communicatiobooklet communicatio", "booklet", "leaflet"], [" bodypharyngeal tonsil body", "tonsilla adenoidea", "pharyngeal tonsil", "tonsilla pharyngealis", "third tonsil", "luschka's tonsil", ""], [], [], [], ["powder store artifact", "powder magazine artifact", "mag communication communicatio", "magazine publisher group", "cartridge artifact", " artifactcartridge holder artifact", "periodical", "wpfirearmswpfirearms", ""], ["v contactgraze contact", "v contactfurrow contact", " artifactkris artifact", " shapewrinkle shape", " shapefold shape", "v contactwrinkle contact", "v changerumple change", "popping crease", "fold", "zone", "wrinkle"], [], [], [], [], [], [], [], ["double act"], [], [], [], [], [], [], [], [], [], ["v contactconvolve contact", "v communicatiotwist communicatio", "convoluted botany"], [], ["dented a ", "bent a "], ["egg", "laryngograph"], [], [], [], ["epicanthic fold body", "epicanthic fold", "epicanthal fold"], [], ["flexion state", "flection state", " shapefold shape", " actflexion act"], ["v contactpleat contact", "acorrugated"], [], [], [" shapefold shape", "pleating act", "plicature"], [], [], [], [], [], [], [], [], [], [], [], [], [], [], [], [], [], [], [], [], [], [], [" bodywattle body", "lappet moth animal"], [], ["v contactenvelop contact", "wrap"], [], [], [], [], ["dermatolysis", "dermatomegaly", "cutis laxa"], [], [], [], [], [], [], ["joint", "flexible joint artifact", "quartile", "har"], [], [], [], [], ["gatefold communication communicatio"], [], [" persogreaser perso", "", "wpmusicianwpmusicia"], [], [], [" artifactcurtain artifact"], [], [" bodyfold body", "polish plait"], [], [], ["a twisting ", "copious a ", "commodious"], ["plication"], [], [], [], ["pseudolip"], [], ["vwave"], ["v motiomanure motio", " substancesludge substance", "v contactmire contact", " substancedroppings substance", "gunk"], [], [], [" communicatiokey signature communicatio", " attributetouch attribute", "theme song communication communicatio", "signature tune communication communicatio", "clue", "autograph", "characteristic", ""], [" actmarking act"], [" artifactwallet artifact", "wallet", "pocketbook"], [], [], [], [], [], ["v contactpucker contact", "v changerumple change", "v motiocrumble motio", "v contactbuckle contact"]], "/r/LocatedNear": [[], [], [], [], [], [], [], [], [], [], [], [], [], [], [], [], [], [], [], [], [], [], [], [], [], [], [], [], [], [], [], [], [], [], [], [], [], [], [], [], [], [], [], [], [], [], [], [], [], [], [], [], [], [], [], [], [], [], [], [], [], [], [], [], [], [], [], [], [], [], [], [], [], [], [], [], [], [], [], [], [], [], [], [], [], [], [], [], [], [], [], [], [], [], [], [], [], [], [], [], [], [], [], [], [], [], [], [], [], [], [], [], [], [], [], [], [], [], [], [], [], [], [], [], [], [], [], [], [], [], [], [], [], [], [], [], [], [], [], [], [], [], [], [], [], [], [], [], [], [], [], [], [], [], [], [], []], "/r/SimilarTo": [[], [], ["a collapsible ", "collapsible a "], [], [], [], [], [], [], [], [], [], [], [], [], ["caruncle"], [], [], [], [], [], [], [], [], [], [], [], [], [], [], [], [], [], [], [], [], [], [], [], [], [], [], [], [], [], [], [], [], ["dossier"], ["lingual tonsil", "palatine tonsil"], [], [], [], [], [], [], [], [], [], [], [], [], [], [], [], [], [], [], [], [], [], [], ["coiled a botany", "a botanycoiled "], [], ["damaged a ", "a damaged "], [], [], ["anticline"], [], [], [], [], [], [], [], [], [], [], [], [], [], [], [], [], [], [], [], [], [], [], [], [], [], [], [], [], [], [], [], [], [], [], [], [], [], [], [], [], [], [], [], [], [], [], [], [], [], [], [], ["burger"], [], [], [], [], [], [], [], ["a abundant ", "a large ", "large a ", "abundant a ", "big"], [], [], [], [], [], [], [], [], [], [], [], [], [], [], [], [], [], [], []], "/r/MadeOf": [["man made leather", "plastic"], [], [], [], [], [], [], [], [], [], [], [], [], [], [], [], [], [], [], [], [], [], [], [], [], [], [], [], [], [], [], [], [], [], [], [], [], [], [], [], [], [], [], [], [], [], [], [], [], [], [], [], [], [], [], [], [], [], [], [], [], [], [], [], [], [], [], [], [], [], [], [], [], [], [], [], [], [], [], [], [], [], [], [], [], [], [], [], [], [], [], [], [], [], [], [], [], [], [], [], [], [], [], [], [], [], [], [], [], [], [], [], [], [], [], [], [], [], [], [], [], [], [], [], [], [], [], [], [], [], [], [], [], [], [], [], [], [], [], [], [], [], [], [], [], [], [], [], [], [], [], [], [], [], [], [], []], "/r/ReceivesAction": [[], [], [], [], [], [], [], [], [], [], [], [], [], [], [], [], [], [], [], [], [], [], [], [], [], [], [], [], [], [], [], [], [], [], [], [], [], [], [], [], [], [], [], [], [], [], [], [], [], [], [], [], ["sheet of paper", "pair of pants", "director chair", "piece of paper", "umbrellas"], ["made out of paper"], [], [], [], [], [], [], [], [], [], [], [], [], [], [], [], [], [], [], [], [], [], [], [], [], [], [], [], [], [], [], [], [], [], [], [], [], [], [], [], [], [], [], [], [], [], [], [], [], [], [], [], [], [], [], [], [], [], [], [], [], [], [], [], [], [], [], [], [], [], [], [], [], [], [], [], [], [], [], [], [], [], [], [], [], [], [], [], [], [], [], [], [], [], [], [], [], ["stolen quite easily"], [], [], [], [], [], []]}, "/r/UsedFor": {"/r/RelatedTo": [["mechanical", "take up", "rube goldberg machine", " artifactoperator perso", "device", "scale", "motor", "copy", "robot", "haywire", "cheek", "vending machine", "contraption", "mechanophobe", "machineless", "microoperation", "tomograph", "movement", "transplanter", "dud", "multimachine", "crane", "caml", "intermixer", "harvester", "machinelike", "airplane", "call originator", "washplant", "coil winder", "electricity", "spinning frame", "hydroseeder", "turbine", "stock picker", "mechanician", "manual labor", "fingerguard", "concher", "street sweeper", "pulp engine", "pascaline", "photocomposer", "nonmachine", "aberuncator", "turboencabulator", "reel to", "supermachine", "fourdrinier", "microphonograph", "repaver", "linisher", "repressurizer", "automobile", "autopen", "cornsheller", "mixer", "biorobotics", "remachine", "sequencer", "haymaker", "moderator", "swather", "vinificator", "masheen", "cycloscope", "drawbench", "pile driver", "machinic", "stack machine", "prime mover", "spinning jenny", "circulatory system", "stop motion", "automaton", "sling cart", "polyphaser", "pasteurizer", "burster", "weight", "guard", "blancher", "mechanist", "nonmachined", "reap", "impactor", "guidewheel", "turbomachine", "stonebreaker", "machinate", "nanorobotics", "artificial intelligence", "orograph", "sawmill", "split leather", "steam hammer", "headstock", "brussels net", "machinery", "replenisher", "steam shovel", "corncutter", "meter stamp", "bottlewasher", "micromachine", "teleautomaton", "flipper", "multipolar", "metadyne", "packager", "bring up", "perfecting press", "roboroach", "xerographer", "machinable", "machined", "scrimping bar", "pulper", "briquettor", "tumbling mill", "roller", "enrober", "governor", "depalletizer", "guillotine", "machine readable", "bolt bucket", "gadget", "manhandle", "photoduplicator", "moving part", "musical instrument", "scribbler", "feedhole", "carder", "classifier", "nipper", "spinning mule", "delinter", "household appliance", "degreaser", "instantizer", "spin dryer", "squirrel", "barcode", "recoater", "state machine", "polyvinylsiloxane", "brain", "pulsator", "stretching frame", "tenter", "cash register", "carrier", "photoplotter", "deus ex machina", "kneader", "envelope stuffer", "metacompilation", "robochef", "bundler", "ice cream maker", "point net", "self binder", "simulator", "responsiveness", "varitypist", "conditioner", "ctrl alt delete", "corrugator", "wire bonder", "machinist", "catadrome", "peelerwikten 2", "encephalograph", "quartz crusher", "machining", "mechanistic", "masticator", "smutter", "drawbar", "overwrapper", "copier", "speeder", "zamboni", "chevrette", "flocculator", "pentapod", "toys to life", "fragmentizer", "vm", "macerator", "deambulation", "food waste disposer", "erecting shop", "trumpet", "controller", "installation", "bodok seal", "corn cracker", "planter", "air compressor", "trencher", "turing machine", "plaiter", "intermachine", "typesetter", "neuroscanning", "votator", "kinetophone", "raker", "self test", "bolster", "spotface", "cytoanalyzer", "guideway", "swift", "windmill", "lithotype", "riveter", "telltale", "ball machine", "efficient", "gig mill", "mechanology", "screw machine", "autocook", "billy", "slubber"]], "/r/UsedFor": [["work", "exercise muscles", "crush ice", "manufacture", "vend newspapers", "play chess", "wax floor", "brush teeth", "refrigerate", "filter", "count coins", "pop popcor", "televise", "seal", "lift skiiers", "rotate tires", "create electricity", "harvest", "bind books", "wash dirty clothes", "load ship", "make bread", "play tape", " artifactperform creatio", "mix concrete", "lubricate", "dig", "generate electricity", "record messages", "simulate airplane", "mold", "make cotton candy", "create parts", "apply coatings", "clip sheep", "sprinkle la ", "simulate automobile", "develop strength", "weave cloth", "repair car bodies", "power trai", "take tire off rim", "deliver luggage", "cremate", "pump water", "entertai", "survey", "burn trash", "beat eggs", "count money", "iron clothes", "make artificial snow", "fry", "see stars", "enlarge print", "vend products", "move vehicle", " artifactfunction contact", "dispense cigarettes", "scrub floor", "write", "lay railroad track", "pack cartons", " artifactwork act", "dump", "make juice drinks", "circulate water", "paint house", "water field", "test astronauts", "water flowers", "make copies", "test body temperature", "lift", "fill orders", "lift car", "combine", "play checkers", "dry clothes", "grind grains", "press clothes", "deliver insecticide", "print", "test blood", "power plane", " artifactwork artifact", "drive nails", "fly", "grind garbage", "take picture", "cut paper", "plow", "transport goods", "glaze", "clean sonically", "scan product codes", "make popcor", "simulate human thinking", "dispense gum", "dispense candy", "burn wood", "vacuum", "measure", "dispense snacks", "burn into leather", "grasp part", "smooth ice", "drain swamp", "power boat", "answer phone", "bend metal", "pump oil", "paint car", "pour grains", "build health in gym", "cook", "fry donuts", "heat tar", " artifacthelp social", "scan body", "incinerate", "drill teeth", "mechanized processes", "test pilots", "phone", "crosscut wood", "verify checks", "pump gas", "fan air", "bake bread", "wash clothes", "wash carpet", "kill", "power car", "drill hole", "dispense water", "bake goods", "calculate", "wash car", "dispense popcor", "record meetings", "shave metal", "dive deep into ocea", "mold plastic", "play cds", "mix drinks", "open cans", "store and retrieve computer storage media", "clean aquarium", "extend hearing power", "conveyor things", "punch holes", "print newspapers", "wash dishes", "power saw", "saw wood", "pasteurize milk", "cut hair", "receive signals", "extend human senses", "unscrew screw", "jig saw cut", "distill liquor", "pump liquids", "staple", "screw in", "fill bottles", "process cheese", "act as bank teller atm", "air conditio", "spray paint", "smooth wood", "x ray body", "sand wood", "solder metal", "inflate tires", "bond parts", "make fasteners", "rotate tower restaurant", "shave beard", "pump oxyge"]], "/r/LocatedAt": [[]], "/r/FormOf": [["machines"]], "/r/IsA": [["refrigerator", "pump", "plane", "rocket", "assembly artifact", "bagger artifact", "hop picker artifact", "perpetual motion machine artifact", "stapler artifact", "cash machine artifact", "typewriter", "power shovel artifact", "workhorse artifact", "complex tool", "riveting machine artifact", "vehicle", " grouporganization group", "pulley artifact", "sorter artifact", "calculator artifact", "slicer artifact", "robot", "lever artifact", "farm machine artifact", "televisio", "wheel artifact", "trimmer artifact", "stamp artifact", "automato", "machinery artifact", "cotton gin artifact", "calender artifact", "self feeder artifact", "pile driver artifact", "washing machine", "franking machine artifact", "staple gun artifact", "computer", "snow thrower artifact", "bidet", "car", "power tool artifact", "decoder artifact", "motor artifact", "pavior artifact", "slot machine artifact", "toaster", "machine tool artifact", "cyborg person perso", "press artifact", " artifactdevice artifact", "milking machine artifact", "concrete mixer artifact", "textile machine artifact", "record player artifact", "corker artifact", "inclined plane artifact", "simulator artifact", "computer science artifact", "comber artifact", "clock", " persoperson", "printer artifact", " artifactmechanical device artifact", "time machine artifact", "backhoe", "transmitter", "centrifuge", "answering machine", "helicopter", "phone", "vaccum cleaner", "dishwasher", "tank", "artifact", "man made object", "watch", "windmill", "photocopier"]], "/r/PartOf": [[]], "/r/HasA": [[]], "/r/CapableOf": [["construct", "dispense", "vend", "wash dishes", "sort letters", "bottle soda", "sew seam", "dig hole", "ball cotto", "box product in container", "sort numbers", "do task"]], "/r/AtLocation": [["ball bearing", "push button artifact", "museum", "bar", "house", "laboratory", "office", "industrial area", "own home", "every hom in united states", "cars"]], "/r/HasProperty": [["mechanical"]], "/r/CreatedBy": [["people"]], "/r/Synonym": [["political machine group", " artifactcar artifact", "simple machine artifact", "facsimile", "organizatio", "engine", "machinery", "apparatus", "puppet"]], "/r/LocatedNear": [[]], "/r/SimilarTo": [[]], "/r/MadeOf": [[]], "/r/ReceivesAction": [[]]}, "/r/LocatedAt": {}, "/r/FormOf": {"/r/RelatedTo": [["folded up", "conduplicate", "misfolded", "thylakoid", "tertiary structure", "foldamer", "foldome", "broadside", "endpaper", "polypeptide", "downfolded", "linenfold", "blintz", "vfold", "backfolded", "rugal", "prefolded", "domain", "quaternary structure", "plicate", "card", "wallet", "napki", "pray", "prayer", "box"], ["vfold"], ["falsetto", "folded up", "syntaxis", "fold", "convoluted", "vfold", "napki", "wallet"], [], ["vfold"], ["enfolding", "paperfolding", "class", "orogeny", "sheep", "vfold", "malfolding", "phaeton", "refolding", "denaturation", "method", "chaperome", "jockteleg", "cofolding", "trestle", "shelter tent", "x chair", "downfolding", "money", "clasp knife", "fold", "deck chair", "postfolding", "prosegment", "source code", "misfolding", "enclosure", "arable", "foldings", "coi", "steamer chair", "bioconformatics", "foldscope", "duodecimo", "afold", "backfolding", "puff pastry", "phrygian cap", "hide", "unfold", "balisong", "wallet", "card"]], "/r/UsedFor": [[], [], [], [], [], ["piece of paper"]], "/r/LocatedAt": [[], [], [], [], [], []], "/r/FormOf": [["fold", "vfold"], ["vfold"], ["fold", "vfold"], ["vfold", "fold", "foldens"], ["vfold"], ["fold", "foldings", "vfold"]], "/r/IsA": [[], [], [], [], [], [" processgeological process geology", "collapsingopencycmaking more compact", "origami"]], "/r/PartOf": [[], [], [], [], [], []], "/r/HasA": [[], [], [], [], [], []], "/r/CapableOf": [[], [], [], [], [], []], "/r/AtLocation": [[], [], [], [], [], []], "/r/HasProperty": [["newspaper"], [], [], [], [], []], "/r/CreatedBy": [[], [], [], [], [], []], "/r/Synonym": [[], [], [], [], [], ["a foldable ", "fold process", " processprotein folding process", " actfold act"]], "/r/LocatedNear": [[], [], [], [], [], []], "/r/SimilarTo": [[], [], [], [], [], []], "/r/MadeOf": [[], [], [], [], [], []], "/r/ReceivesAction": [["sheet of paper", "pair of pants", "director chair", "piece of paper", "umbrellas"], [], [], [], [], []]}, "/r/IsA": {"/r/RelatedTo": [[], [], [], [], [], [], [], [], [], [], [], [], []], "/r/UsedFor": [[], [], [], [], [], [], [], [], [], [], [], [], []], "/r/LocatedAt": [[], [], [], [], [], [], [], [], [], [], [], [], []], "/r/FormOf": [[], [], [], [], [], [], [], [], [], [], [], [], []], "/r/IsA": [[], [], [], [], [], [], [], [], [], [], [], [], []], "/r/PartOf": [[], [], [], [], [], [], [], [], [], [], [], [], []], "/r/HasA": [[], [], [], [], [], [], [], [], [], [], [], [], []], "/r/CapableOf": [[], [], [], [], [], [], [], [], [], [], [], [], []], "/r/AtLocation": [[], [], [], [], [], [], [], [], [], [], [], [], []], "/r/HasProperty": [[], [], [], [], [], [], [], [], [], [], [], [], []], "/r/CreatedBy": [[], [], [], [], [], [], [], [], [], [], [], [], []], "/r/Synonym": [[], [], [], [], [], [], [], [], [], [], [], [], []], "/r/LocatedNear": [[], [], [], [], [], [], [], [], [], [], [], [], []], "/r/SimilarTo": [[], [], [], [], [], [], [], [], [], [], [], [], []], "/r/MadeOf": [[], [], [], [], [], [], [], [], [], [], [], [], []], "/r/ReceivesAction": [[], [], [], [], [], [], [], [], [], [], [], [], []]}, "/r/PartOf": {}, "/r/HasA": {}, "/r/CapableOf": {}, "/r/AtLocation": {}, "/r/HasProperty": {}, "/r/CreatedBy": {}, "/r/Synonym": {"/r/RelatedTo": [[], [], [], [], [], [], [], [], [], [], [], [], [], [], [], [], [], ["tur", "bendel", "tehama county", "hook", "missouri", "bendy", "twist", "vtie", "inbend", "vfast", "clinodactyly", "inflexible", "leather", "county seat", "declivity", "honourable", "plank", "bendwiser", "water knot", "second moment of inertia", "dogleg", "adcauline", "glissando", "california", "unbend", "enarched", "windac", "ordinary", "bendeth", "second moment of area", "multiarticulate", "butterfly bend", "sinister base", "upbend", "moulinet", "cranked", "deschutes county", "contortionism", "bend over", "simple simon under", "serpentize", "curve", "devexity", "cottise", "reflex", "bent", "joi", "recline", "inclination", "bendless", "bowing", "intorsion", "curvity", "droop", "clinch", "third", "uncharged", "butt", "vanchor", "genu", "albright knot", "clove hitch", "curb", "urd\u00e9", "genuflect", "vshackle", "spring", "antroverted", "inflexibility", "cow hitch", "charged", "vcurve", "cdp", "vcleat", "elbowed", "vchai", "introflexed", "bending", "sinuate", "vswing", "usa", "conditio", "bend do v", "spurwinged", "sole", "blues scale", "curvilineal", "twistilyr", "ashley's bend", "vstoop", "unyielding", "tarve", "double up", "apheliotropism", "circumflect", "maries county", "keel", "pitch", "marble run", "san saba county", "wingle", "bended", "rebend", "vbow", "bends", "urd\u00e9e", "line", "clay", "sneck bend", "circumflexion", "flex", "ribbon", "meade county", "proneness", "shroud knot", "french fake", "simple simon over", "recurvation", "prebent", "inflexure", "reflect", "offset", "leg curl", "pretzel", "dupuytren's contracture", "knot", "conduit bender", "diagonal", "curvation", "canada", "lithy", "falcation", "bendlet", "wraparound", "vagwikten 3", "tantalus cup", "malanders", "lampasas county", "vchemical", "cutbank", "moment of inertia", "glide", "turn away", "vforce", "vbody"], [], [], [], ["rugose", "creases", "permanent press", "double", "area", "substance", "play", "allergic salute", "creaser", "pressing", "ruga", "frontal wedgie", "anticrease", "mark", "m", "ride", "popping crease", "noncrease", "creaseproof", "pitch", "creaseth", "line", "donkey drop", "bowling crease", "whiskering", "goal crease", "smale's paradox", "uncrease", "crepe", "plica", "creased", "simian crease", "fold", "crinkle", "iron out", "goal", "creasing", "vgraze", "uncreasable", "rimple", "mankad", "return crease", "anticreasing", "pliable", "uncreased", "runkle", "iron", "creasable", "bifold", "creasest", "ruckle", "monolid", "crumple", "noncreasing", "creaseless", "michelin tire baby syndrome", "vwrinkle", "creasy", "marker", "white", "reduce", "break"], [], [], []], "/r/UsedFor": [[], [], [], [], [], [], [], [], [], [], [], [], [], [], [], [], [], [], [], [], [], [], [], [], []], "/r/LocatedAt": [[], [], [], [], [], [], [], [], [], [], [], [], [], [], [], [], [], [], [], [], [], [], [], [], []], "/r/FormOf": [[], [], [], [], [], [], [], [], [], [], [], [], [], [], [], [], [], ["bends", "bentest", "bent", "bendeth", "bending", "bended"], [], [], [], ["creases", "creased", "creasing"], [], [], []], "/r/IsA": [[], [], [], [], [], [], [], [], [], [], [], [], [], [], [], [], [], [" shapecurve shape", "bight shape", "elbow artifact river", " riversection artifact", " artifactordinary heraldry", "blind curve artifact river", "hairpin bend artifact river", "one type of bow", "natural thing"], [], [], [], [], [], [], []], "/r/PartOf": [[], [], [], [], [], [], [], [], [], [], [], [], [], [], [], [], [], [" riverroad artifact", " locatiooregon locatio"], [], [], [], [], [], [], []], "/r/HasA": [[], [], [], [], [], [], [], [], [], [], [], [], [], [], [], [], [], [], [], [], [], [], [], [], []], "/r/CapableOf": [[], [], [], [], [], [], [], [], [], [], [], [], [], [], [], [], [], ["humans", "fingers"], [], [], [], [], [], [], []], "/r/AtLocation": [[], [], [], [], [], [], [], [], [], [], [], [], [], [], [], [], [], [], [], [], [], [], [], [], []], "/r/HasProperty": [[], [], [], [], [], [], [], [], [], [], [], [], [], [], [], [], [], [], [], [], [], [], [], [], []], "/r/CreatedBy": [[], [], [], [], [], [], [], [], [], [], [], [], [], [], [], [], [], [], [], [], [], [], [], [], []], "/r/Synonym": [[], [], [], [], [], [], [], [], [], [], [], [], [], [], [], [], [], ["crook shape", " eventbending event", "twist shape", " shapefold shape", "v contactflex contact", "bend dexter artifact", "curve river", "turn shape", "v motiodeflect motio", "v motiocrouch motio", "flex motion motio", "turn", "fold", "compel", "give"], [], [], [], ["v contactgraze contact", "v contactfurrow contact", " artifactkris artifact", " shapewrinkle shape", " shapefold shape", "v contactwrinkle contact", "v changerumple change", "popping crease", "fold", "zone", "wrinkle"], [], [], []], "/r/LocatedNear": [[], [], [], [], [], [], [], [], [], [], [], [], [], [], [], [], [], [], [], [], [], [], [], [], []], "/r/SimilarTo": [[], [], [], [], [], [], [], [], [], [], [], [], [], [], [], [], [], [], [], [], [], [], [], [], []], "/r/MadeOf": [[], [], [], [], [], [], [], [], [], [], [], [], [], [], [], [], [], [], [], [], [], [], [], [], []], "/r/ReceivesAction": [[], [], [], [], [], [], [], [], [], [], [], [], [], [], [], [], [], [], [], [], [], [], [], [], []]}, "/r/LocatedNear": {}, "/r/SimilarTo": {}, "/r/MadeOf": {}, "/r/ReceivesAction": {}}}, "": {"N1": {"/r/RelatedTo": ["windowdoor", "worklabor", "butchermeat", "gallomeasure", "woundgash", "punishmentcrime and", "chickelaying", "thricerthree", "informed educated ", "closed obstructed ", "transpondianrightpondia", "mystifymystery", "audiovisualsaudiovisual"], "/r/UsedFor": ["flash artifactlight physics", "string bassplaying music"], "/r/LocatedAt": [], "/r/FormOf": ["air burstsair burst", "pot belliespot belly", "cross sectionscross sectio"], "/r/IsA": ["suburb locatioresidential district locatio", "western skink animalskink animal", "inertial mass physicsmass attribute", "leading man persoactor perso", "occasion timetime time", "tree toad animalfrog animal", "petaurista animalmammal genus animal", "torch singer persosinger perso", "drop arch artifactpointed artifact", "rottenstone substancelimestone substance", "scorpionfish animalscorpaenid animal", "temporary hookup artifactconnection artifact", "acrylic fiber substanceman made substance", "dependence statestate ", "overhand pitch actpitch baseball", "american spikenard plantsubshrub plant", "hedonist persosensualist perso", "homecoming actreunion act", "aldrovanda plantdicot genus plant", "ambystomatidae animalamphibian family animal", "assist ice hockeymaneuver act", "tithe barn artifactbarn artifact", "hypsometer artifactaltimeter artifact", "papyrus communicatiodocument communicatio", "cacodyl substancegroup chemistry", "penance actsacrament act", "rule of evidence lawrule communicatio", "usherette persousher perso", "hooks bodyhand body", "bilabial communicatiolabial consonant communicatio", "kurdish communicatioiranian communicatio", "theism cognitioreligion cognitio", "aristocrat persoleader perso", "bundesbank groupcentral bank group", "skirtform of female attire", "yardarm artifactend locatio", "supreme court lawfederal group"], "/r/PartOf": ["satachristian myth", "old testament communicatiobible communicatio", "styloid process bodytemporal bone body", "voider artifactbody armor artifact", "tower of london artifactlondon locatio"], "/r/HasA": ["baywater"], "/r/CapableOf": ["blanketscover bed", "chefbone chicke", "authorswrite books"], "/r/AtLocation": ["windowhouse", "dustcarpet", "action figuretoy department", "barbershopmall", "mouselab maze"], "/r/HasProperty": [], "/r/CreatedBy": [], "/r/Synonym": ["hawaiian honeycreeper animalhoneycreeper animal", "thing cognitiomatter cognitio", "dprk locationorth korea locatio", "gas tight air ", "get into possessioget in possessio", "west persocicily isabel fairfield perso", "sapindus drumondii plantwild china tree plant", "abls communicatiobachelor of arts in library science communicatio", "homburg artifactfedora artifact", "choking coil artifactchoke artifact", "sewerage artifactsewer artifact", "fish bowl stategoldfish state", "caddy golfcaddie golf", "moray eel animalmoray animal", "family zygnemataceae animalzygnemataceae animal", "severity attributeaustereness attribute", "hors d oeuvre foodhors food", "chukka artifactchukka boot artifact", "immunise competitioimmunize competitio", "kindling pointautoignition temperature", "corruptlyr corruptedlyr ", "lazy faineant ", "copernicia prunifera plantcarnauba plant", "log z's bodysleep body", "sworn pledged ", "palestine authority grouppalestine national group", "polyodon spathula animalpaddlefish animal", "linnaea borealis americana plantamerican twinflower plant", "stylise artstylize art", "thank youthank you very much", "infirm decrepit ", "uriniferous tubule bodynephron body", "passing actpassage act", "rio nunez coffee plantrobusta plant", "experimentation cognitioexperiment cognitio", "powerful knock do a ", "lichgate artifactlychgate artifact", "take advantage socialtrespass social", "pyrethrum plantpainted daisy plant", "take turns changealternate change", "water level locatiowaterline locatio", "fuddle stateclutter state", "insisting communicatioinsistence communicatio", "vibrate perceptioresonate perceptio", "viridity attributegreen attribute", "yarn dye changeimpress change", "balaenoptera borealis animalsei whale animal", "electron orbit locatioorbit locatio", "lillie persobeatrice perso"], "/r/LocatedNear": [], "/r/SimilarTo": ["large leafed leafy ", "captious critical ", "exaggerated increased ", "effective militaryoperational military", "tasty winey ", "fast breaking news article", "second rate inferior ", "disputatious argumentative ", "private nonpublic ", "coated glazed ", "free clear "], "/r/MadeOf": [], "/r/ReceivesAction": []}, "N2": {}}}