{"fridge": {"N1": {"/r/RelatedTo": ["upside down fridge", "fridges", "wikten 2fridge freezer", "vwikten 3kill", "fridgeless", "fridged", "fridging", "fridgeful", "vwikten 1frig", "wikten 2fridge magnet", "frig", "refrigerator", "precooler", "freezer", "fridge freezer", "vwikten 3gratuitously", "vwikten 3disempower", "egg", "ove"], "/r/UsedFor": ["refrigeratio"]}, "N2": {"/r/RelatedTo": {"/r/RelatedTo": [[], ["fridge", "vfridge"], [], [], ["afridge"], ["vfridge"], ["vfridge"], ["fridge"], [], [], ["fridge", "vwikten 1muck", "wikten 2refrigerator", "refrigerator", "wikten 2food", "vwikten 1fuck", "cooler", "vwikten 1mess", "frigs", "frigging", "wikten 2bi"], ["food", "coolchest", "refrigeratorlike", "autodefrost", "refrigeration", "refridgerator", "cooler", "home appliance", "minifridge", "retarder", "condenser", "icebox", "nanorefrigerator", "minirefrigerator", "work triangle", "frigidaire", "ref", "freezer", "frig", "evaporator", "microrefrigerator", "fridge magnet", "refrigeratio", "fridge", "fridge freezer", "refrigerate", "frigerator", "ice safe", "chill", "appliance", "hydrator", "kegerator", "walk in", "minibar", "household", "white goods", "microfridge", "refrigerators", "box", "kitche", "storage", "ice", "cold", "ice box", "food cooler", "kitchen appliance", "inside", "food storage", "egg", "dresser", "food inside", "magnet", "fresh food", "fresh", "cold storage", "cooling", "food cold", "aisle", "note", "appliance aisle", "report", "thing", "cool food", "cool", "coldness", "coldness inside"], ["precool", "fridge", "cooler", "combustion chamber", "compressor"], ["freezer cooking", "fahrenheit", "refrigerator", "frozen dinner", "autodefrost", "\u00b0", "ice tray", "store", "room", "parkinson's disease", "fridge freezer", "walk in", "frozen food", "deep freeze", "icemaker", "freezer block", "freezers", "icebox", "freezing", "item", "slicka pad", "sectio", "temperature", "biofreezer", "appliance", "freezer bag", "fridge", "ice pack", "celsius", "freezer burn", "perishable", "cold", "ice"], [], [], [], ["chicke", "oval", "yolk", "white", "food", "bird", "shell", "nest", "baby", "chickens", "chick", "breakfast", "he", "round", "product", "lays", "scrambled", "ovum", "lay", "birds", "embryo", "ovothiol", "bicoid", "seed", "ova", "unbor", "breakfast food", "from chicke", "before", "laid", "chicken product", "offspring", "white oval", "roe", "boiled", "hatches", "chicken lays", "chicken baby", "hard", "hatch", "unborn chicke", "hens", "before chicke", "ball", "chicken embryo", "baby chicke", "ovipositors", "eggspot", "cysticercosis", "butter tart", "egg timer", "in vitro fertilization", "viviparous", "vitelliform", "goog", "obovate", "nurseryfish", "kugelis", "sandwich cake", "hyperovulation", "quiche", "prehatch", "three letter rule", "triaulic", "cookie dough", "century egg", "caviar", "colored egg", "ooid", "biscotin", "eggmass", "egged", "pastiera", "oviposition", "white pot", "egg waffle", "duchess potatoes", "androdiaulic", "discoblastula", "hard boil", "lactovegetarian", "germinal disk", "chef salad", "easter egger", "eggy bread", "siredon", "gamete", "boilie", "monoautochronic", "livebearer", "ovitrap", "plum gouger", "ditokous", "ovulite", "oogenus", "shrimp toast", "moonshine pudding", "copenhagen", "breading", "bibimbap", "haplodiploidy", "diandry", "ovigerous", "buddha's delight", "vitelline", "vent pecking", "eggless", "oospecies", "polyembryo", "zooplankton", "broody", "ovomacroglobulin", "intrauterine device", "nursery web spider", "platypus", "oviferous", "cross fostering", "frikkadel", "hemimetabolism", "egg bound", "frozen custard", "fustian", "tahdig", "world egg", "albuminin", "marquise", "addlewikten 2", "eggstraordinary", "aioli", "egging", "acrosin", "veganism", "egg pasta", "oograph", "eggstravaganza", "kedgeree", "ooplasm", "uniparous", "eggs", "wikten 1white", "pickled egg", "ovochymase", "egg squash", "avgolemono", "albumen", "frittata", "nonparous", "sugee cake", "prehatching", "cytoplasmic determinant", "salisbury steak", "ovaliform", "st paul sandwich", "candle", "wind egg", "vitamin b complex", "larviparous", "eggwhisk", "brood", "lobster sauce", "synovigenesis", "ectolecithal", "kottu", "hatchling", "easter egg roll", "eggnant", "prismatoolithid", "darning last", "neapolitan", "german paste", "perchery", "rumfustian", "moonshine", "vivipary", "pea maggot", "egg salad", "ootaxon", "egglessness", "dippy", "eggshell", "ichthidin", "electrical polyspermy block", "apple snow", "eggnog", "lactoovovegetarian", "discoblastic", "preformation", "bacon and eggs", "lokshen", "oodiaulic", "tuna casserole", "ovo", "paedophagous", "mirza ghasemi", "fairy butter", "friar's omelette", "germarium", "ovostatin", "gonotrophic", "megaloolithid", "fertile", "oofamily", "egg shaped", "cornpone", "arrenotokous", "clitellum", "ovipositor", "huevo", "avidin", "clutchmate", "egg matza", "ovarious", "shirr", "pekin duck", "egghot", "ovology", "vitellophage", "ovoid", "battery cage", "chivito", "strict vegetarian", "gala pie", "eggler", "frikadelle", "caudle", "ovotestis", "brood pouch", "antifertilizin", "monoovulatory", "egg ring", "biological parent", "ovulist", "archegonium", "oogonium", "farfel", "neck", "egg drop", "cackle", "monotocous", "henopause", "korokke", "robin's egg blue", "stonewort", "eclosure", "buttered beer", "icebox pie", "columbus egg", "interclutch", "ovorubin", "wiener schnitzel", "chiffon cake", "endometrium", "ephippium", "emydin", "blastomere", "adam and eve on raft", "eggery", "chorion", "tamagoyaki", "meatloaf", "shakshuka", "egg bank", "jellycoat", "strapatsada", "fatu liva", "sacher torte", "ooplasmic", "oviger", "cock egg", "brood patch", "jamaican patty", "shortcake", "omelette", "shrove tuesday", "mayonnaise", "pineapple cake", "chlordimeform", "katsudon", "larviposit", "eggah", "ovifer", "hatching", "tiropita", "spanakopita", "tonnarelli", "egg drop soup", "key lime pie", "heterosynthesis", "eccaleobion", "zift", "precocial", "fraternal", "halones", "chickenarian", "oo", "tsourekia", "quadriparous", "dizygotic", "exochorion", "poacher", "polar body", "chorioepithelioma", "paedophagy", "cackleberry", "laying hen", "lecithotrophy", "cobb salad", "pre embryo", "calas", "poultry", "ichthin", "chicken or egg question", "nonegg", "blastokinesis", "choux pastry", "tritovum", "eclosion", "pseudovum", "oozooid", "sillsallad", "lumberjack breakfast", "calmegin", "gribiche", "oometry", "extraovular", "quaq", "ovivorous", "ovoinhibitor", "long egg", "mimosa salad", "sorbet", "epigenesis", "sea grape", "battery", "eggceptional", "oviform", "eggciting"], []], "/r/UsedFor": [[], [], [], [], [], [], [], [], [], [], [], ["keeping food cold", "keeping food from spoiling", "causing jello to jell", "storing foods", "keeping meats from spoiling", "chilling food", "extending life of perishables", "keep food cold", "chilling drinks", "refrigerating", "keeping food", "conserving food", "keep perishable items cold", "preventing food from going bad", "keeping food cool", "freezing food", "making ice", "store food", "keeping food from decaying quickly", "storing food", "posting children's art work o", "keeping meat fresh", "keep food from spoiling", "cool things", "make ice cream", "cooling perishables", "preserving food", "keeping vegetables crisp", "making drinks cool", "cooling drinks"], [], ["making ice cubes", "keeping things cold", "freezing fresh food", "store food", "keeping things froze", "freezing things", "icing beer", "keeping food for future needs", "store bags of ice", "freeze food", "putting ice cream i", "preserving food at low temperature", "storage", "storing food", "storing ice", "keeping things very cold", "freeze", "putting surplus food i", "keeping food cold", "preventing food from spoiling", "make ice", "preserve food", "store popsicles", "keep food for long periods", "keeping stock of ice blocks"], [], [], [], ["food", "rolling on white house la ", "cooking", "breed", "make omelet", "nurturing", "hiding at easter", "sexual reproductio", "make breakfast"], []]}, "/r/UsedFor": {"/r/RelatedTo": [[]], "/r/UsedFor": [[]]}}}, "hit": {"N1": {"/r/RelatedTo": ["smash", "slap", "miss", "punch", "hittable", "wikten 1backgammo", "vwikten 1point", "vwikten 1sex", "wikten 1gammo", "double kill", "sockdolager", "on deck circle", "play on", "scud", "massage", "hot button", "wikten 1base", "vwikten 1difficulty", "hits", "strike out", "wikten 1punch", "elbow", "extra", "drive", "whip", "mishit", "tapotement", "skud", "forlat", "groove", "hitmaking", "texas leaguer", "hammerstone", "batting average", "makiwara", "dead bird", "nutwikten 1", "base hit", "belt", "fustigate", "bashable"], "/r/UsedFor": ["arrow artifact contact", "projectile artifact contact"]}, "N2": {"/r/RelatedTo": [{"/r/RelatedTo": ["break", "crush", "destroy", "actio", "hit", "breaking", "hulk", "pumpkins", "hitting", "voverwhelming", "smashed", "smashproof", "smashing", "unsmashable", "overhead", "wham", "vsexual intercourse", "smasher", "shatter", "bankruptcy", "smash up", "blooter", "squish", "hard", "crash", "squash", "destructio", "like", "flatte", "demolish", "beginning", "tennis", "pieces", "violent", "hit hard", "break something", "car", "violent actio", "mashing", "apart", "smithereens", "pulverize", "band", "pumpkins band", "breaking things", "movement", "punching", "pound", "crush destroy", "stuff", "dropping", "instant potato", "potato", "instant", "up", "break up", "break apart", "wreck", "violently", "glass", "break glass", "cans", "destructive", "break pieces", "pumpki", "tiny", "tiny pieces", "crushing", "loud", "like squash", "like crash", "accident", "car accident", "hitting club", "club", "knock together", "knock", "together", "hitting something", "bash", "like bash", "incredible hulk", "incredible", "like crush", "hitting hard", "destroying", "hulk activity", "activity", "clobber", "onomatopoeia", "violently break", "smooch", "painful", "forcefully", "breaking stuff", "break forcefully", "event", "hit break", "punching actio", "hitting event", "breaking plates", "term", "hulk actio", "big", "car wreck", "big hit", "wreck destroy", "tennis term", "plates", "hulk break", "flatten cans", "grab", "stroke", "hammer break", "tennis stroke", "hammer", "and grab", "tennis serve", "serve", "mashing pumpkins", "shatter break", "like pumpkins", "blanking", "blanking pumpkins", "crash heavily", "stomp crush", "stomp", "heavily", "hit something", "blow", "hard blow", "hand", "hand actio", "violence", "tennis shot", "shot", "mushing", "flat", "flat stuff", "mushing things", "mashing apart", "breaking actio", "records", "hit records", "potatoes", "little", "little pieces", "squashed", "killing bugs", "killing", "bugs", "hit song", "song", "car crash", "wreck break", "pounding", "collisio", "over", "run over", "ru", "break violently", "sledgehammer", "dropped", "breaking pumpkins", "windows", "breaking windows", "flattening cans", "onomatopoeic", "crushing onomatopoeic", "flattening", "forced", "forced breakage", "breakage"], "/r/UsedFor": []}, {"/r/RelatedTo": ["hit", "slapped", "knapwikten 1", "technical tap", "vexcellent", "lobtail", "slappinglyr", "slappable", "spangrwikten 2", "blow", "slappee", "give someone slipper", "paddywhack", "give someone five", "flipper", "unslapped", "twat", "slapt", "back slap", "cosmetics", "rexactly", "slat", "box someone's ears", "mushroom stamp", "beslap", "schuhplattler", "slapping", "pimp slap", "slapsies", "spank", "kerslapr", "ferule", "makeup", "give some skin", "low five", "slappy", "bitch slap", "rprecisely", "slapper", "vimpose", "slipslop", "teppo oshi", "slaps", "slap someone five", "whack", "bap", "kerslap", "back of one's hand", "high five", "face", "hand", "ope", "hitting", "hit face", "face hit", "smack", "palm", "open palm", "someone", "open hand", "hand smack", "rick", "rick james", "james", "back hand", "back", "hitting someone", "hitting face", "cheek", "physical", "hit cheek", "physical hit", "hockey", "hockey hit", "hit someone", "hit hand"], "/r/UsedFor": []}, {"/r/RelatedTo": ["woma", "mrs", "hit", "unmarried", "young", "female", "hit or", "lady", "unmarried woma", "title", "ms", "misser", "syeda", "come short", "missie", "underlook", "overpass", "forsloth", "misses", "sister", "woizerit", "unmissed", "vwikten 1wanting", "false attack", "air ball", "girl", "young ladies", "go hungry", "vwikten 1transportatio", "take wrong turn at albuquerque", "unmissable", "homesickness", "vwikten 1late", "wikten 1cache", "wikten 2girl", "desire", "desiderate", "wiktfr 2madam", "longing", "wikten 2respect", "wikten 2loo", "swing through", "missy", "juffrou", "unmissablyr", "information entropy", "miesies", "mislookwikten 1", "missis", "fishwikten 3", "oversight", "clear", "missed", "long for", "near miss", "skip beat", "wikten 2kept woma"], "/r/UsedFor": []}, {"/r/RelatedTo": ["fist", "hit", "cross", "counterpunch", "unpunchable", "punchable", "pertusion", "pleased as punch", "sloshwikten 1", "fat lip", "pow", "bell punch", "right cross", "fight bite", "knuckle sandwich", "pack punch", "blog", "punched", "wallopwikten 1", "hub", "backfist", "smoke proof", "biff", "punchless", "karate", "punch out", "punch and judy", "paper tape", "giggle juice", "punchcutting", "knuckle duster", "punchlike", "jab artist", "glove puppet", "king hit", "tableting", "outpunch", "roman punch", "wikten 1joystick", "chadless punch", "vwikten 1make", "punching", "pritchel", "vwikten 2ticket", "prickpunch", "bifferwikten 1", "wikten 1impact", "corkscrew", "body blow", "ring binder", "wikten 2paper punch", "punchwork", "sucker punch", "punchy", "punchee", "puncher", "wikten 1video game", "below belt", "slugger", "wikten 3juice", "unpunched", "roundhouse", "soft boxing", "keypunch", "wikten 2material", "trip slip", "overpunch", "micropunch", "hook", "knockout", "pokewikten 1", "vwikten 1thrust", "pilot hole", "purple jesus", "wikten 2emboss", "punch drunk", "butterfly ballot", "card punch", "haymaker", "burrwikten 1", "bolster", "puncheon", "bunch of fives", "glogg", "nail set", "shotwikten 1", "one two", "wikten 2mechanism", "chad", "hitwikten 1", "punchbowl", "proud as punch", "mattoir", "fight", "boxing", "hitting", "drink", "blow", "kick", "box", "move", "fruit", "fruity", "fruity drink"], "/r/UsedFor": []}, {"/r/RelatedTo": ["ahit", "hangwikten 1"], "/r/UsedFor": []}, {"/r/RelatedTo": [], "/r/UsedFor": []}, {"/r/RelatedTo": [], "/r/UsedFor": []}, {"/r/RelatedTo": [], "/r/UsedFor": []}, {"/r/RelatedTo": [], "/r/UsedFor": []}, {"/r/RelatedTo": [], "/r/UsedFor": []}, {"/r/RelatedTo": ["spring", "fish", "knockout", "hit", "bite", "sockdolagers", "conclusive", "argument", "whopper", "hook"], "/r/UsedFor": []}, {"/r/RelatedTo": [], "/r/UsedFor": []}, {"/r/RelatedTo": [], "/r/UsedFor": []}, {"/r/RelatedTo": ["scab", "pornography", "vskim", "vsail", "fractus", "vhit", "wound", "vcloud", "rai", "gust", "ballistic missile", "wind", "scudding", "vswiftly", "vrace", "vspeed", "amphipod", "anaked", "vwind", "soviet", "scuds"], "/r/UsedFor": []}, {"/r/RelatedTo": ["rub", "massage therapist", "breast ironing", "tapotement", "petrissage", "massage parlour", "massagelike", "turkish bath", "masseur", "bodyworker", "foulage", "anatripsis", "vfalsify", "nauheim treatment", "unmassaged", "shiatsu", "hit", "effleurage", "massaging", "massageable", "massotherapy", "shampoo", "malaxation", "electromassage", "hellerwork", "seismotherapy", "masso", "champissage", "rubdo ", "lomilomi", "foam roller", "footrub", "biodynamic", "nonmassage", "relax", "massotherapist", "watsu", "backrub", "vdata", "hachement", "rub do v", "remassage", "vmanipulate", "vrub", "rolf", "pneumomassage", "craniosacral", "foot massage", "rub up", "massage chair", "ashiatsu", "vpresentable", "hilot", "knuckle", "concussor", "massaginglyr", "massage therapy", "knead", "jacuzzi", "abhyanga", "rub and tug", "mechanotherapy", "metamorphic", "vknead", "masseuse", "automassage", "massage parlor", "massager", "vibrator", "massaged", "sobador", "blind massage", "tripsis", "ache", "massages", "massage table", "physiotherapy", "touch", "oil", "back"], "/r/UsedFor": []}, {"/r/RelatedTo": [], "/r/UsedFor": []}, {"/r/RelatedTo": [], "/r/UsedFor": []}, {"/r/RelatedTo": [], "/r/UsedFor": []}, {"/r/RelatedTo": ["station to", "hit", "hitless", "vhit", "wave", "bat", "hammer"], "/r/UsedFor": []}, {"/r/RelatedTo": [], "/r/UsedFor": []}, {"/r/RelatedTo": [], "/r/UsedFor": []}, {"/r/RelatedTo": ["arm", "joint", "macaroni", "cubitus", "free throw lane", "toggle joint", "lower arm", "pool at crook", "forearm", "upper arm", "vpush", "supinated", "panner disease", "foresleeve", "cubit", "elbowedness", "appendix:parts of knot", "brachiocubital", "funny bone", "detective", "biceps", "vnudge", "gousset", "hunch", "kotenage", "evening glove", "ancon", "hit", "basketball court", "aero bar", "elbower", "flye", "antecubital", "coutere", "golfer's elbow", "crazy bone", "anconad", "elbow chair", "elbowed", "leg", "dracula sneeze", "elbowlike", "gusset", "miner's elbow", "brachioradialis", "bursitis", "elbows", "ulnar", "pronated", "olecranon", "overplate", "brachialis", "vjostle", "ulna", "akimbo", "anconeal", "elbowy", "pipefitting", "anconoid", "fat pad sign", "armbar", "vambrace", "epitrochlearis", "anconeus", "elbowing", "epicondylitis", "elbowless", "armchair", "wenis", "larsen syndrome", "cubitiere", "anconal", "free throw line", "coudee", "part", "bend", "hand", "arm part", "body part", "body", "middle arm", "middle", "arm joint", "point", "articulatio", "knee", "bone", "crazy", "ankle", "bendable", "in arm", "nearby arm", "nearby"], "/r/UsedFor": []}, {"/r/RelatedTo": ["spare", "size", "more", "profit", "aover top", "bye", "adue", "aexpect", "excess baggage", "hit", "no ball", "ex", "buckshee", "leap day", "walk o", "leg bye", "charge", "bonus", "no frills", "sideline", "spear carrier", "leftover", "agood", "exo", "merci", "asuperior", "beauty sleep", "anecessary", "additional", "beyond", "morewikten 1", "leap year", "triple x syndrome", "adramatic", "aextraordinarily", "school", "wide", "left over", "ausual", "beer money", "bat", "australia", "outside", "rumble seat", "oxygen debt", "ball", "sundry", "credit spread", "aadditional", "supe", "surcharge", "stuff ballot box", "anormal", "supplementary", "built in", "extras", "ru", "supernumerary", "extraness", "abeyond", "asupernumerary", "single", "all singing dancing", "aextraneous", "upfit", "for good measure", "extry", "rest is history", "bill", "backup", "curriculum", "overspell", "grasser", "frobenioid", "field allowance", "striker", "tax", "tip", "change", "waste", "great", "frill", "encore", "affair", "copy", "college", "paperboy shout", "paperboy", "shout", "annex", "cold", "interest", "trailer", "quantity", "another", "patch", "in", "reward", "extraordinary", "mile", "salt"], "/r/UsedFor": []}, {"/r/RelatedTo": ["car", "actio", "cars", "steer", "moving", "operate", "movement", "activity", "driver", "driving", "vehicle", "steering", "move", "road", "control", "travel", "car actio", "motio", "operate car", "go", "do", "transportatio", "in car", "steer car", "car movement", "move car", "automobile", "operating", "car activity", "car travel", "golf", "control car", "moving car", "what", "feeze", "device", "unperch", "outdrive", "unearth", "cartroad", "ability", "first do ", "corner", "propulsion", "header", "hackney", "overdriven", "vertical", "testosteronal", "dement", "invalid carriage", "driver fatigue", "bat", "data", "deadhead", "drivelike", "untappice", "motorvate", "pull up", "ambitio", "vmotivate", "wardrive", "stave", "cabdriver", "vincentive", "bake sale", "read", "exorcise", "straight", "matrix", "test drive", "slant", "redrive", "riplock", "vforcefully", "vcompel", "driveway", "sustained", "coupled", "drover", "tool around", "write", "leadfoot", "float", "arc", "tailgate", "flash drive", "psychohydraulics", "roust", "minicab", "stroke", "hyperboulia", "death drive", "serpentine belt", "truck driver", "vhit", "framebuffer", "vprovide", "impaired", "bayonet", "defragmentation", "objective", "midwicket", "outboard motor", "pootle along"], "/r/UsedFor": ["storing data", "compact artifact motio", "international highway", "motorway", "ambulance artifact motio", "car artifact motio", "cabriolet", "park o", "use computer", "highway"]}, {"/r/RelatedTo": ["stockwhip", "overwhip", "urumi", "whips", "snakewhip", "braided", "hunting whip", "whank", "vgather", "flogger", "stripe", "whiplike", "whomp", "motorcycles", "ghost ride", "whipcrack", "cut", "vkick", "vthrash", "whip snake", "stingray", "vmix", "switch", "vsmall stuff", "quirt", "litupa", "whipped cream", "knout", "whipmaking", "vtwine", "vunlay", "lashlike", "vurge", "vovercast", "ratta", "baserunner", "vwater", "vthrow", "flagellantism", "whippinglyr", "whipless", "flick", "fouett\u00e9", "lash", "chabuk", "block", "rawhide", "whip in", "flagellate", "strap", "transportatio", "vhit", "coachwhip", "wippe", "unwhipped", "singletail", "purchase", "dogwhip", "vunravel", "falaka", "kurbash", "blacksnake", "plait", "mastigophoric", "rope", "marshmallow", "vrope", "inning", "vskater", "overrun", "whipmaker", "vfish", "whiplash", "whipstock", "vsew", "thong", "party", "vfraying", "flexible", "discipline", "bullwhip", "chicotte", "cat o nine tails", "sjambok", "flagelliform", "whipper", "whipping", "jab", "automobile", "whip scorpion", "whipping boy", "nagyka", "unwhippable", "whiskwikten 1", "vgrai", "whippable", "whipstick", "whipsman", "mechanical advantage", "flagellomania", "vfood", "whipman", "flagellum", "political", "vcast", "feeze", "pitcher", "cartwhip", "pliant", "mp", "statistic", "motorized", "policy", "riding crop", "double cream", "horsewhip", "whipper in", "ghost ride whip", "whipt", "whipper i", "rod", "self flagellation", "cowhide", "cane", "whipped", "cracker", "vdefeat", "scourge", "vote", "leather", "horse", "weapo", "handle", "long", "indiana", "jones", "indiana jones", "beating", "leather weapo", "crop", "horses", "horse control", "control", "cake", "snap", "torture", "device", "torture device", "cord", "long rope", "instrument", "punishment", "horse punishment", "motivator", "faster", "horse motivator", "horses faster", "jockey", "snake", "cat", "cat of", "for horses", "hitting horses", "beat egg", "hurting string", "string", "egg", "beat", "horse beating", "long leather", "hurting", "hitting"], "/r/UsedFor": []}, {"/r/RelatedTo": ["hit", "fluff", "miscue", "mishitting", "toe", "incorrect", "vincorrectly", "mishits"], "/r/UsedFor": []}, {"/r/RelatedTo": ["massage", "hand", "swedish massage", "hit"], "/r/UsedFor": []}, {"/r/RelatedTo": ["vskim", "vspeed", "vhit", "skuds", "skuddin", "skudded"], "/r/UsedFor": []}, {"/r/RelatedTo": ["vblow", "vhit", "vdeal"], "/r/UsedFor": []}, {"/r/RelatedTo": ["gravewikten 1", "ingroove", "rit", "depressio", "nanogroove", "cope chisel", "meandrina", "cuntline", "quirk", "engineering", "multigrooved", "where", "top", "scoring", "scoriation", "polissoir", "groovelike", "graphophone", "excavatio", "mesospermalege", "polygrooved", "neck", "vlei rat", "making iron", "yo", "ecology block", "strike", "spline", "hip grinding", "groover", "gluteal cleft", "multifidus", "multisulcate", "grooved", "antiskating", "locatio", "endostyle", "gouge", "rhythm", "ectospermalege", "anal cleft", "tyre", "rebate", "middle", "kerf", "most", "campylospermous", "corrugated", "slipboard", "microgroove", "baseball", "score", "philtrum", "intergluteal cleft", "lirate", "grooving", "furrow", "regroove", "wilfley table", "abax", "outcut", "hemiglyph", "grooveless", "omostegite", "easily", "cannelure", "lissencephaly", "plough", "pronounced", "pseudosulcus", "control joint", "landwikten 1", "aulacopod", "glyph", "screw thread", "striation", "sastruga", "tongue", "pulley", "natal cleft", "fixed", "trisulcate", "routine", "zastruga", "nipple", "geological", "shaft", "rabbet", "contline", "opisthoglyphous", "pseudarthrosis", "hit", "coulisse", "schindylesis", "bust move", "ploughmark", "gorgewikten 1", "cullis", "component", "snipebill", "zone", "sulcus", "scrobe", "twelve inch", "rifled slug", "strigose", "colpus", "long", "corrugate", "chamfer", "foot", "ungrooved", "porcate", "narrow", "chamfret", "pitch", "channel", "sulcate", "slot", "fluting", "pregroove", "flexi disc", "keyseat", "balisong", "raggle", "engraving", "subcanaliculate", "notaulus", "croze", "striated", "vallecula", "aglyphous", "record"], "/r/UsedFor": []}, {"/r/RelatedTo": ["ahitmaker", "ahit"], "/r/UsedFor": []}, {"/r/RelatedTo": [], "/r/UsedFor": []}, {"/r/RelatedTo": ["hit", "hammer", "stone"], "/r/UsedFor": []}, {"/r/RelatedTo": [], "/r/UsedFor": []}, {"/r/RelatedTo": ["hit", "post", "karate", "padded", "punchbag"], "/r/UsedFor": []}, {"/r/RelatedTo": [], "/r/UsedFor": []}, {"/r/RelatedTo": [], "/r/UsedFor": []}, {"/r/RelatedTo": [], "/r/UsedFor": []}, {"/r/RelatedTo": ["pants", "vfaste", "martial art", "pelletron", "patte", "sidearm", "santa suit", "vinvest", "ceinture", "vsomeone", "bucketwheel", "fanbelt", "hydraulic belt", "swordbelt", "lehr", "utility belt", "beltwork", "zoster", "seat belt", "geographical", "restraint", "waistbelt", "belt fed", "vscream", "tsuna", "rocket belt", "body", "transfer", "sword", "beltlike", "mawashi", "vhit", "belted", "baldric", "serpentine belt", "webbing", "sporran", "toolbelt", "beltmaker", "sam browne belt", "trophy", "lamp", "baldrick", "lap belt", "cincher", "motio", "vfast", "nanobelt", "leather", "gunbelt", "decorative", "montana", "belts", "vformal", "gu", "vmove", "crossbelt", "piece", "ungirt", "machine", "vsing", "automatic rifle", "blow", "vloud", "bandoleer", "beltful", "safari jacket", "canicross", "belting", "vpitch", "vencircle", "actibelt", "truss", "belt purse", "weapo", "drink", "vmanner", "chastity belt", "bandolier", "dressing go ", "vhome ru", "vceremony", "mule pulley", "cartridge belt", "unbelted", "fist", "jambiya", "belteth", "vgulp", "zoneless", "strike zone", "bebelted", "beltless", "help", "van de graaff generator", "zone", "belt loop", "shoulder belt", "zonula", "trench coat", "multitronic", "porte \u00e9p\u00e9e", "safety", "unbelt", "purpose", "parabelt", "cingle", "clothing", "waist", "shifter", "regio", "vsomething", "cincture", "hold", "power", "hindi", "vknighthood", "serve", "band", "powerful", "liquor", "beltest", "vdrink", "buckle", "around waist", "around", "trousers", "holding", "holder", "pant", "pant holder", "leather thing", "up", "accessory", "on pants", "suspending", "suspending pants", "hold pants", "skirt", "holes", "suspenders", "holding them", "holding pants", "motor", "for waist", "long", "sash", "string", "leather string", "snake", "trousers up", "clothing accessory", "pants up", "pants suspender", "suspender", "pants fastener", "leather tightener", "fastener", "tightener"], "/r/UsedFor": ["holding up pants", "hold up pants", "hold up skirt"]}, {"/r/RelatedTo": ["fustigator", "vclub", "fustigated", "fustigates", "vhit", "vfustigatio", "vfustigator", "vcriticize", "fustigating", "fustigation", "vharshly"], "/r/UsedFor": []}, {"/r/RelatedTo": ["ahit", "abash"], "/r/UsedFor": []}], "/r/UsedFor": [{"/r/RelatedTo": [], "/r/UsedFor": []}, {"/r/RelatedTo": [], "/r/UsedFor": []}]}}}