{"mobile": {"N1": {"/r/RelatedTo": ["cell", "moving a ", "a moving ", "moblog", "food cart", "smartbook", "mobilize", "aagency", "canteen", "transtainer", "mobile telephone", "mobile county", "idevice", "antherozoid", "podcasting", "mm", "mobilizatio", "county seat", "airhouse", "playbus", "wireless operator", "corridor warrior", "phorocyte", "railway gun", "smartwatch", "amove", "battle bus", "hostess trolley", "field hospital", "smac", "phablet", "road warrior", "alabama", "byod", "move", "hypomobile", "mobilelike", "mobility", "field artillery", "metallic bond", "amobile phone", "guerrilla warfare", "hovercam", "prefix", "mobilise", "mobilization", "chromatography", "afluidity", "awheel", "movely", "m commerce", "internet", "smart band", "lamellipodium", "afreedom", "microbot", "ambulance", "cell yell", "landline", "trunk", "madware", "immobile", "ultramobile", "hypermobile", "on wheels", "mobile device", "nonmobile", "planozygote", "yaranga", "automobile", "kinetic", "ringxiety", "reverse link", "mobot", "field kitchen", "nerdic", "text message", "sculpture", "third screen", "teacart", "mobilome", "mobiles", "forward link", "trailer", "phone", "text", "car", "telephone", "sprint", "toy"], "/r/UsedFor": [], "/r/LocatedAt": [], "/r/FormOf": ["mobiles"], "/r/IsA": [" artifactsculpture artifact", "sculpture", "baby mobile"], "/r/PartOf": [" objectalabama locatio", " locatioalabama locatio"], "/r/HasA": [], "/r/CapableOf": ["delight infant"], "/r/AtLocation": ["note"], "/r/HasProperty": [], "/r/CreatedBy": [], "/r/Synonym": ["mobile phone", "mobile river object", "a nomadic ", "fluid a ", "cellphone", "cell phone", "relocatable", "cellular telephone", "wpsculpturewpsculpture"], "/r/LocatedNear": [], "/r/SimilarTo": ["ambulant a ", "perambulating a ", "racy a ", "mechanized a ", "a transplantable ", "a rangy ", "a floating ", "seaborne a ", "a mechanized ", "rotatable a ", "a versatile biology", "a transportable ", "waterborne a ", "a ambulant ", "a perambulating ", "floating a ", "transplantable a ", "motile microorganism ", "a changeable ", "a maneuverable ", "a airborne ", "rangy a ", "moving a ", "a rotatable ", "changeable a ", "a waterborne ", "versatile biology ", "transportable a ", "airborne a ", "raiseable a ", "a moving ", "maneuverable a ", "a raiseable ", "a racy ", "a seaborne ", "a motile microorganism"], "/r/MadeOf": [], "/r/ReceivesAction": []}, "N2": {"/r/RelatedTo": {"/r/RelatedTo": [["phone", "room", "priso", "jail", "unit", "mobile", "small", "prison room", "organism", "mobile phone", "body", "nucleus", "living", "biology", "life", "part", "portable", "jail room", "type", "prisoner", "smallest", "microscopic", "biological", "bars", "home", "battery", "transdifferentiation", "rod", "cell phone", "mitophagy", "microscalpel", "golgi apparatus", "dynamin", "nuclear", "transsialidase", "glucocorticoid receptor", "proteotoxicity", "pigment", "metamyelocyte", "cytobiological", "astrocyte", "macrobead", "living tissue", "stellate cell", "blaschko's lines", "calprotectin", "provacuole", "sodium channel", "cytotoxicity", "clonogen", "haemohistioblast", "entosthoblast", "schizogony", "invasin", "cellularity", "leukemid", "cytosmear", "duramycin", "telomerase", "intercell", "thyroblast", "catholyte", "exopinacocyte", "carboxytherapy", "nucleocounter", "hepatocellular", "decemlocular", "cytomegaly", "emperipolesis", "myokine", "costamere", "microendothelial", "replisome", "synkaryon", "pyrenocyte", "karyo", "lactocepin", "confluency", "nulliploid", "cellulate", "anolyte", "transductant", "microcell", "hemifission", "polykaryon", "determinant", "cleavage", "middle lamella", "osteoclast", "lymphomononuclear", "peto's paradox", "infragranule", "cell division", "polo kinase", "sarcolemma", "dendrimersome", "autolysin", "trichocyte", "normocellular", "cellularlyr", "normogenesis", "percoll", "gefitinib", "ploidy", "macrophage", "paraderm", "cytopipette", "parvocellular", "trilineage", "achromasia", "lipoidosis", "plexiform layer", "extramyocellular", "electroretinography", "anode", "monocellular", "retina", "cytotechnology", "bdelloplast", "hodgkin's lymphoma", "enteroinvasive", "segment", "exosubstance", "cytocortex", "phenolsulfonphthalein", "mononucleocyte", "clonogenicity", "uroguanylin", "cytomotive", "osteokine", "juxtacrine", "endomembrane", "nonrecombinant", "microsporocyte", "tactoid", "hepatocyte", "confluence", "nevocyte", "ionotropic", "glider", "pyroptosome", "cryoprotectant", "surfaceome", "ootid", "pheochromocyte", "sebocyte", "electrode potential", "asteron", "matrix", "heteromyeloma", "parafibromin", "karyorrhexis", "heterocytotropic", "microprojectile", "preincubate", "lepirudin", "radioreactivity", "phase contrast microscope", "myoendocrine", "photoinject", "nevocellular", "autocrine", "glioblast", "homokaryon", "karyolysis", "trephone", "meristem", "cyanophil", "ganglioneuroma", "deconjugation", "cardioblast", "angiolipoleiomyoma", "motogen", "telomapping", "overvoltage", "rbc", "hypotrophy", "chloronema", "diplosome", "club cell", "osteoblast", "polysialic acid", "protoplasm", "cytoarchitecture", "gonidium", "albuminin", "phycosphere", "electrochemical potential", "heterocyst", "desmocyte", "salvestrol", "co agonist", "lamellipodium", "argentaffin", "epoxygenase", "depyrimidination", "cytodomain", "cytoplast", "ganglioglioma", "haploidisation", "prepeptide", "cytoadherence", "triciribine", "somatotroph", "megakaryocyte", "prostein", "iridocyte", "holocrine", "noncell", "cytoductant", "parietal cell", "pseudostoma", "stratified columnar epithelium", "sterolome", "exocytic", "cytoband", "blastocyte", "ploidize", "basophil", "enucleate", "immunodeviation", "neutrophil", "anti nuclear antibody", "antinuclear", "lysin", "endocycle", "proneuromast", "connexon", "genetic material", "circumcellular", "bean chute", "agamont", "myoplasm", "isidium", "chief cell", "panopticon", "dystrobrevin", "stratifin", "mononucleation", "oncoapoptosis", "carcinolytic", "degranulation", "nonogram", "ektacytometry", "desmosome", "tumorosphere", "loculament", "glypican", "biforine", "cellulation", "contactin", "homodiploid", "cellularization", "rhexolytic", "endoplasmic reticulum", "pregranulosa", "electrocyte", "hemangioblast", "porocyte", "cytopathic", "durotaxis", "metabonome", "lymphoepithelial", "bicytopenia", "cephalin", "chromatin", "antipodal", "promonocyte", "pneumocyte", "dyscohesion", "thyrocyte", "vesicle", "trophocyte", "provost", "chemoinvasion", "plasmodesma", "cyclosis", "preosteoclast", "blastogenesis", "ameloblast", "walthard cell rest", "cell wall", "transendocytosis", "renucleation", "heterokaryon", "cancer", "pseudospore", "achroacyte", "necrocyte", "fusogenic", "binary clone", "hematoendothelial", "heterauxesis", "myocellular", "octolocular", "cellulated", "granulosal", "fusogen", "phagocytosis", "bioprocessor", "primary cell wall", "lysate", "kinetid", "mortalin", "prostasphere", "chemoablation", "karyofission", "epitheliosis", "basal cell", "plastin", "rhabdoid", "codistribute", "honeycomb", "prosensory", "acceptor", "prodeath", "filaggrin", "millepore", "agonescence", "granulocyte macrophage colony stimulating factor", "leupaxin", "binucleus", "pseudocyst", "spermoblast", "secondary cell wall", "cytobiology", "chromatophil", "caveola", "vitronectin", "multipotential", "conidiogenesis", "respiration", "hyperproliferation", "endodyogeny", "akaryocyte", "endoglycolysis", "primordium", "tripotential", "photomorphogenesis", "active dry yeast", "lomasome", "pluricellular", "endofacial", "chromoblast", "dorsalin", "ubiquitin", "pseudohyperkalemia", "antilysin", "polymegethism", "neuroblast", "nucleic acid", "prosoplasia", "dentinoblast", "electroactive", "entomere", "intercellular", "neurodifferentiation", "erythema nodosum", "viroplasm", "osmofragility", "paucicellular", "gap junction", "radioprotectant", "tetraploid", "animanga", "lactadherin", "parasol cell", "photoelectrolytic", "penlite", "plasmotomy", "faveolate", "trichome", "decaheme", "mesothelium", "histofluorescence", "ooblast", "cataplasia", "allohaploid", "subcellularlyr", "chondroclast", "pancellular", "preosteoblast", "hydrocode", "zooid", "lymphotoxin", "protochromosome", "cementoblast", "brassinolide", "chronic cellular dehydration", "phenylmethylsulfonylfluoride", "alloimmunity", "clean meat", "precellular", "cytomorphometry", "chromatophore", "plakea", "neuromast", "cytonecrosis", "compressed yeast", "triple x syndrome", "melanocyte", "importin", "interploidal", "hebbosome", "cytostatic", "cytoprotection", "osmoprotection", "eudiploid", "fasciacyte", "radioefflux", "pseudopolycythaemia", "lucidenic acid", "taxol", "cell cycle", "leydig cell", "neurothekeoma", "iprgc", "zonulin", "hayflick limit", "nucleocytoplasmic", "supracellular", "axoplast", "capz", "s\u00e9zary's disease", "juxtaparacrine", "khanaqah", "xenoplasm", "pericytial", "protocorm", "cellulose", "myeloproliferative", "trypanin", "chromophile", "cambiform", "supravital", "neuroendocrine signaling", "fucosidosis", "taxane", "verprolin", "triploid", "cytoimmunofluorescence", "cytophilic", "endotheliotoxin", "oocyst", "protonema", "tenoblast", "delta cell", "myxamoeba", "cathode", "trichogyne", "bio male", "raphide", "polytypic", "phagokinetic", "cyclin", "death factor", "cytophagous", "lymphoplasmacellular", "transformant", "cilium", "spongiocyte", "juxtacellular", "acrospore", "histodifferentiation", "sphaerocyst", "medulloepithelioma", "semantide", "adecatumumab", "microchimera", "receptor", "sporoblast", "embryo", "polyploid", "feulgen stain", "proembryo", "cytokinesis", "cytoprotein", "adipocyte", "myoepithelium", "chemotaxis", "celliferous", "stereoplasm", "nucleocentrosomal", "endosymbiotic", "alloimmune", "cellmate", "monoprionidian", "cytophotometer", "cytozoon", "cytocrine", "cylindroma", "neocyte", "interphase", "endoxylanase", "nuclear matrix", "g protein", "intramyocellular", "cytohistopathology", "angiomotin", "statocyte", "cytophysiology", "epsin", "dodecaploid", "droxinostat", "karyocyte", "oenocyte", "oxidative stress", "metallochaperone", "folic acid", "flocculin", "nonmyocyte", "superfemale", "antiproliferative", "paraganglion", "fat cell", "loculicidal", "discodermolide", "anisokaryosis", "nucleostemin", "cytoskeleton", "teratocellular", "erythroblast", "parenthesome", "emerin", "nullipotent", "iodophile", "electroporated", "cytolysin", "somatomammotroph", "rollerdrum", "photographone", "karyophilic", "acetylglucosaminyltransferase", "tyrindoleninone", "quinquelocular", "bikaryon", "amniocyte", "postsynapse", "vitellophage", "flow cell", "hypercellular", "retinula", "diazocyte", "otosphere", "plant", "cytosis", "menstruation", "clastosome", "exolysis", "trophoblast", "cytochemical", "gaucher's disease", "decellularize", "paracytic", "cytolethal", "endochrome", "deadhesion", "polarisome", "sumoylation", "prepotential", "synoviocyte", "cell nucleus", "paraspeckle", "electrolyte", "atriopeptin", "microchimerism", "preosteocyte", "cellule", "electropoion", "paranodin", "muscle fiber", "exotransferase", "osteolineage", "freecell", "proteomicelle", "sympathoblast", "granule cell", "spermatid", "epiblema", "pecoma", "microfold", "cytopoiesis", "opistoporin", "amphophil", "xylogen", "peptidome", "response time", "macrocell", "cytodynamics", "carcinogenetic", "biphenotypy", "thymoproteasome", "single celled", "endoenzyme", "ion channelopathy", "vegetative cell", "transgelin", "cytodifferentiation", "genomic equivalence", "coenocyte", "confluent", "cytophobic", "radioadaptive", "glial fibrillary acidic protein", "tormogen", "endomucin", "immunosurveillance", "daughter cell", "mesoplast", "multipotent", "excrete", "stromule", "myoepithelioma", "fuel molecule", "apposition", "sheddase", "electrotransfer", "dyspoiesis", "zygosperm", "senescence"], [], [], ["moblogs", "moblogger", "weblog", "mobile", "pda", "movlog", "moblogging"], [], ["smartphone", "mobile", "netbook"], ["vmobility", "vtroop", "mobilized", "vmove", "mobile", "mobilization", "countermobilize", "vassemble", "mobilizing", "remobilize", "mobilizest", "mobilizable", "mobilizeth", "mobilizes", "mobility", "vequipment", "plerixafor", "mobilizer", "vcoordinated", "vmobile", "vmobilizatio", "vwar", "grey power"], [], ["water", "dinner lady", "canteens", "silverware", "utensil", "caf\u00e9", "cafeteria", "bottle", "emergency", "compartment", "snack bar", "temporary", "mess kit", "military", "mobile", "box", "locatio", "gedunk", "cantini\u00e8re", "servery", "messroom", "storing", "canteen cup", "service agreement", "drinking", "container", "metal", "water container", "holder", "water holder", "water inside", "inside", "cup", "soldiers drinking", "soldiers", "flask", "mess", "mess hall", "hall", "restaurant", "works restaurant", "works", "filled water", "filled", "jug", "water jug", "steel", "steel cup", "camp", "camp drinking", "carry water", "canister", "carry", "drinking canister", "drink from", "drink", "soldier cup", "soldier", "metal container", "camping", "camps", "while", "while traveling", "traveling", "distributio", "food distributio", "food"], ["intermodal", "crane", "terminal", "stack", "mobile", "container", "gantry"], [], [], ["electronic", "device", "mobile"], ["mobile", "male", "trichogyne", "cryptogam", "antheridium", "reproductive"], ["internet", "podosphere", "playback", "vpodcast", "mobile", "distributio", "multimedia", "file"], ["maso", "mile", "millimetre", "cicero", "gravel", "pebble", "music", "master", "meiobenthos", "marker", "cobble", "granule", "microbenthos", "boulder", "sandwikten 1", "management", "man month", "mobile", "maritime", "machete", "microelectromechanical system"], [], [], ["mobile", "shelter", "inflatable"], ["entertainment", "educatio", "mobile", "bus"], [], [], ["doliolid", "cell", "mobile", "bud"], [], ["smart band", "wristwatch", "touchscree", "display", "wrist", "functionality", "mobile", "device", "timekeeping", "electronic"], ["amoves", "amoving"], [], [], [], ["analytics", "cluster", "cloud", "immunological", "synapse", "activatio", "supramolecular", "mobile", "social"], ["tablet", "smartphone", "device", "mobile"], [], ["louisville", "helena", "cotton state", "montgomery", "houston county", "peninsula", "wilton", "winston county", "oneonta", "decatur", "cottonwood", "shelby county", "garden city", "dothan", "mobile county", "autauga county", "anniston", "gadsden", "randolph county", "fayette county", "baldwin county", "tallapoosa", "ashland", "marshall county", "coffeeville", "powell", "cleburne county", "cuba", "clay county", "jefferson county", "knoxville", "yellowhammer", "kinston", "dekalb county", "mcmullen", "ellisville", "manistee", "centerville", "barnesville", "needham", "eufaula", "choctaw county", "chilton county", "clanton", "camden", "grant", "olney", "bridgeport", "seminole", "coosa county", "limestone county", "native america", "birmingham", "woodville", "jasper", "escambia county", "clarkesville", "mobilian", "pikeville", "carolina", "black mudalia", "franklin county", "walker county", "athens", "hayden", "wheeler", "courtland", "hillsboro", "moulton", "greene county", "grove hill", "york", "coosa", "madison county", "madison", "geraldine", "butler", "dallas county", "centreville", "marengo", "american south", "pennington", "thomasville", "enterprise", "vernon", "pickens county", "tarrant", "avon", "tuscumbia", "bogue chitto", "etowah county", "lowndes county", "lester", "luverne", "autauga", "weaver", "colbert county", "marengo county", "pike county", "montgomery county", "clarksville", "prattville", "st clair county", "russell county", "chattahoochee", "union", "elmore county", "dayton", "hartford", "dollar", "marion county", "rogersville", "lee county", "tallapoosa county", "tribe", "autauga creek", "choctaw corner", "saginaw", "glenville", "columbiana", "livingston", "midway", "panola", "blount county", "double springs", "steele", "rockville", "jackson county", "safford", "alabamian", "mount vernon", "paint rock", "thomaston", "mobile", "fulton", "somerville", "graham", "bessemer", "brooksville", "white plains", "maysville", "goshen", "linden", "clio", "pushmataha", "cullman county", "united states", "perry county", "cherokee county", "henry county", "lauderdale county", "al", "malvern", "lynn", "monroe county", "alabama like", "huntsville", "lamar county", "glencoe", "maycomb", "ozark", "mentone", "sulphur springs", "akron", "union springs", "delta", "bibb county", "carlton", "geneva county", "rosebud", "pell city", "waverly", "blountsville", "danville", "lawrence county", "southern american english", "cusseta", "morgan county", "alabama quassarte tribal to ", "hale county", "clarke county", "bama", "tuscaloosa county", "florabama", "state", "washington county", "bay minette", "mathews", "barbour county", "woodstock", "tuscaloosa", "elba", "crenshaw county", "wetumpka", "floribama", "hayneville", "sanford", "abbeville", "jackson", "thorsby", "ashville", "minden", "roanoke", "evergreen", "concord", "andalusia", "morris", "tuskegee", "trinity", "rockford", "brewton", "talladega", "blue ridge", "covington county", "cullman", "language", "decatur county", "fayette", "calhoun county", "coffee county", "macon county", "chambers county", "sylvania", "leroy", "clayton", "lafayette", "florence", "conecuh county", "butler county", "sumter county", "monroeville", "conecuh", "bullock county", "opp", "franklin", "buhl", "centre", "cherokee", "bullock", "talladega county", "oxford", "greenville", "bellefonte", "united states of america", "stevenson", "dale county", "carrollton", "leesburg", "greensboro", "dadeville", "geneva", "wilcox county", "selma", "southern united states", "russellville", "", "far", "home"], ["policy", "employee", "device", "network", "business", "mobile"], ["actio", "motio", "dance", "relocate", "change", "transport", "walk", "houses", "changing", "house", "go", "purpose", "locatio", "drive", "shake", "tur", "home", "walking", "advance", "changing houses", "going", "pass", "swim", "gimbal", "movement", "firkwikten 1", "vassembly", "clamper", "whirr", "free roam", "clench", "remove", "moves", "draw away", "vplace", "vagile", "paralyze", "reverse mortgage", "reidemeister move", "countermove", "motivity", "vpositio", "edge up", "drawl", "waltz", "promission", "locomotion", "phonotaxis", "sway", "j adoube", "motif", "sideways", "ride", "budge up", "stubborn", "vresidence", "autokinesis", "opening", "death valley driver", "take", "translate", "pass through", "run", "ball change", "vfeeling", "knight's tour", "vdraw", "gather way", "nematohydrodynamic", "unblockable", "barrel", "hidden", "vcarry", "oscillating", "toke", "schlomp", "vcompassio", "vact", "mashed potato", "mobility", "self activity", "motile", "touch move rule"], ["amobile"], ["amobile"], ["semifixed", "move", "changeableness", "congestio", "mobilize", "electromobility", "liquid", "professional", "myosin", "sanskritization", "tympanometry", "level", "arthrolysis", "particle", "arthroclasia", "occupatio", "movement", "gas", "movableness", "mobilization", "mutability", "arthrometer", "automobility", "hybrid disgenesis", "mobile", "palaeomobility", "good bishop", "mobilities", "ankyloglossia", "tenacity", "mobilizatio", "remobilization", "walk"], [], [], [], [], ["hover", "mobile", "camera"], ["meg", "premium rate", "fix", "title", "prefixion", "substitutive nomenclature", "dr", "prefixhood", "re", "prefices", "wart", "vset", "prefixal", "infixation", "mr", "vdetermine", "ambifix", "supernet", "prefixt", "vfix", "digit", "unprefixed", "n", "augment", "netmask", "bookland", "prefixest", "guna", "stereodescriptor", "affixation", "prefixes", "vpre", "prefixeth", "prefixed", "co", "international call prefix", "confix", "suffix", "prefixable", "morphograph", "landline", "pre", "prefixless", "rateless", "gunate", "bound form", "motto", "toll free", "prefixing", "rendaku", "alpha privative", "modify", "area code", "morpheme", "hungarian notation", "circumfix", "prepose", "affix", "mobile", "mixfix", "vprepend", "prefixum", "prefixlike", "prepend", "suffixation", "prefixoid", "fixity", "wo", "disfix", "free morpheme", "beginning"], ["vtroop", "gastrolysis", "mobilisation", "vmobilisatio", "vcoordinated", "mobilising", "vassemble", "vequipment", "mobilised", "mobilisable", "vmobile", "vwar", "mobilises"], ["national", "preparatio", "mobile", "adipokinesis", "chromosome", "softening", "geochemical", "rock", "unit", "mobilize", "m day", "troop", "mobilizations", "resource", "process", "armed forces", "adipokinin", "perilipin", "mobility", "comobilization", "marshalling", "move", "premobilization", "gene", "mobilized", "transport", "war", "chemerin", "migratio", "conflict", "organism", "mobilizational", "readiness"], ["chromatographer", "quantitative", "hplc", "relative", "mobile phase", "bioautography", "nanochromatography", "stationary phase", "chromatogram", "stationary", "technique", "chromatographicallyr", "phase", "mixture", "compound", "phosphomolybdic acid", "mobile", "eluent", "gas", "pellicular", "postcolumn", "separatio", "isocratic flow", "chromatographies", "heartcutting", "qualitative", "chromatograph", "octadecylsilane", "effect", "copurify", "physicokinetic", "trifluoroacetic acid", "chromatographic", "size exclusion chromatography", "electrochromatography", "radiochromatography", "migratio", "liquid", "difference", "solid", "fractionator", "dextran", "heartcut", "component"], [], ["abicycle"], ["amobile", "motionable", "amoving", "amove"], [], ["web", "intranet", "internets", "cyberspace", "cyberlingo", "scarlet collar", "cable", "surfer", "cybermuseum", "e learning", "internaut", "downloader", "e distribution", "digital exhaust", "e thesis", "unit", "cyberstudent", "human flesh search engine", "cybertrail", "social sharing", "bitnik", "cyberconference", "cybergame", "world wide web", "internet of things", "metaverse", "cyberchat", "surf", "cybershopper", "intertrons", "hypernet", "cyberghetto", "cyber", "cyberimperialism", "webcasting", "micronation", "marketspace", "netlore", "dotcom", "cybersmut", "cybershop", "netiquette", "yelper", "distance learning", "broadband", "reputation economy", "cybervigilantism", "spoiler space", "e business", "cyberpessimism", "cyberlaw", "computer", "silicon alley", "photostream", "traffic shaping", "milifandom", "ebay", "e gold", "cyberdrama", "cybermarketplace", "malvertising", "cybernetic", "cybermania", "creepypasta", "domain hack", "cyberoptimism", "shopping bot", "cyberfeud", "mobile", "e tailing", "cyberto ", "malvertisement", "human flesh search", "cybersynagogue", "cybertrooper", "dot com bubble", "electronic", "knowbot", "cyberinfrastructure", "cybercapitalism", "newsgrouper", "webcaster", "tubes", "cyberstore", "network", "series of tubes", "e lesson", "cyberthreat", "bellhead", "google fu", "file transfer protocol", "cybermarket", "dot carnage", "prebroadband", "egosurf", "hostname", "man in browser", "net", "pics", "cableco", "routing leak", "cybercheating", "cyberindustry", "cyberbegging", "servlet", "forumite", "wired", "arpanet", "internet relay chat", "cyberpolice", "proxy server", "search box", "ddos", "cyberself", "screen name", "cyberdemocracy", "tcp ip", "hyperdistribution", "cybermoney", "cyberfreedom", "cybermosque", "cyberrape", "telepersonals", "cyberjournalist", "cyberfreak", "cyberthug", "netgoth", "extranet", "cyberslacking", "obamabot", "cybergenre", "e identity", "cyberheist", "cyberjunkie", "elsewebr", "dogecoin", "aoler", "lurk", "webphone", "e cash", "evernet", "vsurf", "knowbie", "intertubes", "cybersociology", "bump", "telecommuter", "air gapped", "cyberzine", "infomediary", "domain name", "cybersuicide", "notspot", "cyberslang", "cyberteaching", "cyberagent", "e market", "cyberidentity", "e petition", "e finance", "cybersurfer", "telnetable", "netaholic", "teledildonics", "videophilia", "k", "cyberaddict", "cyberpredator", "haul video", "cyberspeak", "cyberdefense", "onliner", "e recruitment", "cybernetics", "internet kiosk", "iwar", "cyberbalkanization", "postathon", "cybercampaign", "netizen"], [], ["mobile", "cell", "lamellipodial", "cytoskeletal", "filopodium", "lamellipodin", "lamellipodia", "acti", "lamellopodia"], [], ["microbots", "mobile", "robot", "microcontroller"], [" artifacthospital artifact", " artifactpatient perso", "emergency department", "ill", "ambulances", "mobile", "vanbulance", "nonambulance", "emergency services", "loony van", "bus", "emergency vehicle", "field hospital", "vehicle", "hospital", "wambulance", "blue light", "ambulanceman", "load and go", "ambulate", "call ambulance", "ambulant", "emergency service", "emergency room", "squadrol", "cabulance", "hurry up wagon", "injured", "meat wagon", "air ambulance", "emergency", "ambulatory", "ambulation", "car", "sick", "medic", "sire", "lights", "transportatio", "rescue", "transporting sick", "transporting", "medical", "people", "sick people"], [], ["wire", "cable", "mobile", "groundline", "wireless", "wireline", "nonwireline", "hardline", "communicatio", "nonlandline", "toll line", "cordless phone", "landlines", "fixed", "prefix", "home phone", "telephone", "handset"], ["tree", "branch", "wood", "elephant", "source control", "frunk", "nontrunk", "caulescent", "latissimus dorsi", "untrunk", "truncate", "obliques", "station wagon", "tree burial", "seda", "possessio", "ringbark", "tapir", "dendroglyph", "flume", "mobile", "paddlewood", "root", "faciotroncular", "spadetail", "trunklid", "various", "chest", "neck", "yakhdan", "trichodiscoma", "trunkal", "pseudotrunk", "suitcase", "locker", "trunked", "dragon tree", "sengi", "spare tire well", "lid", "car boot", "groinwikten 1", "sawyer", "triple burner", "reverse integration", "private branch exchange", "similar", "vslime", "psoas major", "multitrunked", "hindquarter", "planker", "torso", "endomorph", "tree trunk", "trunk like", "boxwallah", "proboscidean", "trunkload", "megaphyte", "conspicuous", "vextract", "truncal", "bootspace", "slime", "angioblastoma", "betrunk", "stemflow", "trunkful", "baobab", "psoas", "footlocker", "circuit", "brachyolmia", "foot rot", "valance", "unbuttressed", "saloon", "cycad", "trunk maker", "synangium", "trunklike", "midbody", "knotwikten 1", "echelon", "malletier", "receptacle", "turtle hull", "pimpler", "palm tree", "jury mast", "nose", "dachshund", "orga", "steam engine", "adapt", "dome", "trunkmaker", "tree ring", "trunkmaking", "stipe", "bouk", "boot", "car boot sale", "compile", "tree fork", "hinge", "split leather", "peashooter", "crank", "extended", "cervicocerebral", "tasmanian blue gum", "nanocormia", "growth ring", "ore", "intrunk", "barbette", "woodflesh", "tree fern", "pylangium", "trunks", "sluice", "trunkless", "pandiculation", "tinea versicolor", "crownshaft", "decklid", "saloo", "long drum", "car", "elephant nose", "spare", "car storage", "storage", "back", "elephants", "body", "car back", "closet", "car closet", "o", "back of", "on elephant", "limb", "elephant limb", "case", "elephant feature", "behind", "car behind", "feature"], ["adware", "mobile"], ["nonmoving a ", "a nonmoving ", "congeal", "aplanospore", "fecal impaction", "straight as soldier", "necrospermia", "palmella", "autospore", "shackle", "amobile", "aimmobility", "waxy flexibility", "unmoveable", "armlock", "anoxybiosis", "static", "amovable", "motionless"], ["amobile"], ["ahypermobility", "amobile", "ajoint"], [], [], ["asessile", "amobile"], ["planozygotic", "mobile", "zygote"], ["nomadic", "russia", "mobile", "conical", "home", "traditional", "hide", "reindeer", "tent", "indigenous"], ["car", "drive", "cabriolet", "shitbox", "sun visor", "reverse", "rolls", "clearcoat", "self starter", "on floor", "shoe", "autofluff", "runner", "t top", "hydrogen economy", "suburban", "christmas tree", "car bomb", "differential", "limited slip differential", "hybrid car", "carnapper", "rattletrap", "autopia", "autophile", "lincoln", "bodybuilding", "automobilia", "underseal", "take for spin", "auto mechanic", "wheelhouse", "car rental", "desoto", "automobility", "spare tire well", "gas up", "horseless carriage", "duesenberg", "automobileless", "winter rat", "hit pavement", "drive through", "motorphobia", "immobiliser", "induction coil", "torpedo", "lemon law", "crossover", "econobox", "carjack", "differential gear", "cadillac", "necker's knob", "carryall", "mobile", "automobilize", "fiat", "automaker", "carport", "carjacker", "anticar", "ragtop", "motor", "car battery", "curb appeal", "chev", "scissor door", "automobilism", "hooptee", "a", "motorcar", "etymological hybrid", "seat", "automobiles", "new car smell", "hot wire", "drive in movie", "what wins on sunday sells monday", "passenger", "toaster", "motorsport", "hudson", "automotive", "cage", "marfa light", "antiautomobile", "automatic", "passenger car", "glovebox", "gear oil", "motel", "hydrocar", "car alarm", "hit road", "carwikten 1", "automixte", "auto racing", "probe", "transmission", "navigator", "flivver", "car clout", "pontiac", "grease monkey", "wheels", "gyrocar", "cager", "landau", "octane number", "duesy", "machine", "chevrolet", "crumple zone", "coilover", "automan", "bubbletop", "aftermarket", "suspension", "barn find", "decontent", "vehicle", "motorail", "wheelman", "garage queen", "sports car", "auto", "paykan", "mother in law seat", "washstand", "concept car", "sodium azide", "pimpmobile", "bolt bucket", "complete street", "cartopper", "locomobile", "autoist", "inswept", "driver", "carmaking", "equalizer", "automaking", "production model", "limousine", "drive in", "tin lizzie", "airbag", "bootlegger reverse", "subframe", "hot shift", "blinker", "exhaustless", "chrysler", "vette", "retagger", "fairing", "whip", "police car", "artillery wheel", "auto shop", "restreet", "cartop", "flash boiler", "rear ender", "carphone", "rumble seat", "pink slip", "nonautomotive", "lugnut", "transportatio", "cars", "name", "four", "four wheels", "car category", "category", "va", "joi", "join both", "car or", "another name", "another", "car trucks", "car name", "trucks", "planes", "trains planes", "trains", "truck", "locomotio", "accord", "driving", "gas", "wreck", "like", "ride", "like car"], ["kinesis", "energy", "shock absorber", "k essence", "isotopic chemistry", "amotio", "kinesi", "akinetics", "amotor", "kinesimeter", "akinesis", "selenology", "afunctio", "mechanokinetic", "electric motor", "kinetics", "katastematic", "radiochemistry", "acinema", "mobile", "kineticallyr", "akinesthetic", "motio", "move"], ["mobile", "ring", "mistake", "cell phone", "anxiety"], [], ["mobile", "toy", "mobots", "artificial intelligence", "robot", "autonomous", "research"], [], ["mobile", "vocabulary", "geekspeak", "jargo", "computing", "information technology"], [], ["art", "statue", "sculptureless", "sculpturist", "sculpting", "vland", "cavo rilievo", "work of art", "venus de milo", "sculpturing", "sculpturelike", "vrepresent", "sculpturallyr", "shell", "sculptured", "sculptural", "glyptotheca", "salabhanjika", "sandcastle", "roundabout dog", "surmoulage", "plastic art", "sculpt", "microsculpture", "piet\u00e0", "toran", "triglyphic", "ornamentatio", "unsculptured", "resculpture", "maquette", "vfashio", "toreutic", "verosio", "sculpturesque", "ultrasculpture", "great leap forward", "vshape", "lost wax", "daedalic", "bronze", "mosaiculture", "monolith", "kinetic art", "vfigure", "vfeature", "sculpsit", "sculptor", "minisculpture", "plaster of paris", "sarcophagus", "alto relievo", "neoclassical", "hieracosphinx", "demi rilievo", "process art", "kouros", "neo attic", "totem pole", "mobile", "high relief", "acclamation", "macrosculpture", "mezzo rilievo", "diadumenos", "phidian", "vthree dimensional", "after cast", "luminarium", "centauromachy", "bas relief", "fountai", "sculptorwpconstellatio", "thinker", "clay", "colum"], [], ["mobile", "tea", "cart"], ["genome", "transposable", "mobile"], ["mobile"], [], ["home", "hitch", "trail", "trailerite", "semi trailer", "trailerlike", "bobtail", "teardrop trailer", "glad hand", "mobile home", "preview", "trailerful", "road train", "gross vehicle weight rating", "owner operator", "grockle box", "trailers", "belly dumper", "coupling pole", "carava", "tin can", "check", "projector", "fifth wheel", "recreational vehicle", "reel", "trailerload", "tofc", "trailerable", "punched card", "film", "pie cart", "articulated lorry", "handball", "b double", "portable", "tractor trailer", "tow bar", "sort", "easter egg", "double wide", "key", "trailerist", "water buffalo", "tautliner", "pup", "trailerless", "single wide", "packet", "two wheel tractor", "camper", "trailer card", "antitrailer", "tractor", "tow", "car", "mobile", "behind", "movie", "house", "hitched", "back", "movie preview", "teaser", "movie teaser", "moving", "moving home", "attachment", "car attachment", "parks", "truck", "behind truck", "hitch wago", "wago", "poor", "poor home", "car tows", "tows", "behind car", "selling movies", "movies", "attached car", "selling", "attached", "carrying things", "carrying", "extra", "extra space", "back car", "space", "semi", "semi trucks", "trucks", "camping", "bring house", "bring", "motor home", "streamer", "motor", "sleep i", "sleep", "wheels", "goods", "hitched o", "long back", "long", "trash", "vehicle", "recreational", "towed", "towed behind", "it trails", "trails", "housing", "cheap", "cheap housing"], ["call", "cell", "device", "communicatio", "phonetic", "ring", "dial", "phones", "phubbing", "phone monkey", "telephone", "dog", "senone", "yello", "sound", "white pages", "phoned", "vwikten 1telephone", "monophone", "voiced", "percussive", "phoning", "ring in", "complementary distribution", "phreak", "language", "ring around", "isophone", "samsung", "tapper", "ring out", "world phone", "phone up", "speaker", "wikten 1software", "ring round", "phoneme", "diphone", "wikten 1real time", "contact number", "wikten 2phonetically", "handsfree", "phoner", "phonetics", "down tack", "speaking clock", "wikten 1phone tag", "multiphone", "ring back", "calling", "talking", "communication device", "people", "calling people", "sprint", "mobile", "shorter", "ringing", "cellular", "tone", "address", "talk", "devise", "communication devise", "numbers", "mobile cell", "home", "kitche", "receiver", "calls", "making", "making calls", "cells", "telecommunicatio", "communication cell", "voice", "voice communicatio", "ring tone", "cell device", "like cell", "like", "for talking", "apple", "released today", "today", "released", "dial tone", "contact", "office", "office desk", "desk", "talking device", "communication tool", "tool", "cell one", "hold", "caller id", "id", "caller", "number", "call with", "calling device", "hang", "busy", "ringer", "mobile sometimes", "sometimes", "bell", "typically cell", "typically", "booths", "everyone has", "has", "everyone", "versio", "shorter versio", "message", "typhoo", "telegraph", "line", "land", "land line", "name", "communication instrument", "ear", "instrument", "telecommunications", "telecommunications device", "cell communicatio", "card"], ["writing", "textual", "print", "book", "wildstyle", "dictogloss", "instant messenger", "brahmana", "e text", "bytestring", "mobile phone", "iconotextual", "paste bomb", "hypertext markup language", "infotext", "punctuation", "document", "photocompose", "asa character", "pseudo localization", "critical apparatus", "item", "keying", "memory typewriter", "scannability", "surprint", "night mode", "postpend", "characterwiser", "newline", "newspaperman", "scrollable", "justifier", "textmode", "spamblock", "syllabus", "paragraph", "rubrication", "wikification", "textbased", "afternote", "symbolic expression", "multiliteracy", "textman", "copyread", "emendate", "rubber stamp", "digital ink", "geoparsing", "readtable", "intertitle", "hermeneutic circle", "strike out", "ligate", "boxout", "pattern", "capture", "teletex", "diorthosis", "underscore", "eurotext", "teleprompter", "color", "inscription", "untextual", "script", "vsend", "parablepsis", "scrolling", "escape", "haystack", "edit", "shaviana", "paralipomena", "prose poem", "decider", "proof reader", "hypertext", "vook", "coherence", "microfacsimile", "optophone", "bark at print", "stemmatics", "paragraphemic", "multilogism", "photonovel", "text file", "epitome", "decipher", "uthmanic", "intext", "liftout", "sortes", "omnibox", "pseudocharacter", "texts", "lexicometry", "shoutline", "conflation", "contextual criticism", "hereinbeforer", "pseudepigraph", "characterwise", "sms", "glyph", "stichometry", "news crawl", "intertextual", "creative writing", "smart quotes", "microdocument", "space", "carriage control character", "wordsmithing", "textworthy", "hypermedia", "photo essay", "here document", "scholium", "textualizable", "lexicosyntactic pattern", "authoring program", "guideline", "intratextual", "wubi", "unindent", "refactor", "monitor", "pseudolocalization", "hollerith code", "imageboard", "running headline", "hebrew bible", "textpost", "single space", "addendum", "regular expression", "vowel pointing", "acrostic", "queer theory", "header", "keyword", "backlog", "character", "backspace", "pericope", "videotex", "unitalicize", "repetitorium", "pseudo english", "epigraph", "paralexia", "pocket edition", "dittology", "emoticon", "metatext", "lorem ipsum", "protology", "paragraphos", "vshort message service", "bibliometrics", "verbal", "scopist", "line noise", "originalism", "microprint", "cohesion", "justification", "chunker", "sigblock", "user defined graphic", "plagiarism", "context", "jargonization", "scriptureless", "text hooker", "brief", "handwrit", "footnote", "undertext", "intertextuality", "microreproduction", "dots", "translate", "copywriter", "english", "vsms", "control code", "photomechanical", "flavor text", "slant", "tautogram", "textbook", "hermeneutics", "textbase", "justify", "crossing out", "spaceband", "i ching", "haplograph", "melisma", "showplan", "sidebox", "binary", "letterspacing", "diaskeuast", "rich text", "regex golf", "needle", "txt", "recite", "string", "historicocritical", "hash function", "unbold", "mcquary limit", "scripton", "uncook", "subtitled", "autocorrection", "eisegete", "antitextual", "outliner", "apostrophize", "preface", "yeshiva", "stylometry", "command line", "tty", "extratextualr", "annotation", "texture", "pasteup", "infinite monkey theorem", "symbol", "transcribe", "copytext", "image macro", "lineage", "slug line", "vi.e", "bibliometry", "textuallyr", "texting", "multi user dungeon", "black letter", "space suppression", "wide", "tag cloud", "overpost", "versionist", "scripture", "reindentation", "letterhead", "interpret away", "patchwork plagiarism", "alphaphotographics", "running text", "subtext", "pseudoword", "metatextuality", "justifying space", "reviser", "chatgroup", "speed reading", "letterspace", "playbook", "playtext", "unstring", "pseudographical", "cognitive poetics", "nunc dimittis", "codeset", "libretto", "in line", "text type", "vimana", "penny liner", "column", "teletext", "scriptio continua", "sentence", "excision", "above cited", "legalism", "historiated", "counterread", "greeking", "writte", "diple", "tooltip", "chromotypography", "nihonjinron", "diaskeuasis", "aggadah", "multitap", "stringology", "interlinear", "glottometrics", "alphageometrics", "cleartext", "homeoarchy", "reflow", "insert", "webchat", "schizotext", "uuencode", "subcharacter", "text hand", "alphamosaics", "cyrillization", "upanishad", "printing press", "translation", "micrographics", "block capitals", "web content", "wraparound", "conductus", "citation needed", "notefile", "impenetralia", "boilerplate", "scroll bar", "texter", "woodblock printing", "gobbet", "paste", "filemask", "ardhamagadhi", "intentionalism", "subreader", "chatwikten 1", "countertext", "stringy", "lexiphone", "show notes", "dittograph", "vorlage", "canticle", "cut and paste", "textlike", "news ticker", "cowardiana", "chomp", "heder", "doublestrike", "textual criticism", "nontext", "sideshadowing", "multimedia", "doctrine", "cyberhug", "samhita", "textualism", "pseudographics", "fodder", "remailer", "i beam", "intratextuality", "taixuanjing", "break movie", "text message", "bibliogram", "stringize", "box drawing character", "piece table", "delete", "equivalence", "data", "outline", "wackaging", "hermeneutical", "textuality", "scrolltext", "sublineation", "word processing", "proofread", "doylist", "word salad", "textus receptus", "audiotext", "counterreading", "snobol", "smriti", "runover", "vernacularism", "linespace", "tome", "textuary", "textualization", "rhetography", "wordfilter", "microdot", "vtext message", "coverline", "standfirst"], ["drive", "vehicle", "motor", "automobile", "wheels", "auto", "seat", "oil", "road", "ride", "driving", "transportatio", "four", "accord", " artifactpassenger boat", "brake artifact", " artifactdriver perso", "tur", "engine", "brake", "four wheels", "wheel", "gas", "wax", "va", "hybrid", "truck", "exhaust", "motor vehicle", "bus", "transport", "compact", "limousine", "wash", "jeep", "toy", "bull mobile", "honk", "wheel well", "dome light", "fog light", "alist", "hotting", "crashmate", "i don't drive", "cut and shut", "hillclimb", "driverside", "beep", "coup\u00e9", "ride bitch", "bitch seat", "rocket car", "trailer hitch", "hitch rack", "ice racing", "people carrier", "cons cell", "automatic", "wikten 1subway", "carbagewikten 3", "raggare", "company car", "flatbed", "body shop", "townsend deprivation index", "bubble car", "fuel economy", "caddr", "grassplot", "motor factor", "mercedes benz", "grain elevator", "battery booster", "c pillar", "valet", "opera window", "gearbox", "glove box", "carless", "nanocar", "d pillar", "carlike", "road iron", "trunk or treat", "aircar", "keycode", "trabby", "muley axle", "slidometer", "platform car", "q car", "avis", "stock car", "undertray", "carcoon", "carcoat", "frunk", "emissions test", "carwasher", "cover", "running board", "minicar", "mot", "waltzer", "wrecking car", "bucket of bolts", "run back", "carplane", "bear bait", "she", "crackerbox", "driving school", "mini", "jam jar", "climate control", "goods van", "windshield time", "head on collision", "robotaxi", "park", "lad mag", "ford", "redbird", "redline", "angle parking", "car lot", "pump car", "tipple", "multiple unit"], ["call", "smell cognition communicatio", "pickup", "call originator", "on hold", "beige box", "call in", "teletex", "th\u00e9\u00e2trophone", "autophone", "direct inward dialing", "cordless phone", "blower", "ameche", "phone", "brrring", "watchphone", "wiretap", "callback", "coinbox", "riser", "phone sex", "transtelephonic", "dianagate", "horn", "childline", "lay by", "bring", "telethon", "telephone line", "carcoon", "standby", "teleconversation", "escalation plan", "phone bank", "ringer equivalence number", "earphone", "telegraph post", "blue box", "telegraphone", "autoanswer", "reverse charge", "farspeaker", "telephone card", "can i use your phone", "screenphone", "domination line", "bell", "keyphone", "cryptophone", "phone up", "annunciator", "bat phone", "cradle", "phoneless", "telephoned", "ma bell", "photographone", "patchboard", "telephoneless", "mechanical", "telepolling", "telephoning", "proration", "trimphone", "ring off", "phone survey", "answerphone", "dataphone", "local battery", "motograph", "webphone", "telephonic", "dog and bone", "on horn", "ringback", "autodial", "telephoner", "modem", "untelephoned", "pulse dialing", "copytaker", "phonewiser", "samaritans", "facsimile", "police box", "videophone", "telephonicallyr", "speakerphone", "adviceline", "available", "call box", "utility pole", "handset", "telecanvassing", "telephone jack", "call up", "hookswitch", "telharmonium", "tone dialing", "call police", "switchroom", "landline", "phreaker", "portability", "hotline", "rotary phone", "digits", "callboard", "touch tone dialing", "teledensity rate", "textphone", "on line", "tele", "dial", "ringaling", "camillagate", "on hook", "autovon", "device", "ring off hook", "phone in", "warm transfer", "telecheck", "dial up", "ring up", "cell phone", "switchhook", "connect", "terminal", "gloriagate", "pound sign", "touch tone", "by wire", "switchboard", "cold transfer", "base radio", "ipbx", "transportable", "virtual sex", "teleseminar", "triple play", "hold phone", "telephonophobia", "ringtone", "mouthpiece", "teleprinter", "remote access", "superphone", "telepersonals", "cardphone", "nonphoning", "magnetotelephone", "telefelony", "brring", "call back", "fax machine", "telemarketing", "telemarketer", "thermophone", "telesurvey", "cheese box", "lineman", "telecommunicatio", "disconnection", "give someone bell", "information", "minitel", "chinese whispers", "prank call", "talking clock", "voice mail", "chatline", "nightline", "netphone", "speed dial", "electronic", "quad play", "samaritan", "blotto box", "ex directory", "call in show", "pick up phone", "warmline", "timpanum", "square", "telephobia", "call collect", "call girl", "pocketphone", "telephones", "booty call", "ring through", "halfalogue", "phone call", "teledensity", "tin can telephone", "on telephone", "eau de cologne", "airphone", "infinity box", "teletypewriter", "telephobic", "communicatio", "talking", "communication device"], ["ru", "lead out", "vcycle", "speed", "middle distance", "period", "sprinting", "sprints", "shuttle run", "track event", "burst", "meeting", "development", "race", "vru", "activity", "flatwater", "short", "outsprint", "top", "sprints classification", "primewikten 3", "motate", "vperiod", "three legged race", "400 metres", "hiit", "suicide", "sprinted", "fast", "phone", "run fast", "running", "company", "phone company", "service", "phone service", "provider", "mobile", "mobile provider", "fast ru", "quickly", "run quickly", "quick ru", "quick", "short burst"], ["doll", "plaything", "ball", "child", "play", "childre", "kids", "fu", "object", "playing", "game", "child plaything", "play thing", "kid", "item", "entertainment", "amusement", "children plaything", "child thing", "for kids", "kite", "plastic", "kids plaything", "christmas", "device", "children play", "fun object", "play object", "child object", "played", "kid plaything", "child play", "for childre", "bear", "play with", "car", "rocking horse", "hula hoop", "mobot", "toyinglyr", "toywoman", "gyrotop", "toylike", "goody bag", "tuggy", "formboard", "pogo stick", "tamagotchi", "jacob's ladder", "pedal car", "toy mutch", "klackers", "cap gun", "rubber band airplane", "knacker", "automaton", "thaumatrope", "fashion doll", "christmas cracker", "eye popper", "water pistol", "balloon", "santa's workshop", "toyless", "vponder", "fairy kei", "vstimulate", "claude lorraine glass", "toymaking", "magnetic drawing board", "slinky", "clockwork", "tintinnabulum", "trinket", "enorthotrope", "busy box", "toyer", "inferior", "play house", "virginal", "trifle", "kiddie car", "iriscope", "peashooter", "chew toy", "kendama", "gee haw whimmy diddle", "lincoln logs", "trifle with", "kinderspullen", "windmill", "transfan", "daffwikten 2", "felting", "rubber duck", "action figure", "wendy house", "toyto ", "topshell", "snow globe", "beanie", "popcorn popper", "toychest", "redeco", "scratchback", "vconsider", "marble run", "spool cannon", "stress ball", "vsex toy", "toyshop", "toyseller", "boy toy", "circuit bending", "zoopraxinoscope", "toybox", "lakin", "fidget spinner", "play money", "weet", "tantalus cup", "hobby horse", "slot car", "bucket and spade", "toyish", "furby", "squirt gun", "slip and slide", "pinkwashing", "stomp rocket", "humming top", "gewgaw", "trick", "faddle", "dollhouse", "toyed", "ride on", "backcard", "headdress", "knack", "playset", "jumping jack", "piggle", "spinning top", "chatter ring", "spirograph", "toying", "toymaker", "cartesian diver", "plushophilia", "top", "drinking bird", "toyetic", "squeaker", "toyland", "value", "anorthoscope", "toyline", "doll's house", "ragger", "toyman", "phantascope", "graffiti artist", "playware", "rattlebox", "yo", "hammer bench", "water gun", "importance", "general", "playing thing", "parts", "kids play", "gift", "present", "played with", "generic", "games", "small", "bat", "room", "child item", "doll ball", "children thing", "ball doll", "kids thing", "childish", "playing with", "play item", "child amusement", "box", "bone", "rattle", "kid object", "child device", "rooms", "for playing", "doll car", "thing", "term", "children entertainment", "fun thing", "dolls", "childhood", "like", "child possessio", "possessio", "general plaything", "kids room", "stuff", "christmas gift", "childish plaything", "usually", "for fu", "colors", "children game", "child game", "kids game", "christmas present", "children item", "child entertainment", "kid thing", "amusing", "kids fu", "kids stuff", "kids rooms", "tee", "stores", "card", "implement", "playful", "transformer", "entertaining", "generic term", "kinds plaything", "kinds", "child playing", "gifts", "wheels", "actio", "children playing", "child fu", "children rooms", "plays", "kids object", "child room", "product", "nursery", "playing object", "general term", "balloo", "play value", "bedroom", "baby", "used", "shiny plastic", "shiny", "love", "children object", "generic plaything", "children fu", "child present", "kids present", "enjoyment", "equipment", "play equipment", "play device", "usually fu", "kid germs", "germs", "game else", "else", "child doll", "fun parts", "game thing", "kid item", "r", "r us", "us", "whistles", "bells", "one", "childish implement", "plastic parts", "entertaining childre", "having fu", "with me", "lead", "having", "children games", "small childre", "stockings", "christmas stockings", "usually plastic", "playable", "playing item", "kid amusement", "christmas gifts", "hands", "plaything fu", "child hands", "kid device", "fun device", "kids playing", "figure", "game piece", "piece", "gaming", "gaming thing", "slide", "any plaything", "kids plays", "any", "play child", "paper", "fun item", "play cars", "cars", "play things", "anything", "like game", "children use", "use", "playroom", "amusement value", "used playing", "amusement intent", "intent", "for play", "baby play", "kid gift", "play ting", "ting", "kids box", "hot", "chalk", "hot wheels", "small kids", "play room", "playing things", "kids love", "babies", "for babies", "amusing thing", "kids stores", "meaning", "generic meaning", "kid bedroom", "kids bedroom", "often plastic", "chest", "ofte", "coy", "like coy", "game doll", "plastic entertainment", "scooter", "kids entertainment", "entertainer", "amusement device", "happiness", "child entertainer", "child happiness", "childhood plaything", "plaything child", "playtime", "christmas tree"]], "/r/UsedFor": [[], [], [], [], [], [], [], [], [], [], [], [], [], [], [], [], [], [], [], [], [], [], [], [], [], [], [], [], [], [], [], [], [], [], ["muscle", "mouse artifact motio", "moving walkway"], [], [], ["vehicle", "wheelchair", "prosthesis", "car"], [], [], [], [], [], [], [], [], [], [], [], [], [], ["research", "communicate", "communicate with family", "make travel arrangements", "lots of things"], [], [], [], [], [" artifactdrive motio", " artifacttransport contact", " artifactrush motio"], [], [], ["storing old clothing", "storage", "storing blankets", "picking up penuts", "store quilt", "storing old photographs", "storing old photos", "storing cleaning products", "storage of food utensils", "storing bath towels", "storing blankets and bedding", "storage of keepsakes", "storing objects", "store things", "store clothes", "holding items inside of", "store goods", "packing clothes i", "support", "storing family heirlooms", "put things into", "elephant to breathe with"], [], [], [], [], [], [], [], [], [], ["travelling"], [], [], [], [], [], [], [], [], [], [], [], [], [], [], ["communicatio", "calling", "talking", "machine", "make call", "calling friends", "telephone room", "communicating"], ["teaching", "learning", "study", "stufying", "teach concept", "passing on informatio", "analyzing", "body of letter", "studying", "holding door ope", "explaining", "reflectio", "teach class"], ["fu", "driveway", " artifacttransport motio", " artifactdrive motio", "getting to work", "get home", "having fu", "pull wago", "getting to places", "getting around", "wheel", "getting to school", "skylight"], ["communicate", "talking to", "communicating", "communicatio", "call friend", "making phone call", "talking to friends", "talking", "making prank phone calls", "summon help", "dumping boyfriends and girlfriends", "talk to friend", "communication over long distances", "call different friends consecutively", "buying from catalogs", "talking to far people", "using internet", "calling friends", "talking to friend", "making call", "phone sex", "managing many aspects of life", "sending and receiving voice", "talking to mom"], [], ["entertainment", "have fu", "play with child", "fu", "play with kid", "entertainment and learning", "playing", "give as present"]], "/r/LocatedAt": [[], [], [], [], [], [], [], [], [], [], [], [], [], [], [], [], [], [], [], [], [], [], [], [], [], [], [], [], [], [], [], [], [], [], [], [], [], [], [], [], [], [], [], [], [], [], [], [], [], [], [], [], [], [], [], [], [], [], [], [], [], [], [], [], [], [], [], [], [], [], [], [], [], [], [], [], [], [], [], [], [], [], [], [], [], [], [], [], [], []], "/r/FormOf": [["cells", "celled"], [], [], ["moblogged", "moblogs", "moblogging"], [], ["smartbooks"], ["mobilizing", "mobilise", "mobilized", "mobilizes"], [], ["cantine", "canteens"], ["transtainers"], [], [], ["idevices"], ["antherozooid", "antherozoids"], ["podcast", "vpodcast"], ["mms", "mmm"], [], [], ["airhouses"], ["playbuses"], [], [], ["phorocytes"], [], ["smartwatches"], ["amoved", "amoving", "amoves"], [], [], [], [], ["phablets"], [], [], [], ["moving", "moves"], [], [], ["mobilities"], [], [], [], [], ["hovercams"], ["prefices", "prefixing", "prefixt", "prefixes", "prefixed"], ["mobilising", "mobilises", "mobilised", "mobilize"], ["mobilizations"], ["chromatographies", "chromography"], [], [], [], [], ["internetted", "internets", "internetting"], [], ["lamellopodium", "lamellipodia"], [], ["microbots"], ["ambulances"], [], ["landlines", "land line"], ["trunks", "trunked", "trunking"], [], [], [], [], [], [], [], ["planozygotes"], ["yarangas"], ["automobiling", "automobiles", "automobiled"], [], [], [], ["mobots"], [], [], [], ["sculptures", "sculpturing"], [], ["teacarts"], ["mobilomes"], ["mobile"], [], ["trailering", "trailered", "trailers"], ["phoned", "phoning", "phones"], ["texted", "texed", "texts", "texting"], [], ["telephones", "telephoned", "telefone", "telephoning"], ["sprant", "sprinted", "sprints", "sprinting"], ["toyeth", "toyest", "toying", "toys", "toyed"]], "/r/IsA": [["zygote organism biology", "blastema body biology", "fuel cell artifact", "embryonic cell body biology", "parthenote organism biology", " grouppolitical unit group", "beta cell body biology", "terrorist cell terrorism group", "mother cell plant biology", "bullpen artifact", "somatic cell body biology", " biologyliving thing", "hold artifact", "polar body biology", " artifactroom artifact", "plant cell biology", "electrolytic cell artifact", "leydig cell body biology", "gametocyte body biology", " artifactcompartment artifact", "dungeon artifact", "kupffer's cell body biology", " artifactelectrical device artifact", "recombinant animal biology", "flagellated cell animal biology", "akaryocyte body biology", "cooler artifact", "sleeper cell group", "blastomere animal biology", "voltaic cell artifact", "guardroom artifact", "daughter cell plant biology", "sweatbox artifact", "reproductive cell body biology", "storage cell artifact", "arthrospore plant biology", "solar cell artifact", "sertoli cell body biology", "archespore plant biology", "fibre body biology", "multicellular organism cells", "chimpanzee pancreatic cell", "dividing cell", "articular chondrocyte", "single cell organism", "zygote", "firefly squid cells", "fungus cell", "clone cell", "anucleated cell", "room", "eukaryotic cell", "terrorist cellopencyccell organizatio", "abnormal cell", "living thing"], [], [], [], [], [], [], [], [" artifactshop artifact", " artifactrecreation room artifact", " artifactflask artifact", " artifactrestaurant artifact"], [], [], [], [], [" plantgamete body"], [], ["manga"], [], [], [], [], [], [], [], [], [], [], [], [], [], [], [], [], ["state", " persomuskogean perso", "alabama state song", " locatiosouth locatio", " communicatiomuskhogean communicatio", "state in usa", "administrative region"], [], ["chess move act game", "demarche act", " gameturn game", "flit act", " actdecision act", "overspill group act", "maneuver act", " actchange act"], [], [], ["motility attribute", "manipulability attribute", "movability attribute", "locomotion attribute", "maneuverability attribute", " attributequality attribute", "restlessness attribute"], [], [], [], [], [], [" communicatioaffix communicatio", "alpha privative communication communicatio", "english prefix", "giga", "inflectional prefix", "derivational prefix", "mega", "affix", "morpheme"], [], ["rallying act", " actassembly act", "conscription military act", " actsocial control act", "arming act", "remilitarization act", "economic mobilization act", "human activity", "social event"], [" processnatural process", "paper chromatography process", "column chromatography process", "high pressure liquid chromatography"], [], [], [], [], ["network of communicating computers", "collection of connected computers", "rich online source of informatio", "big set of computers", "net", "non local", "amazing research tool", "group of connected computers", " artifactcomputer network computer science", "internet of things", "connectio"], [], [], [], ["video game"], [" artifactcar artifact", "funny wagon artifact", "rescue vehicle", "wheeled vehicle", "special purpose vehicle", "gas powered road vehicle", "place occupied by humans", "hummer ambulance"], [], [], ["footlocker artifact", " plantstalk plant", " artifactbaggage artifact", "part of car", "example of box", "opencyctrunk body coresolid object", "opencyctree trunkwood", "opencyctrunk body coreexternal anatomical part", "footlocker", "saloon car", "opencyctrunk appendageappendage", "opencyctrunk of carluggage space", "torsoopencyctrunk body core", "opencyctrunk body corebody part", "storage furniture think", "opencyctree trunkplant stem", "opencyctrunk appendagenose"], [], [], [], [], [], [], [], [], [], ["truck", "limousine", "va", "saab", "seda", "nissa", "another name for", "bentley mulsannewp2010", "mercury marauder", "bmw 3 serieswpf30", "oldsmobile omega", "chevrolet volt", "bradwellwpcar", "nissan skyline", "beaumontwpautomobile", "dodge lancer", "veritaswpautomobile", "cadillac brougham", "chevrolet suburban", "honda accord", "bmw 3 series", "ford bronco", "peerlesswpuk car", "facel vega excellence", "nissan gt r", "mercury capri", "kia sportage", "subaru legacy", "jeepney", "ford focus", "mercedes benz c class", "chevrolet tahoe", "bmw m5", "chevrolet malibu", "ptswpvehicle", "hyundai sonata", "aston martin lagonda", "ford cortina", "30", "broadwaywpcyclecar", "bpdwpcar", "chrysler cordoba", "bmw z3", "ford rangerwpnorth america", "bmw m3", "dodge viper", "nissan maxima", "bugatti veyron", "britanniawpcyclecar", "buick skyhawk", "armstrongwpcyclecar", "chevrolet impala", "pontiac firebird", "mitsubishi galant", "chevrolet monte carlo", "mercury sable", "toyota auris", "lamborghini gallardo", "mercury cougar", "ford crown victoria", "ford escortwpeurope", "chevrolet caprice", "amc concord", "hyundai scoupe", "boundwpcar", "hyundai accent", "hyundai tiburon", "ford mustang", "school bus", "mercury tracer", "adamson", "honda civicwpthird generation", "chevrolet corvette", "mini", "renault 5", "codawpelectric car", "ford explorer", "aerowpautomobile", "mitsubishi lancer evolution", "mitsubishi eclipse", "nissan leaf", "pontiac catalina", "honda civicwpsecond generation", "audi quattro", "daewoo prince", "chevrolet citation", "plymouth savoy", "nissan sentra", "mercury montclair", "ford fairmont", "pontiac parisienne", "toyota prius", "renault dauphine", "gazelle", "honda prelude", "chevrolet cavalier", "toyota corolla", "subaru justy", "trabant", "lincoln town car", "4", "cadillac fleetwood", "ajaxwpamerican automobile", "honda civicwpfirst generation", "audi tt", "audi s6", "daewoo espero", "honda civic", "dinowpautomobile", "tamplin", "land rover defender", "atalantawp1937 automobile", "chevrolet lumina", "dodge chargerwpb body", "mercedes benz slr mclaren", "pontiac bonneville", "amc gremlin", "volkswagen new beetle", "imperialwpautomobile", "subaru impreza", "dodge st regis"], [], [], [], [], [], [], [], ["stabile artifact", "marble artifact", "mold artifact", "bronze artifact", " actfine arts cognitio", "bust artifact", " artifactplastic art artifact", "carving artifact", " actart act", "modeling act", "statue artifact", " artifactsolid figure shape", "relief artifact", "mobile artifact", "reliefopencycrelief sculpture", "solid tangible artifact", "jack o lantern", "stone sculpture", "sculpture in round", "hexalateral object", "mobile", "image source", "work of art", "carved work of art", "fountainopencycfountain art object", "gargoyleopencycgargoyle sculpture", "wood sculpture", "bust"], [], [], [], [], [], ["mobile home artifact", "car carrier artifact", " artifactconveyance artifact", "camper trailer artifact", " artifactwheeled vehicle artifact", "semitrailer artifact", "truck trailer", "wheeled vehicle", "portable house", "car electronics", "transport container"], [" phoneticslanguage unit communicatio", "phoneme linguistics phonetics", "sonant communication phonetics", "vowel communication phonetics", "device", "orinasal phone communication phonetics", "consonant communication phonetics", "semivowel communication phonetics", "digital telephone", "mobile phone", "cellphone", "short way of saying telephone", "private business exchange telephone", "dial phone", "telephone", "landline telephone", "form of communicatio", "on hook", "abbreviation of telephone", "electrical device", "home telephone", "touch tone telephone", "cordless telephone", "cellular phone", "extension telephone", "shortened form of telephone", "machine", "communication device", "answering machine phone", "pay phone", "manufactured device", "off hook", "tool", "another way of saying telephone", "tool to call", "pay phoneopencycpublic telephone"], ["book", "stanza communication communicatio", " communicatiopassage communicatio", "letter communication communicatio", "installment communication communicatio", "lipogram communication communicatio", "draft communication communicatio", "electronic text communication communicatio", " communicatiomatter communicatio", "cookie communication communicatio", "line communication communicatio", "lyric communication communicatio", "copy communication communicatio", "column communication communicatio", "table of contentsopencyctext string", "material safety data sheetopencycpropositional cw text", "markup language tagopencyctext string", "subl expressionopencyctext string", "exemplary purposeopencyctext string", "musical scoreopencyctext string", "attributive referenceopencyctext string", "bibliographic referenceopencyctext string", "authoritative source", "markup language sourceopencyctext string", "cipher", "opencycpropositional cw textopencyctext string", "supporting referenceopencyctext string", "cautionary purposeopencyctext string", "computer programopencyccomputer program cwisopencycpropositional cw text", "almost always", "emphatic purposeopencyctext string", "formal grammar textopencyctext string", "natural language stringopencyctext string", "rfcopencycpropositional cw text", "opencyctext stringlinguistic object", "formal meta grammaropencyctext string"], ["volvo", "oldsmobile", "honda", "motor vehicle", "vehicle", "volkswage", "bmw", "loaner artifact", "handcar artifact", "mail car artifact", "minivan artifact", "coupe artifact", "passenger car artifact", "hot rod artifact", "beach wagon artifact", "bus artifact", "van artifact", "sport utility artifact", "sports car artifact", "gas guzzler artifact", "subcompact artifact", "freight car artifact", "cruiser artifact", "slip coach artifact", "tender artifact", "hatchback artifact", "another word for automobile", "ambulance artifact", " artifactcompartment artifact", "sedan artifact", "limousine artifact", "guard's van artifact", "stock car artifact", "electric artifact", "secondhand car artifact", "roadster artifact", "racer artifact", "cabin car artifact", " artifactwheeled vehicle artifact", "hot rod", "baggage car artifact", "machine", "pace car auto racing artifact", "compact artifact", "club car artifact", "another name for automobile", "minicar artifact", "touring car artifact", "hardtop artifact", "convertible artifact", "horseless carriage artifact", "cab artifact", " artifactmotor vehicle artifact", "jeep artifact", "seda", "yugoslavian car", "vehicle for personal transportatio", "rolling stock", "mitsubishi lancer evolution", "cadillac ct", "sports car", "heavier than horse", "taxi", "packard", "english car", "luxury automobile", "fiat", "hillman automobile", "jensen healey", "toyota automobile", "police car", "citroen", "compact car", "swedish car", "kia car", "rc car", "opel", "faster than bicycle", "subcompact car", "rental car", "austin car", "nissan gt r", "four wheel drive", "dodge dart", "gm automobile", "daihatsu", "sport utility vehicle", "american car", "find outside", "wheeled vehicle", "lada", "saturn", "electric car", "object with high cost", "people mover", "peugeot", "off road car", "popular word", "audi", "restaurant car", "lancia", "amc gremlin", "amc concord", "mini cooper", "classic auto", "rear window", "simca", "dragster"], ["communication device", "cell phone", "extension artifact", "radiotelephone artifact", "call waiting communication communicatio", " communicatiotelecommunication communicatio", "desk phone artifact", "handset artifact", " artifactelectronic equipment artifact", "call forwarding communication communicatio", "speakerphone artifact", "call communication communicatio", "pay phone artifact", "voice mail communication communicatio", "dial telephone artifact", "cellular telephone", "cordless telephone", "mobile phone", "phone", "wireless telephone", "public telephone", "satellite telephone", "handset", "vcommunicate", "mobile telephone"], [], ["yo", "doll", "ball", "yoyo", "rubber duck", "beanie baby", " artifactreplica artifact", "slinky", "skateboard", " artifactdevice artifact", "bicycle", "playhouse", "toy race car", "breed of dog", "diecast toy", "toy balloons", "play with", "toy glider", "collectable", "most oftend", "toy motorcycle", "little pony", "plaything", "piggy bank", "device", "toy rail", "paper airplane", "toy animal", "furby", "rc car", "dump truck", "toy car", "bird toy", "frisbee", "toy handguns", "dog toy", "non agentive artifact", "wind up toy", "kiteopencyckite device", "toy bear", "virtual pet", "toy aeroplanes", "toy military vehicle", "anything", "toy people", "kaleidoscope", "toy train car", "cat toy", "soft toy", "doll house", "baby's rattle", "toy truck", "most often child sized", "pinwheel", "windmill", "construction toy", "stuffed toy", "r c car", "toy train", "portable object"]], "/r/PartOf": [["nucleus", "cytoplasm body biology", " artifactmonastery artifact", " artifactconvent artifact", "energid body biology", "vacuole body biology", "nucleus body biology", "organelle body biology", "cell wall body biology", " artifactcellblock artifact", " biologyorganism", "body"], [], [], [], [], [], [], [], [], [], [], [], [], [], [], [], [], [], [], [], [], [], [], [], [], [], [], [], [], [], [], [], ["birmingham location locatio", "decatur location locatio", "tuskegee location locatio", " locatiogulf states locatio", "mobile object locatio", "coosa object locatio", "tallapoosa object locatio", "tuscaloosa location locatio", " locatiodeep south locatio", " locatiounited states locatio", "selma location locatio", "huntsville location locatio", "gadsden location locatio", " object locatio", "mobile bay object locatio", "mobile location locatio", "tombigbee object locatio", "montgomery location locatio", "united states", "u.s.a"], [], [], [], [], [], [], [], [], [], [], [], [], [], [], [], [], [], [], ["openmind", "modern communication system"], [], [], [], [], [], [], [], [" planttree plant", "automobile", "bark plant", "trunk lid artifact", "auto", "car"], [], [], [], [], [], [], [], [], [], ["engine", "trunk", "radiator", "drive trai", "windshield", "bumper", "oil pa", "windshield wiper", "fender", "hood", "transmissio", "tire", "gear", "heater", "clutch", "exhaust pipe", "muffler", "gear shift", "air conditioner", "tail pipe"], [], [], [], [], [], [], [], [], [], [], [], [], [], [" artifacttrailer truck artifact"], [" phoneticsutterance communicatio", "keypad"], ["chapter communication communicatio", "book communication communicatio", "word order communication communicatio", " communicatiobible communicatio", "foreword communication communicatio", " communicatiopublication communicatio", "paragraph communication communicatio", "passage communication communicatio", "paragraph"], ["tire", "bumper", "engine", "hor", "wheels", "car seat artifact", "hood artifact", "running board artifact", "floorboard artifact", "boot artifact", "high gear artifact", "car door artifact", "roof artifact", "carburator", "grille artifact", "glove compartment artifact", "stabilizer bar artifact", "car mirror artifact", " artifactelevator artifact", "radiator", "automobile horn artifact", "first gear artifact", "tail fin artifact", " artifactairship artifact", "bumper artifact", "reverse artifact", "accelerator artifact", "car window artifact", "car hor", "clutch", "sunroof artifact", "fender artifact", "window artifact", "auto accessory artifact", "wheel", "gasoline engine artifact", "buffer artifact", "third gear artifact", "suspension artifact", "automobile engine artifact", "rear window artifact", "air bag artifact", "fuel tankwiktfr 1", "windshield wiperwiktfr 1", "trunkwiktfr 1", "starter"], ["mouthpiece artifact", "telephone receiver artifact", " artifacttelephone system artifact", "receiver", "handset", "cord"], [], []], "/r/HasA": [[], [], [], [], [], [], [], [], [], [], [], [], [], [], [], [], [], [], [], [], [], [], [], [], [], [], [], [], [], [], [], [], ["beaches"], [], [], [], [], [], [], [], [], [], [], [], [], [], [], [], [], [], [], ["connectio", "become popular marketplace"], [], [], [], [], [], [], [], ["elephant", "tree", "automobile", "most cars"], [], [], [], [], [], [], [], [], [], ["trunk"], [], [], [], [], [], [], [], [], [], [], [], [], [], [], [], ["words", "page"], ["seats", "seat", "windows", "headlights to increase visibility", "engine", "at least one engine", "filter", "more wheels than engines", "good to", "four wheels", "many people in texas", "many systems"], ["many bedrooms", "telephone box", "dial o"], [], []], "/r/CapableOf": [[], [], [], [], [], [], [], [], [], [], [], [], [], [], [], [], [], [], [], [], [], [], [], [], [], [], [], [], [], [], [], [], [], [], ["living things"], [], [], [], [], [], [], [], [], [], [], [], [], [], [], [], [], ["stream video", "find website", "find informations"], [], [], [], [], ["drive to hospital"], [], [], [], [], [], [], [], [], [], [], [], [], ["transport things", "need to repaired"], [], [], [], [], [], [], [], [], [], [], [], [], [], [], ["make calls", "ring three times", "ring until answered", "ring loudly", "ring incessantly"], ["book", "fade", "sequence of words"], ["go fast", "crash", "roll over", "slow do ", "cost lot of money", "enter garage", "pass another car", "roll downhill", "need petrol", "pass other car", "come up drive", "cost money", "rush through traffic", "pass bus", "move quickly", "head north", "move perso", "heading north", "turn around", "start running", "kill perso", "get flat tire", "carry few persons", "back up", "travel down road", "kill cat", "slow near schools", "pull car", "travel over bridge", "last several years", "seat riders", "corner", "start if it's working", "hit wall", "fail to start", "set off", "tail another car", "move on road", "seat people", "bottom out", "drive over cat", "drive up street", "kill people", "serve to transport"], ["ring loudly", "hang on wall", "ring"], ["perso", "athlete"], ["delight child", "ball", "belong to kid"]], "/r/AtLocation": [["dna", "jail", "prisoner"], [], [], [], [], [], [], [], ["backpack", "tearoom", "cup of coffee"], [], [], [], [], [], [], [], [], [], [], [], [], [], [], [], [], [], [], [], [], [], [], [], ["fiddle", "sloth", "snake"], [], [], [], [], [], [], [], [], [], [], [], [], [], [], [], [], [], [], ["informatio", "pornography", "por", "web sites", "website", "data"], [], [], [], [], ["tourniquet"], [], [], ["spare tire", "clothing", "keepsakes", "car", "luggage", "attic", "jack", "case", "keepsake", "old photograph", "radio", "old book", "old photographs", "forgotten treasures", "yeras of love letters", "groceries", "usually of sentimental value", "blankets", "branch", "grandma's attic", "often cherished", "pirate's treasure", "tire", "yearbook", "spare tyre", "spare automobile tire", "old toys", "old photos", "sweaters", "jumper cables", "dead body", "balnkets", "wool sweater", "nostril", "clothes", "garage", "first aid kit", "old dress", "quilt", "hockey equipment", "wheel", "moth ball", "worms", "loads of stuff", "antique", "tire iro", "bedroom", "old clothes", "elephant snot", "automobile", "flight bag", "pictures", "spare wheel", "old papers", "zoo", "old clothing", "off season clothes"], [], [], [], [], [], [], [], [], [], ["garage", "huma", "fast lane", "street", "freeway", "exit ramp", "hor", "shop", "side of road", "dealer lot", "racetrack", "slow lane", "heater", "trunk", "repair shop", "steel", "door with lock", "driveway"], [], [], [], [], [], [], [], ["art show", "museum", "gallery opening"], [], [], [], [], [], ["horse"], ["desk", "office", "motel", "house", "desktop", "at hotel", "keypad", "rest area", "neighbor's house"], ["library", "newspaper", "book store", "space", "own home"], ["city", "parking lot", "repair shop", "road", "freeway", "stereo", "race track", "car show", "garage", "trunk", "passengers", "umbrella", "car dealership", "mirror", "brake artifact", "seatbelt", "riders", "petrol", "hor", "car seat belts", "battery artifact", "neighbor's house", "car key", "radiator", "baggage trunk", "show", "driveway", "car park", "clock", "door", "childre", "firebomb", "bee", "hairbrush", "land", "cat", "flat", "highway", "metal", "cooling device", "petrol tank", "vinyl", "leather interior", "fuel", "dashboard"], ["desk", "office", "phone booth", "desktop", "hotel", "friend's house", "hospital", "card slot", "party", "voice", "end of line", "every u.s", "telephone booth"], [], ["store", "toy chest", "children's room", "table", "toy box", "toydroors", "child's bedroom", "playroom", "kindergarde"]], "/r/HasProperty": [[], [], [], [], [], [], [], [], [], [], [], [], [], [], [], ["short for milimeter"], [], [], [], [], [], [], [], [], [], [], [], [], [], [], [], [], [], [], [], [], [], [], [], [], [], [], [], [], [], [], [], [], [], [], [], ["moder"], [], [], [], [], [], [], [], ["useful for storing blankets"], [], [], [], [], [], [], [], [], [], [], [], [], [], [], [], [], [], ["three dimensional"], [], [], [], [], [], [], ["one kind of electric machine"], ["typed on computer", "readable"], ["red", "heavy", "turning into driveway", "opaque", "expensive", "new", "one kind of vehicle", "slow", "big and blue"], [], [], []], "/r/CreatedBy": [["cell divisio"], [], [], [], [], [], [], [], [], [], [], [], [], [], [], [], [], [], [], [], [], [], [], [], [], [], [], [], [], [], [], [], [], [], [], [], [], [], [], [], [], [], [], [], [], [], [], [], [], [], [], [], [], [], [], [], [], [], [], [], [], [], [], [], [], [], [], [], [], [], [], [], [], [], [], [], [], [], [], [], [], [], [], [], [], ["typing"], [], [], [], []], "/r/Synonym": [["cubicle artifact", "jail cell artifact", "electric cell artifact", " artifactcellular telephone artifact", "prison cell artifact", "cadre group", "cabin"], [], [], [], [], [], ["marshal change", "v competitiocall up competitio", "mobilise competition competitio", "mobilise change", "summon change"], [], ["mobile canteen artifact", "cafeteria", "mess hall"], [], [], [], [], ["spermatozoid plant", "sperm"], [], [" quantitymillimeter quantity", "two thousand", ""], [], [], [], [], [], [], ["carrier cell", "nurse cell"], [], [], ["vwithdraw", "vremove"], [], [], [], [], [], [], ["al location locatio", "camellia state location locatio", "alabama river object", "ala location locatio", "heart of dixie location locatio", ""], [], ["v socialact social", "v bodybe active body", "go competition competitio", "go change", " actmotion act", "displace motion motio", "run change", "v emotioaffect emotio", "v creatiomotivate creatio", "make motion communication communicatio", "relocation act", "v socialgo social", "v motiotravel motio", "dislodge", "vprompt", "instigate", "vimpel", "recommend", "relocation", "impel", "bring round", "agitate"], [], [], [], [], [], [], [], [], ["foresyllable", "prefixum", "forefix"], ["v competitiocall up competitio", "v changemobilize change", "v competitiomobilize competitio"], ["mobilisation act", "militarisation act", "militarization act", ""], [""], [], [], [], [], ["cyberspace artifact", "net artifact", " artifact"], [], [], [], [""], ["paramedics", ""], [], [" artifactland line artifact", "wireline"], [" artifactboot artifact", "bole plant", " bodytorso body", " animalproboscis animal", "tree trunk", "boot", "tree trunk plant", "bootwikten 1", "proboscis", "suitcase", "torso"], [], ["fast a ", "firm a ", "afixed", "asessile", "stationary", "aunmovable"], [], [], [], [], [], [], [], [" artifactcar artifact", "auto", "motorcar", "carwiktfr 1", "car"], ["a energising ", "avigorous", "aanimated", "aseepy", "aactive", "adynamic"], [], [], [], [], [], [], ["v contactsculpt contact", "v artsculpt art", "carving act", ""], [], [" artifacttea cart artifact"], [], [], [], [" communicatiopreview communicatio", "house trailer artifact", " persodawdler perso", "mobile home", "preview", "sentinel", "camper", "wpvehiclewpvehicle"], ["sound phonetics", " artifactearphone artifact", " artifacttelephone artifact", "v telephonecall telephone", "speech sound phonetics", "telephone", "wiktfr 1telephone", "vwiktfr 1telephone", "phone up"], ["sms", " communicatiotextbook communicatio", "textual matter communication communicatio", "textbook", "message", "text message", "vmessage"], ["railcar artifact", "machine artifact", "railway car artifact", " artifactcable car artifact", "elevator car artifact", "gondola artifact", "motorcar artifact", "railroad car artifact", "auto artifact", "automobile artifact", "motorcar", "wiktfr 1automobile", "wiktfr 1carriage", "rail car", "motor car", "wiktfr 1auto", "car nicobarese", "railroad car"], ["vcall", "telephone set artifact", "telephony communication communicatio", "v telephonecall telephone", "phone artifact", "vring", "vgive ring", "blower", "vphone", "phone", "vplace call", "vmake call", ""], [" actdash act", "wprunningwprunning"], [" artifactplaything artifact", "fiddle contact", " artifactminiature artifact", " animaltoy dog animal", "diddle contact", "v socialdally social", "play contact", "v bodyplay body", ""]], "/r/LocatedNear": [[], [], [], [], [], [], [], [], [], [], [], [], [], [], [], [], [], [], [], [], [], [], [], [], [], [], [], [], [], [], [], [], [], [], [], [], [], [], [], [], [], [], [], [], [], [], [], [], [], [], [], [], [], [], [], [], [], [], [], [], [], [], [], [], [], [], [], [], [], [], [], [], [], [], [], [], [], [], [], [], [], [], [], [], [], [], [], [], [], []], "/r/SimilarTo": [[], [], [], [], [], [], [], [], [], [], [], [], [], [], [], [], [], [], [], [], [], [], [], [], [], [], [], [], [], [], [], [], [], [], [], [], [], [], [], [], [], [], [], [], [], [], [], [], ["moving a ", "a moving "], [], [], [], [], [], [], [], [], [], [], [], [], ["a immoveable ", "a stiff ", "a fixed ", "stiff a ", "immoveable a ", "a nonmotile microorganism", "fixed a ", "nonmotile microorganism "], [], [], [], [], [], [], [], ["truck"], ["a moving ", "moving a ", "katastematic"], [], [], [], [], [], [], [], [], [], [], [], [], [], [], ["lyric"], [], [], [], []], "/r/MadeOf": [["cytoplasm"], [], [], [], [], [], [], [], [], [], [], [], [], [], [], [], [], [], [], [], [], [], [], [], [], [], [], [], [], [], [], [], [], [], [], [], [], [], [], [], [], [], [], [], [], [], [], [], [], [], [], ["noobs", "old"], [], [], [], [], [], [], [], [], [], [], [], [], [], [], [], [], [], [], [], [], [], [], [], [], [], [], [], [], [], [], [], [], [], [], ["metal"], [], [], ["platic"]], "/r/ReceivesAction": [[], [], [], [], [], [], [], [], [], [], [], [], [], [], [], [], [], [], [], [], [], [], [], [], [], [], [], [], [], [], [], [], [], [], [], [], [], [], [], [], [], [], [], [], [], [], [], [], [], [], [], [], [], [], [], [], [], [], [], ["found on most cars"], [], [], [], [], [], [], [], [], [], [], [], [], [], [], [], [], [], [], [], [], [], [], [], [], [], ["read"], ["stored in garage", "parked in garage", "driven on street", "sold at car dealership"], [], [], ["fu"]]}, "/r/UsedFor": {}, "/r/LocatedAt": {}, "/r/FormOf": {"/r/RelatedTo": [["mobile"]], "/r/UsedFor": [[]], "/r/LocatedAt": [[]], "/r/FormOf": [["mobile"]], "/r/IsA": [[]], "/r/PartOf": [[]], "/r/HasA": [[]], "/r/CapableOf": [[]], "/r/AtLocation": [[]], "/r/HasProperty": [[]], "/r/CreatedBy": [[]], "/r/Synonym": [[]], "/r/LocatedNear": [[]], "/r/SimilarTo": [[]], "/r/MadeOf": [[]], "/r/ReceivesAction": [[]]}, "/r/IsA": {"/r/RelatedTo": [[], ["art", "statue", "sculptureless", "sculpturist", "sculpting", "vland", "cavo rilievo", "work of art", "venus de milo", "sculpturing", "sculpturelike", "vrepresent", "sculpturallyr", "shell", "sculptured", "sculptural", "glyptotheca", "salabhanjika", "sandcastle", "roundabout dog", "surmoulage", "plastic art", "sculpt", "microsculpture", "piet\u00e0", "toran", "triglyphic", "ornamentatio", "unsculptured", "resculpture", "maquette", "vfashio", "toreutic", "verosio", "sculpturesque", "ultrasculpture", "great leap forward", "vshape", "lost wax", "daedalic", "bronze", "mosaiculture", "monolith", "kinetic art", "vfigure", "vfeature", "sculpsit", "sculptor", "minisculpture", "plaster of paris", "sarcophagus", "alto relievo", "neoclassical", "hieracosphinx", "demi rilievo", "process art", "kouros", "neo attic", "totem pole", "mobile", "high relief", "acclamation", "macrosculpture", "mezzo rilievo", "diadumenos", "phidian", "vthree dimensional", "after cast", "luminarium", "centauromachy", "bas relief", "fountai", "sculptorwpconstellatio", "thinker", "clay", "colum"], []], "/r/UsedFor": [[], [], []], "/r/LocatedAt": [[], [], []], "/r/FormOf": [[], ["sculptures", "sculpturing"], []], "/r/IsA": [[], ["stabile artifact", "marble artifact", "mold artifact", "bronze artifact", " actfine arts cognitio", "bust artifact", " artifactplastic art artifact", "carving artifact", " actart act", "modeling act", "statue artifact", " artifactsolid figure shape", "relief artifact", "mobile artifact", "reliefopencycrelief sculpture", "solid tangible artifact", "jack o lantern", "stone sculpture", "sculpture in round", "hexalateral object", "mobile", "image source", "work of art", "carved work of art", "fountainopencycfountain art object", "gargoyleopencycgargoyle sculpture", "wood sculpture", "bust"], []], "/r/PartOf": [[], [], []], "/r/HasA": [[], [], []], "/r/CapableOf": [[], [], []], "/r/AtLocation": [[], ["art show", "museum", "gallery opening"], []], "/r/HasProperty": [[], ["three dimensional"], []], "/r/CreatedBy": [[], [], []], "/r/Synonym": [[], ["v contactsculpt contact", "v artsculpt art", "carving act", ""], []], "/r/LocatedNear": [[], [], []], "/r/SimilarTo": [[], [], []], "/r/MadeOf": [[], [], []], "/r/ReceivesAction": [[], [], []]}, "/r/PartOf": {"/r/RelatedTo": [[], []], "/r/UsedFor": [[], []], "/r/LocatedAt": [[], []], "/r/FormOf": [[], []], "/r/IsA": [[], []], "/r/PartOf": [[], []], "/r/HasA": [[], []], "/r/CapableOf": [[], []], "/r/AtLocation": [[], []], "/r/HasProperty": [[], []], "/r/CreatedBy": [[], []], "/r/Synonym": [[], []], "/r/LocatedNear": [[], []], "/r/SimilarTo": [[], []], "/r/MadeOf": [[], []], "/r/ReceivesAction": [[], []]}, "/r/HasA": {}, "/r/CapableOf": {"/r/RelatedTo": [[]], "/r/UsedFor": [[]], "/r/LocatedAt": [[]], "/r/FormOf": [[]], "/r/IsA": [[]], "/r/PartOf": [[]], "/r/HasA": [[]], "/r/CapableOf": [[]], "/r/AtLocation": [[]], "/r/HasProperty": [[]], "/r/CreatedBy": [[]], "/r/Synonym": [[]], "/r/LocatedNear": [[]], "/r/SimilarTo": [[]], "/r/MadeOf": [[]], "/r/ReceivesAction": [[]]}, "/r/AtLocation": {"/r/RelatedTo": [["music", "musical", "message", "letter", "paper", "memo", "chord", "writing", "small", "short", "card", "post it", "post", "tone", "communicatio", "writte", "symbol", "unit", "notatio", "reminder", "small message", "bill", "small paper", "sticky", "part", "musical unit", "quick", "black note", "subtonic", "wikten 1comment", "upbow", "bread and butter note", "interval", "noting", "bivirga", "hockey", "undernote", "bariolage", "ornamentation", "doitwikten 1", "tenner", "noteholder", "generator", "wikten 2needed", "point", "cluster", "decuplet", "bebung", "semibreve", "call note", "eleventh", "keynote", "melisma", "tablature", "wikten 1observatio", "masorah", "face value", "accommodation paper", "ninth chord", "scouserati", "diatonic scale", "dishonour", "kvitl", "retrig", "virga", "flam paradiddle", "notetaker", "mensuralism", "interversion", "team", "teruah", "septenary", "notes", "undernoted", "diapason", "downslur", "missive", "salient", "tuplet", "wah", "syntonic comma", "octatonic", "postal note", "bisonoric", "dissonance", "oriscus", "intone", "quasihemidemisemiquaver", "bichord", "organizer", "full score", "unnotedlyr", "noteless", "noted", "graphoria", "wikten 1character", "off key", "onset", "plica", "dichord", "seigniorage", "notehead", "major scale", "smartpen", "markworthy", "submediant", "fistnote", "double whole note", "protester", "side note", "dollar bill", "pentachord", "bank of issue", "middle c", "chocolo", "lombard rhythm", "downbow", "double stop", "wolf tone", "lady", "bear in mind", "upslur", "flamwikten 2", "roulade", "closed book", "measure", "monetary unit", "dictogloss", "unnoting", "tonguing", "thirty second note", "recognition", "plain song", "double tonguing", "bank discount", "sixteenth note", "sextolet", "good beginning makes ending", "notelet", "hammer on", "indorsee", "murky bass", "notandum", "serial music", "consecutive", "maturity date", "par value", "economy picking", "robert borden", "napoleon", "marker", "wikten 1distinctio", "lectern", "podatus", "breviate", "notecard", "parhypate", "chest note", "pelog", "bass bomb", "wikten 2work", "perfect pitch", "unisonoric", "septimole", "notelessness", "notebookful", "memorandum", "ricercar", "text hand", "brownback"]], "/r/UsedFor": [["communicatio", "symbolizing sound", "send message", "harmony", "create music", "convey message", "remembering", "write message", "leaving reminder", "representation of sound", "communicating message", "aiding memorizatio"]], "/r/LocatedAt": [[]], "/r/FormOf": [["noting", "noteth", "noted", "notes"]], "/r/IsA": [["symbol", " communicatiowritten record communicatio", "minute communication communicatio", "subdominant music communicatio", "poste restante communication communicatio", "middle c communication communicatio", "passing note communication communicatio", "sixteenth note communication communicatio", " possessiodebt instrument possessio", "note receivable possession possessio", "monotone communication communicatio", "grace note communication communicatio", " communicatiocomment communicatio", "iou possession possessio", "whole note communication communicatio", " attributeair attribute", "citation communication communicatio", "jotting communication communicatio", "half note communication communicatio", "eighth note communication communicatio", "chord communication communicatio", "demand note possession possessio", " communicatiotone communicatio", "submediant music communicatio", "time note possession possessio", " communicatiomusical notation music", "subtonic music communicatio", "sixty fourth note communication communicatio", "trill communication communicatio", "excuse communication communicatio", "supertonic music communicatio", "footnote communication communicatio", "mediant music communicatio", "memo communication communicatio", "thirty second note communication communicatio", "municipal note possession possessio", "tonic music communicatio", "note payable possession possessio", "pedal point communication communicatio", "marginalia communication communicatio", "blue note communication communicatio", "quarter note communication communicatio", "dominant music communicatio", " communicatiopersonal letter communicatio", "nota bene communication communicatio", "postscript communication communicatio"]], "/r/PartOf": [["music"]], "/r/HasA": [[]], "/r/CapableOf": [[]], "/r/AtLocation": [["fridge", "desk", "locker", "heartshaped box", "sheet music", "book", "door", "shelf", "table"]], "/r/HasProperty": [[]], "/r/CreatedBy": [[]], "/r/Synonym": [[" possessiobill possessio", "line communication communicatio", "observe communication communicatio", "promissory note possession possessio", "tone communication communicatio", "annotation communication communicatio", "billet communication communicatio", " stateeminence state", "take note perception perceptio", "musical note communication communicatio", "remark communication communicatio", "v perceptionotice perceptio", "note of hand possession possessio", "banknote", "observe perception perceptio", "notation communication communicatio", "take do v communication communicatio", "mention communication communicatio", "short letter communication communicatio"]], "/r/LocatedNear": [[]], "/r/SimilarTo": [["common stock"]], "/r/MadeOf": [[]], "/r/ReceivesAction": [[]]}, "/r/HasProperty": {}, "/r/CreatedBy": {}, "/r/Synonym": {"/r/RelatedTo": [[], [], [], [], ["smombie", "pocket dial", "vcall", "modular smartphone", "memory card", "butt dialing", "blackberry", "cellphones", "dumbphone", "butt dial", "obama phone", "flashcard", "coverage", "call", "bar"], [], ["building", "aaddress", "dismantle", "nonrelocatable", "temporary", "unrelocatable", "amemory"], [], []], "/r/UsedFor": [[], [], [], [], ["communicatio"], [], [], [], []], "/r/LocatedAt": [[], [], [], [], [], [], [], [], []], "/r/FormOf": [[], [], [], [], ["cellphoning", "cellphones", "cell phone", "cellphoned"], [], ["relocateable", "relocatables"], [], []], "/r/IsA": [[], [], [], [], ["electronic device", "phone"], [], [], [], []], "/r/PartOf": [[], [], [], [], [], [], [], [], []], "/r/HasA": [[], [], [], [], [], [], [], [], []], "/r/CapableOf": [[], [], [], [], [], [], [], [], []], "/r/AtLocation": [[], [], [], [], ["purse"], [], [], [], []], "/r/HasProperty": [[], [], [], [], [], [], [], [], []], "/r/CreatedBy": [[], [], [], [], [], [], [], [], []], "/r/Synonym": [[], [], [], [], ["mobile phone", " artifactcellular telephone artifact", "cellular telephone", "celly", "mobile"], [], ["amobile", "amovable", "atransportable", "aportable"], [], []], "/r/LocatedNear": [[], [], [], [], [], [], [], [], []], "/r/SimilarTo": [[], [], [], [], [], [], [], [], []], "/r/MadeOf": [[], [], [], [], [], [], [], [], []], "/r/ReceivesAction": [[], [], [], [], [], [], [], [], []]}, "/r/LocatedNear": {}, "/r/SimilarTo": {"/r/RelatedTo": [[], [], [], [], [], [], [], [], [], [], [], [], [], [], [], [], [], [], [], [], [], [], [], [], [], [], [], [], [], [], [], [], [], [], [], []], "/r/UsedFor": [[], [], [], [], [], [], [], [], [], [], [], [], [], [], [], [], [], [], [], [], [], [], [], [], [], [], [], [], [], [], [], [], [], [], [], []], "/r/LocatedAt": [[], [], [], [], [], [], [], [], [], [], [], [], [], [], [], [], [], [], [], [], [], [], [], [], [], [], [], [], [], [], [], [], [], [], [], []], "/r/FormOf": [[], [], [], [], [], [], [], [], [], [], [], [], [], [], [], [], [], [], [], [], [], [], [], [], [], [], [], [], [], [], [], [], [], [], [], []], "/r/IsA": [[], [], [], [], [], [], [], [], [], [], [], [], [], [], [], [], [], [], [], [], [], [], [], [], [], [], [], [], [], [], [], [], [], [], [], []], "/r/PartOf": [[], [], [], [], [], [], [], [], [], [], [], [], [], [], [], [], [], [], [], [], [], [], [], [], [], [], [], [], [], [], [], [], [], [], [], []], "/r/HasA": [[], [], [], [], [], [], [], [], [], [], [], [], [], [], [], [], [], [], [], [], [], [], [], [], [], [], [], [], [], [], [], [], [], [], [], []], "/r/CapableOf": [[], [], [], [], [], [], [], [], [], [], [], [], [], [], [], [], [], [], [], [], [], [], [], [], [], [], [], [], [], [], [], [], [], [], [], []], "/r/AtLocation": [[], [], [], [], [], [], [], [], [], [], [], [], [], [], [], [], [], [], [], [], [], [], [], [], [], [], [], [], [], [], [], [], [], [], [], []], "/r/HasProperty": [[], [], [], [], [], [], [], [], [], [], [], [], [], [], [], [], [], [], [], [], [], [], [], [], [], [], [], [], [], [], [], [], [], [], [], []], "/r/CreatedBy": [[], [], [], [], [], [], [], [], [], [], [], [], [], [], [], [], [], [], [], [], [], [], [], [], [], [], [], [], [], [], [], [], [], [], [], []], "/r/Synonym": [[], [], [], [], [], [], [], [], [], [], [], [], [], [], [], [], [], [], [], [], [], [], [], [], [], [], [], [], [], [], [], [], [], [], [], []], "/r/LocatedNear": [[], [], [], [], [], [], [], [], [], [], [], [], [], [], [], [], [], [], [], [], [], [], [], [], [], [], [], [], [], [], [], [], [], [], [], []], "/r/SimilarTo": [[], [], [], [], [], [], [], [], [], [], [], [], [], [], [], [], [], [], [], [], [], [], [], [], [], [], [], [], [], [], [], [], [], [], [], []], "/r/MadeOf": [[], [], [], [], [], [], [], [], [], [], [], [], [], [], [], [], [], [], [], [], [], [], [], [], [], [], [], [], [], [], [], [], [], [], [], []], "/r/ReceivesAction": [[], [], [], [], [], [], [], [], [], [], [], [], [], [], [], [], [], [], [], [], [], [], [], [], [], [], [], [], [], [], [], [], [], [], [], []]}, "/r/MadeOf": {}, "/r/ReceivesAction": {}}},
  "": {}}