{"occupied": {"N1": {"/r/RelatedTo": ["abusy", "state of palestine", "spoken for", "west germany", "aunavailable", "zhou", "aengaged", "martial law", "vnanny", "occupancy", "asubjugate", "vacant", "tied up", "areserved", "laplace plane", "treblinka", "at it", "nonvacant", "underoccupied", "einsatzgruppe", "carjacker", "hot burglary", "on clock", "in throes of", "get stuck into", "occupiable", "absorbed", "unoccupied", "ocupado", "busy", "entertai", "colony"], "/r/UsedFor": [], "/r/LocatedAt": [], "/r/FormOf": ["voccupy"], "/r/IsA": ["owner occupied"], "/r/PartOf": [], "/r/HasA": [], "/r/CapableOf": [], "/r/AtLocation": [], "/r/HasProperty": [], "/r/CreatedBy": [], "/r/Synonym": ["a engaged ", "a tenanted "], "/r/LocatedNear": [], "/r/SimilarTo": ["filled a ", "a filled ", "a in use ", "in use a "], "/r/MadeOf": [], "/r/ReceivesAction": []}, "N2": {"/r/RelatedTo": {"/r/RelatedTo": [[], [], [], [], [], ["qi", "tang", "this", "including", "yan", "occupied", "china", "valley", "era", "declared", "various", "kingdom", "ruler", "wu zetia", "eastern zhou", "ruled", "wei", "people", "chinese", "liang", "conquest", "river", "rule", "ancient", "conquer", "spring and autumn", "yi", "seal script", "dynasty", "realm", "jook", "gusu", "bc", "thick", "shang", "luo", "ch i", "yellow river", "rice", "short lived", "cao", "surrounding", "century", "fe", "porridge", "chuwikten 2", "history", "regio", "nominally"], [], [], [], ["occupance", "period", "dais", "occupiable", "tenant", "sro", "occupant", "use", "overoccupancy", "premises", "tenancy", "multioccupancy", "underoccupancy", "occupancies", "occupied", "inhabitancy", "habitation", "u o", "landgrabber", "rent", "possession", "occupying", "land", "time"], [], ["vacancy", "avoidance", "provide", "castle", "sedes vacans", "by election", "leadership spill", "zombie out", "aoccupied", "byelection", "ghost home", "avacate", "aempty", "aintelligence", "dead eyed", "zombied out", "vacate", "nonvacant", "ainterest", "electron hole", "vacuous", "empty", "intervacuum", "siege perilous", "vacantlyr", "provision", "unoccupied", "hole state", "antiwarehousing", "listless", "vague", "lot"], [], [], [], ["world war ii", "poland", "warsaw", "death camp", "nazi", "occupied"], [], ["avacant", "aoccupied"], ["bedroom tax", "aoccupied"], ["nazi", "notorious", "world war ii", "einsatzgruppen", "ss", "territory", "executio", "occupied", "paramilitary"], ["carjack", "steal", "occupied", "carjackers", "automobile"], [], [], [], [], ["aoccupied", "aoccupancy", "unoccupiabler"], ["absorption", "zyklon b", "decorporation", "insolvated", "absorbtance", "absorbable", "preabsorbed", "rapt", "athought", "radiothermoluminescence", "aengrossed", "aabsorb", "chemical energy", "bioabsorption", "elution", "pharmacokinetics", "dreamwrapt", "propeller head", "thermoluminescence", "absorbing", "aabsorptio", "microrem", "biotransference", "adsorbed", "latent heat", "internal energy", "radiative transfer", "absorption coefficient", "receptor", "nonabsorbable", "aabsorbing", "abortion", "aoccupied", "malabsorbed", "bioavailable", "calorimetry", "absorbedness", "gelignite", "absorbate", "soak in", "bioaccessible"], ["untenanted", "vacancy", "ainhabited", "aterritory", "lumo", "aidle", "atask", "aused", "atenant", "inoccupancy", "aoccupied", "dead freight", "aemployed", "tenantless", "avacant", "afree"], ["aoccupied"], ["crowd", "diligent a ", "a diligent ", "employed a ", "a employed ", "voccupy", "go about", "abusy as bee", "hectic", "nonbusy", "acomplicated", "busy ness", "busied", "abusy work", "flat out", "on one's toes", "busy as beaver", "rushed off one's feet", "have one's hands full", "tied up", "quiet", "up to one's neck in alligators", "busyish", "tie up", "beehive", "alive", "aengaged", "engaged", "jostlinglyr", "rushed", "keep one on one's toes", "police officer", "slow", "santa's workshop", "eident", "employ", "shake leg", "busilyr", "rushing", "overbusy", "at it", "busyness", "abusyness", "busying", "get cracking", "occupied", "are you doing anything tomorrow", "on job", "up to here", "ringback", "swamped", "up walls", "vrush", "bustling", "on go", "operose", "busies", "leisureless", "thrang", "unbusied", "fiddlefart", "superbusy", "chokka", "hive of activity", "get stuck into", "harried", "underbusy", "abusybody", "abustler", "ithand", "aofficious", "hive", "swamp", "endful", "abusy as beaver", "at leisure", "line is busy", "aintricate", "bebusy", "unbusy", "business", "bee", "squirrel", "doing", "much", "work", "adjective", "city", "rush", "active", "mai", "lots", "doing lots", "signal", "beeping", "beeping signal", "doing much", "as bee", "bank", "much business", "on phone", "phone", "fast", "moving", "bee like", "moving fast", "like", "very", "very active", "means", "means occupied", "actio", "working", "urgent", "productive"], [], ["settlement", "group", "ant", "ants", "thirtee", "original", "early", "colonization", "colonizer", "colonist", "colonize", "people", "states", "new", "america", "settlers", "ant group", "thirteen original", "home", "state", "bee", "early settlement", "heterocolonial", "monogyne", "ectoproct", "zapti\u00e9", "maritime republic", "ethnic", "cyrene", "haplometrosis", "leproserie", "chortitza", "colonies", "complex", "compound animal", "monodomy", "subcolony", "colonise", "megacolony", "gonosome", "gilbert and ellice islands", "fluvalinate", "metropole", "home child", "apartment", "patroon", "emigrant", "new ireland", "house of assembly", "separatism", "saint domingue", "choking bloom", "allocolonial", "clonogenesis", "intracolony", "colonyhood", "brood", "microcolony", "kittiwake", "culture", "north australia", "british guiana", "swarm", "homocolonial", "crown colony", "polydomy", "puffinry", "caste", "astogeny", "formicary", "new south wales", "koliwada", "decolonize", "intracolonial", "schout", "extended phenotype", "mother hive", "cape breton", "essequibo", "cologne", "formicarium", "rookery", "utica", "townsite", "dependency", "molotschna", "heteroplate", "culturally", "superorganism", "decolonization", "dutch east indies", "new spain", "lebensraum", "oligogyny", "siphonozooid", "western sahara", "leprosery", "polycalic", "intercolony", "cleruchy", "multicolonial", "sea whip coral", "intercolonial", "hong kong", "paraclone", "nasonov pheromone", "polygyny", "neo colony", "minor", "clan", "remittance man", "colonisation", "collective nou", "leaf cutter ant", "vespiary", "rhabdosome", "minim", "microatoll", "transportation", "requeen", "pleometrosis", "colonial", "french congo", "new caledonia", "phytoplankton bloom", "metropolis", "palmella", "viceroy", "monocolony", "supraorganism", "colonial power", "necrophoresis", "gold coast", "seven years war", "federation of rhodesia and nyasaland", "new france", "foederatus", "macrocolony", "polygyne", "sarcosphere", "rabbit", "coral", "intercoloniallyr", "cape colony", "siphosome", "gannetry", "motherland", "nuc", "cult", "myrmecophytism", "zoogloea", "subaltern", "cathedral city", "zoarium", "slavemaker", "queensland", "dyscolonization", "black rod", "\u00e9volu\u00e9", "land", "british", "original thirtee", "bees", "jamesto ", "foreig", "society", "hive", "early america", "live", "ants live", "pilgrims", "empire", "thirteen states", "foreign settlement", "ant home", "bee group", "thirteen america", "collective", "community", "before", "territory", "village", "call", "world", "new world", "abroad", "america thirtee", "ant populatio", "populatio", "hill", "ants bees", "living", "farm", "ant farm", "original states", "group people", "group ants", "grouping", "many ants", "before states", "india", "lepers", "many", "virginia", "australia", "family", "ant house", "house", "ant family", "city", "americas", "organizatio", "settlement abroad", "england", "country", "place", "us territory", "us", "bee collective", "new settlement", "original state", "many people", "people settlement", "british empire", "knee", "imperialism", "ant empire", "neighborhood", "ant neighborhood", "british india", "members", "living organism", "organism", "occupied land", "occupied", "group settlers", "break", "break away", "quee", "ant community", "like", "like ants", "new people", "establishment", "first", "have", "ants have", "government", "settler", "past", "america past", "founding", "founding state", "on land", "dispersed people", "dispersed", "before state", "numerous", "ant mass", "mass", "abode", "inhabited", "space", "ant village", "newly", "seized land", "ant hive", "settler home", "newly inhabited", "ant abode", "seized", "space settlement", "to ", "animal", "political", "unit", "pilgrims to ", "animal group", "nudist", "political unit", "nudist group", "arrangement", "holding", "overseas holding", "overseas", "living arrangement", "ant city", "americas thirtee", "ants home", "call lonely", "lonely", "settlers place", "new country", "social group", "social", "call o", "early americas", "lots ants", "lots", "united states", "ant society", "united", "foreign land", "ant collective", "subjugated", "subjugated people", "people abroad", "new land", "early usa", "early state", "usa", "imperial", "imperial possessio", "american settlers", "possessio", "many bees", "houses", "many houses", "collective group", "ants community", "lands", "new lands", "call knee", "ant hill", "history", "books", "history books", "mother england", "mother", "was thirtee", "bee society", "possibly", "settlers settlement", "ants possibly", "war", "prior independence", "independence", "prior", "british had", "had", "baloney", "habitat", "bee habitat", "bird group", "bird", "first establishment", "new settlers", "groups", "several ants", "several", "ant groups", "ant grouping", "jamestown first", "ants group"]], "/r/UsedFor": [[], [], [], [], [], [], [], [], [], [], [], [], [], [], [], [], [], [], [], [], [], [], [], [], [], [], [], [], [], [], [], []], "/r/LocatedAt": [[], [], [], [], [], [], [], [], [], [], [], [], [], [], [], [], [], [], [], [], [], [], [], [], [], [], [], [], [], [], [], []], "/r/FormOf": [[], [], [], [], [], [], [], [], [], ["occupancies"], [], [], [], [], [], [], [], [], [], ["einsatzgruppen"], ["carjackers"], [], [], [], [], [], ["absorb", "vabsorb"], [], [], ["busieth", "busied", "busies", "busiest", "busier", "busying"], [], ["colonies"]], "/r/IsA": [[], [], [], [], [], [" groupdynasty group", "western zhou"], [], [], [], ["inhabitancy act", " actresidency act"], [], [], [], [], [], [], [], [], [], [], ["hijacker"], [], [], [], [], [], [], [], [], [], [], [" locatiogeographical area locatio", "crown colony location locatio", "proprietary colony group", "plantation group", " locatioplace locatio", " groupbody group", "frontier settlement group", " microbiologyanimal group", " groupbiological group", "opencycbritish colonies formed united statesopencyccolony geopolitical entity", "opencyccolony geopolitical entityassemblage", "opencyccolony geopolitical entitypolitical entity", "opencyccolony geopolitical entitycontrolled territory"]], "/r/PartOf": [[], [], [], [], [], [], [], [], [], [], [], [], [], [], [], [], [], [], [], [], [], [], [], [], [], [], [], [], [], [], [], ["caste entomology group", " locatiounited states locatio", "bee"]], "/r/HasA": [[], [], [], [], [], [], [], [], [], [], [], [], [], [], [], [], [], [], [], [], [], [], [], [], [], [], [], [], [], [], [], []], "/r/CapableOf": [[], [], [], [], [], [], [], [], [], [], [], [], [], [], [], [], [], [], [], [], [], [], [], [], [], [], [], [], [], [], [], []], "/r/AtLocation": [[], [], [], [], [], [], [], [], [], [], [], [], [], [], [], [], [], [], [], [], [], [], [], [], [], [], [], [], [], [], [], ["ants"]], "/r/HasProperty": [[], [], [], [], [], [], [], [], [], [], [], [], [], [], [], [], [], [], [], [], [], [], [], [], [], [], [], [], [], [], [], []], "/r/CreatedBy": [[], [], [], [], [], [], [], [], [], [], [], [], [], [], [], [], [], [], [], [], [], [], [], [], [], [], [], [], [], [], [], []], "/r/Synonym": [[], [], [], [], [], ["chou dynasty group", "zhou dynasty group", "chow group", "chow dynasty group", "chou group", "chou", "china"], [], [], [], [" actoccupation act", "tenancy act"], [], ["avacuous", "aavailable"], [], [], [], [], [], [], [], [], [], [], [], [], [], [], ["a engrossed ", "acaptivated"], ["a untenanted ", "empty"], [], ["a interfering ", "a fussy ", "occupy social", "a in use ", "industrious", "aswamped"], [], ["dependency location locatio", "settlement group", "dependency", "settlement", ""]], "/r/LocatedNear": [[], [], [], [], [], [], [], [], [], [], [], [], [], [], [], [], [], [], [], [], [], [], [], [], [], [], [], [], [], [], [], []], "/r/SimilarTo": [[], [], [], [], [], [], [], [], [], [], [], ["a empty ", "empty a ", "afree", "aunoccupied"], [], [], [], [], [], [], [], [], [], [], [], [], [], [], ["a unreflected ", "unreflected a "], ["a relinquished ", "spare a ", "relinquished a ", "a spare ", "a free ", "free a ", "vacant", "afree"], [], ["up to a ", "tied up a ", "a at work ", "a active ", "labouring a ", "a tied up ", "overbusy a ", "active a ", "a engaged ", "at work a ", "a labouring ", "a overbusy ", "a up to ", "engaged a ", "bursty"], [], []], "/r/MadeOf": [[], [], [], [], [], [], [], [], [], [], [], [], [], [], [], [], [], [], [], [], [], [], [], [], [], [], [], [], [], [], [], []], "/r/ReceivesAction": [[], [], [], [], [], [], [], [], [], [], [], [], [], [], [], [], [], [], [], [], [], [], [], [], [], [], [], [], [], [], [], []]}, "/r/UsedFor": {}, "/r/LocatedAt": {}, "/r/FormOf": {"/r/RelatedTo": [[]], "/r/UsedFor": [[]], "/r/LocatedAt": [[]], "/r/FormOf": [[]], "/r/IsA": [[]], "/r/PartOf": [[]], "/r/HasA": [[]], "/r/CapableOf": [[]], "/r/AtLocation": [[]], "/r/HasProperty": [[]], "/r/CreatedBy": [[]], "/r/Synonym": [[]], "/r/LocatedNear": [[]], "/r/SimilarTo": [[]], "/r/MadeOf": [[]], "/r/ReceivesAction": [[]]}, "/r/IsA": {"/r/RelatedTo": [[]], "/r/UsedFor": [[]], "/r/LocatedAt": [[]], "/r/FormOf": [[]], "/r/IsA": [[]], "/r/PartOf": [[]], "/r/HasA": [[]], "/r/CapableOf": [[]], "/r/AtLocation": [[]], "/r/HasProperty": [[]], "/r/CreatedBy": [[]], "/r/Synonym": [[]], "/r/LocatedNear": [[]], "/r/SimilarTo": [[]], "/r/MadeOf": [[]], "/r/ReceivesAction": [[]]}, "/r/PartOf": {}, "/r/HasA": {}, "/r/CapableOf": {}, "/r/AtLocation": {}, "/r/HasProperty": {}, "/r/CreatedBy": {}, "/r/Synonym": {"/r/RelatedTo": [[], []], "/r/UsedFor": [[], []], "/r/LocatedAt": [[], []], "/r/FormOf": [[], []], "/r/IsA": [[], []], "/r/PartOf": [[], []], "/r/HasA": [[], []], "/r/CapableOf": [[], []], "/r/AtLocation": [[], []], "/r/HasProperty": [[], []], "/r/CreatedBy": [[], []], "/r/Synonym": [[], []], "/r/LocatedNear": [[], []], "/r/SimilarTo": [[], []], "/r/MadeOf": [[], []], "/r/ReceivesAction": [[], []]}, "/r/LocatedNear": {}, "/r/SimilarTo": {"/r/RelatedTo": [[], [], [], []], "/r/UsedFor": [[], [], [], []], "/r/LocatedAt": [[], [], [], []], "/r/FormOf": [[], [], [], []], "/r/IsA": [[], [], [], []], "/r/PartOf": [[], [], [], []], "/r/HasA": [[], [], [], []], "/r/CapableOf": [[], [], [], []], "/r/AtLocation": [[], [], [], []], "/r/HasProperty": [[], [], [], []], "/r/CreatedBy": [[], [], [], []], "/r/Synonym": [[], [], [], []], "/r/LocatedNear": [[], [], [], []], "/r/SimilarTo": [[], [], [], []], "/r/MadeOf": [[], [], [], []], "/r/ReceivesAction": [[], [], [], []]}, "/r/MadeOf": {}, "/r/ReceivesAction": {}}}, "": {"N1": {"/r/RelatedTo": ["windowdoor", "worklabor", "butchermeat", "gallomeasure", "woundgash", "punishmentcrime and", "chickelaying", "thricerthree", "informed educated ", "closed obstructed ", "transpondianrightpondia", "mystifymystery", "audiovisualsaudiovisual"], "/r/UsedFor": ["flash artifactlight physics", "string bassplaying music"], "/r/LocatedAt": [], "/r/FormOf": ["air burstsair burst", "pot belliespot belly", "cross sectionscross sectio"], "/r/IsA": ["suburb locatioresidential district locatio", "western skink animalskink animal", "inertial mass physicsmass attribute", "leading man persoactor perso", "occasion timetime time", "tree toad animalfrog animal", "petaurista animalmammal genus animal", "torch singer persosinger perso", "drop arch artifactpointed artifact", "rottenstone substancelimestone substance", "scorpionfish animalscorpaenid animal", "temporary hookup artifactconnection artifact", "acrylic fiber substanceman made substance", "dependence statestate ", "overhand pitch actpitch baseball", "american spikenard plantsubshrub plant", "hedonist persosensualist perso", "homecoming actreunion act", "aldrovanda plantdicot genus plant", "ambystomatidae animalamphibian family animal", "assist ice hockeymaneuver act", "tithe barn artifactbarn artifact", "hypsometer artifactaltimeter artifact", "papyrus communicatiodocument communicatio", "cacodyl substancegroup chemistry", "penance actsacrament act", "rule of evidence lawrule communicatio", "usherette persousher perso", "hooks bodyhand body", "bilabial communicatiolabial consonant communicatio", "kurdish communicatioiranian communicatio", "theism cognitioreligion cognitio", "aristocrat persoleader perso", "bundesbank groupcentral bank group", "skirtform of female attire", "yardarm artifactend locatio", "supreme court lawfederal group"], "/r/PartOf": ["satachristian myth", "old testament communicatiobible communicatio", "styloid process bodytemporal bone body", "voider artifactbody armor artifact", "tower of london artifactlondon locatio"], "/r/HasA": ["baywater"], "/r/CapableOf": ["blanketscover bed", "chefbone chicke", "authorswrite books"], "/r/AtLocation": ["windowhouse", "dustcarpet", "action figuretoy department", "barbershopmall", "mouselab maze"], "/r/HasProperty": [], "/r/CreatedBy": [], "/r/Synonym": ["hawaiian honeycreeper animalhoneycreeper animal", "thing cognitiomatter cognitio", "dprk locationorth korea locatio", "gas tight air ", "get into possessioget in possessio", "west persocicily isabel fairfield perso", "sapindus drumondii plantwild china tree plant", "abls communicatiobachelor of arts in library science communicatio", "homburg artifactfedora artifact", "choking coil artifactchoke artifact", "sewerage artifactsewer artifact", "fish bowl stategoldfish state", "caddy golfcaddie golf", "moray eel animalmoray animal", "family zygnemataceae animalzygnemataceae animal", "severity attributeaustereness attribute", "hors d oeuvre foodhors food", "chukka artifactchukka boot artifact", "immunise competitioimmunize competitio", "kindling pointautoignition temperature", "corruptlyr corruptedlyr ", "lazy faineant ", "copernicia prunifera plantcarnauba plant", "log z's bodysleep body", "sworn pledged ", "palestine authority grouppalestine national group", "polyodon spathula animalpaddlefish animal", "linnaea borealis americana plantamerican twinflower plant", "stylise artstylize art", "thank youthank you very much", "infirm decrepit ", "uriniferous tubule bodynephron body", "passing actpassage act", "rio nunez coffee plantrobusta plant", "experimentation cognitioexperiment cognitio", "powerful knock do a ", "lichgate artifactlychgate artifact", "take advantage socialtrespass social", "pyrethrum plantpainted daisy plant", "take turns changealternate change", "water level locatiowaterline locatio", "fuddle stateclutter state", "insisting communicatioinsistence communicatio", "vibrate perceptioresonate perceptio", "viridity attributegreen attribute", "yarn dye changeimpress change", "balaenoptera borealis animalsei whale animal", "electron orbit locatioorbit locatio", "lillie persobeatrice perso"], "/r/LocatedNear": [], "/r/SimilarTo": ["large leafed leafy ", "captious critical ", "exaggerated increased ", "effective militaryoperational military", "tasty winey ", "fast breaking news article", "second rate inferior ", "disputatious argumentative ", "private nonpublic ", "coated glazed ", "free clear "], "/r/MadeOf": [], "/r/ReceivesAction": []}, "N2": {}}}