{"pour": {"N1": {"/r/RelatedTo": ["fill", "transfund", "circumfusile", "sheet", "libation", "pour poor merger", "repour", "inpour", "spout", "transfuse", "effusive", "machicolation", "be mother", "unpoured", "vwikten 1cause", "sluice", "underpour", "downpour", "pouring", "on rocks", "pouringlyr", "pours", "pourer", "ewte", "prelibation", "teemwikten 2", "shink", "action painting", "affuse", "debouch", "drizzle", "suffuse", "overpour", "spill", "cast", "vwikten 1pass", "beladle", "pour in", "trickle", "vwikten 1flow", "intrafusion", "run off", "outpour", "distillation", "affusion", "liquid", "actio", "movement", "heavily", "rain heavily", "rai", "decant", "empty jug", "empty", "jug", "dispense", "filling something", "filling", "movement liquid", "putting", "putting liquid", "put i", "put", "move water", "water", "move", "liquid fill", "cup", "dispensing liquid", "dispensing", "serving", "controlled flow", "controlled", "flow", "serving liquid", "transfer", "liquid transfer", "fill glass", "glass"], "/r/UsedFor": ["carafe"], "/r/LocatedAt": [], "/r/FormOf": ["poured", "pouredst", "pourest", "pouring", "pours", "poureth"], "/r/IsA": [], "/r/PartOf": [], "/r/HasA": [], "/r/CapableOf": [], "/r/AtLocation": [], "/r/HasProperty": [], "/r/CreatedBy": [], "/r/Synonym": ["v motiodecant motio", "rain cats and dogs weather", "stream motion motio", "rain buckets weather", "teem motion motio", "pullulate motion motio", "stream weather", "swarm motion motio", "pelt weather", "rain cats and dogs", "whip do v", "pour do v", "pelt do v"], "/r/LocatedNear": [], "/r/SimilarTo": [], "/r/MadeOf": [], "/r/ReceivesAction": []}, "N2": {"/r/RelatedTo": {"/r/RelatedTo": [["window seat", "actio", "full", "pour", "up", "topper offer", "prefill", "mineful", "sindon", "wikten 3thill", "misfuel", "wikten 2embankment", "vwikten 1request", "back order", "pneumatic", "vwikten 1contents", "cul de lampe", "weftwikten 1", "wikten 2constructio", "ladewikten 1", "infuse", "gas up", "clutter", "bescare", "dykewikten 1", "fills", "full handed", "planeful", "overpopulate", "filling gas", "engorge", "tubful", "occupy", "surfeit", "flooded", "repletive", "treeful", "throwie", "engorged", "fullhanded", "filler", "vwikten 1container", "beman", "stopping", "refillable", "ink trap", "filling", "fulth", "stock picker", "plenishment", "fillest", "forwonder", "fill up", "fillable", "take", "satiate", "besmoke", "sledload", "wikten 2hollow", "air", "tangbao", "mirthful", "stuff", "perfume", "fulfill", "inflated", "orchardful", "ftira", "lance", "reinflate", "inspire", "chink up", "keyword stuffing", "pailful", "recement", "vwikten 1dental", "filleth", "vwikten 1occupy", "population", "enbliss", "throng", "filled", "bismarck", "belly", "beworry", "inflate", "beslave", "pour in", "backorder", "geofoam", "impletion", "overcloy", "jam pack", "soup dumpling", "pod", "vwikten 1add", "flood fill", "spackle", "lumber", "plug", "clutter up", "underfill", "by election", "vwikten 1tooth", "kick up dust", "populate", "gob up", "fill soil", "vwikten 1trim", "top off", "stop up", "vwikten 1order", "philip", "beghost", "busted flush", "overfill", "alluviate", "make", "make full", "art", "furnish", "gas", "top", "sate", "complete", "form", "load", "apply", "topping", "topping up", "replenish", "pack", "bucket", "put", "put i", "pour i", "empty", "full up", "putting", "putting i", "pump", "top up", "brim", "gas tanks", "pouring i", "pouring", "tanks", "load up", "tooth"], ["vpour", "vliquid", "vtransfuse", "transfunding", "vvessel", "transfunds"], ["apour", "aspread"], ["paper", "page", "cover", "oak tag", "bed", "sail", "sheetful", "curling", "scantwikten 3", "madicolous", "compound curve", "percale", "second sheet", "flatting", "tin plate", "paper mache", "sheeted", "linens", "phyllosilicate", "nanosheet", "single curve", "kutch", "sheetable", "windowpaning", "incontinence diaper", "transmitarray", "minigel", "takeoff", "gilding metal", "tympan", "fitted sheet", "sheeting", "black plate", "running rigging", "shadow social", "spreadsheet", "unsheeted", "trim", "flexatone", "vaporium", "float glass", "pasteup", "oversheet", "brotie", "southern blot", "vcover", "photodraft", "logsheet", "intersheet", "nappe", "sheetfed", "drawmaster", "bifolio", "sheetlet", "broadside", "folio", "gold leaf", "plate glass", "stencil", "sanding sheet", "tofu skin", "interleaf", "phragmosome", "english wheel", "layer", "decimosexto", "black latten", "bookrest", "raindrift", "heating surface", "hampshire", "musical saw", "twelvemo", "planish", "linguine", "placard", "anopore", "schediasm", "sheetless", "clew", "acrylic", "lithotype", "tablet", "oaktag", "white as sheet", "hospital corner", "rower", "opisthography", "groundsheet", "after", "make ready", "sheety", "infosheet", "malleation", "clipsheet", "covering", "brass leaf", "shet", "tissue", "cheat sheet", "quinternion", "splitter", "boat", "sheet like", "england", "hymnsheet", "foresheet", "fairleader", "quarter block", "scoresheet", "bedsheet", "coversheet", "forward", "bed sheet", "rolewikten 2", "three sheets to wind", "bagpipe", "veneer", "mattress", "plate block", "baren", "monoprint", "dustsheet", "centerfold", "glare filter", "multisheet", "leaflet", "vwrap", "dutch metal", "nyanza", "barograph", "sheeter", "larget", "piece of paper", "grease boy", "metal master", "covers", "plating", "vigesimo quarto", "vpour", "pat slide", "incontinence pad", "axostyle", "shelter tent", "acetate", "jogger", "back board", "cloth", "carsaf", "tertiary structure", "altostratus", "vprecipitatio", "pond liner", "duodecimo", "sublaminate", "sandpaper", "under sheets", "multipart", "undersheet", "vtrim", "carbomorph", "flash paper", "marley floor", "turnagain", "tarpaulin", "winnow sheet", "bedlinen", "dryer sheet", "rolling paper", "line", "forme", "buckypaper", "sexto", "pa", "bedclothes", "cigarette paper", "ice", "nibbler", "bedding", "apple pie bed", "opener", "playsheet", "slip and slide", "platten", "aluminium foil", "malleable", "drift ice", "make bed", "bed line", "form", "thi", "single", "bed covering", "bed cover", "ghost", "blanket", "foil", "napki", "single page", "board", "single paper", "card", "slip", "slip cover", "paper piece", "piece", "sati", "tunic", "metal", "expense", "record", "blankets", "cover bed", "test", "cotto", "case", "chord", "blade", "notice", "book", "leaf", "thin blanket", "ti", "shade", "thin cloth", "music", "flag", "margi", "books", "under blanket", "books notebooks", "under", "notebooks"], ["drink", "deity", "sacrifice", "prelibation", "wine", "patera", "libate", "ritual", "libationary", "act", "honor", "victim", "alcoholic", "liquid", "joshi", "beverage", "pour", "phiale", "libatory"], [], ["vpour"], ["vpour", "vi"], ["blowhole", "whale", "spouted", "pocket flask", "air", "steam", "vstream", "spouting", "lip", "vforth", "firecock", "spouthole", "jug", "kendi", "water", "bespout", "aspout", "water tap", "gargoulette", "vtediously", "olpe", "water crane", "rainspout", "stream", "spouter", "vjet", "mixer", "spoutest", "gargoyle", "vpa ", "spoutless", "liquid", "tube", "tapware", "vspeak", "hot water can", "lick spout", "walm", "vpledge", "chimera", "petcock", "jet d eau", "lickometer", "pour", "geat", "mixture", "vgush", "spouteth", "carafe", "spoutfish", "vpompous", "spouts", "discharge", "blow", "volcano"], ["transfund", "transfusive", "transfusable", "vpermeate", "vpour", "transfusible", "vtransfusio", "vdiffuse", "transfuser", "vvessel"], ["gushfest", "aexpressio", "gushing", "gushingness", "maudlin", "overeffusive", "aextrusive", "aemotional", "aoverflowing", "uneffusive", "agushy", "aextravagant", "apour", "effusiveness", "effusivelyr", "aexcessive", "gushy", "lovefest", "aunrestrained", "beslobber"], ["assailant", "substance", "bur", "constructio", "wall", "pour", "opening", "roof", "parapet", "missile", "portal", "drop", "floor", "defense", "support", "machicolated", "machiolate", "moucharaby", "machicolations", "gallery", "unmachicolated", "attack", "discharge", "machicolate", "melt", "machicoulis", "projecting", "shoot", "corbel", "aperture"], [], ["apour"], [], ["valve", "grizzly", "sluicy", "batardeau", "sluices", "slot", "floodgate", "sluiceable", "gate", "koker", "stream", "canal", "vwash", "artificial", "sluiced", "sluicing", "sluiceless", "vwh questio", "lavador", "gote", "vflow", "water", "unsluice", "penstock", "vpour", "miner's moss", "trunk", "auriferous", "lock", "go out", "vsluicing", "wh stranding", "mill", "passage", "ellipsis", "sluicelike", "sluiceway", "slumgullion"], ["vpour"], ["vpour", "ondingwikten 2", "vrai", "downcome", "downpours", "churada", "toad strangler", "frog strangler", "leaf storm", "rai", "rain cats and dogs", "cataract", "thunder"], ["terebic acid", "outpour", "vpour", "baptism", "drizzler", "fettle", "rai", "precipitate", "fill", "thunder", "flow"], [], [], ["vpour"], ["finger", "pour"], ["vpour"], ["beforehand", "libatio", "anticipatio", "pour", "foretaste", "taste"], [], ["vskink", "vwine", "vpour", "vserve", "vbeer"], [], ["vpour"], ["disembogue", "vdefile", "defile", "debouchment", "vpour"], ["rai", "mist", "donkwikten 3", "drizzled", "voil", "smur", "icing", "vpour", "june gloom", "bedrizzle", "drizzles", "vparfilage", "vrai", "drizzling", "honey", "drizzlinglyr", "fog", "drizzleable", "vhoney", "honey drizzler", "drizzly", "vcooking", "syrup", "garua", "vurinate", "light", "light rai", "in rai", "little", "little rai", "slow", "slow rai", "wet", "slight", "slight rai", "density", "rain density", "type", "rain type", "small", "drops", "small drops", "dizzy"], ["vunderneath", "vinfuse", "vcolour", "suffuses", "vlight", "blushy", "vsuffusive", "vpour", "vbathe", "infuse", "vwith", "suffusest", "suffuseth", "unsuffused", "suffusion", "vliquid", "perfuse", "vspread", "adiffuse", "suffusing", "asuffused", "suffused", "bathe"], ["vpour"], ["spillproof", "bedrivel", "spills", "spillinglyr", "overspill", "spillage", "pole", "bloodshed", "sozzle", "splooge", "spilled", "apron", "spillionaire", "run off", "fall", "mess", "vspread", "flame", "timbering", "lath", "fire", "spile", "stumble", "spillable", "vfurl", "spilt", "vaccidentally", "unspillable", "light", "vreef", "vinlay", "kitchen roll", "microphone", "leadership spill", "vmess", "paper", "cough up", "splosh", "dribble glass", "vdrop", "vpour", "spilling", "prespill", "fuddling cup", "containment boom", "spilly", "drop", "puddle", "leak", "oil"], ["vspread out", "bronzefounder", "exuviae", "downcast", "hawk", "articulator", "musical", "forthcast", "casts", "remains", "vprematurely", "chamber play", "e voting", "pig bed", "hieldwikten 1", "immobilising", "vaside", "shell", "cast fossil", "knife money", "hull splash", "vshed", "throw to dogs", "fly fishing", "vcircle", "castworthy", "mend", "monkey metal", "bewitch", "umbecast", "feature", "visual", "spellwork", "typecast", "bone", "charmwork", "vvariable", "tritovum", "supportive", "castable", "vthrow", "throw to wolves", "jinx", "brassfounder", "recast", "cucoloris", "vinteger", "vchange", "castmember", "casted", "vski", "perform", "vmould", "spotface", "uncastable", "plastotype", "horse", "underwrap", "foundry", "polytype", "leaf casting", "vreal", "wandwork", "vassig", "excrete", "lance", "spellthief", "umbriferouslyr", "jaculator", "castful", "vlead", "vbow", "project", "gypsoplast", "ejectment", "manganese steel", "vplay", "space", "vfur", "spellcasting", "blooming", "play", "vascertai", "beshadow", "vperformance", "backcast", "vcolum", "aftercast", "vpreponderate", "matrix", "vfishing line", "premiere", "vpour", "vmiscarry", "vdepth", "inoculant", "vset", "vline", "vwitch", "casting", "vhair", "vrole", "heave", "pitching", "uphurl", "plaster of paris", "procedure", "vcoat", "vheadsail", "pig lead", "bronzefounding", "plunge", "castless", "throwing", "spellcraft", "garden nail", "brassfounding", "enchant", "vfigures", "physiognomy", "vheave", "vspell", "film crew", "vdeposit", "vlie do ", "vwater", "cast away", "plaster", "polling station", "sundial", "regurgitated", "upthrow", "pitchwikten 2", "dispersed", "device", "vcalculate", "precast", "apotelesmatic", "sidecast", "forwerp", "vnet", "actor proof", "vdirect", "applicative", "upcast", "bethrow", "vanchor", "vsailing ship", "vtwist", "vsearch", "gesso duro", "mould", "poppet", "uncasted", "lingot", "stagione", "run", "linecaster", "bellfounding", "tell against", "rise"], [], ["vpour", "vladle"], [], ["vcontinuous", "quick vinegar", "vflow", "tricklinglyr", "tricklet", "thi", "vfall", "trickled", "vthi", "tricklyr", "flow", "larmier", "vstream", "vpour", "trickling", "brouilleur", "trickles", "river", "distill", "distil", "dribble", "vdrop", "vliquid"], [], ["blood vessel", "pour", "introduce", "vessel", "substance", "operatio"], [], ["pouring", "outpourer", "vpour", "outpours", "outpoured"], ["distill", "elemin", "stillroom", "low wine", "hexylene", "separatio", "distillery", "guiacol", "refrigeratory", "distilled water", "revenuer", "cajuput oil", "cespitine", "alembic", "recondensation", "dunder", "still", "cannabene", "nigrite", "pyrocitric", "distillment", "astatki", "liquor", "fractionator", "citraconic acid", "cymogene", "colophene", "oleone", "hexone", "zeotrope", "teraconic acid", "turpentine", "rectificatio", "stearone", "coal tar", "wood tar", "cosmoline", "faints", "oxyphenol", "distilling", "zoonic acid", "dephlegmator", "fractionatio", "wash", "volatile", "oil of brick", "grappa", "awamori", "pour", "predistillation", "tertiary source", "hydrocarbo", "bidistillation", "leucol", "distiller", "purificatio", "unit operation", "colophony", "dephlegmate", "flowers of sulfur", "drop", "phlorol", "gas oil", "cryodistillation", "birch tar", "eupione", "rectify", "theoretical plate", "distil", "mesaconic acid", "azeotrope", "cerotene", "redistillation", "teracrylic acid", "residue", "distillation chaser", "phlegm", "caoutchin", "blurbification", "itaconic acid", "distillate", "bituminosulfonate", "rectified spirit", "sidestream", "alembication", "oleodistillate", "olibene", "stillatory", "extract", "visbreaker", "inulol", "ascension", "rectification", "essence", "essential oil"], ["baptism", "baptistry", "water", "kneippism", "hydrotherapy", "pour", "edulcorative"], ["drink", "paint", "soup", "water", "oil", "milk", "blood", "poiso", "gallo", "drop", "bottle artifact substance", "bowl artifact substance", "bucket artifact substance", "cup artifact substance", "liquefy", "glass artifact substance", "barrel artifact substance", "rai", "mercury", "flow", "soap", "paste", "gas", "ink", "juice", "glass", "liquidizer", "squirt", "naphtha", "thermosolutal", "run", "hydrocyclone", "clunk", "fractionating column", "nitromethane", "freezing", "liquidation", "triple point", "liquor", "after shave", "light clay", "degasification", "cohobation", "wetting agent", "fizzy", "ice tray", "dismembrator", "ploop", "phase trafficking", "oat milk", "demist", "reconstitute", "flexitank", "agaseous", "perifusate", "elastohydrodynamic", "ebullioscopy", "metatectic", "pellicle", "sousing", "autorefrigeration", "liquid oxygen", "rice milk", "carbonation", "corwikten 2", "corrosive", "aniline", "dope", "muchkin", "flume", "atomic cocktail", "deliquiate", "stopcock", "surface tension", "crotonylene", "saccharometry", "spritz", "dineric", "cohobate", "phossy water", "sampling straw", "heat of vaporization", "tears of wine", "enthalpy of vaporization", "flax milk", "cloud point", "hydrodynamometer", "liquor gauge", "caoutchin", "suffuse", "condense", "embrocate", "kendi", "perfluorodecyltrichlorosilane", "methane rain", "mohr pipette", "vaporization", "liquidize", "non return", "vapour", "ostwald ripening", "vaporizer", "e liquid", "cryotank", "tensiometer", "safrole", "liquidogenous", "carburetant", "sublation", "albuminimeter", "mesityl oxide", "viscous", "tank car", "infusion", "lava cake", "diethylenetriamine", "peritonic", "thermosiphon", "glycerol", "deglaze", "bucking", "methanol", "perfluorotributylamine", "hydrometer", "metallostatic", "hydraulics", "gallonage", "superheat", "pyruvic acid", "desuperheat", "mean free path", "unsaturated fat", "condensate", "condenser", "microdropper", "liquidous", "peucil", "runnel", "dropleton", "settler", "inspissator", "albuminimetry", "immersed", "gallon", "condensation", "secondary drowning", "crazy straw", "plasma", "chyometer", "incoercible", "acrylonitrile", "velocimeter", "viscoplastic", "punctal plug", "extractant", "percolate", "puddling", "hexone", "aerosol", "splash", "liquid rocket", "critical point", "thawy", "fluent", "decantation", "salt effect distillation", "approximant", "sodden", "anti bumping granule", "veratrol", "submerge", "deliquifier", "fluid", "spongeful", "distillate", "cuticle", "shadow banking system", "impermeable", "macroemulsion", "perfuse", "pancreatic juice", "asolid", "soy milk", "formic acid", "air lock", "freeze valve", "dip coat", "ground failure", "buffer", "wash", "adsorbent", "monophase", "check valve", "methacrylic acid", "zeotrope", "pint", "declogger", "joule thomson effect", "dyebath", "run off", "subdrainage", "cryoscopy", "generator", "picamar", "capillary action", "bay rum", "stain remover", "semiliquid", "hydrarthrosis", "rutylene", "thiodiglycol", "curtains", "supernatant", "eutectic", "hosepipe", "hydrant", "jet injector", "soak", "surface layer", "melting point", "inelastic", "atmometer", "lactic acid", "coconut milk", "solution", "heptylene", "get wet", "vehicle", "diosmosis", "triphase catalyst", "thermospray", "baum\u00e9 scale", "despumation", "votator", "atomizer", "ambient pressure", "phenethyl alcohol", "air bubble", "pentane", "cymogene", "glycol", "brompicrin", "boiling point", "wavemaker", "isophorone", "negative pressure", "almond milk", "inkjet printer", "solute", "undermelt", "peruvian balsam", "thiotolene", "ichor", "boiling", "centrifuge", "shampoo", "soil pipe", "liquidator", "liquidness", "kerosenish", "mobility", "heterogeneous", "mizuame", "askos", "liquidity", "potion", "show globe", "linefill", "sterhydraulic", "separating funnel", "fractional distillation", "millipede burn", "astatki", "cavitate", "occlusion", "drain out", "monte jus", "pipette", "glass transition temperature", "suspend", "peanut milk", "colliquation", "sauce", "elaeoptene", "dissolve", "waucht", "liquidate", "lucinactant", "dry meter", "liquidly", "pycnometer", "condensed matter", "top fermentation", "jasmone", "synaeresis", "heterogeneous catalysis", "hogshead", "cotectic", "macerate", "particulate", "fish oil", "supernate", "transfund", "solvency", "karyolymph", "valve oil", "goatskin", "fountain", "tetrabutyltin", "swill", "squeegee", "pseudophase", "liquid mirror telescope", "microsyneresis", "light water", "sedimentation", "slurp", "foreshot", "subcooled", "aerogel", "swish", "dipcoat", "acrylic acid", "hydrostatic lock", "sop", "liquidlike", "odmyl", "metacresol", "particulate matter", "libation", "hogwash", "tanker", "nonconserving", "evanesce", "sublimate", "plop", "hydronics", "antibumping", "sink", "ebulliometer", "nonconserver", "supercritical fluid", "fucusol", "blort", "dewar", "nebulizer", "redistillation", "cow's milk", "surface active", "spurt", "fluoroantimonic acid", "bioliquid", "sozzle", "sublimation", "measuring jug", "effervesce", "entrainment", "fleaker", "osmograph", "fabric softener", "quick ratio", "subphase", "adsorber", "demisting", "cask", "leidenfrost effect"], ["action"], ["dance", "walk", "wave", "flow", "motio", "swim", "shake", "current", "ru", "tur", "step", "drive", "wind", "climb", "leash artifact event", "rub", "fly", "twist", "roll", "exercise", "smile", "wiggle", "stretch", "push", "transport", "nod", "blow", "telotaxis", "translative", "phenomenology", "ecumenical movement", "feminism", "neuromotor", "fahr's syndrome", "stop action", "dopamine", "afterslip", "dysergia", "ghost dance", "dextrodepression", "neofuturism", "kine", "kala kato", "control", "c\u00e9sairean", "manacle", "marching band", "tasimeter", "mitmachen", "dyneme", "anemology", "camera move", "scared stiff", "hairspring", "inter shia", "prepunk", "epeirogenesis", "possibilism", "ecofeminism", "oculomotor", "futurism", "appulse", "swashing", "creeping eruption", "speculative realism", "azonto", "laughter", "barbizonian", "semistationary", "quickening", "pan indianism", "universal joint", "moto", "new romanticism", "kinesics", "scrolling", "cubism", "kinesimeter", "echomimia", "kinesic", "vector", "orff schulwerk", "speed", "venizelism", "jiggle", "lunge", "electrodynamic", "micromovement", "moral panic", "integralism", "itinerance", "kinetogenic", "zef", "futurist", "flatrod", "ocean current", "clear air turbulence", "bodyweight", "pan africanism", "stilting", "radha soami", "visceromotor", "cut", "pentecostalism", "heliotaxis", "muscular christianity", "optokinetic", "kinesophobia", "underground railroad", "mnemotaxis", "knee jerk", "paulicianism", "mass wasting", "enosis", "fixed star", "stereotaxis", "locked in syndrome", "arrhythmokinesis", "body english", "loaded march", "eyetracking", "bates method", "downshoot", "death march", "high priest", "cytodynamics", "aerotaxis", "hyperkinesis", "swaddling clothes", "machine", "karaism", "proselytize", "synkinesis", "anaphoresis", "vaultwikten 2", "nervimotion", "mechanokinetics", "feat", "shoot one's cuffs", "gawky", "vanguardism", "palatograph", "nucleokinesis", "enlightenment", "tailflip", "oculomanual", "tab stop", "headway", "neosocialism", "greenbackism", "whish", "maneuver", "dystonia", "kinesis", "young ireland", "antitaxic", "expressionism", "women's lib", "deobandi", "popovtsy", "vehiculation", "minuet", "lateroduction", "hypokinesis", "new left", "multimovement", "animal liberation", "ribbonism", "cavourian", "kinesi", "microtremor", "decommodification", "pietism", "antirightist", "downstrike", "somatomotor", "aragoto", "putamen", "clampering", "ophthalmotrope", "iridodonesis", "optomotor", "laevoelevation", "allegretto", "prespeech", "pamyat", "audiomotor", "saint simonianism", "motion capture", "nephoscopy", "polowikten 2", "up bow", "ultraism", "carlebachian", "cub scout", "service loop", "allemande", "broad church", "pitch", "diffusion", "one way", "bourbakism", "finger work", "forced march", "qadarite", "no wave", "sabbatianism", "spread betting", "carriage control character", "graceful", "klinotaxis", "photokinesis", "impressionism", "hydrophysical", "lifestylist", "antisaccade", "chemotaxis", "ralstonism", "infrarealism", "transcendentalism", "pan slavism", "phacodonesis", "tachykinesia", "vellicate", "click of death", "kinesiograph", "tropotaxis", "rustle", "amphikinesis", "kinesthesiology", "aircraft", "executionism", "choralography", "kineme", "anticolonialism", "orphism", "motioning", "borborygmus", "hammer break", "ease", "non violent", "autoinfusion", "medium spiny neuron", "bioenergetics", "echopraxia", "affectomotor", "o.g", "tailswing", "antipoetry", "biotaxis", "blackism", "activity", "incyclotorsion", "ethiopianism", "propagation", "hemiballismus", "laestadianism", "death throe", "trophotropism", "move", "haptotropism", "preromantic", "hyperactivity", "phobotaxis", "chartism", "old lighter", "animated cartoon", "new criticism", "bump and grind", "mousing", "wait", "abductive", "in something's way", "muscle reading", "afro baptist", "nonmovement", "seceder", "coda", "resistance", "boogie", "scototaxis", "subpassage", "flight line", "pheromotropic", "marcus gunn phenomenon", "answer helm", "doyen", "laugh", "oxytaxis", "laudianism", "ero guro", "wahhabi", "shift", "english plus", "mechanism", "slow out", "glossograph", "steady handed", "motile", "concretism", "new american", "chronostasis", "barotaxis", "ventrolaterally", "broad strokes", "red letter christian", "ethnopoetics", "peculiar people", "fauvism", "ballismus", "lip sync", "exafference", "oculomotion", "red stick", "lateral line", "flapping hinge", "kinesiology", "sinarquism", "hemodynamics", "transhumance", "nimble", "piezotranslation", "filmology", "ows", "culturism", "stagger", "cultural revolution", "advection", "phonoscope", "open outsourcing", "psychokinesis", "cargo cult", "transverse", "internal passport", "kapa haka", "form", "countermotion", "premovement", "physical", "malleation", "acrocinesia", "plastic flow", "mitgehen", "body mechanics", "black muslim", "sidle", "bumpy", "mosh", "dadaism", "dogme", "synovial fluid", "hyperdynamism", "lettrism", "swaddling", "street parliament", "quickness", "outmaneuver", "postautistic", "countermovement", "reconstructionism", "british israelism", "man\u00e8ge", "protest song", "scouts", "gymnastics", "auto tiering", "pentecostal", "back up", "silverite", "swedenborgianism", "ameboidism", "fogbound", "elegance", "svecoman", "parliament of streets", "metabolism", "metamodernism", "kineto", "progg", "l istesso tempo", "system", "osmotrophy", "chockablock", "modernism", "irruption", "exurbanization", "ferrokinetic", "chronophotography", "vaudois", "mahagujarat", "kinesiatrics", "cardiograph", "geotaxis", "charge", "backup", "chass\u00e9", "antimodernism", "febronianism", "optokinesis", "wristwork", "suffragettism", "age of aquarius", "panislamism", "green fluorescent protein", "overeruption", "statokinetic", "eurasianism", "egomotion", "scrabble", "impressio", "nuwaubian"], ["rconsiderable", "tipping it do v", "hang low", "radiole", "plop", "plump do v", "rlaboured", "lumpilyr", "like ton of bricks", "flump", "plunk", "party hearty", "stamp", "oppressive", "footslog", "stomp", "sleep like log", "weep buckets", "torrential", "gorked", "snivel", "ham handedlyr", "rdegree", "pummel", "overloaded", "sottish", "rthick", "clomp", "rheavy", "rain buckets", "hockwikten 5", "lumber", "wheelhorse", "rain cats and dogs", "battleship", "slump", "huff and puff", "boozing", "trample", "pour", "sob", "glutto", "smash"], [], ["ethnolinguistic", "raaya", "indigenous", "nepal"], ["decantable", "vartificial", "decanted", "decanting", "vvat", "decanter", "cradle", "vflow", "vwomb", "vclone", "decants", "decantation", "elutriate", "pour"], [], ["space", "hollow a ", "nothing", "inanition", "helly family", "emptying", "vvoid", "message in bottle", "nightman", "emptyish", "vacuate", "unemptied", "vacuity", "dispeople", "gassing", "hydraulic belt", "dumpcart", "cartooney", "suck air out of", "evacuate", "emptilyr", "wishkah", "astring", "adevoid", "exsufflicate", "nullness", "overempty", "dead soldier", "dunny man", "all mouth and trousers", "aarray", "cockalorum", "grogging", "inane", "clean out", "jinny road", "zilde", "concave", "wood family", "emptiness", "arnk", "braggadocious", "cashed", "hot air", "area", "kerr geometry", "freehanded", "memberless", "jejune", "vacuous truth", "gasbag", "vacant", "terra nullius", "exinanition", "unemptiable", "unfill", "anull", "empties", "flummery", "shitless", "bag", "prittle prattle", "emptied", "emptiable", "holiday speeches", "vacancy", "devoid", "vaporsome", "odontostyle", "avacant", "vacuation", "lyndon word", "caked", "empty out", "rid out", "clear out", "dry riser", "free handed", "bottle rocket", "chao phraya", "lick clean", "clean", "aelement", "kicked", "rathole"], ["gallo", "kalpis", "bellarmine", "jughandle", "juglet", "jugged", "jugful", "oenochoe", "stopper", "silver beer", "spout", "juglike", "vcovey", "ear", "growler", "aquamanile", "jugline", "waterjug", "top", "handle", "alcarraza", "ewer", "amount", "vearthenware", "gargoulette", "vnightingale", "cafeti\u00e8re", "amphora", "woma", "vessel", "vjail", "jugs", "waterpot", "claret jug", "kettle", "mouth", "commode", "glassware", "creamer", "serve", "fuddling cup", "breast", "jail", "vstew", "witch bottle", "pour", "crock", "edge", "pig", "cantee", "glass"], ["vending machine", "vdispensatio", "dispensal", "undispensed", "british pharmaceutical codex", "redispense", "vissue", "suspended coffee", "throw to wind", "proportioner", "money changer", "ethical", "dispensing", "coin dispenser", "throw out", "kiosk", "indispensable", "soda machine", "dispensable", "datary", "quacksalver", "ink eraser", "mohr pipette", "hub", "misdispense", "microdropper", "vdistribute", "dispenses", "microdispensing", "microdispenser", "dispend", "vindispensable", "coffee machine", "vsupply", "dispensed", "radiopharmacy", "oilcup", "distribute", "nanoplotter", "optic", "dispensation", "dispenser", "nanodispensing", "vmake up", "cornelius keg", "optician", "pour"], [], ["boulder opal", "imperial drill", "dagwood burger", "bean pie", "kolache", "bourekas", "jibarito", "filing", "honey mustard", "klobasnek", "mooncake", "sweetheart cake", "denver omelette", "sugar pie", "sandwich cookie", "astomach", "swiss roll", "substantial", "pierogi", "cheese roll", "kiev cake", "wort", "gizzada", "melt sandwich", "uramaki", "plugger", "berliner", "hosomaki", "keema", "oreo", "fillingness", "softgel", "pie", "whoopie pie", "fishwich", "kokosh cake", "chicken roll", "unfilling", "choco pie", "beef olive", "tekkamaki", "total etch", "eggah", "woof", "interliner", "nut roll", "burrito", "holy ghost", "inlay", "gur cake", "photopolymer", "jamaican patty", "ale", "pretzel pillow", "dagwood", "corbel table", "scotch broth", "cavity", "cleanse", "slice", "self etch", "runza", "fajita", "afill", "impletion", "union cloth", "fillings", "cookie sandwich", "fanchonette", "condenser", "vetkoek", "sandwich cake", "mincemeat", "patty", "stick to one's ribs", "cepelinas", "krumkake", "satin weave", "fried pie", "astick to one's ribs", "coronation chicken", "kappamaki", "futomaki", "root canal", "melktert", "vfill", "gut bomb", "fill", "rice ball", "hand pie", "barquette", "aappetite", "crespelle", "tooth", "inside", "apple", "cavities", "eclair", "pies", "teeth", "pump", "repair", "tooth repair", "lead", "inside cake", "cake", "pie middle", "middle", "for cavities", "content", "dentist", "feet", "full", "making", "making full", "in tooth", "fullness", "custard", "pour", "jam", "fruit jam", "fruit", "inside pies", "actio", "plug", "in teeth", "insides", "eclair insides", "inside danish", "danish", "jelly cheese", "fixing", "tooth fixing", "jelly", "cheese", "replaces", "replaces cavity", "furnish", "dentistry", "dentistry cavity", "mince", "ill", "hole", "tooth hole", "touch", "load", "dental", "statio", "gas statio", "gas", "dental procedure", "procedure"], [], ["fire brigade", "vwiktfr 1put", "crazy golf", "deployment", "wikten 2putt", "verballing", "fire department", "frog hair", "joi", "apply", "plate", "lay", "fill", "drop", "dress", "price", "stitch", "pour", "place", "account", "nest", "table", "butter", "wear", "carry", "build"], [], [], ["place", "golf", "actio", "placing", "connect", "shot", "position", "beslipper", "dispose", "label", "putteewikten 2", "park", "beshoe", "go to bed", "squeeze", "insert", "call spade", "message in bottle", "collar", "vwikten 1acceptance", "vwikten 1place", "lobwikten 1", "strangle", "slotwikten 2", "distrust", "misplaced", "regulate", "tried", "call", "new front", "transistor", "put up with", "puts", "vwikten 1bring", "bundle", "vwikten 1state", "small leader", "untried"], [], ["river", "steam", "swim", "boat", "drop", "liquid", "rai", "sea", "fish", "mist", "wave", "drink", "ocea", "bridge", "lake", "cloud", "duck", "current", "flow", "snow", "canal", "coast", "blue", "wash", "clear", "hydroge", "ice", "wet", "fountai", "boil", "drinking", "glass", "soup", "oxyge", "cry", "clear liquid", "leak", "aquarium artifact substance", "jello", "aquarium artifact food", "element", "hydrogen oxyge", "milk", "tear", "swimming", "oil", "salt", "navy", "dive", "cantee", "pond", "shower", "hose", "fluid", "flood", "tap", "life", "sail", "drinkable", "moat", "aeration zone", "hydroelectrolytic", "stop valve", "watercourse", "waterline", "atelomixis", "water icing", "collision bulkhead", "water gruel", "water frame", "hydrolipid", "nappe", "precipitation", "six water grog", "salse", "bouget", "water carrier", "dewdrop", "soligenous", "hydroreceptor", "torricellian chamber", "deliquesce", "skim", "hydrometeorology", "wastewater", "arsenic acid", "hydroethanolic", "cold tap", "kilogram calorie", "frikadelle", "dorodango", "dilution", "hydathode", "water salamander", "splashboard", "dry fly", "guanidinopropionase", "kosmotropic", "desorber", "alarm gauge", "cornish engine", "displace", "brandy pawnee", "wellspring", "steam drum", "kleinschmidt still", "blue flag", "egg pasta", "permeability", "tachyhydrite", "wetland", "waterlog", "vodyanoy", "puddling", "bonding jumper", "hydroxilic acid", "unshowered", "salt clay", "thermette", "plumbing", "dewater", "clonk", "hydrotic", "amphiphytic", "grey mullet", "paddleboarding", "monooxygenase", "diguanidinobutanase", "amidinoaspartase", "ectohydric", "xerophytism", "hardtack", "hyperchlorination", "osphradium", "specific humidity", "streamful", "pulp", "pyrophosphoric acid", "hand sanitizer", "cooja", "hydrocast", "tumbler tank", "deluge", "substance", "watercise", "balance dock", "grog", "bilge", "qasab", "dephlegmate", "marine climate", "hydro geothermal", "moonwake", "backset", "polyglutamic acid", "water doctor", "parsemage", "beach", "sodicity", "mare liberum", "tailrace", "hydraulic belt", "isohydric", "swape", "total hardness", "spewy", "beverage", "upwelling", "heating surface", "laumontite", "neritic", "drysuit", "demanganization", "paramylum", "slip and slide", "hydroecology", "ground beef", "hydrophytology", "slake trough", "hydroiodic acid", "gnathostomulid", "silicone", "club soda", "hydrotaxis", "watered", "stream", "phreatomagmatic", "cerebral edema", "firecock", "eye watering", "rheophilic", "nirgunty", "run of river", "semi heavy water", "streamwater", "unwatered", "hydrodistillation", "tantalus", "pentahydrated", "aquagenic", "light water", "recharge", "biomixing", "katharobe", "nitracline", "whale fall", "deuterated water", "pasteur's fluid", "hydrochoric", "rainfed", "pier", "aquaspinning", "proof", "phthalyl amidase", "bleachfield", "niacin", "nymph", "hydrotropism", "coaster", "saikei", "vivianite", "choking bloom", "hydrofluoric acid", "reflecting pool", "anhydroglucose", "hydrosol", "chlorinity", "kainite", "hydrocarboxylation", "microhydropower", "fructosamine", "holard", "weeping rock", "pleuston", "hydrocooler", "casewikten 2", "header", "dishwasher salt", "stemflow", "hydrophanous", "aerinite", "pelagic zone", "kogation", "hypoiodous acid", "rhabdomantist", "pondage", "if it's yellow let it mellow brown flush do ", "egg matzah", "piss clam", "limnic", "stool softener", "drammach", "damped", "nematohydrodynamic", "concrete", "rodmeter", "urine", "urceus", "hydrophilous", "hydroaffinity", "elemental", "hydroclimatic", "get wet", "break water", "yellow wash", "tabasheer", "billow", "body of water", "contrast therapy", "hydrosoluble", "poolish", "estuary", "catchment", "drainage", "grape wine", "water do v"], ["actio", "motio", "dance", "relocate", "change", "transport", "walk", "houses", "changing", "house", "go", "purpose", "locatio", "drive", "shake", "tur", "home", "walking", "advance", "changing houses", "going", "pass", "swim", "gimbal", "movement", "firkwikten 1", "vassembly", "clamper", "whirr", "free roam", "clench", "remove", "moves", "draw away", "vplace", "vagile", "paralyze", "reverse mortgage", "reidemeister move", "countermove", "motivity", "vpositio", "edge up", "drawl", "waltz", "promission", "locomotion", "phonotaxis", "sway", "j adoube", "motif", "sideways", "ride", "budge up", "stubborn", "vresidence", "autokinesis", "opening", "death valley driver", "take", "translate", "pass through", "run", "ball change", "vfeeling", "knight's tour", "vdraw", "gather way", "nematohydrodynamic", "unblockable", "barrel", "hidden", "vcarry", "oscillating", "toke", "schlomp", "vcompassio", "vact", "mashed potato", "mobility", "self activity", "motile", "touch move rule"], [], ["glass", "mug", "cups", "drink", "saucer", "fluid ounce", "ultimate frisbee", " artifactdrink food", " artifactliquid substance", "thimble", "partyware", "trophy", "mousebird", "loving cup", "footgolf", "tenno hai", "player", "crater", "inch", "tea service", "calyculus", "teaspoon", "cup discharger", "cresset", "demicup", "eyebath", "defense", "customary unit", "cup size", "bailer", "cynarrhodium", "set table", "tallboy", "earcup", "suction cup", "kendama", "sarcotheca", "uncupped", "sippy cup", "diaphragm", "tealight", "cupset", "calicle", "padelle", "cupping", "double", "cupwiser", "bullet bra", "nipperkin", "red eye", "minicup", "tassie", "beer die", "drinking cup", "cyatholith", "zarf", "cupmaker", "box", "cuplike", "porringer", "fairy cake", "scyphiform", "knockout", "poculum", "caliciform", "carbon nanofiber", "cup tie", "cotyloid", "tarot", "pint", "canakin", "cup final", "cupless", "bilboquet", "flip cup", "chalice", "scutulum", "bust", "cotyle", "skyphos", "balloon", "caup", "cantharus", "cyathiform", "hacksilver", "cupola", "handle", "ounce", "d valve", "bra", "cupule", "patellula", "cupping glass", "calicular", "crown antler", "contest", "cupped", "cupbearer", "breast", "holy grail", "cupful", "dop", "caliculate", "cotyliform", "chaliced", "styrofoam", "cuppy", "thimblerig", "diota", "vconcave", "unit", "caudle cup", "nematocalyx", "membrane", "kapala", "ball flower", "alcoholic", "eggbox", "finjan", "narcissus", "dish towel", "vessel", "stroupach", "tea things", "brassiere", "coffee cup", "suctio", "teacup", "vcupping", "builder's mug", "calyx", "super cup", "covering", "mazer bowl", "fire cupping", "pokal", "cap", "fuddling cup", "valonia"], [], ["dispensary", "dropper", "vdispense", "wineskin", "shake", "pour"], ["plate", "servant", "ice drop", "sideboard", "sandwich", "servings", "protect", "electrical", "earl grey", "urn", "outside", "serve", "frothy", "illustrate", "pizza ghetti", "pasta", "bed tea", "bounty", "nonserving", "seconds", "teapot", "iced tea", "tea service", "s train", "vserve", "cheese stick", "memorandum", "cutlery", "coca cola", "schnapps", "glasgow salad", "layer", "cold brew coffee", "tutelary deity", "timbale", "dhokla", "portion control", "helping", "sugar bowl", "crockery", "popsicle", "dishware", "coffee", "cable", "telling", "jurat", "chota peg", "bar", "piece", "platter", "ratio", "portio", "slice", "glass", "individual", "tablespoo", "large", "rule", "neat", "pour", "tray", "wench"], [], ["restrained a ", "a restrained ", "crime scene", "private sector", "cointervention", "hypercontrolled", "bridled", "wind tunnel", "climatized", "rct", "weatherometer", "matternet", "sustained yield", "photothyristor", "nerveless", "numerics", "experiment", "arestrained", "domain", "flood test", "stereocontrolled", "neo colony", "water under bridge", "biostat", "bunsen burner", "bonfire", "aword", "unruled", "phytotronics", "snoezelen", "gnotobiotics", "noncontrolled", "backburn", "diet", "demoniac", "x ray therapy", "vcontrol", "ainhibited", "crash test", "change management", "neurocontrolled", "thermocontrolled", "discipline", "aactio", "collectivism", "taut", "controlledness", "controlledlyr", "debate", "pour", "drop"], ["current", "movement", "water", "river", "motio", "water movement", "ebb", "river movement", "actio", "ebb and", "liquid", "rivers", "moving", "superflow", "geodispersal", "vasomodulation", "waterfalling", "backpressure", "viscance", "hydraulic conductivity", "turbulization", "microhemodynamics", "tacitron", "gleet", "cut out", "bazin's formula", "formalizatio", "fluid", "pour in", "genetic pollution", "lava tube", "headgate", "vforth", "laplace operator", "pedlock", "inpouring", "blood", "hydrocode", "kapitza resistance", "thunderegg", "vapor retarder", "sidechannel", "stoss", "leed", "immanate", "miner's inch", "weather", "functional magnetic resonance imaging", "timequake", "reflow", "pumper", "morass", "onrush", "redout", "flowable", "group", "moyamoya disease", "milk knot", "pert", "chao phraya", "butterfly valve", "air drainage", "flowing", "stop valve", "afterflow", "oenus", "sluice", "reynolds number", "viscosity", "slogginess", "sloosh", "hydraulic engineering", "dialysance", "backstream", "train of thought", "vvarnish", "nanocarpet", "hesperian epoch", "overshot", "valvulotome", "lachrymation", "aspect", "workflow", "transition point", "flow diagram", "undertow", "tamponade", "influent", "permeability", "sanguifluous", "deadleg", "hydroelastic", "trickle", "issue", "flowmetry", "rorifluent", "bleeding", "torrential", "pinchcock", "shear viscosity", "shedwikten 1", "triode", "gush", "vtide", "real number", "beat", "vliquid", "virgin honey", "fluent", "influxive", "backflow", "flowage", "autothrottle", "downflow", "stream", "microhydropower", "dacryocystorhinostomy", "rheo", "perfusive", "stemflow", "vfluid", "oligomenorrhagia", "viscoplastic", "watercourse", "supercounterfluid", "overrun", "flows", "upstream", "fluency", "nonflow", "uroflowmetry", "fanno flow", "immanation", "maxflow", "gros bon ange", "flux", "discharge", "vinundate", "vrise", "lochiorrhea", "quantized vortex", "drain", "glomus", "hydrograph", "vexcessive", "coflow", "extravasate", "stagnant", "streamline", "icefall", "vwater", "rheologic", "fountain", "set", "flowstone", "antiflow", "austausch coefficient", "transition zone", "fluidal", "ocean current", "menstruatio", "interceptor", "magmatism", "thoriate", "sialogogic", "saybolt universal second", "pulsewikten 1", "pert chart", "tourniquet", "vuterus", "gyrofluid", "gurgle", "streamlined", "backflush", "circumundulate", "turn on", "stem tide", "branch predictor", "flowed", "lip", "airflow", "uroflowmeter", "earthflow", "disturb", "ebb and flow", "flowmeter", "microcirculation", "rheoencephalography", "knife switch", "reactance", "sialometric", "influx", "decant", "retrojection", "streaminglyr", "by wash", "legg calv\u00e9 perthes disease", "purling", "hypomenorrhea", "electroconvection", "counterflow", "rotameter", "squirt", "interflow", "stridor", "silt", "checkstop", "plastometer", "midflow", "free water", "gusher", "waterflow", "timestream", "water parting", "swing of things", "arroyo", "unflowing", "refluence", "reflowable", "flowingness", "rhochrematics", "cumec", "smoothness", "unflo a", "vorticity", "bring up", "in swim", "rheological lithosphere", "urodilatin", "coflowing", "affluxion", "run through", "distream", "reperfusion", "thermofluidic", "run", "airstream", "crossflow", "poluria", "floodgate", "cusec", "diode", "tide", "ignimbrite", "moderator", "critical reynolds number", "aerothermal", "ptyalorrhea", "alternating current", "wind tunnel", "hypoprofusion"], [], ["bioprinting", "pseudocapacitor", "hexosyltransferase", "transferred", "flatrod", "accumulator", "secondment", "heliotypy", "transferal", "assignment", "assign", "vsurface", "transcribe", "traduct", "bus station", "prototropy", "electrotransfer", "ionophore", "varrange", "transferography", "glutamyltranspeptidase", "direct coupling", "methyltrioxorhenium", "retransfer", "tranship", "make over", "alienability", "acetyltransfer", "turbomachine", "cotransfer", "sneakernet", "metempsychose", "lithotype", "transdeamination", "microcard", "cross pollination", "biotransfer", "brood patch", "testatum", "semipostal", "transcarbamoylase", "adenosyltransferase", "transferase", "negotiate", "rule against perpetuities", "turn over", "translocation", "pot boiler", "tail lift", "give", "inulosucrase", "heat transfer", "hectograph", "transfering", "privatization", "shannon limit", "spintronics", "translatio imperii", "turf", "transmat", "transfers", "heat pump", "oblivious transfer", "transpool", "cisgenesis", "move", "transfer student", "responsibilization", "xenogamy", "tapping up", "contact", "datalink", "hydroxycinnamoyltransferase", "communication", "amidinotransferase", "rusticyanin", "count out", "untranslatability", "flavoenzyme", "transpeptidation", "dabbity", "sign over", "pass do v", "glycosyltransferase", "cholinephosphotransferase", "clipboard", "convey", "term out", "glycotransferase", "transcreate", "protolysis", "fee simple", "tmrna", "transduction", "transferrer", "transfer tax", "transaction", "cross contaminate", "superaccept", "polling", "dlt", "ftp", "alien", "transinstitutionalization", "lithopanspermia", "alice chess", "poly adp ribosyl ation", "retrocession", "tap up", "glycerophosphotransferase", "dubbing", "pawn off", "malonyltransferase", "transamination", "nontransferable", "amber road", "new federalism", "aliene", "vpass", "undeeded", "southern blot", "natural economy", "conductive coupling", "vofficial", "transketolation", "tftp", "translatability", "sideload", "rub off on", "untransferrable", "begive", "relegatewikten 1", "juristic act", "iron", "transfucosylation", "transference", "trimethyltransferase", "cross contamination", "transfusion", "hand off", "conveyance", "posttransfer", "remove", "glucosyltransferase", "transacylation", "data flow", "transduce", "hawala", "translation", "preheritance", "triparental", "download", "geneflow", "convective current", "film out", "transcarboxylation", "pat slide", "connection", "transformation", "covert channel"], [], [], ["window", "clear", "material", "drinking", "transparent", "windows", "drink", "sand", "cup", "container", "pane", "window material", "see", "see through", "through", "water", "breakable", " artifactliquid substance", " artifactdrink food", "glassman", "fragile", "vessel", "clear material", "window pane", "drinking vessel", "plate", "silico", "jar", "melted", "melted sand", "solid", "break", "mirror", "panes", "crystal", "holder", "liquid", "in windows", "silica", "made", "tears of wine", "vreflect", "glazier", "ferretto", "lime", "barium copper silicate", "potash", "venetian glass", "vitreous", "lithium oxide", "potichomania", "glass cutter", "sugar glass", "semivitrified", "mullion", "vburnisher", "aquarium", "murrine", "illustrated song", "hyalograph", "gauge glass", "vitrophyre", "glasshouse", "backboard", "telescope", "glassmaker", "vglassy", "quartz halogen lamp", "looking glass", "glass delusion", "optical flat", "riesel iron", "test tube", "red lead", "hyalophagy", "pele's hair", "glarney", "protective", "ambitty", "wine bottle", "volcanic ash", "optical glass", "verrophone", "brouilleur", "shaker", "urinal", "scree", "grozing iron", "glazer", "tankard", "leyden jar", "quarrywikten 3", "milk bottle", "stemware", "mesoglass", "carafe", "sea glass", "cork borer", "chimney", "snow cone", "perlite", "sun room", "polishing slate", "vitrand", "latticinio", "pearlash", "volcanic glass", "flint glass", "bell jar", "tear catcher", "microwire", "boric oxide", "conciator", "vitrified", "schmelze", "verrine", "unglaze", "sandiver", "lattice window", "glass onion", "thermionic valve", "sash door", "lunette", "goldstone", "schwarzlot", "andisol", "rimmer", "wine glass", "glassworks", "polymethyl methyacrylate", "glazen", "caneworking", "limoncello", "vitrinite", "crystallophone", "glass soap", "moonroof", "hyalescence", "nonglass", "glass ceramic", "absinthe spoon", "petalite", "pepsi", "vitrify", "photographic plate", "glassmaking", "vial", "opalotype", "glasslike", "fulgurite", "nonvitrified", "lens blank", "abradant", "crystal ball", "house wine", "tanada effect", "retouching frame", "flacon", "anticoherer", "kelp", "lead crystal", "polymethyl methacrylate", "art glass", "glassless", "marver", "borosilicated", "dramseller", "glassformer", "petri dish", "jingle", "clich\u00e9 verre", "magnifying glass", "prunt", "plate glass", "vitriform", "blow mould", "lead oxide", "legs", "vglaze", "calvados", "knickerbocker glory", "silica glass", "vitrifacture", "casserole", "uviol glass", "water gauge", "strass", "reading stone", "absinthiana", "vaporole", "andic", "orotone", "vmirror", "vsmooth", "devitrification", "mexican breakfast", "tintinnabulation", "autochrome", "pitchstone", "unvitrified", "margarita", "bead proof", "cheval de frise", "glasscutter", "wine flight", "wreath", "fresnel's rhomb", "fibreglass", "substance", "beaufet", "melonade", "pint glass", "patio door", "bocca", "coupe", "double glazing", "crizzle", "glassy", "light mill", "annealing", "fluorite", "dribble glass", "windscreen", "pair of glasses", "paget process", "tumbler", "transparisteel", "interlayer", "bottle bank", "vitrifiable", "microscope slide", "pony glass", "fibre optics", "vlandscape", "frit brick", "glass pane"]], "/r/UsedFor": [["bath artifact change", "cavity"], [], [], ["covering bed", "bed", "stay warm while sleeping", "sleeping under", "writing o", "keep warm at night", "sleeping", "making halloween ghost costumes", "sale on internet", "cover bare window", "keeping warm i", "keep warm while sleeping", "cover up", "emergency ladder", "emergency rope ladder", "ku klux klan uniforms", "straightening out", "covering mattress", "making halloween costume", "make bed", "sale at department store", "print money", "covering furniture"], [], [], [], [], ["pour liquids", "pouring liquids", "directing flow of liquid", "directing water", "pouring tea", "pour water", "pouring", "oil"], [], [], [], [], [], [], [], [], [], ["spout", "lip"], [], [], [], [], [], [], [], [], [], [], [], [], [], [], [], [], [], [], [], ["filter artifact motio"], [], [], [], [], [], [], [], [], ["foot"], [], [], [], [], [], [], [], [], [], ["space", "mug"], [], ["club"], [], [], [], [], ["drink", "quenching thirst", "drinking", "cleaning", "extinguish most fires", "bathing", "put out fire", "quench thirst", "watering plants", "wash", "swimming i", "washing dishes", "hydratio", "washing", "creek", "showering"], ["muscle", "mouse artifact motio", "moving walkway"], [], ["measuring liquids", "drinking", "hold coffee", " artifacthold stative", "drinking coffee", "measuring", "pouring liquid out of", "drinking or measuring things", "hold powders", "do with hands", "protecting sensitive body part", "measuring ingredients", "eating soup out of", "drink juice", "presenting as prize", "half of bra", "drink out of", "drinking liquid out of", "holding substance or object", "protect junk", "trophy", "hold water", "hold food or drinks", "drinking out of", "drink soup", "one handed control of liquid", "holding coffee"], [], ["mill"], ["waiting on tables", "cake"], [], [], [], [], [], [], [], ["drinking", "holding liquid", "seeing through", "drinking liquid from", " artifacthold stative", "drinking from", "drinking out of", "making windows and for drinking cups", "drink from", "holding liquids and ice cubes", "drink margaritas out of", "holding water", "holding liquids", "holding drink"]], "/r/LocatedAt": [[], [], [], [], [], [], [], [], [], [], [], [], [], [], [], [], [], [], [], [], [], [], [], [], [], [], [], [], [], [], [], [], [], [], [], [], [], [], [], [], [], [], [], [], [], [], [], [], [], [], [], [], [], [], [], [], [], [], [], [], [], [], [], [], [], [], [], [], [], [], [], [], [], [], [], [], [], [], []], "/r/FormOf": [["fill'd", "filleth", "filling", "fills", "filledst", "fillest", "filled"], ["transfunded", "transfunds", "transfunding"], [], ["sheets", "sheeted"], ["libations"], [], ["repours", "repoured", "repouring"], ["inpoured", "inpours"], ["spouted", "spouteth", "spoutest", "spouts"], ["transfusing", "transfused", "transfuses"], ["biggest", "bigger"], ["machicolations"], [], [], [], ["sluicing", "sluices", "sluiced"], ["underpoured", "underpours", "underpouring"], ["downpouring", "downpours"], ["pourings", "vpour", "pour"], [], [], ["pour", "vpour"], ["pourers"], [], ["prelibations"], [], [], [], ["affuses", "affused", "affusing"], ["debouches"], ["drizzled", "drizzling", "drizzles"], ["suffuses", "suffused", "suffusing"], ["overpoured", "overpouring", "overpours"], ["spilled", "spilleth", "spillest", "spills", "spilt", "spilling"], ["casts", "casteth", "castedst", "casten", "castest"], [], [], [], ["trickles", "trickling", "trickled"], [], [], [], ["outpours", "outpoureth", "outpoured"], ["distillations"], ["affusions"], ["liquids"], [], ["movements"], [], [], [], ["decants", "decanting", "decanted"], [], ["emptying", "emptied", "empties", "emptier", "emptieth"], ["jugging", "jugs", "jugged"], ["dispenst", "dispensing", "dispensest", "dispenseth", "dispensed", "dispenses"], [], ["fillings", "vfill"], [], ["put", "puttings"], [], [], ["puts", "puttedst", "putting", "puttest"], [], ["watered", "waters"], ["moving", "moves"], [], ["cups", "cupped"], [], ["dispensings", "dispense", "vdispense"], ["serve", "servings", "vserve"], [], ["controled", "vcontrol"], ["flows", "flowed"], [], ["transfers"], [], [], ["glassing", "glassed", "glasses"]], "/r/IsA": [[" quantityenough quantity", "mound", "inert artifact", "defensively advantageous terrain", "high ground", "supplementary terrain feature", "geographical region", "land topographical feature"], [], [], ["plate glass artifact", "fitted sheet artifact", "tear sheet communication communicatio", "stencil artifact", "plate artifact", "film artifact", "sheet metal artifact", " artifactbed linen artifact", "blank artifact", "revenue stamp communication communicatio", " objectexpanse object", " artifactartifact", " seafaringline artifact", "laminate artifact", "slip artifact communicatio", "leaf communication communicatio", "futtock shroud artifact seafaring", "style sheet communication communicatio", "foolscap communication communicatio", "membrane artifact", "worksheet communication communicatio", "signature communication communicatio", "panel artifact", "board artifact", " communicatiopaper substance", "bedsheet", "of fabric", "opencycsheet boat linerunning line", "foil", "worksheet"], [" foodhelping food", " fooddrink food", " actreligious ceremony act"], [], [], [], ["gargoyle artifact", "nozzle artifact", " artifactopening artifact", "artifical pipe"], [], [], [" artifactparapet artifact", "parapet"], [], [], [], [" artifactconduit artifact", "conduitopencycfluid conduit", "flow control device"], [], [" phenomenorain phenomeno"], ["rai", "providing"], [], [], [], [], [], [], [], [], [], [], [], [" phenomenorain phenomeno", "rain"], [], [], ["wipeout sport act", "pratfall act", " actflow act", " substanceliquid substance", " actslip event", "overflow"], [" actthrow act", "death mask artifact", "engine block artifact", "natural craps act", "life mask artifact", " artifactcopy artifact", " shapesolid shape", " artifactbandage artifact", "ensemble group", " groupgathering group"], [], [], [], [], [], [], [], [], [" processnatural process", "separatingopencycseparation event", "purification process"], [" actbaptism act"], ["milk", "gasoline", "liquid crystal substance", "tuberculin substance", "water substance", "drink", "grume substance", "instillation substance", "ink substance", "distillate substance", "petrol", "alcohol substance", "beverage food substance", "ink", "state of matter", "extravasation substance", "spill substance", " substancefluid substance", "snake oil medicine substance", "antifreeze substance", " statestate of matter chemistry", "supernatant object substance", " communicatioconsonant communicatio", "sheep dip substance", "elixir substance", "liquor substance", "vinegar", "water food substance", "medium substance", "artificial blood substance", "pyroligneous acid substance", "substance", "ammonia water substance", "n butyl acetateopencycliquid state of matter", "sarinopencycliquid state of matter", "liquid filmopencycliquid tangible thing", "phosphorus trichlorideopencycliquid state of matter", "nectaropencycliquid tangible thing", "hexaneopencycliquid state of matter", "liquid methaneopencycliquid tangible thing", "stripping compoundopencycliquid tangible thing", "demineralized wateropencycliquid tangible thing", "liquid diphosgeneopencycliquid tangible thing", "soupopencycliquid tangible thing", "liquid vmopencycliquid tangible thing", "somanopencycliquid state of matter", "alcoholopencycliquid state of matter", "acetyl chlorideopencycliquid state of matter", "liquid phenyldichloroarsineopencycliquid tangible thing", "water", "blood", "aftershave lotionopencycliquid tangible thing", "milkopencycliquid tangible thing", "beverageopencycliquid tangible thing", "sauceopencycliquid tangible thing", "tgdopencycliquid state of matter", "liquid laundry detergentopencycliquid tangible thing", "liquid groundopencycliquid tangible thing", "sodium pentothalopencycliquid state of matter", "ammonia solutionopencycliquid tangible thing", "cyclosarinopencycliquid state of matter", "liquid concreteopencycliquid tangible thing", "baby oilopencycliquid tangible thing", "liquid cyclosarinopencycliquid tangible thing", "liquid somanopencycliquid tangible thing", "opencycliquid state of matteropencycliquid tangible thing", "bromine", "soy sauce", "liquid vxopencycliquid tangible thing", "thickened vxopencycliquid state of matter", "lymphopencycliquid tangible thing", "liquid ammoniaopencycliquid tangible thing", "liquid veopencycliquid tangible thing", "liquid lewisiteopencycliquid tangible thing", "glycerolopencycliquid state of matter", "liquid phosgeneopencycliquid tangible thing", "sulfuric acidopencycliquid state of matter", "injectable liquid medicalopencycliquid tangible thing", "enemaopencycenema dosage formopencycliquid tangible thing", "vinegaropencycliquid tangible thing", "octaneopencycliquid state of matter", "fresh wateropencycliquid tangible thing", "liquid carbon monoxideopencycliquid tangible thing", "liquid paintopencycliquid tangible thing", "state of mater", "urineopencycliquid tangible thing", "saline solutionopencycliquid tangible thing", "slurryopencycliquid tangible thing", "liquid hydrocarbonopencycliquid tangible thing", "roll on deodorantopencycliquid tangible thing", "phosphoric acidopencycliquid state of matter", "pool wateropencycliquid tangible thing", "liquid methanolopencycliquid tangible thing", "propanolopencycliquid state of matter", "inkopencycliquid tangible thing", "butanolopencycliquid state of matter", "deodorant sprayopencycliquid tangible thing", "oilopencycliquid tangible thing", "plasmaopencycblood plasma liquidopencycliquid tangible thing", "automotive fluidopencycliquid tangible thing", "liquid hydrogen peroxideopencycliquid tangible thing", "acetic acidopencycliquid state of matter", "liquid vgopencycliquid tangible thing", "bloodopencycliquid tangible thing", "venomopencycliquid tangible thing", "liquid diphenylchloroarsineopencycliquid tangible thing", "vxopencycliquid state of matter", "perfumeopencycliquid tangible thing", "liquid ethyldichloroarsineopencycliquid tangible thing", "white outopencycliquid tangible thing", "plasmaopencycliquid tangible thing", "ocea", "liquid propoxuropencycliquid tangible thing", "orange juice", "liquid fuelopencycliquid tangible thing"], [], ["jitter event", "religious movement group", "seek computer science event", "wave physics event", "transplant act", "wobble event", "approach event", "reform movement group", "bending event", "change of location event", "troop movement military act", "transportation act", " actchange act", "displacement act", "political movement group", "whirl event", "zionism group", " groupsocial group", "boy scouts group", "cultural movement group", "insertion act", "falun gong group", "brownian movement phenomenon event", "oecumenism group", "heave geology event", "intermezzo communication communicatio", "civil rights movement group", "lowering act", "artistic movement group", "free french world war ii group", "crustal movement geology event", "recoil event", "deflection event", "scherzo communication communicatio", "turning event", "wave event", " eventhappening event", " artifactaction artifact", "undulation event", "twist event", "common front group", "squeeze event", "periodic motion event", " communicatiomusical composition communicatio", "throw event", "passing event", "periodic movementopencycmovement event", "animation in it's purest form", "military maneuveropencycmovement event", "rotatingopencycmovement event", "shooting using missile launcheropencycmovement event", "moving involuntarilyopencycmovement event", "movement processopencycmovement process", "locomotion processopencycmovement event", "crashingopencycmoving while crashingopencycmovement event", "impellingopencycmovement event", "droppingopencycmovement event", "missile launchopencycmovement event", "wavingopencycmovement event", "cuttingopencycstriking with ones fistopencycmovement event", "water intake in plantsopencycmovement process", "anaphaseopencycmovement event", "opencycmovement processopencycmovement event", "flow", "sorptionopencycmovement process", "phagocytosisopencycmovement event", "translocatingopencyctranslocationopencycmovement event", "panning cameraopencycmovement event", "transmittingopencycmovement event", "fallingopencycmovement event", "carryingopencyccarrying while locomotingopencycmovement event", "shufflingopencycmovement event", "rhythmic movementopencycmovement event", "tactical movementopencycmovement process", "walking"], [], [], ["south asian", "nepalese", "asian", "human", "company"], [], [], [" artifactcontainer artifact"], ["container", "bellarmine artifact", "whiskey jug artifact", " artifactbottle artifact", "water jug artifact", " quantitycontainerful quantity"], [], [], [" dentistrydental appliance dentistry", "saturation act", "lekvar food", "refilling process", " processflow process", "cement substance", "flood act", " substancematerial substance", " actchange of integrity act", " foodconcoction food", "inlay dentistry", "opencycfilling jobhire", "filling bowlopencycfilling process", "refuelingopencycfilling process", "opencycfilling processflowingopencycfluid flow translatio", "fuelingopencycfueling transportation deviceopencycfilling process", "diastoleopencycfilling process", "opencycfilling processbecoming"], [], ["elevator ridingopencycputting somewhere", "putting into elseopencycputting somewhere", "opencycputting somewherecomplete translation", "dismountingopencycputting somewhere", "opencycputting somewhereguiding", "physical collecting eventopencycputting somewhere", "desktop monitor placementopencycputting somewhere", "imbricatingopencycputting somewhere", "putting onto elseopencycputting somewhere", "taking out garbageopencycputting somewhere", "positioningopencycputting somewhere", "administering drugopencycputting somewhere", "sitting do nopencycputting somewhere", "opencycputting somewherechange of location", "pilingopencycpiling putting somewhereopencycputting somewhere", "smugglingopencycputting somewhere", "loadingopencycputting somewhere", "getting dressedopencycputting somewhere", "replacement eventopencycreplacing objectopencycputting somewhere", "opencycputting into certain statebecoming", "hangingopencycputting somewhere"], [], [], [], [], ["rai", "reflective surface", "life", "fluid", "heavier than air", "dishwater substance", "hard water substance", "tap water food substance", " foodliquid substance", "holy water substance", " substanceliquid substance", "slush substance", " substanceelement substance", "bath water substance", "molecule", "drinking water food", "branch water food", " foodnutrient", "water of crystallization substance", "seawater substance", " foodfood", "chemical", "snow", "soft water substance", "spring water food", "limewater substance", " substancebinary compound substance", "fresh water substance", "not air", "meltwater substance", "solvent", "distilled water substance", "bilge substance", "ground water substance", "steam", "stronger than stone", "inanimate object", "very simple beverage", "salt water"], ["chess move act game", "demarche act", " gameturn game", "flit act", " actdecision act", "overspill group act", "maneuver act", " actchange act"], [], [" artifactcontainer artifact", "grace cup artifact", " artifactcrockery artifact", "teacup artifact", " shapeconcave shape", "mustache cup artifact", "kylix artifact", " foodpunch food", " plantplant organ plant", "beaker artifact", " artifacthole artifact", "scyphus artifact", "dixie cup artifact", "champagne cup food", " artifacttrophy artifact", "chalice artifact", "claret cup food", "davis cup artifact", "coffee cup artifact", "cupule plant", " quantitycontainerful quantity", " quantityunited states liquid unit quantity", "tea cup", "trophy", "vessel", "liquid measure", "drinking vessel", "unit of volumetric measure", "need to drink coffee", "coffee cup"], [], [], ["stickball delivery", "directed movement", "pitching", "intelligent agent activity", "sports action"], [], [], [" actmotion act", "airflow event", "filling process", "fountain artifact event", "turbulent flow phenomenon process", "dripping event", "ebb event", "backflow event", "emission event", "overflow event", "seepage event", " timerate time", " eventchange of location event", "spill act", "flux event", "streamline flow phenomenon process", "discharge event", "flood act", " processnatural process", "current event", "freshet event", "slipstream phenomenon process", "rush event", "flush event", "outflow process", "inflow process", "flowage process", "drip event", "cardiac output time", "movement"], [], [" acttransaction act", "lend lease act", "generalization psychology cognitio", "conveyance act", "quitclaim act", " actchange of state act", " cognitiolearning cognitio", " communicatioticket communicatio", "alienation law act", " persoperson", "secularization act", "response distribution of iboopencycgeneralized transfer", "transferring controlopencycgeneralized transfer", "reincarnatingopencycgeneralized transfer", "paycheck", "issuingopencyctransfer outopencycgeneralized transfer", "opencycgeneralized transferphysical event", "moving intoopencycgeneralized transfer", "medical procedure", "transferringopencycgeneralized transfer", "resource management erroropencycgeneralized transfer", "group transferopencycgeneralized transfer", "deallocation of resourcesopencycgeneralized transfer", "allocating resourcesopencycgeneralized transfer", "going aroundopencycgeneralized transfer", "steppingopencycproceeding by steps into new situationopencycgeneralized transfer", "change in statusopencycgeneralized transfer", "crossing over chromosomalopencycgeneralized transfer", "moving computer fileopencycgeneralized transfer", "replacement eventopencycgeneralized transfer", "movementopencycmovement eventopencycgeneralized transfer", "allocatingopencycgeneralized transfer", "information transferopencycgeneralized transfer", "distributingopencycdistribution eventopencycgeneralized transfer"], [], [], ["solid", "natural glass substance", "optical glass substance", " substancesolid substance", "ground glass substance", "beer glass artifact", "water glass artifact", "wire glass substance", "rummer artifact", "liqueur glass artifact", "wineglass artifact", "highball glass artifact", "tumbler artifact", "schooner artifact", "bumper artifact", "stained glass substance", "lead glass substance", "snifter artifact", "safety glass substance", " artifactglassware artifact", "opal glass substance", "shot glass artifact", "crown glass substance", "parfait glass artifact", " artifactcontainer artifact", "seidel artifact", "soft glass substance", "soluble glass substance", "goblet artifact", " quantitycontainerful quantity", "solidopencycsolid state of matter", "liquid at room tempeature", "traditional covering for greenhouses", "inorganic substance", "clear glassopencycglass 413", "something you", "vehicle", "opencycglass 413brittle thing", "amorphous solid", "flying implies", "glass wool", "borophosphosilicate glassopencycsilicate glass", "amorpous solid at room temperature", "container", "physical substance"]], "/r/PartOf": [[], [], [], [" seafaringship artifact"], [], [], [], [], [" artifactpipe artifact", " artifactwatering can artifact"], [], [], [], [], [], [], ["sluicegate artifact"], [], [], [], [], [], [], [], [], [], [], [], [], [], [], [], [], [], [], [" actcraps act"], [], [], [], [], [], [], [], [], [], [], [], [], [" artifactwatch artifact", " artifactclock artifact", " communicatiosonata communicatio"], [], [], [], [], [], [], [], [], [], [], [], [], [], [], [], [], ["hydroge"], [], [], [" quantitypint quantity", "gill quantity"], [], [], [], [], [], [], [], [], [], [], ["window", " substance artifact", "eyeglasses"]], "/r/HasA": [[], [], [], [], [], [], [], [], ["teapot"], [], [], [], [], [], [], [], [], [], [], [], [], [], [], [], [], [], [], [], [], [], [], [], [], [], [], [], [], [], [], [], [], [], [], [], [], ["cup", "bottle"], [], [], [], [], [], [], [], [], [], [], [], [], [], [], [], [], [], [], ["bay", "milk", "no taste", "pond", "ocea", "lake", "aquarium", "pool", "blood", "surface", "river", "cycle"], [], [], ["liquid"], [], [], [], [], [], [], [], [], [], [], ["resonant frequency", "refractive index", "reflective qualitities"]], "/r/CapableOf": [[], [], [], [], [], [], [], [], [], [], [], [], [], [], [], [], [], [], [], [], [], [], [], [], [], [], [], [], [], [], [], [], [], [], [], [], [], [], [], [], [], [], [], [], [], ["flow", "soap", "become solid by cooling"], [], [], [], [], [], [], [], ["bladder"], ["amount water"], ["machine"], [], [], [], [], [], [], [], [], ["freeze", "thin paint", "flow", "fill bucket", "extinguish fire", "fill glass", "short electrical circuit", "act as reflector", "feel wet", "short circuit", "evaporate", "short out electrical circuits", "thin mix of ingredients", "coursing through channel", "coursing downhill", "dribble", "move mountains", "dissolve many substances", "cover wood", "give thirst plants drink", "stop fire", "make short circuit", "cool cars engine"], ["living things"], [], ["hold liquids", "store liquid"], [], [], [], [], [], ["water", "liquid"], [], [], [], [], ["hold liquid", "break easily", "hold water", "appear empty", "harness power of su", "serve as mirror", "cup liquid", "many different colors"]], "/r/AtLocation": [[], [], [], ["linen closet", "linen store", "package of paper", "musical notation book", "bedroom", "new game have bought"], [], [], [], [], ["bathtub", "water fountai", "kettle", "lip of ewer", "gasoline ca", "teapot", "geyser", "garage"], [], [], [], [], [], [], [], [], ["water"], [], [], [], [], [], [], [], [], [], [], [], [], [], [], [], [], [], [], [], [], [], [], [], [], [], [], [], ["container", "drinking glass"], [], [], [], [], ["italy", "rome"], [], [], [], ["water"], [], [], ["mouth"], [], [], [], [], [], [], ["fish", "lake", "boat", "river", "pool", "waterfall", "submarines", "plankto", "surface of earth", "coral reef", "ocea", "sink", "seaweed", "glass", "puddle", "bottle", "jar", "canoe", "stream", "soup", "rai", "dolphins", "toilet", "anemone", "wet", "germs", "eel", "beer", "salt", "bacteria", "dam", "algae", "water cooler", "steam", "swamp", "tadpoles", "flouride", "pee", "trace amounts of industrial chemicals", "cactus", "lobster", "dissolved minerals", "shipwrecks", "bridge", "sewer", "scuba diver", "diver", "people who scuba dive", "air bubbles", "brook", "oxyge", "enema", "swimmer", "bathub", "current", "mouth", "brine", "humidifier", "tuna", "coral reefs", "hot water heater", "septic tank", "snow", "drool", "slurpee", "spurt", "lake or river", "hydroelectric dam", "shell fish", "rain cloud", "gym", "teakettle", "silt", "spit", "pier pilings", "bathtub", "soft drink", "under water diver", "kettle", "plants", "downpour", "fish tank", "icicle"], [], [], ["table", "dishwasher", "shelf", "closet", "pencil", "coffee", "kitche", "drink", "sink", "counter", "sand box", "apartment", "liquid", "washing up bowl", "refill", "restaurant", "water fountai"], [], [], [], [], [], [], [], [], [], [], ["water", "cabinet", "window", "kitche", "table", "cen", "dining room", "street", "dishwasher", "hand", "sink"]], "/r/HasProperty": [[], [], [], ["white", "smooth"], [], [], [], [], ["useful for pouring"], [], [], [], [], [], [], [], [], [], [], [], [], [], [], [], [], [], [], [], [], [], ["welcome when fires rampant"], [], [], [], [], [], [], [], [], [], [], [], [], [], [], ["water", "beer", "necessary for swimming", "subject to law of gravity", "blood", "clear", "oil", "at body temperature water", "juice"], [], [], [], [], [], [], [], ["space", "night table", "when person dies body", "houses", "salad bowl", "piggy bank", "glass", "liquor glass"], [], [], [], [], [], [], [], [], [], [], ["liquid", "essential to all life", "transparent", "blue", "find underground", "good to drink", "seventy percent of earth's surface", "essential to human life", "dangerous", "find underwater", "important", "essential for life on planet", "colorless", "essential for life on earth", "essential for life", "heated for baths"], [], [], [], [], [], [], [], [], ["expansion into new possibilities"], [], [], [], [], ["clear", "recyclable", "very fragile", "dirty", "clea", "half empty", "gree", "non porous", "half full", "ceramic", "sharp", "opaque", "fragile", "solid", "empty"]], "/r/CreatedBy": [[], [], [], [], [], [], [], [], [], [], [], [], [], [], [], [], [], [], [], [], [], [], [], [], [], [], [], [], [], [], [], [], [], [], [], [], [], [], [], [], [], [], [], [], [], [], [], [], [], [], [], [], [], [], [], [], [], [], [], [], [], [], [], [], [], [], [], [], [], [], [], [], [], [], [], [], [], [], []], "/r/Synonym": [["take social", "fill up change", "occupy social", "v consumptiofill up consumptio", "v consumptiosatiate consumptio", "make full change", "v consumptiomeet consumptio", "v stativeoccupy stative", " substancefilling substance", "surfeit", "fill up", "stopper", "stop up"], [], [], [" communicatiotabloid communicatio", "tack seafaring", "flat solid artifact", "shroud seafaring", " artifactsail artifact", "bed sheet artifact", "mainsheet seafaring", " mathematicsplane mathematics", "piece of paper communication communicatio", "weather sheet seafaring", "sheet of paper communication communicatio", "rope", "bed sheet", "blanket", "page"], ["tip", "beverage"], [], [], [" processinpouring process"], ["v communicatiorant communicatio", "v motiospurt motio", "gush out", "spurt out", "spurt", "tap", "shoot forth"], ["v medicinecup medicine", "v possessioinstill possessio"], ["gushy a ", "gushing a ", "a burbling ", "aextrusive", "extrusive", "fulsome", "emotional"], [], [], [], [], ["sluice do v weather", "penstock artifact", "flush change", "sluiceway artifact", "lock", "sluice gate", ""], [], ["torrent phenomenon phenomeno", "cloudburst phenomenon phenomeno", "waterspout phenomenon phenomeno", "pelter phenomenon phenomeno", "soaker phenomenon phenomeno", "deluge phenomenon phenomeno", "burst", "wet", "storm", "monsoo", "rainstorm", "cloudburst", "rai", "inundatio", "torrent", "deluge"], ["a gushing "], [], [], [], [], [], [], [], [], [], [], ["march out motion motio", "disembogue"], ["mizzle weather", "mizzle phenomenon phenomeno", "moisten contact", "drizzling rain"], ["perfuse change", "vdiffuse"], [], ["disgorge contact", "pour forth contact", "slop contact", "splatter contact", "shed contact", "talk communication communicatio", "fall act", "release act", " artifactspillway artifact", "spillage act", "run out motion motio", "tumble act", "pour out"], ["v creatioproject creatio", "v contactshed contact", "roll act", "stamp shape", "dramatis personae group", "v contacthurl contact", " artifactmold artifact", "mould shape", "cast of characters group", "v communicatioframe communicatio", " actcasting act", "v competitiodraw competitio", "plaster cast artifact", "mold shape", " acthurl act", " attributeform attribute", "mould creation creatio", "casting artifact", "plaster bandage artifact", "v motioroll motio", "mold creation creatio", "v bodyvomit body", "vtypecast", "typecast", "project", "plaster cast", "vpay off", "vfall off"], [], [], [], ["filter motion motio", " eventdrip event", "dribble motion motio"], [], [], [], ["vpour out"], ["distillment process", " substancedistillate substance", "distillment", ""], [], ["a melted ", "a fluent ", "liquidness state", "a limpid ", "liquidity state", "liquid state", "a swimming ", "fluid a ", "liquid phase"], [], ["social movement group", " actmotion act", " processbowel movement process", " actcampaign act", " phenomenoapparent motion phenomeno", "motion event", "front group", " cognitiodrift cognitio", "incursion", "motion"], ["heavyr r ", "r great extentr ", "r intemperatelyr "], [], ["stone money", ""], ["pour motion motio", "pour out motion motio"], [], ["discharge change", "a vacuous ", "v motiovacate motio", "a empty bellied ", "v bodyevacuate body", "aunoccupied", "evacuate", "pour out", "airy"], ["v lawimprison law", "jugful quantity"], ["v possessiodistribute possessio", "v medicineadminister medicine", "allot", "apportion", "prorate", "vdistribute", "vskip", "distribute"], [], [" artifactwoof artifact", "fill substance"], [], [" actputt act"], [], [], ["pose contact", "set contact", " actput option act", "v cognitioarrange cognitio", "v communicatioframe communicatio", "v possessioinvest possessio", "lay contact", "v cognitioplace cognitio", "place contact", "assign consumption consumptio", "position contact", "put optio"], [], ["irrigate change", " artifactwater system artifact", " substanceurine substance", " riverbody of water river", "hydric acid", "\u03bc oxido dihydroge"], ["v socialact social", "v bodybe active body", "go competition competitio", "go change", " actmotion act", "displace motion motio", "run change", "v emotioaffect emotio", "v creatiomotivate creatio", "make motion communication communicatio", "relocation act", "v socialgo social", "v motiotravel motio", "dislodge", "vprompt", "instigate", "vimpel", "recommend", "relocation", "impel", "bring round", "agitate"], [], ["loving cup artifact", "transfuse medicine", "cupful quantity", "builder's mug"], [], ["dispensation"], [" foodhelping food", " actservice act", "serve"], [], [], ["stream act", "v bodymenstruate body", " groupstream group", "v contacthang contact", "rate of flow time", "v motiorun motio", "flow rate time", "flowing event", " processmenstruation process", " statestream state", "flux motion motio", "current"], [], ["transfer of training cognition cognitio", "shift motion motio", "transpose change", "v motiotransplant motio", " acttransportation act", "transplant change", "change motion motio", "reassign social", "v motioremove motio", "transferee person perso", "carry over cognition cognitio", "transference act", "v contacttransmit contact", "move", "download", "vcopy"], [], [], [" artifactmethamphetamine artifact", "v changeglaze change", "glass in contact", " artifactfield glass artifact", "glaze possession possessio", "drinking glass artifact", " artifactlooking glass artifact", "glassful quantity", "mirror", "methamphetamine hydrochloride"]], "/r/LocatedNear": [[], [], [], [], [], [], [], [], [], [], [], [], [], [], [], [], [], [], [], [], [], [], [], [], [], [], [], [], [], [], [], [], [], [], [], [], [], [], [], [], [], [], [], [], [], [], [], [], [], [], [], [], [], [], [], [], [], [], [], [], [], [], [], [], [], [], [], [], [], [], [], [], [], [], [], [], [], [], []], "/r/SimilarTo": [["congest"], [], [], ["film"], [], [], [], [], ["nozzle"], [], ["a demonstrative ", "demonstrative a "], [], [], [], [], ["weir", "dam", "vpa", "lock"], [], [], [], [], [], [], [], [], [], [], [], [], [], [], [], [], [], [], [], [], [], [], [], [], [], [], [], [], [], ["a watery ", "liquified a ", "a disposable ", "musical a ", "a liquified ", "disposable a ", "runny a ", "a liquefiable ", "watery a ", "liquefiable a ", "a semiliquid ", "semiliquid a ", "a musical ", "a runny ", "gas"], [], [], [], [], [], [], [], ["a blank ", "a vacant ", "plundered a ", "a glassy ", "blank a ", "a stripped ", "a empty handed ", "drained a ", "a lifeless ", "a vacuous ", "a void ", "empty handed a ", "lifeless a ", "vacant a ", "vacuous a ", "glassy a ", "a plundered ", "void a ", "stripped a ", "a drained "], [], [], [], ["stuffing"], [], [], [], [], ["vplace"], [], [], [], [], ["panniki"], [], [], [], [], ["dominated a ", "possessed a ", "a price controlled ", "a contained ", "harnessed a ", "a dominated ", "price controlled a ", "contained a ", "a harnessed ", "a disciplined ", "regimented a ", "a possessed ", "a regimented ", "disciplined a "], ["current"], [], [], [], [], []], "/r/MadeOf": [[], [], [], [], [], [], [], [], [], [], [], [], [], [], [], [], [], [], [], [], [], [], [], [], [], [], [], [], [], [], [], [], [], [], [], [], [], [], [], [], [], [], [], [], [], [], [], [], [], [], [], [], [], [], [], [], [], [], [], [], [], [], [], [], ["ice", "ocea", "oxyge", "rai", "perso"], [], [], [], [], [], [], [], [], [], [], [], [], [], ["lenses", "lens", "sand", "crt", "tv", "many bottles", "many containers", "plate", "bowl", "vacuum tube", "glasses", "computer monitor", "abottle", "bins"]], "/r/ReceivesAction": [[], [], [], ["found on bed", "washed about once week", "found in linen closet"], [], [], [], [], [], [], [], [], [], [], [], [], [], [], [], [], [], [], [], [], [], [], [], [], [], [], [], [], [], [], ["iro", "bell"], [], [], [], [], [], [], [], [], [], [], [], [], [], [], [], [], [], [], [], [], [], [], [], [], [], [], [], [], [], ["boiled", "composed of hydrogen and oxyge", "found in ocea", "froze", "polluted", "found in shower", "poured", "found in well", "boiled in kelltle", "found in food", "used as source of energy", "found in aquarium"], [], [], [], [], [], [], [], ["fire used by aeroplane", "diamonds value"], [], [], [], [], [], ["broke", "recycled", "made from sand", "found in kitche", "found in building", "blown into shapes", "coated", "sent for recycling", "found in bus", "tempered", "found in house", "wrapped in napki", "made from fused silicon dioxide", "found in taxi", "tinted", "melted", "blo "]]}, "/r/UsedFor": {"/r/RelatedTo": [["glass", "coffee", "carafes", "water", "flared", "brewing", "absinthiana", "house wine", "wine", "receptacle", "beverage", "croft", "lip", "bottle", "spout", "quartino", "pot"]], "/r/UsedFor": [["serve wine", "pour", "drink chocolate", "serving wine", "hold wine vinegar or oil", "hold liquids", "keeping coffee hot", "decanting wine", "serving liquids", "pour liquids", "storing and pouring", "holding water"]], "/r/LocatedAt": [[]], "/r/FormOf": [["carafes"]], "/r/IsA": [[" artifactbottle artifact", "large container", "bottle", "serving dish", "container generally"]], "/r/PartOf": [[]], "/r/HasA": [["water or wine"]], "/r/CapableOf": [[]], "/r/AtLocation": [["restarante", "jungle"]], "/r/HasProperty": [[]], "/r/CreatedBy": [[]], "/r/Synonym": [["decanter artifact"]], "/r/LocatedNear": [[]], "/r/SimilarTo": [[]], "/r/MadeOf": [[]], "/r/ReceivesAction": [[]]}, "/r/LocatedAt": {}, "/r/FormOf": {"/r/RelatedTo": [["cement"], [], [], ["terebic acid", "outpour", "vpour", "baptism", "drizzler", "fettle", "rai", "precipitate", "fill", "thunder", "flow"], ["vpour"], []], "/r/UsedFor": [[], [], [], ["spout", "lip"], [], []], "/r/LocatedAt": [[], [], [], [], [], []], "/r/FormOf": [["pour", "vpour"], ["vpour"], ["vpour"], ["pourings", "vpour", "pour"], ["pour", "vpour"], ["vpour"]], "/r/IsA": [[], [], [], ["rai", "providing"], [], []], "/r/PartOf": [[], [], [], [], [], []], "/r/HasA": [[], [], [], [], [], []], "/r/CapableOf": [[], [], [], [], [], []], "/r/AtLocation": [[], [], [], [], [], []], "/r/HasProperty": [[], [], [], [], [], []], "/r/CreatedBy": [[], [], [], [], [], []], "/r/Synonym": [[], [], [], ["a gushing "], [], []], "/r/LocatedNear": [[], [], [], [], [], []], "/r/SimilarTo": [[], [], [], [], [], []], "/r/MadeOf": [[], [], [], [], [], []], "/r/ReceivesAction": [["milk", "water", "liquids"], [], [], [], [], []]}, "/r/IsA": {}, "/r/PartOf": {}, "/r/HasA": {}, "/r/CapableOf": {}, "/r/AtLocation": {}, "/r/HasProperty": {}, "/r/CreatedBy": {}, "/r/Synonym": {"/r/RelatedTo": [[], [], [], [], [], [], [], [], [], [], [], [], []], "/r/UsedFor": [[], [], [], [], [], [], [], [], [], [], [], [], []], "/r/LocatedAt": [[], [], [], [], [], [], [], [], [], [], [], [], []], "/r/FormOf": [[], [], [], [], [], [], [], [], [], [], [], [], []], "/r/IsA": [[], [], [], [], [], [], [], [], [], [], [], [], []], "/r/PartOf": [[], [], [], [], [], [], [], [], [], [], [], [], []], "/r/HasA": [[], [], [], [], [], [], [], [], [], [], [], [], []], "/r/CapableOf": [[], [], [], [], [], [], [], [], [], [], [], [], []], "/r/AtLocation": [[], [], [], [], [], [], [], [], [], [], [], [], []], "/r/HasProperty": [[], [], [], [], [], [], [], [], [], [], [], [], []], "/r/CreatedBy": [[], [], [], [], [], [], [], [], [], [], [], [], []], "/r/Synonym": [[], [], [], [], [], [], [], [], [], [], [], [], []], "/r/LocatedNear": [[], [], [], [], [], [], [], [], [], [], [], [], []], "/r/SimilarTo": [[], [], [], [], [], [], [], [], [], [], [], [], []], "/r/MadeOf": [[], [], [], [], [], [], [], [], [], [], [], [], []], "/r/ReceivesAction": [[], [], [], [], [], [], [], [], [], [], [], [], []]}, "/r/LocatedNear": {}, "/r/SimilarTo": {}, "/r/MadeOf": {}, "/r/ReceivesAction": {}}}, "": {"N1": {"/r/RelatedTo": ["windowdoor", "worklabor", "butchermeat", "gallomeasure", "woundgash", "punishmentcrime and", "chickelaying", "thricerthree", "informed educated ", "closed obstructed ", "transpondianrightpondia", "mystifymystery", "audiovisualsaudiovisual"], "/r/UsedFor": ["flash artifactlight physics", "string bassplaying music"], "/r/LocatedAt": [], "/r/FormOf": ["air burstsair burst", "pot belliespot belly", "cross sectionscross sectio"], "/r/IsA": ["suburb locatioresidential district locatio", "western skink animalskink animal", "inertial mass physicsmass attribute", "leading man persoactor perso", "occasion timetime time", "tree toad animalfrog animal", "petaurista animalmammal genus animal", "torch singer persosinger perso", "drop arch artifactpointed artifact", "rottenstone substancelimestone substance", "scorpionfish animalscorpaenid animal", "temporary hookup artifactconnection artifact", "acrylic fiber substanceman made substance", "dependence statestate ", "overhand pitch actpitch baseball", "american spikenard plantsubshrub plant", "hedonist persosensualist perso", "homecoming actreunion act", "aldrovanda plantdicot genus plant", "ambystomatidae animalamphibian family animal", "assist ice hockeymaneuver act", "tithe barn artifactbarn artifact", "hypsometer artifactaltimeter artifact", "papyrus communicatiodocument communicatio", "cacodyl substancegroup chemistry", "penance actsacrament act", "rule of evidence lawrule communicatio", "usherette persousher perso", "hooks bodyhand body", "bilabial communicatiolabial consonant communicatio", "kurdish communicatioiranian communicatio", "theism cognitioreligion cognitio", "aristocrat persoleader perso", "bundesbank groupcentral bank group", "skirtform of female attire", "yardarm artifactend locatio", "supreme court lawfederal group"], "/r/PartOf": ["satachristian myth", "old testament communicatiobible communicatio", "styloid process bodytemporal bone body", "voider artifactbody armor artifact", "tower of london artifactlondon locatio"], "/r/HasA": ["baywater"], "/r/CapableOf": ["blanketscover bed", "chefbone chicke", "authorswrite books"], "/r/AtLocation": ["windowhouse", "dustcarpet", "action figuretoy department", "barbershopmall", "mouselab maze"], "/r/HasProperty": [], "/r/CreatedBy": [], "/r/Synonym": ["hawaiian honeycreeper animalhoneycreeper animal", "thing cognitiomatter cognitio", "dprk locationorth korea locatio", "gas tight air ", "get into possessioget in possessio", "west persocicily isabel fairfield perso", "sapindus drumondii plantwild china tree plant", "abls communicatiobachelor of arts in library science communicatio", "homburg artifactfedora artifact", "choking coil artifactchoke artifact", "sewerage artifactsewer artifact", "fish bowl stategoldfish state", "caddy golfcaddie golf", "moray eel animalmoray animal", "family zygnemataceae animalzygnemataceae animal", "severity attributeaustereness attribute", "hors d oeuvre foodhors food", "chukka artifactchukka boot artifact", "immunise competitioimmunize competitio", "kindling pointautoignition temperature", "corruptlyr corruptedlyr ", "lazy faineant ", "copernicia prunifera plantcarnauba plant", "log z's bodysleep body", "sworn pledged ", "palestine authority grouppalestine national group", "polyodon spathula animalpaddlefish animal", "linnaea borealis americana plantamerican twinflower plant", "stylise artstylize art", "thank youthank you very much", "infirm decrepit ", "uriniferous tubule bodynephron body", "passing actpassage act", "rio nunez coffee plantrobusta plant", "experimentation cognitioexperiment cognitio", "powerful knock do a ", "lichgate artifactlychgate artifact", "take advantage socialtrespass social", "pyrethrum plantpainted daisy plant", "take turns changealternate change", "water level locatiowaterline locatio", "fuddle stateclutter state", "insisting communicatioinsistence communicatio", "vibrate perceptioresonate perceptio", "viridity attributegreen attribute", "yarn dye changeimpress change", "balaenoptera borealis animalsei whale animal", "electron orbit locatioorbit locatio", "lillie persobeatrice perso"], "/r/LocatedNear": [], "/r/SimilarTo": ["large leafed leafy ", "captious critical ", "exaggerated increased ", "effective militaryoperational military", "tasty winey ", "fast breaking news article", "second rate inferior ", "disputatious argumentative ", "private nonpublic ", "coated glazed ", "free clear "], "/r/MadeOf": [], "/r/ReceivesAction": []}, "N2": {}}}