{"pull": {"N1": {"/r/RelatedTo": ["stretch", "actio", "tug", "force", "tow", "door", "doors", "motio", "vligament", "vleave", "pick at", "vimpressio", "tug of war", "tose", "vtendo", "ductile", "hairpulling", "bootstrap", "pullable", "tweak", "draw", "trolley jack", "draw back", "vyard", "pulling power", "vmuscle", "power kite", "pull cord", "cordeling", "hitch", "pulls", "drawth", "updraw", "pluck", "pulling", "pullup", "vdo", "undertow", "contest", "handle", "traction", "chain ferry", "kimedashi", "yank off", "vstrai", "equalizer", "layback", "server", "ball up", "betow", "handcart", "lever", "vfrisbee", "vscore", "dutch hoe", "elongate", "drive out", "towwikten 1", "tugging", "yanker", "twang", "attractive", "retract", "vremove", "vdraw out", "pull in", "unpulled", "counterpull", "vforce", "heave ho", "attract", "vstatio", "twinge", "towback", "knob", "tugboat", "backstroke", "tension", "big boy pants", "suction", "lug", "underdrag", "tugginglyr", "vretrieve", "vtoward", "bridle", "vemulate", "pull off", "peotillomania", "big girl pants", "drawrod", "pull up", "yeave ho", "client", "cook off", "vextract", "tear off", "vrow", "carucate", "vnon player character", "attractio", "stub", "peanut", "turnout", "whip out", "ring pull", "vpluck", "pull time", "ringing engine", "hairpuller", "lock time", "vperform", "outpull", "hike up", "vpull out"], "/r/UsedFor": [], "/r/LocatedAt": [], "/r/FormOf": ["pulling", "pulls", "pulled"], "/r/IsA": [" artifactdevice artifact", "pluck act", "pull chain artifact", " acteffort act", "extirpation act", "drag act", "tug act", " phenomenoforce physics", " actpropulsion act", "bellpull artifact", "draw act", "draft act", "traction orthopedics act", " attributeadvantage attribute"], "/r/PartOf": [], "/r/HasA": [], "/r/CapableOf": [], "/r/AtLocation": [], "/r/HasProperty": [], "/r/CreatedBy": [], "/r/Synonym": ["v competitioside competitio", "v socialperpetrate social", "v motiodraw motio", "pulling act", " statewrench state", "draw motion motio", "draw contact", " actpuff act", "v contactrend contact", "overstretch body", "v contactattract contact", "v contactextract contact", "clout attribute", "v contactpluck contact", "drag", "vrecall", "handle", "vgenerate", "influence", "tug", "attractio", "vdrag", "vscore"], "/r/LocatedNear": [], "/r/SimilarTo": [], "/r/MadeOf": [], "/r/ReceivesAction": []}, "N2": {"/r/RelatedTo": {"/r/RelatedTo": [["exercise", "pull", "reach", "elastic", "longer", "yoga", "pulling", "before", "elongate", "actio", "up", "out", "babygro", "rubber", "long", "muscles", "make", "lengthe", "warmup", "ya ", "muscle", "movement", "apart", "before exercise", "extend", "lengthening", "make longer", "preload", "spaghettify", "auxetic", "hyperextensible", "porrection", "roman empire", "vlimbs", "streek", "efface", "outstretch", "stretchable", "cat cow", "nonstretch", "vincrease", "springy", "stretched", "farstretched", "scrimping bar", "limber up", "tensile", "tendu", "vextend", "protension", "vexaggeratio", "restretch", "overstretch", "ringhead", "row house", "velasticity", "chordotonal", "expanse", "distensible", "spread", "tenday", "spaghettification", "midstretchr", "distend", "distensibility", "ruffini's corpuscle", "segment", "virabhadrasana", "homestretch", "tenter", "nonelastic", "rokurokubi", "ductile", "unstretchable", "myofascial release", "neurotony", "stretcher", "black drop effect", "bowling green", "vpull", "procrusteanize", "cat stretch", "extension", "vinaccurate", "pandiculation", "pandiculate", "vtight", "pigeon pose", "tenterhook", "crimper", "vlengthe", "time", "stretching", "stretchedness", "boottree", "journey", "wasteground", "band"], ["action"], ["pull", "tugs", "hoist", "tugboat", "vgreat", "steamtug", "tugger", "tuggers", "tub", "vhard", "tug of war", "hike up", "sudde", "tackle", "towboat", "dumb barge", "pull on", "trace", "harness", "hook", "vtugboat", "vpull", "iro", "vtow", "vrepeatedly", "veffort", "tugless", "tugging", "tugged", "vdrag", "powerful", "masturbatio", "jerk"], ["energy", "constrain", "forciblyr", "army", "power", "star wars", "star", "wars", "pull", "gravity", "push", "strength", "wind", "use", "curb", "tractive effort", "redif", "transmit", "parakinesis", "authoritarianism", "geostrophic", "gravireceptor", "biodynamics", "sergeant", "mode of production", "archeus", "disarm", "physicallyr", "dyne", "vigour", "pillage", "peacekeeper", "oppress", "respond", "stimpmeter", "nugatory", "dynamometer", "milligravity", "speak softly and carry big stick", "pound force", "antiperistasis", "magnetometric", "elastic", "guns blazingr", "laser cooling", "telenergy", "ad baculum", "equilibrant", "equipollent", "coercion", "winged monkeys", "load", "dint", "robbery", "lbf", "strong", "forces", "strongly symmetric matter", "show flag", "durability", "shipfyrd", "conatus", "monodynamism", "inotropism", "neurotonic", "self existent", "commend", "cystometry", "take out", "kratocracy", "attenuative", "shakti", "singularity", "inertial mass", "interforce", "vehemence", "expatriate", "brown water navy", "innocent agent", "break and enter", "omnipotent", "foot pound second", "catenary", "kilogram meter", "inotropic", "propulsion", "harmonic oscillator", "precession", "millidyne", "by forcer", "wikten 1dyne", "hijacked", "hulkish", "geotaxis", "microencapsulation", "usurpation", "normal force", "the", "intrude", "forcible", "voluntell", "overwrest", "mechanosensor", "liberate", "evict", "impulsive", "play old gooseberry", "enforcement", "kilodyne", "hydrodynamometer", "riot gear", "poundal", "fictitious force", "stave", "pombaline cage", "wham", "centre of buoyancy", "rigid body", "extortion", "d alembert's paradox", "thomson problem", "khmer rouge", "police", "forceness", "rolling resistance", "somethingism", "life", "outlaw", "dynamometry", "bayamo", "pressure", "membrane", "medium", "qutbism", "planck force", "prepotent", "tear it up", "counterforce", "ride with punches", "seismic load", "eddington luminosity", "constructive force", "constraint", "isogravitational", "code of practice", "peirameter", "heartbeat", "forcewide", "x boson", "castle doctrine", "neuricity", "invade", "perforcer", "aeroacoustics", "phonomyography", "filibuster", "coulombic", "navy", "resonance", "space permeability", "bloch oscillation", "impressed", "use sledgehammer to crack nut", "liberty", "compulse", "inotropy", "surface tension", "coulomb's law", "falls", "plunge pool", "spetsnaz", "mechanophore", "full buttr", "wikten 1cgs", "cheget", "strong arm", "mesmerizable", "tug of war", "variable", "counterbalance", "weight", "hot pursuit", "disequilibrium", "shoehorn", "depopulate", "push past", "unprofor", "kick do v", "whirlbat", "cylindroid", "sinik", "centre of lift", "non aggression principle", "heave ho", "hard pass", "chip shot", "isodynamous", "knife edge", "ramrod", "repulsion", "counterelectromotive", "vis major", "driving force", "vis impressa", "kaluza klein theory", "peacekeeping", "eigenfrequency", "simple machine", "hypercolor", "shear centre", "exaction", "ligamentotaxis", "moment of force", "semicontact"], ["pull", "towable", "towed", "towing", "flaxen", "towboat", "towfish", "foxer", "towee", "wikten 2fiber", "guess warp", "caravan", "towheaded", "ski tow", "oropesa", "flax", "sport utility vehicle", "wikten 2untwisted", "fillis", "tow linen", "dize", "sentry", "parasailing", "trackage", "undertow", "tows", "barge", "towy", "trailer", "codilla", "towhead", "towest", "boathorse", "gift rope", "stupose", "towship", "single wide", "tug", "toweth", "double wide", "dumb barge", "hardswikten 2", "running target", "osnaburg", "towmaster", "hawser", "tuggie", "vwikten 1pull", "car", "truck", "pull car", "drag", "pulling", "behind", "fine", "bring", "broke", "along", "pulling force", "force", "nose", "pull behind", "dragging", "haul", "ball", "broken cars", "cars", "double", "wrecked car", "wrecked", "drag behind", "truck attachment", "attachment", "pull along", "taking away", "taking", "drag along", "hauling", "car hauling", "pull another", "another", "pulling truck", "side", "curb", "cargo", "curb side", "broken car", "pick", "pick car"], ["entrance", "opening", "house", "portal", "knob", "entry", "window", "gate", "room", "wall", "exit", "ope", "handle", "entryway", "wood", "front", "hinges", "rectangle", "way", "woode", "building", "entering", "lock artifact", "bolt artifact", "rooms", "house entrance", "house opening", "enter", "gateway", "houses", "wall opening", "lock", "through", "room entrance", "opens", "passage", "rectangular", "house entry", "pull", "latch", "mat", "hinged", "has", "buzz in", "doorwardr", "rim lock", "sport one's oak", "door frame", "quadrivalve", "draught excluder", "snib", "doorframe", "crossette", "lintel", "loid", "butt hinge", "safety arch", "embrasure", "plan", "house door", "janus faced lock", "boltwikten 1", "storm door", "doorknob", "casing", "ingress", "double doors", "doorcase", "knocker", "door seal", "doors", "tracery", "dharna", "brickmould", "lockset", "heelpost", "vision panel", "stile", "shoji", "rat tat", "curtainwall", "lunette", "lock up", "wicket", "jamb", "roller shutter", "doorwardsr", "car door", "fanlight", "vitrage", "dooring", "doorlatch", "door god", "foredoor", "master key", "software", "fairy door", "placard", "hinge", "trapdoor", "vestibule", "front loader", "unhinge", "clausilium", "barn door", "file cabinet", "vcyclist", "cherry knocking", "cellar door", "hatchback", "dutch reach", "dropfile", "coupe", "garage door", "fingerguard", "architrave", "porti\u00e8re", "metal", "church door", "cripple", "top light", "fusuma", "hyperthyrion", "biforate", "shear cake", "unshoot", "stagedoor", "doorless", "doorway", "sidelight", "doggie door", "walk in", "scissor door", "hallstand", "scene dock", "doorlike", "barndoor", "program", "unbar", "halligan bar", "transom", "keyplate", "shotgun house", "put wood in hole", "anteport", "chowkat", "betty", "doorhanger", "monty hall problem", "kickboard", "adoorsr", "doorstaff", "doorline", "ram", "doorknocker", "four door", "judas hole", "peephole", "leaf", "vcollisio", "voncoming", "turn button", "hustle alarm"], ["handle", "ope", "house", "pull", "shotgun shack", "lancet arch", "gut rehab", "door", "hall", "home", "room", "window", "cabinet", "lock", "close", "closet", "car", "lift", "va", "latch", "knob", "saloo", "bank", "bell", "key", "sig", "wood", "building", "push", "locker", "gate", "guard", "clock", "wall", "mat", "entrance"], [], [], [], [], [], [], ["vtouse", "vapart", "vpull", "vasunder"], [], ["tilting", "awire", "elastic", "irretractile", "blind thrust fault", "tractile", "rupture", "tensible", "astretch", "tin", "inductile", "apull", "athi", "ductible", "nonductile", "clay", "amold", "diapir", "aductility", "ausferrite", "aduct", "tensile", "productile", "metal"], ["pull", "hair"], ["loop", "vreboot", "boot up", "bootstrapper", "pull oneself up by one's bootstraps", "bootstrapping", "bootstraps", "reboot", "booting", "compile", "vhelp", "voperating system", "boot", "means", "vcompile", "boot disk", "bootstrapped", "boot loader", "pull", "cold boot", "bootstrappable"], ["apull"], ["tweaked", "vtwit", "modificatio", "key", "tweaks", "retweak", "trouble", "input", "tweaking", "vfine tune", "rejig", "vpull", "block cipher", "vtease", "tweag", "jerk", "tweaker", "permutatio", "frob", "untweaked", "distress", "twinge", "untweakable", "vadjust", "twist", "pinch", "vcrystal meth", "vtwitch", "vmethamphetamine", "tweakable", "vfreak", "twitch"], ["sketch", "pencil", "art", "picture", "make", "paint", "making", "writing", "pictures", "make picture", "lines", "vdraw out", "jigo", "foredraw", "take", "innings", "inhaust", "fade", "score draw", "worm", "vdraw o", "no result", "vbowstring", "commissio", "determine", "ball", "square", "linework", "fortress", "charcoal", "vpower", "new york reload", "cheapo", "indraft", "tirage", "tapster", "strick", "bleed", "embosom", "strike out", "straightedge", "vdeduce", "construct", "escribe", "unsheath", "nigh", "outline", "stone", "honeypot", "drawable", "crazy eights", "inside straight draw", "betow", "calcographer", "unearth", "monochromy", "vflavour", "vdrag", "flush", "vepispastic", "chequable", "bore draw", "scrive", "drawbench", "varrow", "indraw", "vsearch", "sidewalk chalk", "draft", "syringe", "perpetual check"], [], [], [], [], [], [], [], ["shore", "rope", "pull", "boat"], ["trailer", "ossel hitch", "problem", "hitch knot", "sudde", "fifth wheel", "pull", "rope", "vfaste", "vjerk", "hang up", "hitches", "hitcht", "hitchless", "dolly knot", "knot", "catch", "vattach", "vmarry", "element", "axle hitch", "richard", "magnus hitch", "difficulty", "vinterfere", "sailor's hitch", "vpull", "vthumb ride", "fastener", "clinch", "trucker's hitch", "friction hitch", "delay", "cow hitch", "vhitchhike", "cat's paw", "trailer hitch", "hitchlesslyr", "connectio", "without hitchr", "vtie", "contretemps", "conditio", "point", "unhitch", "get hitched", "timber hitch", "hitched", "hitching bar", "hitching", "half hitch"], ["pull", "vpull", "quicksand", "gravity"], ["draught", "pull", "treatise", "drawing"], ["upward", "draw", "updrawing", "attractio", "pull", "updraws"], ["bisbigliando", "orpharion", "phaneromania", "gittern", "pull off", "pull", "decerption", "twang", "nerve", "plucks", "eradication", "kecapi", "downstrike", "pluck up", "threading", "vrob", "vstring", "pick", "fortitude", "fingerpick", "plectrum", "lungs", "pluckest", "vpull", "plucky", "oesophagus", "vstring instrument", "dan bau", "dulcimer", "vquickly", "vtwitch", "heart", "hairpluck", "pluckless", "tweezers", "plunk", "koto", "vguitar", "stoutheartedness", "vtake", "smeddum", "vreject", "trachea", "barbat", "vpizzicato", "veena", "vfeather", "tweeze", "topshur", "vexaminatio", "slaughtered", "pizzicator", "pluckt", "vplace", "vvioli", "vsituatio", "plucking", "gameness", "unplucked", "persistence", "vremove", "plucker", "vsharp", "vplay", "pluckable", "musical box", "plucketh", "vbird", "stringed instrument", "vdegree", "plucked", "overpluck", "snap pizzicato", "string", "tweezer"], ["stretch", "push pull", "ketaguri", "swing door", "traction", "vpull", "carthorse", "discerption", "koshinage", "divulsion", "amiuchi", "ox", "tow", "current", "force", "pliers", "touch"], ["exercise", "body", "bar", "arms", "chin up", "push up", "pullups", "weight", "pull", "upper"], [], ["vflow", "rip current", "undertoad", "vpull", "riptide", "feeling", "vdrag", "undercurrent", "shore", "water", "undertowed", "seaward", "flow", "undertows", "vbehave", "vtow", "contrary", "current"], ["race", "game", "snatch victory from jaws of defeat", "throw one's hat in ring", "vlitigatio", "vdefend", "contention", "gladiature", "cockfight", "forfeit", "vquestio", "agon", "dead heat", "contend", "wet t shirt competition", "undercard", "scoring", "rematch", "runaway", "contestablyr", "pull", "easter egg hunt", "competitio", "decide", "vcontend", "cook off", "neuter", "victor", "ball game", "debate", "turkey shoot", "cup", "tetrathlon", "contesting", "walk all over", "protagonist", "defeat", "entrant", "exhibit", "contested", "relitigate", "uncontested", "incontestable", "heptathlon", "no contest", "spelling bee", "goat rope", "neck and", "bottleholder", "take up cudgels", "call to account", "quinquertium", "affirmative defense", "litigate", "voppose", "barrage", "on line", "winner take all", "nose", "front runner", "prefinalist", "all over but shouting", "superiority", "panathenaea", "strive", "mercy rule", "play fight", "combat", "agonistarch", "vcontrovert", "controversy", "grand prize", "struggle", "run up score", "scorekeeper", "duathlon", "muckerism", "wrestle", "final", "trolley dash", "tournament", "compete", "contestatory", "whiskerino", "incontested", "recontest", "cakewalk", "soundclash", "outshow", "quadrathlon", "lightning round", "wet t shirt contest", "armed conflict", "put up one's dukes", "athlo", "agonist", "victorious", "mailo", "field trial", "competition", "contestation", "contester", "upsolve", "snatch defeat from jaws of victory", "agonistical", "contestant", "draw", "cough up", "clean sweep", "measure strength", "decathlon", "luctation", "handicap", "preliminary", "scoreboard", "contestinglyr", "booby prize", "pancratiast", "guilty", "ass rape", "pancratium", "pun off", "ever present", "overtime", "make mincemeat out of", "have best of it", "try conclusions", "strongwoman", "lose", "beauty", "electio", "fight", "reward"], ["door", "knob", "grip", "hold", "case", "doors", "holding", "opening", "bat", "bucket", "double team", "handled", "kotyliskos", "centrepin", "unwieldy", "kettlebell", "mop", "trolley jack", "mustaiba", "sadiron", "fromward", "firmer", "manubrial", "skeetwikten 1", "squeegee", "workload", "lydion", "landing net", "carrycot", "bottom hand", "awkward", "handgrip", "toat", "pail", "stockwikten 1", "ballstock", "pocketknife", "corner", "iron", "wolf hook", "nib", "stockwhip", "dustpan", "gargoulette", "staghorn", "praefericulum", "handleth", "ansate", "get one's arms around", "stretcher", "handleless", "beaker", "hand net", "ewer", "popcorn popper", "earwikten 1", "increment borer", "jacob's ladder", "pickaxe", "thumbpiece", "first chance exception", "doorhanger", "drawknife", "warming pan", "ladle", "hilt", "pommel", "mophandle", "dibber", "overhandle", "hammer", "lay glove on", "handbasket", "pilot wheel", "bailwikten 3", "manubrium", "tractator", "balti", "wield", "twistgrip", "quannet", "drizzler", "folding knife", "gearknob", "take care of", "deadlatch", "squeegee mop", "subcomb", "axhandle", "unhandleable", "jug", "bayonet", "starting handle", "one can't hold two watermelons in hand", "demijohn", "utility knife", "pull", "cup", "unhandled", "tough cookie", "endscraper", "handles", "woolder", "teacup", "tenaculum", "tooth", "camel driver", "lurryman", "noisemaker", "tankard", "shaft", "haftwikten 1", "brace", "back scrubber", "pogamoggan", "out of one's depth", "coehorn", "knaggie", "two hand sword", "dip pen", "lakaina", "smack around", "manipulate", "behandle", "wikten 1give handle", "lorgnette", "corncutter", "in turn", "dyno torch", "boul", "handling", "parting cup", "sticky fingered", "frying pan", "lug", "stilt"], ["sandpipe", "motive power", "grouser", "wheel", "applied", "grip", "snow chain", "sander", "aquaplane", "calving jack", "gritter", "path dependence", "momentum", "kirschner wire", "contractio", "animal", "tcs", "magnatraction", "autocar", "sipe", "engine", "frictio", "locking differential", "drift", "skid mark", "mechanically", "limb", "trailer hitch", "pulled", "tractive", "oculocardiac", "power", "high side", "brake bias", "pulling", "tractionless", "oversteer", "progress", "sustained", "pull", "skidmark", "tractional", "mountain bike", "understeer", "gripwikten 2", "gripper", "surface", "adhesive", "subtractio", "cleat", "antiskid", "slip", "tire grip", "tire"], [], ["bar", "march", "wrapping", "lock", "kimarite", "wrist", "attacker", "opponent", "pull", "swing", "grab"], [], [], ["equatio", "argument", "frequencies", "stability", "morphism", "automobile", "dynamo", "pull", "equalize", "codomai", "electromagnet", "equal", "equalization", "functio", "limit", "balancer", "aeroplane", "set", "domai", "resistance", "armature", "lateral", "solutio", "factor through", "conductor", "equalizers", "brake", "outboard"], ["pass", "spi", "kerbstone", "wedge", "lip", "vertical", "sound", "rail", "master track", "pull", "wave", "layback spi", "trick", "shaped", "maneuver", "lea", "jam", "surf", "crack", "surfer", "driveway"], ["plate", "servant", "cocktail waitress", "farm", "multiserver", "superpeer", "waitress", "print server", "topsite", "collocation", "seedbox", "information and communications technology", "fat client", "vimpa", "middleware", "ad i", "k line", "co host", "keyserver", "deuce court", "multitenancy", "client", "jswdk", "program", "bras", "servlet", "emailgate", "salver", "distribution server", "boat bearer", "virtual private server", "microserver", "servent", "upload", "akill", "sommelier", "ghost", "waiter", "bouncer", "hostmaster", "upstream", "website", "instance dungeon", "dumb terminal", "on prem", "ayt", "ultrapeer", "downstream", "http cookie", "blade server", "love hold", "pull", "server push", "nonserver", "hotlinking", "tray", "multitier", "kvm", "conversational", "server side", "mini break", "netsplit", "hash slinger", "client side", "listserver", "csrf token", "name server", "self hosting", "computer", "post", "thin client", "chunkserver", "long polling", "download", "hotlink", "autojoin", "tip out", "cohost", "agent", "fronthaul", "wyciwyg", "serve out", "return ace", "wait tables", "silly window syndrome", "scale out", "linemode", "domain name server", "serve", "serverless", "data synchronization", "session data", "lintel", "luser", "fileserver", "reverse proxy", "servers", "session", "forward proxy", "interserver", "exchange", "platter", "glass", "tip", "attendant"], [], ["vapply", "vbestow", "vinfluence", "vconduct", "vlead", "vdraw", "veducate", "vdirect", "vsteer", "vpull"], [" artifactcommodity artifact", " artifactcarter perso", "hand truck", "beast of burde", "cart", "handcarts", "hand", "pull", "push"], ["vise", "multilever", "ballcock", "whammy bar", "line of centers", "lazy jack", "skinner box", "treadle", "backfall", "underlever", "gavelock", "baffle", "handbrake", "scalebeam", "gearstick", "microlever", "target", "cuddywikten 1", "bite", "beam", "elevate", "operandum", "spanish windlass", "gear lever", "mixer tap", "effort distance", "homodromous", "puller", "grease gun", "crankarm", "pedal stoolwikten 1", "knife switch", "output arm", "manhandle", "balance board", "universal lever", "purchase", "wing corkscrew", "heaver", "cross axle", "pull", "ice cream scoop", "tommy bar", "toggle switch", "puzzle box", "crowbar", "cross tail", "pulley", "peabody action", "reloader", "vwikten 1operate", "bootwikten 1", "leverless", "wikten 1arm", "pipe tong", "tapware", "flipper", "slide", "lever action", "chest press", "voting machine", "wikten 1trigger", "heterodromous", "trigger", "wedgewikten 1", "resistance distance", "handspike", "johnson bar", "fulcrum", "wheel and axle", "pedal", "starting bar", "toggle", "ratchet jack", "ejector", "wikten 1bar", "leverman", "leverage", "multilevered", "knob", "input arm", "disher", "arm", "handle", "for moving", "moving", "machine"], [], [], [], ["stretch", "pericline", "elongatelyr", "stylodium", "prolate", "macrocephalic", "graminoid", "drumlin", "elongation", "streamertail", "velongated", "nonelongating", "elongates", "languette", "vlong", "alengthened", "elongating", "longspine snipefish", "tripus", "vlonger", "vpull", "strewnfield", "fibre", "subelongate", "vstretch", "trichobothrium", "aslender", "clitoris", "subtegula", "notoplate", "trench", "filamentation", "aextended", "extend"], [], [], ["pull", "vtug"], ["yankee", "yank", "yank someone's chai", "braze", "lie", "pull"], ["lisp", "vpluck", "vsnap", "huma", "voice", "quality", "electric guitar", "regional", "biwa", "instrument", "vibrate", "trace", "tingle", "twanginglyr", "flavor", "drawl", "accent", "vtense", "twanging", "narrow", "vsound", "vpull", "vmusical instrument", "nose", "vsharp", "vstring", "twangle", "vsudde", "twangs", "twanger", "toing", "bow", "twangling", "twank", "vnasal", "lilt", "tube", "sharp", "vproduce", "chant", "vvibrating", "foreig", "twangy", "string", "sound", "taste", "music", "epilaryngeal", "disagreeable", "country"], ["a inviting ", "a pleasing ", "beautiful a ", "a seductive ", "inviting a ", "pleasing a ", "seductive a ", "a beautiful ", "aattract", "pretty", "fitness", "babealicious", "droolworthy", "dolly", "bombshell", "miro", "aenticing", "bling out", "honey shot", "aappeal", "boy band", "lulu", "temptation", "aagreeable", "baby vamp", "bangable", "take gilt off gingerbread", "inviting", "calypsis", "sizzler", "vampette", "attractivity", "pert", "eleven", "fascinate", "yiffable", "intermolecular force", "slim", "j lo", "cyberbabe", "attractivelyr", "gussie up", "fancy pants", "unattraction", "taking", "dolly bird", "varnishment", "babe", "asense", "ktv girl", "sweeten", "enticing", "peng ting", "tempting", "cheerleader effect", "dreamy", "cover girl", "cinegenic", "hair styling", "electrophile", "ten", "face that would stop clock", "spunk", "winning", "fur", "affinity", "fittie", "aplease", "belle laide", "aallure", "heartbreaker", "it boy", "heaven on stick", "eyeful", "trophy wife", "eye candy", "chemical bond", "bona vardering", "comeliness", "cybergenic", "fairsome", "stud muffin", "queerbait", "gnarly", "takingness", "dishy", "smoke show", "bright young thing", "fanciable", "well dressed", "prepossessing", "smoky", "goose up", "hunk", "barbiesque", "sweet young thing", "foxtress", "food stylist", "kissable", "hotsy totsy", "hot stuff", "hot", "engaging", "beauty", "bodacious", "offer one can't refuse", "wouldn't kick someone out of bed", "bonable", "seductive", "bonnie", "presentable", "spokesbabe", "flower sweet", "butterbody", "wench", "easy on eyes", "ainherent", "appeal", "dinky", "telegenic", "just another pretty face", "bit of fluff", "bit of alright", "instagrammable", "good looking", "best bib and tucker", "spiff", "beachgirl", "nymph", "hussy up", "sexy", "stone cold fox", "doodie up", "honeypot", "proper", "bobby dazzler", "eye catching", "baby", "peng", "well thewed", "unsell", "bikini babe", "nonattractive", "embellish", "smoking hot", "sweetened", "embellished", "bathing beauty", "crushworthy", "comelilyr", "wetlook", "pruck", "dateable", "hottie", "foxy", "appealing", "louche", "jailbait", "sex on legs", "takinglyr", "bobfoc", "hot lips", "aforce", "sightly", "nubile", "cute", "nice looking", "beddable", "chick magnet", "beckon", "good looker", "suiseki", "fuckable", "nucleophile", "hotcha", "fetchingness", "unbecoming", "arm candy", "smokeshow", "facecare", "boobilicious", "swoonsome", "pull", "mediagenic", "bedworthy", "statuesque", "soap bubble", "snazz up", "femme fatale", "tsutsumu", "beaut", "centerfold", "prettify", "dreamboat", "patootie", "autocutie", "nymphet", "smasher", "superattractive", "esculent", "specious", "got it going on", "gilded cage", "knockout", "handsomelyr", "eyeopener", "fascinating", "studmuffin", "toothsome", "sleek", "snowman", "acharm", "killing", "attractiveness", "irresistible", "personable", "aattractio", "comely", "sharp", "eyesome", "magnet", "lure", "leg"], ["vwithdraw", "unconcede", "unpredict", "unsubmit", "utility knife", "unsurrender", "retracteth", "walk back", "vunspeak", "deadbolt", "hirt's law", "epiglottopharyngeal", "vback", "skin back", "vretreat", "pull back", "take back", "retractest", "retractive", "recall", "nonretraction", "shrink swell", "pretensioner", "eat one's words", "withcall", "belay my last", "vunsay", "retraction", "retracting", "unsay", "retrolingual", "back do v", "vpull", "unpublish", "retracts", "vtake back", "retractile", "irrevocable", "retracted", "nonretracting", "unretractable", "untell", "retractor", "vrevoke"], [], [], [], ["apull"], ["pull", "influence"], [], [], ["attraction", "attractive", "vallure", "ahoy", "parthenophile", "make splash", "unattraction", "tempt", "seduce", "pull", "attracteth", "dinge queen", "vinfluence", "infatuated", "prebait", "magnetize", "badge bunny", "worm charming", "attractancy", "unattracted", "payao", "attractee", "appeal", "honeypot", "enchant", "sembling", "illecebrous", "reattract", "fatal attraction", "noteless", "allicient", "attractile", "ungravity", "ovitrap", "attractional", "vtouching", "vtoward", "transfan", "attracticide", "nonattracting", "catch eye", "insectocutor", "take to", "vinterest", "vsexual", "structure", "attractant", "fanny magnet", "vdraw", "vote catching", "chubby chaser", "hygroscopy", "babe magnet", "engage", "turn someone's head", "attractor", "coand\u0103 effect", "attract mode", "attractivelyr", "allure", "attractest", "attracts", "outdraw", "varouse", "pitcher plant", "purchase funnel", "unattractive", "vpull", "electronegative", "vwithout", "demiromantic", "catch", "attracted", "eye catching", "vengage", "glaringlyr", "tractor beam", "magnetic", "captivate", "fancy", "entice", "barnumize", "mating call", "crowd art", "nonattracted", "vemotional", "electricity", "pulling power", "actinidiolide", "invitinglyr", "turn on", "crowd puller", "electronegativity", "bombykol", "attrahent", "attracting", "vmind", "size queen", "vfix", "vmoral", "come on", "draw", "draw in", "vattentio", "transromantic", "vinvite", "power wall", "spamvertising", "magnet", "call", "lure"], [], ["vtwitch", "sharp", "tweak", "twinging", "twinges", "pinch", "vpull", "pai", "twitch"], ["pull", "current", "backward"], ["door", "handle", "edge", "cascabel", "manubrium", "skiffling", "knobs", "iris diaphragm", "knubble", "protuberance", "dollop", "knoblike", "knapwikten 2", "knaggy", "drawerknob", "penis", "ornament", "twist", "hilt", "paduka", "capitellate", "prominent", "knobbing", "return spring", "croche", "rhizome", "weapo", "fleuron", "knobby", "node", "pommel", "dial", "pull", "ridge", "knoblet", "knub", "mountai", "caput", "head", "shillelagh", "butter", "knobbed", "fleshy", "knobstick", "control", "ancony", "knobbly", "lever", "bosset", "knobless", "gearknob", "doorhanger", "organ stop", "garlic", "switch", "choke up", "knottle", "nodiform", "noduliform", "spoonful", "cloves", "stem winder", "breasts", "bulb", "x stretcher", "knop", "entypy", "knobble", "nubbin", "brodie knob", "hill", "tapware", "caruncle", "axis", "contemptible", "cobiron", "bump", "ginger", "glans", "opening", "opener", "door handle", "round", "noble", "door opener", "opening door", "in doors", "doors", "metal", "on door", "round handle", "volume", "opening it", "doorways", "bell"], ["tugboater", "towboat", "tug", "pull", "push", "powerful", "vessel", "maneuver", "barge", "boat", "tugboats"], ["swim", "medley", "butterfly", "trudge", "breaststroke", "vswim", "preadmission", "stroke", "handstroke", "backstroker", "propel", "backwards", "backstroked", "bell", "back crawl", "backstroking", "backstrokes", "pull", "arm", "front crawl", "sidestroke", "backcrawl", "back", "swimming", "freestyle", "tail", "rope"], ["tensile", "tensiometer", "orthophoria", "vasoregulation", "tensionless", "epitonic", "come to blows", "amyotonia", "stress ball", "d\u00e9tente", "tensioned", "relaxation", "cathartic", "psychological", "vstrai", "hypertonic", "tensioner", "tono", "pretension", "hacksaw", "lt", "normotensive", "tenoepiphysiodesis", "oppositio", "tensive", "years of lead", "tensity", "whammy bar", "ht", "eht", "ripplon", "detension", "voltage", "sonometer", "meniscus", "magnetomotor", "prestress", "isometheptene", "post tension", "catharsis", "tranquilizer", "stage fear", "snare", "tense", "ophthalmotonometry", "hypotonic", "stiffness", "vpull", "entonic", "tensile strain", "tend", "negative pressure", "fretsaw", "bracer", "tensional", "framesaw", "mechanoreceptor", "ust", "pull apart", "whew", "tensions", "harness bend", "town and go ", "ease", "poisson's ratio", "erupt", "antitension", "kettledrum", "snap", "isotonic", "taut", "snap one's fingers", "tonicity", "hyperarousal", "tonometry", "freespool", "discord", "tonometer", "suspense", "wound up", "vaporimeter", "vasorelaxation", "prolongational reduction", "forces", "battle of sexes", "brace", "conciliation", "transtension", "thermotension", "rub", "hold", "drama"], [], ["suction cup", "aspirate", "vacuum cleaner", "bee vacuum", "suctorial", "suctioned", "slipstream", "drinking straw", "pipelle", "suctional", "suction stop", "suctioning", "suctions", "pussy pump", "liposuction", "pull", "clam gun", "remora", "cup", "influence", "minisuction", "suction pad", "sidecast", "vacuum"], ["vhaul", "vspeed", "vsense", "vdrag", "support", "vru", "foot", "vconditio", "lugworm", "vslow", "vfigurative", "lugsail", "slug", "vegetable", "handle", "vsail", "vpull", "lug nut", "length", "vprevailing", "snug", "sluggard", "box", "stick out", "ear", "lugged", "political", "underlug", "wood", "rod", "fruit", "fool", "vexcessive", "money", "vcarry", "schlep", "purposes", "measure", "ear lobe", "request", "pole", "carry"], ["vexert", "stress", "vpull", "vunderside", "tensile", "vundergo", "faulting", "overthrust"], [], [], [], ["unbridled", "mouth", "headstall", "bridled", "scatch", "vcontrol", "length", "vhostility", "bridles", "beard", "curb", "browband", "lunge line", "bridleth", "cheekpiece", "longe line", "shank", "check", "lunge", "kite", "bridler", "crownpiece", "bow kite", "hawser", "vcheck", "reins", "boatswain's chair", "curb bit", "cable", "bit", "overcheck", "tumbler", "fiador", "cavesson", "eyeflap", "noseband", "bridlest", "two", "headgear", "vshow", "ponygirl", "chambon", "moor", "vrestrai", "vresentment", "throatlatch", "bridleless", "gunlock", "bridleway", "sear", "gob string", "horse", "winker", "bridlelike", "bridlewise", "musrole", "appui", "pull", "vtongue", "muzzle", "line", "sliphead", "unbridle", "spread", "force", "cheek", "restraint", "winkers", "dressage", "blinder", "bridling", "lungeing rein", "hackamore", "bitwphorse", "harness"], [], [], ["pull", "penis", "tic", "trichotillomania", "dermatillomania", "masturbatio", "nervous"], [], ["drawgear", "rod", "pull", "drawrods"], [], [], ["multiclient", "session", "middleware", "downstream", "ultrapeer", "front running", "incall", "user agent", "clients", "computer", "agent", "clientage", "multitier", "rentier state", "clientless", "server side", "serverless", "service design package", "timeserver", "session bean", "yavis", "margin call", "clientworthy", "applicatio", "pull", "abbess", "nonclient", "front", "copacking", "legal representative", "cliency", "proprietary trading", "input output", "architect's lien", "stockbroker", "long polling", "information and communications technology", "regular", "outcall", "clientdom", "book of business", "server", "voucher", "clienteling", "clientele", "ayt", "client side", "reverse proxy", "accountant", "abbot", "attorney client privilege", "runner", "empty chair", "triadic", "meet and greet", "clientish", "cliented", "underpatronized", "preferred provider", "conversational", "all nighter", "off season", "silly window syndrome", "happy ending", "account executive", "forward proxy", "thin client", "session data", "jobsworth", "cold calling", "line of credit", "accountant's lien", "score", "life coach", "clientitis", "msn generation", "web content", "clientship", "upstream", "fat client", "professional", "podcatcher", "customer", "tti", "ghost", "service", "tofu", "community psychiatric nurse", "virtual assistant", "john", "beltway bandit", "walk policy", "telnet", "goods", "ponce", "jockey", "user", "system", "cliently", "servlet", "servent", "clienthood", "lawyer", "occupational therapist", "attorney of record", "gonk", "ttfb", "clientlike", "briefless", "poodle", "bargirl", "attorney's lien", "bailin", "massage table", "patient", "thunder"], [], [], [], [], ["oxgang", "oxe", "year", "area", "land", "plow", "pull", "team", "acre", "carruca", "carucates", "recko", "notional", "ploughgate", "able", "carucage", "usually", "farmed", "plough"], [], [], ["unstubbed", "financial swap", "torn off", "vtoe", "stublike", "stubbing", "page", "translate", "docked", "nubbin", "stubble", "process", "mock out", "stubless", "procedure", "system", "cigarette", "external", "submit", "pe", "stubs", "counterfoil", "vpull", "stunted", "signature", "minimal", "nib", "vremove", "development", "stubby", "butt", "stump", "vtree", "stubbed", "blunted", "vcut", "vhit", "vbush", "short", "vjam", "ticket", "neck", "ticket part", "part", "piece", "ticket piece", "bump toe", "toe", "bump", "bullet", "ticket remnant", "remnant", "table leg", "table", "leg"], ["kare", "muah chee", "biochanin", "xalwo", "arachiform", "vpull", "nut", "tin roof pie", "wenchang chicken", "vprank", "mee chiang kueh", "peanut butter", "hypogaeic acid", "vtie", "legume", "aflatoxin", "satay", "peanutless", "groundnut", "dragon's beard candy", "vatap\u00e1", "gunpowder chicken", "peanut milk", "beer nut", "kuli", "pad thai", "peanuts", "snickers pie", "peanutty", "peanut brittle", "arachis hypogaea", "vknot", "kung pao", "mafe", "cracker jack", "kilishi", "snickers", "som tam", "peanutlike", "vtighte", "massaman", "goober bean", "theobromic acid", "bambara groundnut", "mixed nuts", "protose", "bullet", "oil", "cookie", "jelly", "jar"], ["out tur", "turn out", "attendance", "rails", "common crossing", "road", "outturn", "crowd", "points", "turnouts", "stair railings", "pull"], [], [], [], [], [], ["pull", "hair"], [], [], ["vsurpass", "vpull"], [], []], "/r/UsedFor": [["machine"], [], [], [], [], ["separating rooms", "entry or exit to locatio", "keeping people out of room", "enter", "closing passageway", "passage", "control access", "entering or exiting area", "entering or exiting room", "enter room", "separate two rooms", "making room private", "protecting things", "get out of car", "keeping people in room"], ["limit access"], [], [], [], [], [], [], [], [], [], [], [], [], [], ["crayons", "graphite pencil"], [], [], [], [], [], [], [], [], [], [], [], [], [], ["handle", "pike", "knob"], [], [], [], ["competing against", "playing chess", "jumping up and do "], ["open door", "hold tool", "pulling", "carry", "gripping", "carry purse", "hang onto", "opening door", "lifting", "put in motio", "carrying things", "open drawer", "holding onto", "carry object", "make easier to carry", "turn on water", "manipulate"], [], [], [], [], [], [], [], [], [], [], [" artifacthaul contact", "baby buggy artifact"], [], [], [], [], [], [], [], [], [], [], [], [], [], [], [], [], [], [], [], ["aquarium artifact emotio"], [], [], [], ["opening doors", "opening door", "opening mailbox", "open drawer", "pulling", "turning on stereo", "turning on radio", "pulling open drawer"], [], [], [], [], [], [], [], [], [], [], [], [], [], [], [], [], [], [], [], [], [], [], [], [], [], [], [], [], [], [], [], [], [], [], [], [], [], [], [], []], "/r/LocatedAt": [[], [], [], [], [], [], [], [], [], [], [], [], [], [], [], [], [], [], [], [], [], [], [], [], [], [], [], [], [], [], [], [], [], [], [], [], [], [], [], [], [], [], [], [], [], [], [], [], [], [], [], [], [], [], [], [], [], [], [], [], [], [], [], [], [], [], [], [], [], [], [], [], [], [], [], [], [], [], [], [], [], [], [], [], [], [], [], [], [], [], [], [], [], [], [], [], [], [], [], [], [], [], [], [], [], [], [], [], [], [], [], [], [], [], []], "/r/FormOf": [["stretched", "strech", "stretcheth", "stretching", "stretches", "stretchedst"], [], ["tugs", "tuggers", "tugged", "tugging"], ["forceth", "forces", "forcest", "forc'd"], ["tows", "towing", "towed"], ["doors", "dooringwikten 2"], ["door", "vdoor"], [], [], [], [], [], [], ["tosed", "tosing", "toses"], [], [], [], ["bootstrapped", "bootstrapping", "bootstraps"], [], ["tweaked", "tweaks", "tweaking"], ["drew", "drewest"], [], [], [], [], [], [], [], [], ["hitches", "hitching", "hitched"], ["vpull", "pull"], ["drawths"], ["updra v", "updraws", "updrawing", "updrew"], ["plucking", "pluckest", "plucketh", "plucked", "plucks"], ["pull", "pullings", "vpull"], ["pullups"], [], ["undertows", "undertowed", "undertowing"], ["contests", "contesting", "contesteth", "contested"], ["handles"], ["tractions", "tractioned", "tractioning"], [], [], [], [], ["equaliser", "equalizers"], ["laybacked", "laybacks", "laybacking"], ["servers"], [], ["betows"], ["hand cart", "handcarts"], ["levers", "levering", "levered"], [], [], [], ["elongates", "elongating", "elongated"], [], [], ["tuggings", "vtug"], ["yankers"], ["twanging", "twanged", "twangs"], [], ["retracted", "retractest", "retracts", "retracteth", "retracting"], [], [], [], [], ["counterpulls"], [], [], ["attracts", "attractest", "attracting", "attracted", "attracteth"], [], ["twinged", "twinging", "twinges", "twingeing"], ["towbacks"], ["knobbed", "knobs", "knobbing"], ["tug boat", "tugboats"], ["backstrokes", "backstroked", "backstroking"], ["tensioning", "tensioned", "tensions"], [], ["suctioned", "suctions", "suctioning"], ["lugs", "lugging", "lugged", "lugh"], ["underdrags"], [], [], [], ["bridled", "bridles", "bridling", "bridleth", "bridlest"], [], [], [], [], ["drawrods"], [], [], ["clients"], [], [], [], ["vrouw", "vrows"], ["carucates", "carrucate"], [], [], ["stubs", "stubbed", "stubbing"], ["peanuts", "peanutted", "peanutting"], ["turnouts"], [], [], [], [], [], ["hairpullers"], [], [], ["outpulls", "outpulling", "outpulled"], [], []], "/r/IsA": [[" timeduration time", "pandiculation act", "slack object", " actexercise act", "homestretch artifact racing", " objectexpanse object", " attributeelasticity attribute", " racingstraightaway artifact", " actextension act"], [], [" actpull act", "ship"], ["gravity", "military service group", "centripetal force phenomenon physics", "work force group", "affinity phenomenon physics", "security force group", "paramilitary group", "centrifugal force phenomenon physics", "pressure attribute", "wheel attribute", "pull phenomenon physics", " attributeinfluence attribute", "life force biology physics", "staff group", " physicsphysical phenomenon phenomeno", " grouporganization group", "military personnel group", "coriolis force physics", "moment phenomenon physics", "reaction mechanics physics", "patrol group", "duress attribute", "energy attribute", "cohesion physics", "drift phenomenon physics", "military group", "lorentz force phenomenon physics", "attraction phenomenon physics", "magnetomotive force phenomenon physics", "rank and file military group", "brunt attribute", "repulsion phenomenon physics", "line personnel group", "police group", "push phenomenon physics", "momentum attribute", " groupsocial group", "military police group", " attributeintensity attribute", "management personnel group", "guerrilla force group", "lifeblood attribute", "propulsion phenomenon physics", "torsion phenomenon physics", "stress physics", "aerodynamic force phenomenon physics", "heartbeat attribute", "group of things", "mass", "coercio"], [" actdraw act", "intelligent agent activity", "motoring", "towing automobile", "towing"], [" artifactmovable barrier artifact", "swing door artifact", "screen door artifact", " attributeentree attribute", "interior door artifact", "double door artifact", "trap door artifact", "sliding door artifact", "car door artifact", " artifactroom artifact", "cargo door artifact", "storm door artifact", "open door attribute", "fire door artifact", "french door artifact", "revolving door artifact", " artifactstructure artifact", "way to enter classroom", "elevator door", "pet door", "sliding door", "part of car", "refrigerator door", "microwave door", "front door", "barrier", "passageway", "backdoor", "screen door", "dishwasher door", "glass door", "entrance", "door in building", "back door", "portal covering", "find downstairs", "door outdoor region to"], ["entrances to rooms", "openings", "rectangular shaped", "pushed opne", "archways", "band"], [], [], [], [], [], [], [], [], ["metal"], [], [" artifactstrap artifact", "wpfront end frameworksoftware"], [], [], [" actpull act", "stalemate event", " artifactplaying card artifact", " eventfinish event", " american footballrun football", "dead heat event", " objectgully object", "tow act", " artifactobject", " actpoker act", "natural thing"], [], [], [], [], [], [], [], [], [" artifactknot artifact", "rolling hitch artifact", " actgait act", " artifactconnection artifact", "blackwall hitch artifact", "sheet bend artifact", "timber hitch artifact", "cat's paw artifact"], [], [], [], [" actpull act"], ["pulling oneself towardsopencycpulling object", "draggingopencycpulling object", "stretchingopencycpulling object", "opencycpulling incurring injurygetting hurt", "pulling without translationopencycpulling object"], [], [], [" eventundertide event", " feelinginclination feeling"], ["championship event", "bout event", "cliffhanger event", "race event", "game event", "athletic contest event", "tournament event", "bidding contest act", "field trial event", "series sport event", " actcompetition act", "playoff event", "chicken event", "spelling bee event", "dogfight event", "match event", "popularity contest act", "trial sport event", " eventsocial event", "battle of wits act", "rubber event", "skirmish", "dogfight", "competitio"], ["panhandle artifact", "rake handle artifact", "hilt artifact", " artifactappendage artifact", "pommel artifact", "hoe handle artifact", "stock artifact", "broomstick artifact", "crop artifact", "mop handle artifact", "knob artifact", "ax handle artifact", "haft artifact", "broom handle", "non powered device", "handlebar", "handgrip", "strap", "pointer"], [" orthopedicspull act", "scalar quantity"], [], [], [], [], [" artifactelectronic equipment artifact", " actscore act", "automotive equalizer", "componentopencycaudio system component"], [], [" court gameplayer perso", " artifactutensil artifact", "nis server", " computer sciencecomputer science", "wiki farm", "waitress", "proxy server", "mail server", "microserver", "computer", "timeserver", "virtual host", "web server", "name server", "waiter", "time server", "fileserver", "ftp server", "database server", "file server", "samba server", "alpha computers", "news server", "terminal server", "netserver", "blade server", "another name for waiters and waitresses", "login authenticator", "media convergence server", "network sercurity server", "network appliance", "network access server"], [], [], ["applecart artifact", "laundry cart artifact", "shopping cart artifact", " artifactwheeled vehicle artifact", "barrow artifact", "serving cart artifact", "hand truck artifact"], ["crowbar artifact", "stick artifact", "spark lever car artifact", "tiller artifact", "pedal artifact", " artifactbar artifact", "compound lever artifact", "peavey artifact", "key artifact", "pinch bar artifact", "hand throttle artifact", "tappet artifact", "tire iron artifact", " artifacttumbler artifact", "gun trigger artifact", " artifactmachine artifact", "ripping bar artifact", "rocker arm artifact", "tool", "device"], [], [], [], [], [], [], ["fighting"], [" persopuller perso"], [" eventsound event", " attributenasality attribute"], [], [], [], [], [], [], [], [], [], [], [], [" cognitiopain cognitio"], [], ["stop music artifact", " artifactdecoration artifact", " artifactprojection artifact", "nailhead artifact", "doorknob artifact", " artifacthandle artifact", "knobble artifact", "control knob", "doorknob", "protrusion", "single purpose device", "device for controlling mechanisms"], ["boat", " artifactboat artifact", "vessel", "motorboat"], [" actswimming stroke act", "moving all legs", "surface swimming", "intelligent agent activity"], [" statecondition state", "yips state psychology", " physicsstress physics", "breaking point psychology", " artbalance state", " actstretching act", "tonicity muscle state", " psychologystrain psychology", "force vector"], [], [" phenomenopressure phenomeno", "good way to unclog toilets"], [" artifactprojection artifact", "acre", "rood", "wpbeo\u010divillage"], [], [], [], [], [" artifactheadgear artifact", " actrestraint act", "device"], [], [], [], [], [], [], [], [" lawcase perso", "thin client", "fat client", "wpnovelbook"], [], [], [], [], ["ploughland", "plough", "oxgang", "ploughgate", "hundred", "virgate", "ochdamh", "acre", "fardel", "nook", "barony"], [], [], [" communicatioreceipt communicatio", " objectplant part plant", " communicatiorecord photography", "rain check communication communicatio", "stump", "stubble"], [" persochild perso", " plantlegume plant", " plantpod plant", " foodedible nut food", "earthnut", "edible nut", "edible legume seed", "plant"], [" groupgathering group", " actattendance act", " artifactpart artifact", " balletrotation act"], [], [], [], [], [], [], [], [], [], [], []], "/r/PartOf": [[" racingracetrack artifact"], [], [], [], [], ["handle", "doorknob", " artifactdoorway artifact", "lock artifact", "latch", "lock", "house", "keyhole", "transportation vehicle"], [], [], [], [], [], [], [], [], [], [], [], [], [], [], [], [], [], [], [], [], [], [], [], [], [], [], [], [], [], [], [], [], [], ["door", " artifactcheese cutter artifact", " artifactracket artifact", " artifacthandlebar artifact", "shank artifact", " artifactcarrycot artifact", " artifactbrush artifact", " artifactaspergill artifact", " artifactwatering can artifact", " artifacthandcart artifact", " artifactbriefcase artifact", " artifactfaucet artifact", " artifactcoffee cup artifact", " artifactcoffeepot artifact", " artifactteacup artifact", " artifacthand tool artifact", " artifactcutlery artifact", " artifactbaggage artifact", "hammer", " artifactedge tool artifact", " artifactfrying pan artifact", " artifacthandset artifact", " artifactcarpet beater artifact", " artifacthandbarrow artifact", " artifactmug artifact", " artifactspatula artifact", " artifactumbrella artifact", " artifactcricket bat artifact", " artifactsaucepan artifact", " artifactladle artifact", " artifactbaseball bat artifact", "object"], [], [], [], [], [], [], [], [" computer sciencecomputer network science"], [], [], ["handle artifact"], [" artifactlever lock artifact", "fulcrum artifact", "fulcrum"], [], [], [], [], [], [], [], [], [], [], [], [], [], [], [], [], [], [], [], [], [], [], [" artifacthilt artifact", "radio"], ["helm artifact"], ["flutter kick act"], [], [], [], [" artifactlug wrench artifact", "wpbeo\u010divojvodina"], [], [], [], [], ["bit artifact", "rein artifact", "headstall artifact", "noseband artifact", "cheekpiece artifact", " artifactharness artifact", "bit", "browband"], [], [], [], [], [], [], [], ["clientele"], [], [], [], [], [], [], [], [], [" plant", " food plant"], [" artifactroad artifact"], [], [], [], [], [], [], [], [], [], [], []], "/r/HasA": [[], [], [], [], [], ["house", "handle", "booth", "two halfs", "telephone box", "every room", "elevator", "apartment"], ["house", "rooms", "houses", "door knobs", "cabinets", "passageway", "cars", "handles", "arches"], [], [], [], [], [], [], [], [], [], [], [], [], [], [], [], [], [], [], [], [], [], [], [], [], [], [], [], [], [], [], [], ["winner and many losers"], ["door", "attache case", "frying pa"], [], [], [], [], [], [], [], [], [], [], [], [], [], [], [], [], [], [], [], [], [], [], [], [], [], [], [], [], [], [], [], [], [], [], [], [], [], [], [], [], [], [], [], [], [], [], [], [], [], [], [], [], [], [], [], [], [], [], [], [], [], [], [], [], [], [], [], [], [], [], [], [], [], [], []], "/r/CapableOf": [["elastic"], [], [], [], [], ["ope", "swing on hinges", "seal off room", "fire rated", "paird", "close", "enclose cupboard", "keep people out"], ["open and close", "get stuck shut", "stick shut", "stay ope"], [], [], [], [], [], [], [], [], [], [], [], [], [], ["artist"], [], [], [], [], [], [], [], [], [], [], [], [], [], ["opening door"], [], [], [], ["game", "involve type of play"], ["lower bucket"], [], [], [], [], [], [], [], ["stream video", "forward mail", "share resource"], [], [], [], [], [], [], [], [], [], [], [], [], [], [], [], [], [], [], [], [], [], [], [], [], [], [], [], ["near freighter"], ["swimmer"], ["cause headache"], [], [], [], [], [], [], [], [], [], [], [], [], [], [], [], ["trust salesman to lie", "buy time", "sign check", "bring money"], [], [], [], [], [], [], [], [], [], [], [], [], [], [], [], [], [], [], [], [], []], "/r/AtLocation": [[], [], [], [], [], ["building", "knob", "lock", "wall", "theater", "handle", "apartment", "room", "office", "neighbor's house", "union suit", "note", "car", "motel", "key i", "shut off notice", "internet cafe", "key", "classroom", "school", "front door"], ["building"], [], [], [], [], [], [], [], [], [], [], [], [], [], ["staple remover", "checkbook"], [], [], [], [], [], [], [], [], [], [], [], [], [], [], [], [], [], [], ["fridge", "door", "drawer", "hardware store"], [], [], [], [], [], [], [], ["slave"], [], [], [], [], [], [], [], [], [], [], [], [], [], [], [], [], [], [], [], [], [], [], [], [], [], [], ["door", "control panel", "hardware store", "televisio", "doorway"], [], [], ["meeting"], [], [], [], [], [], [], [], [], [], [], [], [], [], [], [], ["office"], [], [], [], [], [], [], [], [], [], [], [], [], [], [], [], [], [], [], [], [], []], "/r/HasProperty": [["do in gym"], [], [], [], [], ["opened or closed", "rectangular in shape", "open or closed", "opaque", "hollow", "large", "solid"], ["pushed ope", "pulled ope"], [], [], [], [], [], [], [], [], [], [], [], [], [], [], [], [], [], [], [], [], [], [], [], [], [], [], [], [], [], [], [], [], [], [], [], [], [], [], [], [], [], [], [], [], [], [], [], [], [], [], [], [], [], [], ["clean things", "working class me", "most sex performers", "lines", "helen unger clark thinks stephan jenkins", "people cut flowers because"], [], [], [], [], [], [], [], [], [], [], [], [], [], [], [], [], [], [], [], [], [], [], [], [], [], [], [], [], [], [], [], [], [], [], [], [], [], [], [], [], [], [], [], [], [], [], [], [], [], [], [], [], []], "/r/CreatedBy": [[], [], [], [], [], [], [], [], [], [], [], [], [], [], [], [], [], [], [], [], [], [], [], [], [], [], [], [], [], [], [], [], [], [], [], [], [], [], [], [], [], [], [], [], [], [], [], [], [], [], [], [], [], [], [], [], [], [], [], [], [], [], [], [], [], [], [], [], [], [], [], [], [], [], [], [], [], [], [], [], [], [], [], [], [], [], [], [], [], [], [], [], [], [], [], [], [], [], [], [], [], [], [], [], [], [], [], [], [], [], [], [], [], [], []], "/r/Synonym": [["stretch out body", "v changeadulterate change", "stint time", "v changeelongate change", " actreach act", "extend body", "stretch out motion motio", "stretchiness attribute", "v motiounfold motio", "v changeextend change", "stretchability attribute", "stretching act", "stretch along stative", "extend", "rarefy"], [], ["push social", "labor social", "jerk act", "drive social", "labour social", "tugboat", "v contactlug contact", " artifacttugboat artifact", "yank", "pull"], [" persopower perso", " militarymilitary unit military", "ram contact", " baseballforce play baseball", "v motiopush motio", "strength attribute", "thrust communication communicatio", "personnel group", " actviolence act", "v socialcoerce social", "v creatioimpel creatio", "v contactwedge contact", "v contactstorm contact", " laweffect law", "drive contact", "forcefulness attribute", "random", "compel"], ["towage act", "drag along", "oakum", "hards"], [" artifactdoorway artifact", "porti\u00e8re", "car door"], [""], [], [], [], [], [], [], [], [], ["a malleable ", "malleable a ", "atractable", "aflexible", "flexible", "sequacious"], [], ["wpfront end frameworkwpfront framework"], [], ["v contactpluck contact", " actpinch act", "v changefine tune change", "twinge", "fiddle with", "methamphetamine hydrochloride"], ["make cognition cognitio", "v possessioreap possessio", "v contactattract contact", "get out motion motio", "draw play american football", "v competitiotie competitio", "draw and quarter social", "v communicatiodescribe communicatio", "v possessiowithdraw possessio", "draw poker act", "quarter social", "pull motion motio", "lot artifact", "v contactabsorb contact", "take out motion motio", "cast competition competitio", "v consumptiopuff consumptio", " persodrawing card perso", "v contactpull contact", "haul act", "v motiopull motio", " acthook act", "standoff event", "v contactpull back contact", "v contactguide contact", "haulage act", "v contacttrace contact", "v changedisembowel change", "pull out motion motio", "v contactstring contact", "tie event", "get baseball", "dry creek", "tie score"], [], [], [], [], [], [], [], [], [" timeenlistment time", "catch contact", "hitchhike", "hobble act", "v motiohitchhike motio", "v motiolimp motio", " artifacthindrance artifact", "limp act", " statearrest state", "v motiobuck motio", "catch", " cognitiohang up cognitio", "contretemps", "tow hitch", "rub", "tow bar", "knot"], [], [], [], ["deplume contact", "pick contact", "displume contact", "plunk contact", "tear contact", "pull contact", "v possessioovercharge possessio", "pick off contact", "deplumate contact", " attributegutsiness attribute", "pull off contact", "v contactpick contact", "v possessiohustle possessio", "tweak contact", "crop", "bravery", "valor", "courageousness", "tear off", "courage", "fearlessness"], [" actpull act"], [], [], ["sea purse event", "sea puss event", "sea poose event"], ["competition event", "repugn communication communicatio", "contend communication communicatio", "action", "vcall into questio", "controversy", "struggle", "tight", "feud", "competitio", "conflict", "battle", "vcompete"], ["v socialtreat social", "hold artifact", "v socialmanage social", "palm contact", "grip artifact", "v contactwield contact", "v communicatiocover communicatio", "handgrip artifact", "deal with", "hand", "tap", "nickname", "vsteer", "pull", "hilt"], [" cargrip car"], [], [], [], [], ["equaliser artifact", " artifactcounterweight artifact", "game"], [], ["host computer science", " persowaiter perso", "waiter", "waitperson", "waitro", "waitress"], [], [], ["go cart artifact", "pushcart artifact", "cart artifact"], ["lever tumbler artifact", "v contactpry contact", "swape"], [], [], [], ["stretch change", "linear a ", "a elongated "], [], [], [], ["jerker person perso", "puller"], ["nasal twang attribute"], ["appealing", "amagnetic", "hot", "looksome", "magnetic"], ["v motioshrink back motio", "v contactdraw in contact", "draw back contact", "v communicatioabjure communicatio", "pull back contact", "abjure", "vtake back", "recant", "unsay", "draw up"], [], [], [], [], [], [], [], ["draw contact", "appeal emotion emotio", "vallure", "draw in contact", "pull contact", "pull in contact", "allure", "draw", "suck", "arrest", "canvass"], [], ["v perceptioprick perceptio", "v contactpinch contact", " feelingpang feeling", "vpinch", "sharp pai", "pang", "vtwitch", "tweak", "twitch", "vtweak", "pinch", "gripe"], [], ["pommel artifact", "boss artifact", " shapenode shape", "button"], ["tug artifact", "tug", "tower artifact", "towboat artifact", ""], ["back crawl"], ["tenseness psychology", "tautness state", "stress psychology", "tenseness state", "tensity state", " statelatent hostility state"], [], [" actsucking act"], ["v contactstuff contact", "tote contact", " antiquitylugh antiquity", " animallugworm animal", " artifactlugsail artifact", "tug contact", "lesbian until graduation", "wpbeo\u010dinwpbeo\u010di"], [], [], [], [], ["curb act", "check act", "curb", "headgear", "restraint", "vrestrai", ""], [], [], [], [], [], [], [], [" computer sciencenode science", " persocustomer perso", "principal", "buyer", "customer", "wpnovelwpnovel"], [], [], [], [], ["ploughgate", "ploughland", "plough", "hide"], [], [], [" objectnub object", "skin contact", "ticket stub communication communicatio", "check stub communication communicatio", " artifactbutt artifact", "counterfoil communication communicatio", "scrape contact", "stubble", "clear"], ["monkey nut food", "groundnut food", "goober pea food", "earthnut food", "goober food", "a insignificant ", "peanut vine plant", "arachis hypogaea plant", "monkeynut", "groundnut", "goober", ""], ["widening artifact", " artifactoutfit artifact", " artifactsiding artifact", " artifactoutput artifact", "lay by", "outfit"], [], [], [], [], [], [], [], [], [], [], []], "/r/LocatedNear": [[], [], [], [], [], [], [], [], [], [], [], [], [], [], [], [], [], [], [], [], [], [], [], [], [], [], [], [], [], [], [], [], [], [], [], [], [], [], [], [], [], [], [], [], [], [], [], [], [], [], [], [], [], [], [], [], [], [], [], [], [], [], [], [], [], [], [], [], [], [], [], [], [], [], [], [], [], [], [], [], [], [], [], [], [], [], [], [], [], [], [], [], [], [], [], [], [], [], [], [], [], [], [], [], [], [], [], [], [], [], [], [], [], [], []], "/r/SimilarTo": [["elastic a ", "long a ", "a long ", "a elastic "], [], [], [], [], [], [], [], [], [], [], [], [], [], [], ["a tractable ", "tractable a ", "amalleable", "malleable"], [], [], [], [], [], [], [], [], [], [], [], [], [], [], [], [], [], ["valour", "valor"], [], [], [], [], ["challenge", "vdispute", "dispute"], [], [], [], [], [], [], [], [], [], [], [], [], [], [], [], [], ["simple botany ", "a simple botany"], [], [], [], [], ["lilt", "brogue", "drawl", "lisp"], ["a charismatic ", "irresistible a ", "a spellbinding ", "appealing a ", "charismatic a ", "a captivating ", "a showy ", "fetching a ", "a dinky ", "a fetching ", "cute a ", "captivating a ", "a winsome ", "spellbinding a ", "a cute ", "dinky a ", "a irresistible ", "personable a ", "photogenic a ", "prepossessing a ", "a engaging ", "a personable ", "a photogenic ", "winsome a ", "a appealing ", "engaging a ", "a prepossessing ", "showy a ", "good looking", "beautiful"], [], [], [], [], [], [], [], [], ["persuade"], [], [], [], ["swelling", "lump", "protuberance", "bosse"], [], [], [], [], [], [], [], [], [], [], [], [], [], [], [], [], [], [], ["customer"], [], [], [], [], [], [], [], ["butt"], [], [], [], [], [], [], [], [], [], [], [], [], []], "/r/MadeOf": [[], [], [], [], [], [], [], [], [], [], [], [], [], [], [], [], [], [], [], [], [], [], [], [], [], [], [], [], [], [], [], [], [], [], [], [], [], [], [], [], [], [], [], [], [], [], [], [], [], [], [], [], [], [], [], [], [], [], [], [], [], [], [], [], [], [], [], [], [], [], [], [], [], [], [], [], [], [], [], [], [], [], [], [], [], [], [], [], [], [], [], [], [], [], [], [], [], [], [], [], [], [], [], [], [], [], [], [], [], [], [], [], [], [], []], "/r/ReceivesAction": [[], [], [], [], [], ["opened", "closed", "locked", "found on car", "found in church", "found at shower"], ["meant for entering", "found in houses and buildings", "meant for exiting"], [], [], [], [], [], [], [], [], [], [], [], [], [], [], [], [], [], [], [], [], [], [], [], [], [], [], [], [], [], [], [], [], [], [], [], [], [], [], [], [], [], [], [], [], [], [], [], [], [], [], [], [], [], [], [], [], [], [], [], [], [], [], [], [], [], [], [], ["found on door"], [], [], [], [], [], [], [], [], [], [], [], [], [], [], [], [], [], [], [], [], [], [], [], [], [], [], [], ["salted", "roasted"], [], [], [], [], [], [], [], [], [], [], [], []]}, "/r/UsedFor": {}, "/r/LocatedAt": {}, "/r/FormOf": {"/r/RelatedTo": [["stretch", "push pull", "ketaguri", "swing door", "traction", "vpull", "carthorse", "discerption", "koshinage", "divulsion", "amiuchi", "ox", "tow", "current", "force", "pliers", "touch"], ["pull", "vpull", "quicksand", "gravity"], ["extended", "pooma", "traction", "pullout", "blood eagle", "in tow", "vpull", "stretch", "strai"]], "/r/UsedFor": [["handle", "pike", "knob"], [], []], "/r/LocatedAt": [[], [], []], "/r/FormOf": [["pull", "pullings", "vpull"], ["vpull", "pull"], ["pull", "vpull"]], "/r/IsA": [["pulling oneself towardsopencycpulling object", "draggingopencycpulling object", "stretchingopencycpulling object", "opencycpulling incurring injurygetting hurt", "pulling without translationopencycpulling object"], [], []], "/r/PartOf": [[], [], []], "/r/HasA": [[], [], []], "/r/CapableOf": [["opening door"], [], []], "/r/AtLocation": [[], [], []], "/r/HasProperty": [[], [], []], "/r/CreatedBy": [[], [], []], "/r/Synonym": [[" actpull act"], [], []], "/r/LocatedNear": [[], [], []], "/r/SimilarTo": [[], [], []], "/r/MadeOf": [[], [], []], "/r/ReceivesAction": [[], [], []]}, "/r/IsA": {"/r/RelatedTo": [[], [], [], [], [], [], [], [], [], [], [], [], [], []], "/r/UsedFor": [[], [], [], [], [], [], [], [], [], [], [], [], [], []], "/r/LocatedAt": [[], [], [], [], [], [], [], [], [], [], [], [], [], []], "/r/FormOf": [[], [], [], [], [], [], [], [], [], [], [], [], [], []], "/r/IsA": [[], [], [], [], [], [], [], [], [], [], [], [], [], []], "/r/PartOf": [[], [], [], [], [], [], [], [], [], [], [], [], [], []], "/r/HasA": [[], [], [], [], [], [], [], [], [], [], [], [], [], []], "/r/CapableOf": [[], [], [], [], [], [], [], [], [], [], [], [], [], []], "/r/AtLocation": [[], [], [], [], [], [], [], [], [], [], [], [], [], []], "/r/HasProperty": [[], [], [], [], [], [], [], [], [], [], [], [], [], []], "/r/CreatedBy": [[], [], [], [], [], [], [], [], [], [], [], [], [], []], "/r/Synonym": [[], [], [], [], [], [], [], [], [], [], [], [], [], []], "/r/LocatedNear": [[], [], [], [], [], [], [], [], [], [], [], [], [], []], "/r/SimilarTo": [[], [], [], [], [], [], [], [], [], [], [], [], [], []], "/r/MadeOf": [[], [], [], [], [], [], [], [], [], [], [], [], [], []], "/r/ReceivesAction": [[], [], [], [], [], [], [], [], [], [], [], [], [], []]}, "/r/PartOf": {}, "/r/HasA": {}, "/r/CapableOf": {}, "/r/AtLocation": {}, "/r/HasProperty": {}, "/r/CreatedBy": {}, "/r/Synonym": {"/r/RelatedTo": [[], [], [], [], [], [], [], [], [], [], [], [], [], [], ["worm", "dragginglyr", "aerospike", "vwikten 1roast", "waverider", "skidpan", "critical angle", "snap inhale", "vwikten 1harrow", "draw", "hydrofoil", "aerodynamicallyr", "droppable", "wikten 1dress", "lug", "supercavitation", "kitewikten 1", "redrag", "d alembert's paradox", "sound barrier", "left drag", "drawl", "drag and drop", "reef rash", "decay", "bricole", "crawlwikten 1", "bio queen", "fairing", "vwikten 1dragnet", "lift to drag ratio", "wikten 1mold", "dragsman", "dragger", "updrag", "tug", "boattail", "windage", "aerobrakingwikten 1", "vwikten 1medium", "drag quee", "undertow", "microdrag", "terminal velocity", "dragadiddle", "drag act", "winglet", "streak plate", "wikten 2costume", "transverse flow effect", "keelhaul", "vwikten 1surface", "cumbersome", "wikten 1main drag", "dragless", "sentry", "wikten 1shoe", "dragged", "matchboard", "skid", "aquadynamic", "diddle", "shambling", "sledgewikten 2", "dragging", "read", "antidrag", "wikten 1cope", "trawling", "hersage", "undragged", "queen up", "aerodynamic", "undock", "right drag", "crossplay", "schlep", "wikten 2occupatio", "area rule", "pull", "tow", "bore", "haul"], [], ["door", "knob", "grip", "hold", "case", "doors", "holding", "opening", "bat", "bucket", "double team", "handled", "kotyliskos", "centrepin", "unwieldy", "kettlebell", "mop", "trolley jack", "mustaiba", "sadiron", "fromward", "firmer", "manubrial", "skeetwikten 1", "squeegee", "workload", "lydion", "landing net", "carrycot", "bottom hand", "awkward", "handgrip", "toat", "pail", "stockwikten 1", "ballstock", "pocketknife", "corner", "iron", "wolf hook", "nib", "stockwhip", "dustpan", "gargoulette", "staghorn", "praefericulum", "handleth", "ansate", "get one's arms around", "stretcher", "handleless", "beaker", "hand net", "ewer", "popcorn popper", "earwikten 1", "increment borer", "jacob's ladder", "pickaxe", "thumbpiece", "first chance exception", "doorhanger", "drawknife", "warming pan", "ladle", "hilt", "pommel", "mophandle", "dibber", "overhandle", "hammer", "lay glove on", "handbasket", "pilot wheel", "bailwikten 3", "manubrium", "tractator", "balti", "wield", "twistgrip", "quannet", "drizzler", "folding knife", "gearknob", "take care of", "deadlatch", "squeegee mop", "subcomb", "axhandle", "unhandleable", "jug", "bayonet", "starting handle", "one can't hold two watermelons in hand", "demijohn", "utility knife", "pull", "cup", "unhandled", "tough cookie", "endscraper", "handles", "woolder", "teacup", "tenaculum", "tooth", "camel driver", "lurryman", "noisemaker", "tankard", "shaft", "haftwikten 1", "brace", "back scrubber", "pogamoggan", "out of one's depth", "coehorn", "knaggie", "two hand sword", "dip pen", "lakaina", "smack around", "manipulate", "behandle", "wikten 1give handle", "lorgnette", "corncutter", "in turn", "dyno torch", "boul", "handling", "parting cup", "sticky fingered", "frying pan", "lug", "stilt"], [], ["influential", "under", "qareen", "alcoholization", "unshepherded", "admass", "sinicize", "electrophoresis", "pliant", "failson", "influences", "motorium", "american imperialism", "choi soon sil gate", "xerocracy", "suasion", "policy by press release", "manipulate", "cross pollination", "carry weight", "headquarters", "branch stacking", "long arm of law", "time capsule", "big business", "ideomotor effect", "field emission", "underpull", "captain of industry", "shitty", "ultrapowerful", "bear upon", "attract", "japonism", "affect", "religionize", "petalism", "wrap around one's little finger", "fluctuate", "priestism", "grass tops", "mediamaking", "geoid", "predispose", "lord", "anglodom", "element", "superstition", "skinner box", "surrender", "protogrunge", "dominate", "powerful", "influenced", "big boys", "ambiance", "on string", "dictatorship of bourgeoisie", "sociation", "soft money", "star struck", "vsway", "vmodify", "prepotent", "expansionism", "objective", "loved up", "deep space", "have world by tail", "friends in high places", "vbias", "ngo isation", "vsubtle", "bribe", "normalization", "daedalic", "zener pinning", "hand that rocks cradle rules world", "speaking in tongues", "attractivity", "reach", "detached", "matriotism", "kick upstairs", "somatotropism", "move", "alcoholize", "flexible", "superdominant", "mover and shaker", "which way wind is blowing", "clout list", "ability", "placate", "emotional blackmail", "company to ", "autogenous", "determine", "dread fascination", "inflood", "adventition", "willow in wind", "personal capital", "tolkienesque", "magnate", "love bombing", "uninfluentiallyr", "leverage", "malapportionment", "nanoworld", "leonardeschi", "romanize", "oligopolist", "nurture", "jinn", "impulsion", "afropunk", "lead astray", "veffect", "long legs", "soft shoe", "opinionmaking", "counterresistance", "domain", "multipolar", "dominion", "court ridden", "counterbalance", "influencing", "tendency", "laugh", "quellenforschung", "noxa", "overinfluence", "cytotaxis", "marxoid", "ponderate", "betow", "pressure", "antistimulus", "finlandization", "skiffle", "impact", "banishing", "counterpull", "power base", "tswanadom", "gunch", "bad apple", "breathalyzer", "blind with science", "work on", "gypsycraft", "influent", "potentiary", "bewizard", "supervote", "narcopolitics", "acculturate", "inspiration", "elementary school tactic", "uninfluenceable", "phrenomagnetism", "high priest", "vinfluent", "nudge theory", "influentialness", "powerism", "kingmaker", "major party", "noninfluence", "tenderpreneur", "pisces", "hold sway", "cytoclesis", "robber baron", "demesmerize", "beerage", "governmentality", "subaerialist", "preponderance", "influencer", "mediary", "soft power", "wheel", "exert", "sitchinesque", "platformism", "turn someone's head", "neither here nor there", "prepollent", "enchanted", "consequence", "retroactive", "control", "malinfluence", "political machine", "power", "kidfluence", "business is", "electric tit", "gun lobby", "advertising", "god", "emancipation", "stupefied", "perturbation", "piosphere", "satellite", "magistery", "electrostatic", "heliotropism", "political consumerism", "self sustaining", "affinity reagent", "torpedinous", "witchcraft", "subaerialism", "proaction", "antiwesternism", "rhizosphere", "opinionmaker", "scouserati", "compulsion", "resonate", "clout", "koreagate", "swenglish", "psyops", "synastry", "goddess", "cooler heads will prevail", "superpowerful", "sway", "beery", "uninfluential", "pushover", "decolonialize", "magnetizee", "destructionist", "cord", "suction", "unprayable", "inflow", "malign", "show flag", "buffer", "vgentle", "pull strings", "halo effect", "accountability partner", "far reaching", "peer pressure", "throw one's weight around", "power broker", "hypnoscope", "desert father", "glossolalia", "rock someone's world", "voluntary controlled school", "shitfaced", "inductio", "responsiveness", "militate", "weight", "lay of land", "bias", "propagand", "swayful", "big pharma", "amulet", "star", "big wheel", "termination shock", "guiding light", "humorism", "every dog has its day", "pendulum", "drugged out", "queenmaker", "oversway", "cut wide swath", "clamor", "drop in bucket", "denominationalize", "skacid", "jewdom", "disengagement", "flourish", "convulsionist", "malevolent", "svengali", "apheta", "beerilyr"], ["pull", "tugs", "hoist", "tugboat", "vgreat", "steamtug", "tugger", "tuggers", "tub", "vhard", "tug of war", "hike up", "sudde", "tackle", "towboat", "dumb barge", "pull on", "trace", "harness", "hook", "vtugboat", "vpull", "iro", "vtow", "vrepeatedly", "veffort", "tugless", "tugging", "tugged", "vdrag", "powerful", "masturbatio", "jerk"], [], [], []], "/r/UsedFor": [[], [], [], [], [], [], [], [], [], [], [], [], [], [], [], [], ["open door", "hold tool", "pulling", "carry", "gripping", "carry purse", "hang onto", "opening door", "lifting", "put in motio", "carrying things", "open drawer", "holding onto", "carry object", "make easier to carry", "turn on water", "manipulate"], [], [], [], [], [], []], "/r/LocatedAt": [[], [], [], [], [], [], [], [], [], [], [], [], [], [], [], [], [], [], [], [], [], [], []], "/r/FormOf": [[], [], [], [], [], [], [], [], [], [], [], [], [], [], ["draggest", "draggeth", "dragging", "drags", "dragged"], [], ["handles"], [], ["influencing", "influenceth"], ["tugs", "tuggers", "tugged", "tugging"], [], [], []], "/r/IsA": [[], [], [], [], [], [], [], [], [], [], [], [], [], [], [" cognitiohindrance cognitio", "windage phenomenon phenomeno", " phenomenoresistance phenomeno", " artifactclothing artifact", " actpull act", "sonic barrier phenomenon phenomeno", " attributetediousness attribute", "costume"], [], ["panhandle artifact", "rake handle artifact", "hilt artifact", " artifactappendage artifact", "pommel artifact", "hoe handle artifact", "stock artifact", "broomstick artifact", "crop artifact", "mop handle artifact", "knob artifact", "ax handle artifact", "haft artifact", "broom handle", "non powered device", "handlebar", "handgrip", "strap", "pointer"], [], ["imponderable cognition cognitio", " phenomenoconsequence phenomeno", " cognitiodeterminant cognitio", " actcausing act", "force attribute", "enticement act", "wind phenomenon phenomeno", "cross pollination act", " attributepower attribute", " persopower perso", "hypnotism act", "imprint cognition cognitio", "temptation cognition cognitio", "impingement act", "perturbation physics phenomeno", "exposure act", "purchase phenomenon phenomeno", "support cognition cognitio", "dead hand attribute", "manipulation act", "morale builder cognition cognitio", "pestilence cognition cognitio", "grip attribute", "social influence"], [" actpull act", "ship"], [], [], []], "/r/PartOf": [[], [], [], [], [], [], [], [], [], [], [], [], [], [], [], [], ["door", " artifactcheese cutter artifact", " artifactracket artifact", " artifacthandlebar artifact", "shank artifact", " artifactcarrycot artifact", " artifactbrush artifact", " artifactaspergill artifact", " artifactwatering can artifact", " artifacthandcart artifact", " artifactbriefcase artifact", " artifactfaucet artifact", " artifactcoffee cup artifact", " artifactcoffeepot artifact", " artifactteacup artifact", " artifacthand tool artifact", " artifactcutlery artifact", " artifactbaggage artifact", "hammer", " artifactedge tool artifact", " artifactfrying pan artifact", " artifacthandset artifact", " artifactcarpet beater artifact", " artifacthandbarrow artifact", " artifactmug artifact", " artifactspatula artifact", " artifactumbrella artifact", " artifactcricket bat artifact", " artifactsaucepan artifact", " artifactladle artifact", " artifactbaseball bat artifact", "object"], [], [], [], [], [], []], "/r/HasA": [[], [], [], [], [], [], [], [], [], [], [], [], [], [], [], [], ["door", "attache case", "frying pa"], [], [], [], [], [], []], "/r/CapableOf": [[], [], [], [], [], [], [], [], [], [], [], [], [], [], [], [], ["lower bucket"], [], [], [], [], [], []], "/r/AtLocation": [[], [], [], [], [], [], [], [], [], [], [], [], [], [], [], [], ["fridge", "door", "drawer", "hardware store"], [], [], [], [], [], []], "/r/HasProperty": [[], [], [], [], [], [], [], [], [], [], [], [], [], [], ["equivalent to frictio"], [], [], [], [], [], [], [], []], "/r/CreatedBy": [[], [], [], [], [], [], [], [], [], [], [], [], [], [], [], [], [], [], [], [], [], [], []], "/r/Synonym": [[], [], [], [], [], [], [], [], [], [], [], [], [], [], ["hang back motion motio", "v stativeembroil stative", "drag out change", " actpuff act", "retarding force phenomenon phenomeno", "drop behind motion motio", "drag on change", "trail motion motio", "get behind motion motio", "drop back motion motio", "v contactdredge contact", "v contacthaul contact", "v motioscuff motio", "v consumptiopuff consumptio", "pain in arse", "pull", "schlep", "bore"], [], ["v socialtreat social", "hold artifact", "v socialmanage social", "palm contact", "grip artifact", "v contactwield contact", "v communicatiocover communicatio", "handgrip artifact", "deal with", "hand", "tap", "nickname", "vsteer", "pull", "hilt"], [], ["act upon social", "work social", "v cognitiodetermine cognitio", "v communicatiocharm communicatio", "move", "bring round", "stimulus", "pull", "action", "impulse"], ["push social", "labor social", "jerk act", "drive social", "labour social", "tugboat", "v contactlug contact", " artifacttugboat artifact", "yank", "pull"], [], [], []], "/r/LocatedNear": [[], [], [], [], [], [], [], [], [], [], [], [], [], [], [], [], [], [], [], [], [], [], []], "/r/SimilarTo": [[], [], [], [], [], [], [], [], [], [], [], [], [], [], [], [], [], [], ["impact", "hold"], [], [], [], []], "/r/MadeOf": [[], [], [], [], [], [], [], [], [], [], [], [], [], [], [], [], [], [], [], [], [], [], []], "/r/ReceivesAction": [[], [], [], [], [], [], [], [], [], [], [], [], [], [], [], [], [], [], [], [], [], [], []]}, "/r/LocatedNear": {}, "/r/SimilarTo": {}, "/r/MadeOf": {}, "/r/ReceivesAction": {}}}, "": {"N1": {"/r/RelatedTo": ["windowdoor", "worklabor", "butchermeat", "gallomeasure", "woundgash", "punishmentcrime and", "chickelaying", "thricerthree", "informed educated ", "closed obstructed ", "transpondianrightpondia", "mystifymystery", "audiovisualsaudiovisual"], "/r/UsedFor": ["flash artifactlight physics", "string bassplaying music"], "/r/LocatedAt": [], "/r/FormOf": ["air burstsair burst", "pot belliespot belly", "cross sectionscross sectio"], "/r/IsA": ["suburb locatioresidential district locatio", "western skink animalskink animal", "inertial mass physicsmass attribute", "leading man persoactor perso", "occasion timetime time", "tree toad animalfrog animal", "petaurista animalmammal genus animal", "torch singer persosinger perso", "drop arch artifactpointed artifact", "rottenstone substancelimestone substance", "scorpionfish animalscorpaenid animal", "temporary hookup artifactconnection artifact", "acrylic fiber substanceman made substance", "dependence statestate ", "overhand pitch actpitch baseball", "american spikenard plantsubshrub plant", "hedonist persosensualist perso", "homecoming actreunion act", "aldrovanda plantdicot genus plant", "ambystomatidae animalamphibian family animal", "assist ice hockeymaneuver act", "tithe barn artifactbarn artifact", "hypsometer artifactaltimeter artifact", "papyrus communicatiodocument communicatio", "cacodyl substancegroup chemistry", "penance actsacrament act", "rule of evidence lawrule communicatio", "usherette persousher perso", "hooks bodyhand body", "bilabial communicatiolabial consonant communicatio", "kurdish communicatioiranian communicatio", "theism cognitioreligion cognitio", "aristocrat persoleader perso", "bundesbank groupcentral bank group", "skirtform of female attire", "yardarm artifactend locatio", "supreme court lawfederal group"], "/r/PartOf": ["satachristian myth", "old testament communicatiobible communicatio", "styloid process bodytemporal bone body", "voider artifactbody armor artifact", "tower of london artifactlondon locatio"], "/r/HasA": ["baywater"], "/r/CapableOf": ["blanketscover bed", "chefbone chicke", "authorswrite books"], "/r/AtLocation": ["windowhouse", "dustcarpet", "action figuretoy department", "barbershopmall", "mouselab maze"], "/r/HasProperty": [], "/r/CreatedBy": [], "/r/Synonym": ["hawaiian honeycreeper animalhoneycreeper animal", "thing cognitiomatter cognitio", "dprk locationorth korea locatio", "gas tight air ", "get into possessioget in possessio", "west persocicily isabel fairfield perso", "sapindus drumondii plantwild china tree plant", "abls communicatiobachelor of arts in library science communicatio", "homburg artifactfedora artifact", "choking coil artifactchoke artifact", "sewerage artifactsewer artifact", "fish bowl stategoldfish state", "caddy golfcaddie golf", "moray eel animalmoray animal", "family zygnemataceae animalzygnemataceae animal", "severity attributeaustereness attribute", "hors d oeuvre foodhors food", "chukka artifactchukka boot artifact", "immunise competitioimmunize competitio", "kindling pointautoignition temperature", "corruptlyr corruptedlyr ", "lazy faineant ", "copernicia prunifera plantcarnauba plant", "log z's bodysleep body", "sworn pledged ", "palestine authority grouppalestine national group", "polyodon spathula animalpaddlefish animal", "linnaea borealis americana plantamerican twinflower plant", "stylise artstylize art", "thank youthank you very much", "infirm decrepit ", "uriniferous tubule bodynephron body", "passing actpassage act", "rio nunez coffee plantrobusta plant", "experimentation cognitioexperiment cognitio", "powerful knock do a ", "lichgate artifactlychgate artifact", "take advantage socialtrespass social", "pyrethrum plantpainted daisy plant", "take turns changealternate change", "water level locatiowaterline locatio", "fuddle stateclutter state", "insisting communicatioinsistence communicatio", "vibrate perceptioresonate perceptio", "viridity attributegreen attribute", "yarn dye changeimpress change", "balaenoptera borealis animalsei whale animal", "electron orbit locatioorbit locatio", "lillie persobeatrice perso"], "/r/LocatedNear": [], "/r/SimilarTo": ["large leafed leafy ", "captious critical ", "exaggerated increased ", "effective militaryoperational military", "tasty winey ", "fast breaking news article", "second rate inferior ", "disputatious argumentative ", "private nonpublic ", "coated glazed ", "free clear "], "/r/MadeOf": [], "/r/ReceivesAction": []}, "N2": {}}}