{"push": {"N1": {"/r/RelatedTo": ["press", "actio", "shove", "force", "movement", "elbow", "thring", "bear do v", "boke", "unpushed", "cattle prod", "pushes", "pushy", "stroller", "stimulation", "wikten 1climax", "wikten 1object ball", "shoulder", "nudge", "drive out", "tsuki oshi", "smush", "orograph", "unpushinglyr", "topple", "jolt", "shtup", "boost", "herd together", "thimble", "ride on", "pushinglyr", "trundle", "propulsion", "ounging", "vwikten 1cue ball", "shovable", "subduction", "pawn race", "forthpushing", "wikten 1crowd", "advance", "pusher", "handcart", "depressor", "roundabout", "outpush", "inject", "pushcart", "towboat", "vwikten 1away", "dring", "wikten 1company front", "inflate", "hurtle", "jostly", "thrust", "tugboat", "shove off", "trusion", "bunt", "wikten 1maneuver", "hunch", "spurn", "soft boxing", "vwikten 1stack", "pushed", "pushable", "pusher thruster", "dush", "drawer", "move", "cantwikten 2"], "/r/UsedFor": [], "/r/LocatedAt": [], "/r/FormOf": ["pushed", "pusheth", "pushes", "pushing", "pushest"], "/r/IsA": ["press act", "nudge act", "shove act", "boost act", " phenomenoforce physics", " actpropulsion act", "depression act", " actprogress act", "suck to blow as pull"], "/r/PartOf": [], "/r/HasA": [], "/r/CapableOf": [], "/r/AtLocation": [], "/r/HasProperty": [], "/r/CreatedBy": [], "/r/Synonym": ["crowd motion motio", "v contactpress contact", " attributeenergy attribute", "bear on communication communicatio", "v socialtug social", " artifactpush button artifact", "force motion motio", "v socialcrusade social", "thrust phenomenon phenomeno", "v communicatioadvertise communicatio", "pushing act", "vwikten 1approach", "push shot"], "/r/LocatedNear": [], "/r/SimilarTo": [], "/r/MadeOf": [], "/r/ReceivesAction": []}, "N2": {"/r/RelatedTo": {"/r/RelatedTo": [["push", "do ", "iro", "butto", "media", "bench press", "printing", "actio", "newspaper", "pushing", "newspapers", "print", "push do ", "weigh", "pressperson", "press card", "press agent", "jerrycan", "gagging order", "knock back", "appress", "daylight", "tobacco stopper", "copygraph", "unpressable", "antipress", "nonpress", "oilpressing", "placebo button", "wikten 1cupboard", "downbear", "lenshound", "press do ", "printed press", "presses", "flywikten 3", "redstreak", "play", "arming press", "fourth estate", "machine shop", "thring", "pressful", "dring", "leg press", "go public", "press corps", "pressman", "thermotype", "vwikten 2beseech", "hot press", "graphotype", "butt dial", "press box", "pan cake", "pressing", "represswikten 2", "butt dialing", "presspack", "vwikten 2crowd", "hot off press", "keystroke", "vwikten 2impel", "crush", "alligatorwikten 1"], ["action"], ["push", "rough", "outshove", "shover", "shovest", "shovel", "shoves", "vpass", "vforce", "all i", "shun", "shoveth", "vall i", "jostly", "shoving", "shoved", "jostle", "body check", "bunt", "vpush", "vbet", "vroughly", "jolt"], ["energy", "constrain", "forciblyr", "army", "power", "star wars", "star", "wars", "pull", "gravity", "push", "strength", "wind", "use", "curb", "tractive effort", "redif", "transmit", "parakinesis", "authoritarianism", "geostrophic", "gravireceptor", "biodynamics", "sergeant", "mode of production", "archeus", "disarm", "physicallyr", "dyne", "vigour", "pillage", "peacekeeper", "oppress", "respond", "stimpmeter", "nugatory", "dynamometer", "milligravity", "speak softly and carry big stick", "pound force", "antiperistasis", "magnetometric", "elastic", "guns blazingr", "laser cooling", "telenergy", "ad baculum", "equilibrant", "equipollent", "coercion", "winged monkeys", "load", "dint", "robbery", "lbf", "strong", "forces", "strongly symmetric matter", "show flag", "durability", "shipfyrd", "conatus", "monodynamism", "inotropism", "neurotonic", "self existent", "commend", "cystometry", "take out", "kratocracy", "attenuative", "shakti", "singularity", "inertial mass", "interforce", "vehemence", "expatriate", "brown water navy", "innocent agent", "break and enter", "omnipotent", "foot pound second", "catenary", "kilogram meter", "inotropic", "propulsion", "harmonic oscillator", "precession", "millidyne", "by forcer", "wikten 1dyne", "hijacked", "hulkish", "geotaxis", "microencapsulation", "usurpation", "normal force", "the", "intrude", "forcible", "voluntell", "overwrest", "mechanosensor", "liberate", "evict", "impulsive", "play old gooseberry", "enforcement", "kilodyne", "hydrodynamometer", "riot gear", "poundal", "fictitious force", "stave", "pombaline cage", "wham", "centre of buoyancy", "rigid body", "extortion", "d alembert's paradox", "thomson problem", "khmer rouge", "police", "forceness", "rolling resistance", "somethingism", "life", "outlaw", "dynamometry", "bayamo", "pressure", "membrane", "medium", "qutbism", "planck force", "prepotent", "tear it up", "counterforce", "ride with punches", "seismic load", "eddington luminosity", "constructive force", "constraint", "isogravitational", "code of practice", "peirameter", "heartbeat", "forcewide", "x boson", "castle doctrine", "neuricity", "invade", "perforcer", "aeroacoustics", "phonomyography", "filibuster", "coulombic", "navy", "resonance", "space permeability", "bloch oscillation", "impressed", "use sledgehammer to crack nut", "liberty", "compulse", "inotropy", "surface tension", "coulomb's law", "falls", "plunge pool", "spetsnaz", "mechanophore", "full buttr", "wikten 1cgs", "cheget", "strong arm", "mesmerizable", "tug of war", "variable", "counterbalance", "weight", "hot pursuit", "disequilibrium", "shoehorn", "depopulate", "push past", "unprofor", "kick do v", "whirlbat", "cylindroid", "sinik", "centre of lift", "non aggression principle", "heave ho", "hard pass", "chip shot", "isodynamous", "knife edge", "ramrod", "repulsion", "counterelectromotive", "vis major", "driving force", "vis impressa", "kaluza klein theory", "peacekeeping", "eigenfrequency", "simple machine", "hypercolor", "shear centre", "exaction", "ligamentotaxis", "moment of force", "semicontact"], ["dance", "walk", "wave", "flow", "motio", "swim", "shake", "current", "ru", "tur", "step", "drive", "wind", "climb", "leash artifact event", "rub", "fly", "twist", "roll", "exercise", "smile", "wiggle", "stretch", "push", "transport", "nod", "blow", "telotaxis", "translative", "phenomenology", "ecumenical movement", "feminism", "neuromotor", "fahr's syndrome", "stop action", "dopamine", "afterslip", "dysergia", "ghost dance", "dextrodepression", "neofuturism", "kine", "kala kato", "control", "c\u00e9sairean", "manacle", "marching band", "tasimeter", "mitmachen", "dyneme", "anemology", "camera move", "scared stiff", "hairspring", "inter shia", "prepunk", "epeirogenesis", "possibilism", "ecofeminism", "oculomotor", "futurism", "appulse", "swashing", "creeping eruption", "speculative realism", "azonto", "laughter", "barbizonian", "semistationary", "quickening", "pan indianism", "universal joint", "moto", "new romanticism", "kinesics", "scrolling", "cubism", "kinesimeter", "echomimia", "kinesic", "vector", "orff schulwerk", "speed", "venizelism", "jiggle", "lunge", "electrodynamic", "micromovement", "moral panic", "integralism", "itinerance", "kinetogenic", "zef", "futurist", "flatrod", "ocean current", "clear air turbulence", "bodyweight", "pan africanism", "stilting", "radha soami", "visceromotor", "cut", "pentecostalism", "heliotaxis", "muscular christianity", "optokinetic", "kinesophobia", "underground railroad", "mnemotaxis", "knee jerk", "paulicianism", "mass wasting", "enosis", "fixed star", "stereotaxis", "locked in syndrome", "arrhythmokinesis", "body english", "loaded march", "eyetracking", "bates method", "downshoot", "death march", "high priest", "cytodynamics", "aerotaxis", "hyperkinesis", "swaddling clothes", "machine", "karaism", "proselytize", "synkinesis", "anaphoresis", "vaultwikten 2", "nervimotion", "mechanokinetics", "feat", "shoot one's cuffs", "gawky", "vanguardism", "palatograph", "nucleokinesis", "enlightenment", "tailflip", "oculomanual", "tab stop", "headway", "neosocialism", "greenbackism", "whish", "maneuver", "dystonia", "kinesis", "young ireland", "antitaxic", "expressionism", "women's lib", "deobandi", "popovtsy", "vehiculation", "minuet", "lateroduction", "hypokinesis", "new left", "multimovement", "animal liberation", "ribbonism", "cavourian", "kinesi", "microtremor", "decommodification", "pietism", "antirightist", "downstrike", "somatomotor", "aragoto", "putamen", "clampering", "ophthalmotrope", "iridodonesis", "optomotor", "laevoelevation", "allegretto", "prespeech", "pamyat", "audiomotor", "saint simonianism", "motion capture", "nephoscopy", "polowikten 2", "up bow", "ultraism", "carlebachian", "cub scout", "service loop", "allemande", "broad church", "pitch", "diffusion", "one way", "bourbakism", "finger work", "forced march", "qadarite", "no wave", "sabbatianism", "spread betting", "carriage control character", "graceful", "klinotaxis", "photokinesis", "impressionism", "hydrophysical", "lifestylist", "antisaccade", "chemotaxis", "ralstonism", "infrarealism", "transcendentalism", "pan slavism", "phacodonesis", "tachykinesia", "vellicate", "click of death", "kinesiograph", "tropotaxis", "rustle", "amphikinesis", "kinesthesiology", "aircraft", "executionism", "choralography", "kineme", "anticolonialism", "orphism", "motioning", "borborygmus", "hammer break", "ease", "non violent", "autoinfusion", "medium spiny neuron", "bioenergetics", "echopraxia", "affectomotor", "o.g", "tailswing", "antipoetry", "biotaxis", "blackism", "activity", "incyclotorsion", "ethiopianism", "propagation", "hemiballismus", "laestadianism", "death throe", "trophotropism", "move", "haptotropism", "preromantic", "hyperactivity", "phobotaxis", "chartism", "old lighter", "animated cartoon", "new criticism", "bump and grind", "mousing", "wait", "abductive", "in something's way", "muscle reading", "afro baptist", "nonmovement", "seceder", "coda", "resistance", "boogie", "scototaxis", "subpassage", "flight line", "pheromotropic", "marcus gunn phenomenon", "answer helm", "doyen", "laugh", "oxytaxis", "laudianism", "ero guro", "wahhabi", "shift", "english plus", "mechanism", "slow out", "glossograph", "steady handed", "motile", "concretism", "new american", "chronostasis", "barotaxis", "ventrolaterally", "broad strokes", "red letter christian", "ethnopoetics", "peculiar people", "fauvism", "ballismus", "lip sync", "exafference", "oculomotion", "red stick", "lateral line", "flapping hinge", "kinesiology", "sinarquism", "hemodynamics", "transhumance", "nimble", "piezotranslation", "filmology", "ows", "culturism", "stagger", "cultural revolution", "advection", "phonoscope", "open outsourcing", "psychokinesis", "cargo cult", "transverse", "internal passport", "kapa haka", "form", "countermotion", "premovement", "physical", "malleation", "acrocinesia", "plastic flow", "mitgehen", "body mechanics", "black muslim", "sidle", "bumpy", "mosh", "dadaism", "dogme", "synovial fluid", "hyperdynamism", "lettrism", "swaddling", "street parliament", "quickness", "outmaneuver", "postautistic", "countermovement", "reconstructionism", "british israelism", "man\u00e8ge", "protest song", "scouts", "gymnastics", "auto tiering", "pentecostal", "back up", "silverite", "swedenborgianism", "ameboidism", "fogbound", "elegance", "svecoman", "parliament of streets", "metabolism", "metamodernism", "kineto", "progg", "l istesso tempo", "system", "osmotrophy", "chockablock", "modernism", "irruption", "exurbanization", "ferrokinetic", "chronophotography", "vaudois", "mahagujarat", "kinesiatrics", "cardiograph", "geotaxis", "charge", "backup", "chass\u00e9", "antimodernism", "febronianism", "optokinesis", "wristwork", "suffragettism", "age of aquarius", "panislamism", "green fluorescent protein", "overeruption", "statokinetic", "eurasianism", "egomotion", "scrabble", "impressio", "nuwaubian"], ["arm", "joint", "macaroni", "cubitus", "free throw lane", "toggle joint", "lower arm", "pool at crook", "forearm", "upper arm", "vpush", "supinated", "panner disease", "foresleeve", "cubit", "elbowedness", "appendix:parts of knot", "brachiocubital", "funny bone", "detective", "biceps", "vnudge", "gousset", "hunch", "kotenage", "evening glove", "ancon", "hit", "basketball court", "aero bar", "elbower", "flye", "antecubital", "coutere", "golfer's elbow", "crazy bone", "anconad", "elbow chair", "elbowed", "leg", "dracula sneeze", "elbowlike", "gusset", "miner's elbow", "brachioradialis", "bursitis", "elbows", "ulnar", "pronated", "olecranon", "overplate", "brachialis", "vjostle", "ulna", "akimbo", "anconeal", "elbowy", "pipefitting", "anconoid", "fat pad sign", "armbar", "vambrace", "epitrochlearis", "anconeus", "elbowing", "epicondylitis", "elbowless", "armchair", "wenis", "larsen syndrome", "cubitiere", "anconal", "free throw line", "coudee", "part", "bend", "hand", "arm part", "body part", "body", "middle arm", "middle", "arm joint", "point", "articulatio", "knee", "bone", "crazy", "ankle", "bendable", "in arm", "nearby arm", "nearby"], ["vthrong", "vsqueeze", "vpush", "vcrowd", "throng", "vthrust", "vforce", "vpress"], [], ["vthrust", "vbutt", "vpush", "vretch", "vpoke", "vvomit"], ["apush"], [], ["push"], ["unpushy", "abold", "thwarty", "aenterprising", "apurposeful", "aimportunate", "heavy handed", "ain your face", "bossy pants", "cut wide swath", "amilitant", "apush", "adetermined", "salesy", "aredoubtable", "pushiness", "sharp elbowed", "apigheaded", "aambitious", "unpushilyr", "arecalcitrant", "unpushing", "pushful", "afierce", "thrustful", "bumptious", "obtrusive", "apertinacious", "aassertive", "ahard boiled", "pushilyr", "demand"], ["pusher", "strollers", "coat", "semiformal", "pushchair", "seat", "necktie", "pram", "stroll", "carriage", "push", "dress", "waistcoat", "wheels", "daytime", "trousers", "babies", "vagrant", "childre", "buggy", "chair", "doll"], ["auxoheterotrophic", "cryostimulation", "epileptogenous", "afterimage", "reactivity", "overstimulate", "nonstimulation", "stimulator", "stimulancy", "warehoused", "lawn dart effect", "myostimulation", "goad", "interstimulation", "excitement", "hugbox", "immunostimulation", "love egg", "e stim", "exafference", "destimulate", "macrostimulation", "princeton rub", "after image", "allostimulation", "betamimetic", "allelocatalysis", "electrotactile", "metestrus", "neuroenhancement", "tit fuck", "cardiostimulation", "extrastimulation", "electroanesthesia", "microstimulation", "electrofusion", "reafference", "play clitar", "poststimulation", "gravistimulation", "nipplegasm", "substimulatory", "phosphene", "conditio", "hyperstimulation", "happy button", "sexual act", "prestimulation", "hand solo", "mechanostimulation", "sympatholysis", "hormesis", "mechanotransducer", "mechanoresponsive", "input", "neurostimulation", "pseudomyotonia", "actio", "autostimulation", "polish pearl", "brunonian", "electrostimulation", "snoezelen", "sensory overload", "understimulate", "stimulus", "pneumostimulation", "hyperlocomotion", "masturbation", "electrosleep", "understimulation", "sympatholytic", "formicophilia", "electrophrenic", "adiaphoria", "auriculotherapy", "stimulate", "unreactive", "baroreflex", "eargasm", "sex act", "response", "stimulatory", "sudomotor", "hug machine", "stimulated", "pleasure", "hypostimulation", "poststimulatory", "sensory", "excitotoxity", "erotocomatose", "electroneuronography", "ben wa ball", "erogenous zone", "mind numbing", "rub up on", "overstimulation", "myodystony", "prisoner's cinema", "optostimulation", "endaural", "fingerbanger", "push", "excitotoxicity", "quickening", "neuromodulation", "vibrator", "myotonia", "understimulated", "allodynia", "biostimulation", "bean flicker", "distractibility", "prestimulatory", "tms", "dyingness", "cross pollination", "sound", "smell"], [], [], ["arm", "shoulders", "torso", "\u00e9pauli\u00e8re", "shouldered", "victory roll", "butteris", "capicola", "neck", "poor man of mutton", "trochiter", "ketaguri", "citation cord", "omo", "high sticking", "shoulderlike", "collarbone", "sari", "hobo bag", "sackwikten 1", "interscapulum", "scapula", "tsukiotoshi", "shoulder block", "axilla", "cartridge", "hack squat", "flank", "shoulderest", "vpush", "vimpa", "manscape", "epaulement", "spear", "road", "bastio", "chicken fight", "broad shouldered", "bevelled", "shoulder bag", "unshoulder", "strap", "brown vialetto van laere syndrome", "cap sleeve", "instrument", "protrusio", "tippet", "epaulette", "shoulderless", "clavicle", "shrug", "omalgia", "joint", "subscapularis", "crossette", "calpainopathy", "bertha", "bottle", "anterior deltoid", "cappeline", "scapular", "rotator cuff", "piggyback", "bursitis", "packsack", "pauldron", "capsulitis", "contrapposto", "sandwich board", "lateral raise", "shoulderbag", "hummie", "mountai", "hard shoulder", "boston butt", "passegarde", "espauliere", "deltoideus muscle", "lyriferous", "notarium", "tonnag", "soft shoulder", "rucksack", "rule joint", "pickabackr", "hip and shoulder", "acrocoracohumeral ligament", "off shoulder", "shoulderbelt", "timber", "deep stick", "shank", "infraspinatus", "palanquin", "shoulder pad", "messenger bag", "sweeny", "face", "beard", "drawbore", "bandolier", "pannier", "vput", "acromioclavicular joint", "deltoid muscle", "shoulder blade", "boatneck", "rhizomelic", "helicon", "satchel", "armomancy", "big shouldered", "spauld", "shoulderer", "potiche", "hill", "fichu", "gousset", "chuck steak", "baldrick", "scapulocoracoid", "baldric", "black quarter", "omodynia", "type", "gusset", "ambe", "outer arm", "orillon", "fireman's carry", "foreleg", "pinfall", "abolla", "teno", "vambrace", "lanceolate", "oxygen tent", "kikoi", "support", "side of bacon", "shouldering", "ihram", "colstaff", "manscaping", "epaule", "gunpad", "sports bag", "abutment", "piggybackr", "forequarter", "lateral", "fourrag\u00e8re", "chlamys", "round shouldered", "ailette", "upper arm", "asynclitism", "clod", "rhomboid", "humeral", "minicape", "most muscular", "shouldereth", "rhizomelia", "overplate", "cottage bacon", "body", "body part", "part", "head", "arm joint", "top", "arm top", "back", "above", "above arm", "arm neck", "beside neck", "beside", "below neck", "below", "dislocatio", "arm socket", "socket", "shrugging", "hand", "fist", "wrap", "soldier", "tap", "connects arm", "connects", "connectio", "arms", "arms connectio"], ["reel", "gentle", "step", "vnudge nudge wink", "fruit machine", "conversatio", "nudges", "nudginglyr", "vsignal", "vattentio", "positive reinforcement", "vnear", "vclose", "push", "nudgy", "unnudged", "suggestio", "feature", "software", "vgently", "rotatio", "vpush", "nudger", "elbow", "instant messaging", "rattle someone's cage"], [], [], ["crush", "smushes", "smushing", "smushy", "mass", "vpush", "squeeze", "smooshes", "pulverized", "beate", "vmash", "vcompress"], ["map", "oroheliograph", "machine", "push", "elevatio", "distance", "country", "topographical"], [], ["toppling", "toppler", "vpush", "lay low", "toppled", "topples", "vthrow", "vover", "totter", "vlea", "vtotter", "toppleth", "topplest", "voverthrow", "top heavy", "vfall", "blow over", "top", "rombergism", "tumble do v", "vovertur", "fall"], ["shock", "rejolt", "vpush", "jolting", "jog", "jolts", "sentence", "jaunce", "vshock", "jolter", "jogtrot", "shogging", "vshake", "surprise", "vknock", "shog", "vemotionally", "injectio", "bumpinglyr", "jigjog", "vjerk", "jolty", "bumpy", "jounce", "bump", "priso", "narcotic", "cola", "electric", "electric shock", "up", "shove", "shudder", "shake up", "shake", "caffeine cola", "caffeine", "sudden jerk", "jerk", "sudde", "cola type", "type", "rough", "push", "rough push", "wake", "wake up", "bolt", "zap", "electricity", "electrical", "electrical shock", "actio", "startle", "charge"], ["vpush", "shtupping", "vhave sex", "shtups"], ["get leg up", "bellyband", "vamplify", "ramp up", "power snack", "agonistic monoclonal antibody", "stab", "boosts", "pressure", "wind at one's back", "intake manifold", "shot in arm", "boosted", "turbocharger", "unboosted", "preboost", "goose up", "booster", "vlift", "boosting", "reboost", "push", "vsignal boost", "haramaki", "postboost", "supercharger", "vpush", "vbooster shot", "leg up", "unboostable", "vsteal", "keyword stuffing", "boostable", "raise"], [], ["sewing", "finger", "thumb", "protectio", "cup", "pitted", "elliott eye", "thimbleful", "needle", "rigging", "machinery", "thimbleweed", "sleeve", "ring", "socket", "metal", "skein", "stirrup", "thumbstall", "thimbled", "cap", "epinetron", "thimbles", "soxhlet extractor", "push", "protector", "finger protectio", "small", "small cup", "for sewing", "protects", "tool", "sewing tool", "protect", "monopoly", "monopoly piece", "piece", "sewing protectio", "fingertip", "needles", "when sewing", "whe", "thumb protector", "finger protector", "thumb thing", "with holes", "holes", "guard", "finger guard", "thread", "needle thread", "tiny", "tiny cup", "one finger", "cylindrical shape", "shape", "cylindrical", "thumb finger", "sewing thing", "thumbs", "protect thumbs", "needle work", "work", "ti", "tin cup", "on finger", "accessory", "sewing accessory", "kit", "sewing kit", "on thumb", "protects fingertip", "protect finger", "shaped", "thumb shaped", "metal thumb", "thumb protectio", "sewing thumb", "needlework", "fingers", "protects fingers", "fingertip inside", "inside", "little cup", "little", "very small", "very", "protects finger", "cone", "silver", "silver cone", "sewing protector"], [], [], ["spool", "bar", "trindle", "trundler", "thread", "golde", "vpush", "lantern wheel", "trundling", "mill wand", "roller", "wallower", "vwheel", "vroll", "trundles"], ["propel", "hyperspace drive", "propeller", "propelment", "flutter kick", "propulsive", "sterndrive", "self propelled", "resistojet", "deadstick landing", "dispulsion", "propelling", "tribrid vehicle", "impulse", "subcarangiform", "pump jet", "overpropulsion", "force", "aeolipile", "nonpropulsion", "drive", "astronuclear", "alcubierre drive", "solar engine", "boostglide", "sailcraft", "riverboarding", "hotel load", "tiltrotor", "outboard motor", "rocket aircraft", "thrust", "solid rocket", "push", "electric sail", "electric vehicle", "propulsionless", "solar sail", "sail", "swim", "fly", "energy", "wind", "jet", "oar", "motor"], ["motio", "downstream", "water", "log", "push"], [], ["apush"], ["subtractio", "backarc", "subductive", "mantle", "melange", "surjectio", "antiplume", "diffeological", "palaeosubduction", "wadati benioff zone", "push", "convergent", "deduce", "arithmetical", "tectonic plate", "beneath", "boundary", "subduct", "subductions", "draw", "pushforward", "benioff zone", "orogeny"], [], ["aimpulsive", "aforward", "apush", "apress", "aaggressive", "aeager"], [], ["forward", "ahead", "move", "preview", "vprovide", "credit", "prefer", "abderitism", "put forth", "invisible runner", "inroad", "prequalify", "floor plan lending", "preoptimization", "apex", "beat someone's time", "elden", "additio", "acompleted", "upfront", "drive", "move out to up", "pictionary", "technoplegic", "x prize", "notice", "brass ring", "standard fare", "rack and snail", "regulatory capture", "vpropose", "backward", "vfurther", "advanced", "dribble", "sexual harassment", "advances", "imprest", "predetermined", "mend", "rotate", "set aside", "vpush", "prepoll", "overture", "preprogram", "self assertive", "backward pa ", "advanceth", "vprogress", "prefiguration", "run at", "prespecified", "vapproach", "outslide", "bridgehead", "vput forward", "prebooked", "van courier", "preconcerted", "preset", "forewarning", "foreset", "traditional publisher", "vlift", "vpromote", "advancement", "go", "vbid", "ahead of one's time", "dead horse", "screener", "approximate", "advantage", "advancive", "encroachment", "premeditation", "vhappe", "prevision", "careerism", "practical alchemy", "lovemaking", "unplanned", "vprefer", "vincrease", "break even", "aheadr", "premeditated", "vhaste", "outrider", "encroach", "electrickery", "prior", "improvement", "proceed", "foredetermined", "flash crowd", "loa", "reservation", "apreceding", "prepayer", "amilestone", "stagnate", "break ground", "sidle", "earn out", "creep up", "money", "opportunist", "vforwards", "value", "vlend", "cassette drive", "holding pattern", "wolf", "predoom", "foreshadow", "aforward", "qwerty phenomenon", "advancest", "press on", "forewarned is forearmed", "supermajority", "leadwikten 2", "get ahead", "velevate"], ["carrier", "baby", "pusherman", "winner", "pushers", "fuselage", "illegal", "shover", "stroller", "drug", "dealer", "trai", "girl", "player", "underwater hockey", "woma", "pram", "defensive", "on foot", "tractor", "transport", "push", "passenger"], [" artifactcommodity artifact", " artifactcarter perso", "hand truck", "beast of burde", "cart", "handcarts", "hand", "pull", "push"], ["blood pressure", "depressors", "push", "muscle", "depress"], ["mini roundabout", "merry go round", "coat", "aindirect", "carousel", "acircumlocutionary", "ambagious", "all way to egery and back", "jacket", "circuity", "gyratory", "setouchi", "windlass", "roundabout dog", "childre", "around robin hood's bar", "push", "play", "swings and roundabouts", "apparatus", "circumbendibus", "circular", "circumferential", "indirect", "circumforaneous", "road", "circle", "roundaboutness", "detour", "rotate", "carrousel", "central", "galloper", "circumlocution", "rotunda", "roundabouts", "bicycle roundabout", "junctio", "park", "roundaboutlyr", "fairground", "acomprehensive", "close fitting", "island", "acircuitous", "stream", "circumlocutionary", "traffic", "axis", "traffic circle"], ["vsurpass", "voutward", "vpush"], ["injection", "reinject", "vinjectable", "vcavity", "mainliner", "ioxilan", "botox", "carboxytherapy", "vertebroplasty", "microinject", "injectate", "vpump", "vpush", "retrojection", "syringe", "mesopuncture", "vpassage", "venturi injector", "injecting", "injected", "injectable", "vinjectio", "envenomate", "shoot up", "vintroduce", "mainline", "vcode", "injectant", "injecter", "semidiesel", "vprogram", "noninjecting", "injecteth", "australian paralysis tick", "afterburner", "preslug", "injection molding", "injects", "microinjector", "vvulnerability", "photoscanner", "instillate", "injector", "injectest"], ["push", "pushcarts", "omolanke", "cart"], ["push", "canal", "tug", "tow", "tugboat", "squat", "towboats", "boat", "towboater", "steamer", "barge", "powerful", "vessel"], [], ["vcrowd", "vpush", "dringe", "vsqueeze", "drang", "throng", "narrow", "crowd", "passage", "vpress"], [], ["inflation", "mushroom", "puff out", "pump up", "afflatus", "inflates", "inflatable", "vinflatio", "reinflate", "chest breather", "pufferfish", "venlarge", "clincher", "inflater", "pouter", "inflationary", "utriculate", "sufflate", "bicycle pump", "uilleann pipes", "reflate", "airbag", "hyperinflated", "overinflate", "deflationary", "counterpulsation", "deflation", "inblow", "globefish", "blow up", "inflateth", "vpush", "uninflated", "balloon", "honey pot ant", "link doping", "puff up", "channel stuffing", "hyperinflate", "bombast", "ballonet", "vfill", "plim", "uninflatable", "underinflate", "bladder", "rhineurynter", "inflating", "turgesce", "hot air balloon", "vdecompress", "inflatest", "tumesce", "projecting", "vswell", "vdeflate", "blowfish", "blow"], ["vviolence", "hurtling", "clattering", "literal", "vresound", "hurtled", "figurative", "vpush", "vsound", "vrapidly", "vjostle", "hurtles", "vhurl", "vviolently", "hurtlest", "hurtleth", "vthrow", "vshock", "vfling", "vcontrol"], ["ashove", "apush", "ajostle"], ["jet engine", "introverted", "jab", "attack", "underthrust", "thrustinglyr", "nonthrust", "counterthrust", "clean and jerk", "reach", "propulsor", "turbojet", "thrustful", "drawbore", "face fuck", "fascet", "parallel", "satelloid", "thrusteth", "thrusts", "exsert", "face fucking", "impulse", "primary", "thrustlike", "smallsword", "retrude", "booster", "unchariot", "afterburning", "afterburner", "boke", "hunch", "propulsio", "drift", "reverse", "thring", "job", "antithrust", "inflict", "counterriposte", "push up", "extrude", "ripost", "autogiro", "force", "reaction engine", "exsertile", "thrusting", "pelvic thrust", "thrustless", "stab", "strokewikten 1", "goal", "tail rotor", "vadvance", "passade", "trusion", "vextend", "tsuki oshi", "upthrust", "thrustest", "riposte", "main gauche", "allonge", "thrusted", "rocket engine", "extrovert", "exsertion", "unthrust", "prop wash", "working mass", "flanconade", "forward", "upheave", "gyrodyne", "specific thrust", "bethrust", "thrustmeter", "rocket belt", "stockwikten 2", "plunge", "push", "effort", "jet pack", "home thrust", "uphilt", "thrutch", "lunge", "specific impulse", "extroverted", "land", "resistojet", "intrude"], ["tugboater", "towboat", "tug", "pull", "push", "powerful", "vessel", "maneuver", "barge", "boat", "tugboats"], [], ["thrust", "push"], ["squeeze play", "bunts", "slash bunt", "pepperbrand", "ear", "drag bunt", "fungus", "butt", "hexachlorobenzene", "sail", "vspring", "squeeze", "cereal", "push", "bunting", "push bunt", "grai", "bunted", "yard", "vbutt", "shove", "butcher boy"], [], ["intuitive", "hunchless", "hunched", "guess", "text neck", "hunchest", "hunching", "velbow", "theory", "vprotuberance", "huncher", "hunches", "slouch", "vcurl", "impressio", "vthrust", "protuberance", "straighten up", "hump", "ball up", "vhump", "hunchs", "vcrook", "vstoop", "idea", "vlea", "huncheth", "hunk", "vpush", "stoop", "posture", "hunchback", "vjostle", "sit up and beg", "something tells one", "vslouch", "sneaking suspicion", "curl", "bunch"], ["spurner", "rejectio", "vpush", "vreject", "spurned", "vcontem", "scornful", "kick", "vwaste", "spurning", "vscor", "vfoot", "spurnest", "vdisdai", "spurns", "spurneth", "spurninglyr"], [], [], ["vpush", "barra", "pushchair", "crowd"], ["apush"], [], ["vpush", "vfall", "vdash", "vstrike", "vmove", "vbutt"], ["lock artifact", "pomander", "knicker drawer", "sideboard", "draw", "retour sans prot\u00eat", "worktop", "crash cart", "draft", "artist", "drawerless", "wagoner", "cabinet", "drawful", "junk drawer", "drawerlike", "desk", "drawerful", "drawers", "check", "drawerswiktfr 1", "devonport", "box", "banker's draft", "chest of drawers", "tub", "cheque", "underground", "cashier's check", "rootle", "push", "hall tree", "vanity", "drawered", "cellaret", "drawee", "toddy", "barma", "beer", "file cabinet", "redraft", "promissory note", "plan chest", "cash register", "tap", "drawerknob", "kneehole desk", "worksurface", "nightstand", "drawing", "telecheck", "pembroke table", "hydrator", "sock", "money", "handle", "register", "painter", "scissors"], ["actio", "motio", "dance", "relocate", "change", "transport", "walk", "houses", "changing", "house", "go", "purpose", "locatio", "drive", "shake", "tur", "home", "walking", "advance", "changing houses", "going", "pass", "swim", "gimbal", "movement", "firkwikten 1", "vassembly", "clamper", "whirr", "free roam", "clench", "remove", "moves", "draw away", "vplace", "vagile", "paralyze", "reverse mortgage", "reidemeister move", "countermove", "motivity", "vpositio", "edge up", "drawl", "waltz", "promission", "locomotion", "phonotaxis", "sway", "j adoube", "motif", "sideways", "ride", "budge up", "stubborn", "vresidence", "autokinesis", "opening", "death valley driver", "take", "translate", "pass through", "run", "ball change", "vfeeling", "knight's tour", "vdraw", "gather way", "nematohydrodynamic", "unblockable", "barrel", "hidden", "vcarry", "oscillating", "toke", "schlomp", "vcompassio", "vact", "mashed potato", "mobility", "self activity", "motile", "touch move rule"], []], "/r/UsedFor": [[], [], [], [], ["foot"], [], [], [], [], [], [], [], [], [], ["have orgasm", "getting physical activity", "get excited", "arouse yor mate"], [], [], [], [], [], [], [], [], [], [], [], [], [], [], [], [], [], [], ["row"], [], [], [], [], [], [], [], [], [], [" artifacthaul contact", "baby buggy artifact"], [], [], [], [], [], [], [], [], [], [], [], [], [], [], [], [], [], [], [], [], [], [], [], [], [], [], ["storing socks", "storing things", " artifactstore possessio", "hold things", "safe keeping", "putting things i", "segregated storage", "storing clothes", "hiding clutter", "storing personal items", "storing sweaters", "hiding", "storing lingerie", "holding junk", "store jewelry i", "keeping things", "holding things", "organizatio", "storing things i", "opening and closting", "storing underwear", "hiding things away inside", "store things out of sight", "store things", "socks"], ["muscle", "mouse artifact motio", "moving walkway"], []], "/r/LocatedAt": [[], [], [], [], [], [], [], [], [], [], [], [], [], [], [], [], [], [], [], [], [], [], [], [], [], [], [], [], [], [], [], [], [], [], [], [], [], [], [], [], [], [], [], [], [], [], [], [], [], [], [], [], [], [], [], [], [], [], [], [], [], [], [], [], [], [], [], [], [], [], [], [], []], "/r/FormOf": [["press'd", "pressing", "pressest", "pressed", "presses"], [], ["shoving", "shoved", "shoves"], ["forceth", "forces", "forcest", "forc'd"], ["movements"], ["elbows", "elbowing", "elbowed"], ["thringing", "thrings", "thrang", "thrung"], [], ["boked", "bokes", "boking"], [], [], ["push", "vpush"], ["pushiest", "pushier"], ["strollers"], ["stimulations"], [], [], ["shoulders", "shouldering", "shouldered"], ["nudging", "nudged", "nudges"], [], [], ["smushed", "smoosh", "smushing", "smushes"], ["orographs"], [], ["toppled", "topples", "toppling"], ["jolting", "jolts", "jolted"], ["shtupped", "shtups", "shtupping", "schtup"], ["boosted", "boosts", "boosting"], [], ["thimbles"], [], [], ["trunnel", "trundled", "trundles", "trundling"], ["propulsions"], [], [], [], ["subductions"], [], [], [], ["advanced", "advances", "advancing", "advanceth"], ["pushers"], ["hand cart", "handcarts"], ["depressors"], ["roundabouts"], ["outpushes", "outpushed", "outpushing"], ["injecting", "injected", "injects"], ["pushcarts"], ["towboats"], [], ["dringing", "drings"], [], ["inflateth", "inflated", "inflates", "inflating"], ["hurtling", "hurtled", "hurtles"], [], ["thrusts", "thrustedst", "thrusting", "thrustest", "thrusteth"], ["tug boat", "tugboats"], [], [], ["buntswikten 1", "bunts", "bunted"], [], ["hunches", "hunched", "hunchs", "hunching"], ["spurns", "spurning", "spurnest", "spurneth", "spurned"], [], [], ["vpush", "push"], [], [], ["dushed", "dushes", "dushing"], ["drawers"], ["moving", "moves"], []], "/r/IsA": [["garlic press artifact", " actweightlifting act", "magazine communication communicatio", " artifactmachine artifact", "newspaper communication communicatio", "compression act", " communicatioprint media communicatio", " artifactclamp artifact", "rotary press artifact", "cheese press artifact", "standing press artifact", "ciderpress artifact", "hydraulic press artifact", " actpush act", "free press communication communicatio", "flatbed press artifact", "winepress artifact", "punch press artifact", " groupestate group", "impression act"], [], [" actpush act", "bundling act", "jostle act"], ["gravity", "military service group", "centripetal force phenomenon physics", "work force group", "affinity phenomenon physics", "security force group", "paramilitary group", "centrifugal force phenomenon physics", "pressure attribute", "wheel attribute", "pull phenomenon physics", " attributeinfluence attribute", "life force biology physics", "staff group", " physicsphysical phenomenon phenomeno", " grouporganization group", "military personnel group", "coriolis force physics", "moment phenomenon physics", "reaction mechanics physics", "patrol group", "duress attribute", "energy attribute", "cohesion physics", "drift phenomenon physics", "military group", "lorentz force phenomenon physics", "attraction phenomenon physics", "magnetomotive force phenomenon physics", "rank and file military group", "brunt attribute", "repulsion phenomenon physics", "line personnel group", "police group", "push phenomenon physics", "momentum attribute", " groupsocial group", "military police group", " attributeintensity attribute", "management personnel group", "guerrilla force group", "lifeblood attribute", "propulsion phenomenon physics", "torsion phenomenon physics", "stress physics", "aerodynamic force phenomenon physics", "heartbeat attribute", "group of things", "mass", "coercio"], ["jitter event", "religious movement group", "seek computer science event", "wave physics event", "transplant act", "wobble event", "approach event", "reform movement group", "bending event", "change of location event", "troop movement military act", "transportation act", " actchange act", "displacement act", "political movement group", "whirl event", "zionism group", " groupsocial group", "boy scouts group", "cultural movement group", "insertion act", "falun gong group", "brownian movement phenomenon event", "oecumenism group", "heave geology event", "intermezzo communication communicatio", "civil rights movement group", "lowering act", "artistic movement group", "free french world war ii group", "crustal movement geology event", "recoil event", "deflection event", "scherzo communication communicatio", "turning event", "wave event", " eventhappening event", " artifactaction artifact", "undulation event", "twist event", "common front group", "squeeze event", "periodic motion event", " communicatiomusical composition communicatio", "throw event", "passing event", "periodic movementopencycmovement event", "animation in it's purest form", "military maneuveropencycmovement event", "rotatingopencycmovement event", "shooting using missile launcheropencycmovement event", "moving involuntarilyopencycmovement event", "movement processopencycmovement process", "locomotion processopencycmovement event", "crashingopencycmoving while crashingopencycmovement event", "impellingopencycmovement event", "droppingopencycmovement event", "missile launchopencycmovement event", "wavingopencycmovement event", "cuttingopencycstriking with ones fistopencycmovement event", "water intake in plantsopencycmovement process", "anaphaseopencycmovement event", "opencycmovement processopencycmovement event", "flow", "sorptionopencycmovement process", "phagocytosisopencycmovement event", "translocatingopencyctranslocationopencycmovement event", "panning cameraopencycmovement event", "transmittingopencycmovement event", "fallingopencycmovement event", "carryingopencyccarrying while locomotingopencycmovement event", "shufflingopencycmovement event", "rhythmic movementopencycmovement event", "tactical movementopencycmovement process", "walking"], [" bodyhinge joint body", " artifactpipe artifact", " animaljoint anatomy", " artifactbend river", " artifactcloth covering artifact", "left elbow", "joint", "right cubital joint", "external anatomical part", "jointopencycjoint animal body part", "anatomical structure"], [], [], [], [], [], [], [], [], ["evocation cognition cognitio", "galvanization act", "negative stimulus cognition cognitio", " actarousal act", " cognitioinformation cognitio", "kick cognition cognitio", "positive stimulus cognition cognitio", "galvanization process physiology", "conditioned stimulus cognition cognitio", "turnoff cognition cognitio", "discriminative stimulus cognition cognitio", "activation process physiology", "reinforcing stimulus psychology cognitio", "turn on cognition cognitio", " physiologynatural process"], [], [], [" bodybody part anatomy", "hard shoulder artifact", " artifactedge artifact", " artifactcloth covering artifact", " foodcut food", " bodyball and socket joint body", "body part", "opencycshoulder roadwayoutdoor location", "opencycshoulder roadwayedge", "joint", "solid object", "external anatomical part", "anatomical structure"], [" actpush act", "hit", "vhit"], [], [], [], [], [], [], [" eventbump event", "jolting", "physical event", "soft drink"], [], ["morale building act", " actaid act", " actpush act", "wpc librariessoftware"], [], [" artifactcap artifact", " artifactcontainer artifact", " quantitycontainerful quantity", "manual tool"], [], [], [" artifactwheel artifact", " artifactroller artifact"], ["wheeling act", "lob act", " actact", "shooting act", "expulsion act", "dribble basketball act", "throw act", "drive act", "reaction propulsion phenomenon phenomeno", "nuclear propulsion phenomenon phenomeno", "launching act", " phenomenoforce physics", "pull act", "roll act", "lift act", "jump act", "push act"], [], [], [], [" processgeological process geology"], [], [], [], [" possessiosum possessio", " actincrease act", "cash advance"], [" persomover perso", " artifactsandal artifact", "nudger person perso", " persodealer perso", " persocriminal perso", " persointruder perso"], ["applecart artifact", "laundry cart artifact", "shopping cart artifact", " artifactwheeled vehicle artifact", "barrow artifact", "serving cart artifact", "hand truck artifact"], [" bodynerve body", " bodyskeletal muscle body", " artifactdevice artifact", "tongue depressor artifact"], [], [], [], [], [], [], [], [], [], [], [], [" communicatiocriticism communicatio", "wpvideo gamevideo game"], ["boat", " artifactboat artifact", "vessel", "motorboat"], [], [], [" plantsmut plant", " statesmut state", " baseballhit act"], [], [" actbending act", "wpwebsitewebsite"], [], [], [], [], [], [], [], ["container", " artifactstorage space artifact", " persomoney handler perso", " artifactcontainer artifact", "storage device", "desk drawer", "dresser drawer", "place to store clothes", "part of furniture"], ["chess move act game", "demarche act", " gameturn game", "flit act", " actdecision act", "overspill group act", "maneuver act", " actchange act"], []], "/r/PartOf": [["press corps group communicatio", "bed artifact"], [], [], [], [" artifactwatch artifact", " artifactclock artifact", " communicatiosonata communicatio"], [" animalforeleg animal", " artifactsleeve artifact", "funny bone body", "musculus articularis cubiti body", " bodyarm body", "arm"], [], [], [], [], [], [], [], [], [], [], [], ["armpit body", "scapula body", " bodytorso body", "rotator cuff body", "circumflex humeral artery body", "teres body", " artifactgarment artifact", " foodchuck food", " artifactroad artifact", "circumflex scapular artery body", "torso", "deltoid", "body"], [], [], [], [], [], [], [], [], [], [], [], [], [], [], [], [], [], [], [], [], [], [], [], [], ["food processor"], ["handle artifact"], [], [], [], [], [], [], [], [], [], [], [], [], [], ["helm artifact"], [], [], [], [], [], [], [], [], [], [], [], [], [" artifactdesk artifact", "lock artifact", " artifactchest of drawers artifact", " artifactchiffonier artifact", " artifactbuffet artifact", "dresser", "furniture"], [], []], "/r/HasA": [[], [], [], [], [], [], [], [], [], [], [], [], [], [], [], [], [], [], [], [], [], [], [], [], [], [], [], [], [], [], [], [], [], [], [], [], [], [], [], [], [], [], [], [], [], [], [], [], [], [], [], [], [], [], [], [], [], [], [], [], [], [], [], [], [], [], [], [], [], [], ["clothing"], [], []], "/r/CapableOf": [["mean to iro"], [], ["push back"], [], [], [], [], [], [], [], [], [], [], [], ["cause erectio"], [], [], [], [], [], [], [], [], [], [], [], [], [], [], [], [], [], [], [], [], [], [], [], [], [], [], [], ["supply drugs to addict"], [], [], [], [], [], [], [], [], [], [], [], [], [], [], ["near freighter"], [], [], [], [], [], [], [], [], [], [], [], [], [], ["living things"], []], "/r/AtLocation": [["white house", "statement"], [], [], [], [], [], [], [], [], [], [], [], [], [], [], [], [], ["neck"], [], [], [], [], [], [], [], [], [], [], [], [], [], [], [], [], [], [], [], [], [], [], [], [], [], [], [], [], [], [], [], [], [], [], [], [], [], [], [], [], [], [], [], [], [], [], [], [], [], [], [], [], ["clothing", "sock", "pencil", "knife", "fork", "glasses case", "bag", "phone book", "sweater", "glue stick", "pillow cases", "clippers", "address label", "junk", "envelope", "jeans", "ballpoint pe", "sachet", "paper clip", "file", "potpourri", "office desk", "sheets", "pair of scissors", "panties", "eyeglasses case", "reading glasses", "pe", "nylo", "knickknacks", "papers", "gu", "socks", "stamps", "pots", "dresser", "de", "telephone book", "quill brush", "notepad", "caps", "object", "jewelry box", "garlic crusher", "contraceptive", "checkbook", "labeler", "lids", "nightstand", "chest", "bear", "guarantees", "spatula", "hearing aid", "nylons", "credit cards", "letters", "card case", "phone directory", "scissors", "bag twisters", "glasses", "pamphlets", "pennies", "cosmetics", "tape", "hanging folders", "handle", "whisk", "correspondence", "video", "kitchen knife", "label maker", "utensils", "undershirts", "wash and wear fabric", "chest of drawers", "voltmeter", "chess set", "nut cracker", "winter ware", "knifes", "change", "hankie", "candle", "lingerie", "underpants", "product instructions", "book", "slips", "garters", "clothes", "contraceptive device", "games", "nail clippers", "paper punch", "cork puller", "coins", "letter openers", "kitchen machine accessories", "puzzle", "shave kit", "pantihose", "thumb tack", "paper clips", "tablespoo", "giraffe", "coasters", "egg beater", "handgu", "bra", "underware", "handkerchieves", "old equipment", "giant underpants", "camera", "underwear", "pictures", "prescription medications", "pillow case", "knives", "tape dispenser", "tools", "file cabinet", "thermometer", "checkbook holder", "receipts", "cheque book holder", "mechanical pencil", "serving spoons", "film", "saved letters", "tops", "kitche", "clue", "pantyhose", "toys", "souvenirs", "travel kit", "money", "dishtowels", "waterbed hose", "rocks", "blank checks", "pans", "washclothes", "stylus", "dust", "shirt", "ruler", "files", "important papers", "hair clip", "cds", "kitchen cabinet", "stationery", "currency", "screwdriver", "extra bedding", "socks or undergarments", "paper", "monopoly game", "ear muffs", "curling iro", "pot", "kitchen utensil", "ladle", "fountain pe", "blankets", "scarves", "marker", "bras"], [], []], "/r/HasProperty": [[], [], [], [], [], [], [], [], [], [], [], [], [], [], [], [], [], [], [], [], [], [], [], [], [], [], [], [], [], [], [], [], [], [], [], [], [], [], [], [], [], [], [], [], [], [], [], [], [], [], [], [], [], [], [], [], [], [], [], [], [], [], [], [], [], [], [], [], [], [], [], [], []], "/r/CreatedBy": [[], [], [], [], [], [], [], [], [], [], [], [], [], [], [], [], [], [], [], [], [], [], [], [], [], [], [], [], [], [], [], [], [], [], [], [], [], [], [], [], [], [], [], [], [], [], [], [], [], [], [], [], [], [], [], [], [], [], [], [], [], [], [], [], [], [], [], [], [], [], [], [], []], "/r/Synonym": [["push contact", "v stativeweigh stative", "pressing act", "v contactcompress contact", "printing press artifact", "fourth estate group", " groupcrush group", "military press act", "mechanical press artifact", "v contactiron contact", "v competitioweight lift competitio", "press out creation creatio", "pressure act", "v communicatiobid communicatio", "v communicatiourge communicatio", "v socialcrusade social", " stateimperativeness state", "public press communication communicatio", " artifactwardrobe artifact", "wikten 1closet", "pressure", "iron"], [], ["v motiothrust motio", "v motiojostle motio", "push along"], [" persopower perso", " militarymilitary unit military", "ram contact", " baseballforce play baseball", "v motiopush motio", "strength attribute", "thrust communication communicatio", "personnel group", " actviolence act", "v socialcoerce social", "v creatioimpel creatio", "v contactwedge contact", "v contactstorm contact", " laweffect law", "drive contact", "forcefulness attribute", "random", "compel"], ["social movement group", " actmotion act", " processbowel movement process", " actcampaign act", " phenomenoapparent motion phenomeno", "motion event", "front group", " cognitiodrift cognitio", "incursion", "motion"], ["articulatio cubiti body", "human elbow body", "cubitus body", "cubital joint body", "elbow joint body", ""], [], [], [], [], [], [], ["a pushful ", "aambitious", "aself assertive", "ago getting", "ahigh pressure", "aassertive", "asharp elbowed"], [" persosaunterer perso", " artifactbaby buggy artifact", "baby buggy", "baby carriage", "pushchair", "buggy"], [" actforeplay act", "stimulus cognition cognitio", "input cognition cognitio", "stimulant cognition cognitio"], [], [], ["berm artifact", "shoulder joint body", "articulatio humeri body", ""], ["poke at contact", "prod contact", "jog act", "vjog", "jog", "vpoke", "poke"], [], [], [], [], [], ["tumble motion motio", "v motiotumble motio", "tip motion motio", "fall over", "overthrow"], ["shock event", "jar event", " actjerk act", "jounce event", "jar motion motio"], [" actfuck act"], [" attributerise attribute", "v motiohike motio", "supercharge change", "v socialpromote social", "advance change", "encouragement act", "jump start", "wpc librarieswpc libraries"], [], ["thimbleful quantity"], [], [], [" artifacttrundle bed artifact", "trundle bed", "lantern wheel"], ["actuation act"], [], [], [], [], [], [], [], ["cash advance possession possessio", "go on motion motio", "bring forward motion motio", "v competitiogain competitio", "v socialpromote social", " eventimprovement event", "rise act", "set ahead motion motio", " actprogress act", "v changeboost change", " eventprogress event", "move on motion motio", "a in advance ", "march on motion motio", "a beforehand ", " communicatiooverture communicatio", "v changeprogress change", "progress motion motio", "pass on motion motio", "throw out communication communicatio", "gain change", "expectant", "come closer", "progress", "come along", "go on", "way", "accelerate", "adduce", "vallege", "go forward", "attend to", "vaccelerate", "approach", "prepay", "vassig", "dignify", "push forward", "advance payment", "velevate"], ["peddler person perso", "drug dealer person perso", "thruster person perso", "shover person perso", " artifactbaby buggy artifact", "zori artifact", "drug trafficker person perso", "drug peddler person perso", "dealer"], ["go cart artifact", "pushcart artifact", "cart artifact"], ["depressor nerve body", "depressor muscle body"], ["a circuitous ", "circuitous a ", "traffic circle", " artifactcarousel artifact", " artifacttraffic circle artifact", "circuitous", "merry go round", "rotary", ""], [], ["shoot medicine", "shoot contact", "v communicatiointerject communicatio"], [" artifacthandcart artifact"], [" artifacttugboat artifact"], [], [], [], ["v changeballoon change", "blow up change", "expand change", "amplify change", "blow", "pump"], ["v motiolunge motio", "v contacthurl contact", "bucket"], [], ["push up stative", " actjab act", "v motiolunge motio", "shove motion motio", "squeeze motion motio", " actdrive act", " phenomenopush phenomeno", "stuff motion motio", "v contactthrow contact", " actstab act", "v communicatioforce communicatio", "v contactpierce contact", "vcompel", "impulse", "liement", "pass", "vdart", "lift", "focus", "break", "vattack", "wpvideo gamewpvideo game"], ["tug artifact", "tug", "tower artifact", "towboat artifact", ""], [], [], ["stinking smut plant", "tilletia foetida plant", "tilletia caries plant", "stinking smut state", "drag bunt baseball", "v contactbutt contact"], [], ["hunch forward motion motio", " cognitiointuition cognitio", "hump motion motio", "hunch over motion motio", "hint", "wpwebsitewpwebsite"], ["v communicatioreject communicatio", "vdecline", "vdisallow", "vwithhold"], [], [], [], [], [], [], [" persodraftsman perso", "draftsma", "wpfurniturewpfurniture"], ["v socialact social", "v bodybe active body", "go competition competitio", "go change", " actmotion act", "displace motion motio", "run change", "v emotioaffect emotio", "v creatiomotivate creatio", "make motion communication communicatio", "relocation act", "v socialgo social", "v motiotravel motio", "dislodge", "vprompt", "instigate", "vimpel", "recommend", "relocation", "impel", "bring round", "agitate"], []], "/r/LocatedNear": [[], [], [], [], [], [], [], [], [], [], [], [], [], [], [], [], [], [], [], [], [], [], [], [], [], [], [], [], [], [], [], [], [], [], [], [], [], [], [], [], [], [], [], [], [], [], [], [], [], [], [], [], [], [], [], [], [], [], [], [], [], [], [], [], [], [], [], [], [], [], [], [], []], "/r/SimilarTo": [[], [], [], [], [], [], [], [], [], [], [], [], [], [], [], [], [], [], [], [], [], [], [], [], [], ["bit"], [], [], [], ["thermowell"], [], [], [], [], [], [], [], ["obduction", "obductio"], [], [], [], [], [], [], [], ["a indirect ", "indirect a ", "pork chop island"], [], [], [], [], [], [], [], [], [], [], [], [], [], [], ["clew", "slash bunt", "sacrifice bunt"], [], [], [], [], [], [], [], [], [], [], [], []], "/r/MadeOf": [[], [], [], [], [], [], [], [], [], [], [], [], [], [], [], [], [], [], [], [], [], [], [], [], [], [], [], [], [], [], [], [], [], [], [], [], [], [], [], [], [], [], [], [], [], [], [], [], [], [], [], [], [], [], [], [], [], [], [], [], [], [], [], [], [], [], [], [], [], [], [], [], []], "/r/ReceivesAction": [[], [], [], [], [], [], [], [], [], [], [], [], [], [], [], [], [], [], [], [], [], [], [], [], [], [], [], [], [], [], [], [], [], [], [], [], [], [], [], [], [], [], [], [], [], [], [], [], [], [], [], [], [], [], [], [], [], [], [], [], [], [], [], [], [], [], [], [], [], [], ["contained in chest of drawers"], [], []]}, "/r/UsedFor": {}, "/r/LocatedAt": {}, "/r/FormOf": {"/r/RelatedTo": [["vpush", "barra", "pushchair", "crowd"], [], ["push"], ["press", "jostle", "vpush", "push pull", "swing door", "adriving", "boarding", "apressing", "blow", "pull", "pressure", "writing", "force", "rub"], []], "/r/UsedFor": [[], [], [], [], []], "/r/LocatedAt": [[], [], [], [], []], "/r/FormOf": [["vpush", "push"], ["vpush"], ["push", "vpush"], ["push", "vpush", "pushings"], ["vpush"]], "/r/IsA": [[], [], [], ["pushing baby carriage", "n", "closing drawer", "pushing button", "impelling", "pressingopencycapplying pressure", "voluntary body movement", "pushing with one's hand"], []], "/r/PartOf": [[], [], [], [], []], "/r/HasA": [[], [], [], [], []], "/r/CapableOf": [[], [], [], [], []], "/r/AtLocation": [[], [], [], [], []], "/r/HasProperty": [[], [], [], [], []], "/r/CreatedBy": [[], [], [], [], []], "/r/Synonym": [[], [], [], [" actpush act"], []], "/r/LocatedNear": [[], [], [], [], []], "/r/SimilarTo": [[], [], [], [], []], "/r/MadeOf": [[], [], [], [], []], "/r/ReceivesAction": [[], [], [], [], []]}, "/r/IsA": {"/r/RelatedTo": [[], [], [], [], [], [], [], [], []], "/r/UsedFor": [[], [], [], [], [], [], [], [], []], "/r/LocatedAt": [[], [], [], [], [], [], [], [], []], "/r/FormOf": [[], [], [], [], [], [], [], [], []], "/r/IsA": [[], [], [], [], [], [], [], [], []], "/r/PartOf": [[], [], [], [], [], [], [], [], []], "/r/HasA": [[], [], [], [], [], [], [], [], []], "/r/CapableOf": [[], [], [], [], [], [], [], [], []], "/r/AtLocation": [[], [], [], [], [], [], [], [], []], "/r/HasProperty": [[], [], [], [], [], [], [], [], []], "/r/CreatedBy": [[], [], [], [], [], [], [], [], []], "/r/Synonym": [[], [], [], [], [], [], [], [], []], "/r/LocatedNear": [[], [], [], [], [], [], [], [], []], "/r/SimilarTo": [[], [], [], [], [], [], [], [], []], "/r/MadeOf": [[], [], [], [], [], [], [], [], []], "/r/ReceivesAction": [[], [], [], [], [], [], [], [], []]}, "/r/PartOf": {}, "/r/HasA": {}, "/r/CapableOf": {}, "/r/AtLocation": {}, "/r/HasProperty": {}, "/r/CreatedBy": {}, "/r/Synonym": {"/r/RelatedTo": [[], [], [], [], [], [], [], [], [], [], [], [], []], "/r/UsedFor": [[], [], [], [], [], [], [], [], [], [], [], [], []], "/r/LocatedAt": [[], [], [], [], [], [], [], [], [], [], [], [], []], "/r/FormOf": [[], [], [], [], [], [], [], [], [], [], [], [], []], "/r/IsA": [[], [], [], [], [], [], [], [], [], [], [], [], []], "/r/PartOf": [[], [], [], [], [], [], [], [], [], [], [], [], []], "/r/HasA": [[], [], [], [], [], [], [], [], [], [], [], [], []], "/r/CapableOf": [[], [], [], [], [], [], [], [], [], [], [], [], []], "/r/AtLocation": [[], [], [], [], [], [], [], [], [], [], [], [], []], "/r/HasProperty": [[], [], [], [], [], [], [], [], [], [], [], [], []], "/r/CreatedBy": [[], [], [], [], [], [], [], [], [], [], [], [], []], "/r/Synonym": [[], [], [], [], [], [], [], [], [], [], [], [], []], "/r/LocatedNear": [[], [], [], [], [], [], [], [], [], [], [], [], []], "/r/SimilarTo": [[], [], [], [], [], [], [], [], [], [], [], [], []], "/r/MadeOf": [[], [], [], [], [], [], [], [], [], [], [], [], []], "/r/ReceivesAction": [[], [], [], [], [], [], [], [], [], [], [], [], []]}, "/r/LocatedNear": {}, "/r/SimilarTo": {}, "/r/MadeOf": {}, "/r/ReceivesAction": {}}}, "": {}}