{"remote": {"N1": {"/r/RelatedTo": ["control", "corpse road", "internal exile", "magenta box", "tristan da cunha", "preremote", "presenter", "outback", "sideload", "foraneous", "dumb terminal", "teleprogramming", "backwood", "teleoperation", "bush pilot", "smoke jumper", "elvis country", "outside world", "jungle telegraph", "backwater", "aunlikely", "viewdata", "olympian", "linemode", "teleophthalmology", "north forty", "smartdust", "remoted", "back of beyond", "backhaul", "aremove", "remotes", "teleoperate", "hold candle", "telepsychology", "time preference", "telesurgery", "teleconsultation", "teleassessment", "sticks", "telemonitor", "telemetry", "remoteness", "adisconnected", "outstation", "way off", "infinity box", "phone home", "coastwatcher", "backblock", "boondock", "extreme", "outstreet", "telerobot", "outlying", "back blocks", "hinterland", "telerobotics", "depth", "adistant", "telepsychiatry", "secluded", "telemedicine", "far off", "depths", "aemotio", "lost to world", "remittance", "inland", "adistance", "fronthaul", "nonremote", "teleintervention", "outworld", "arse end of nowhere", "heli skiing", "teleteacher", "electronic car key", "teleoperator", "nodding acquaintance", "distantness", "far flung", "outskirt", "bush telegraph", "teleprogrammed", "backwaterish", "retreater", "armchair", "teleguide", "localhost", "hintermost", "out of way", "glimmer", "adetach", "farthermost", "teleworkshop", "mononeuritis multiplex", "ainaccessible", "north of watford", "aloof", "back of one's mind", "woop", "telepsychiatrist", "outlay", "backwoods", "telescience", "teleguidance", "isolation pay", "rfc", "east jesus", "telepresenter", "time sharing", "middle of nowhere", "telemanipulate", "farm", "pause"], "/r/UsedFor": ["remotely control tv"], "/r/LocatedAt": [], "/r/FormOf": ["remotes", "remoting", "remotest", "remoted", "remoter"], "/r/IsA": [], "/r/PartOf": [], "/r/HasA": [], "/r/CapableOf": ["control tv"], "/r/AtLocation": [], "/r/HasProperty": [], "/r/CreatedBy": [], "/r/Synonym": ["a removed ", "a distant ", "remote control", "a outside ", " artifactremote control artifact", "outback a ", "aabysmal", "clicker", "far off", "aaloof", "afar", "adisconnected"], "/r/LocatedNear": [], "/r/SimilarTo": ["inaccessible a ", "a inaccessible "], "/r/MadeOf": [], "/r/ReceivesAction": []}, "N2": {"/r/RelatedTo": {"/r/RelatedTo": [["birth control", "remote", "drive", "stereocontrol", "vfor", "tab control", "handover", "dictate", "controlled", "ambit", "cusum", "take over", "puck handling", "uncontrolledlyr", "beck and call", "castellany", "in charge", "puppetlike", "desmodromic", "crystal oven", "dual control", "electronic stability control", "milieu control", "rbac", "foreign exchange certificate", "scrummage", "servocontrol", "rmgroup", "majority owner", "biocontrol", "transfer", "overawe", "aileron authority", "cn gas", "dcs", "content filtering", "free for all", "vinfluence", "on string", "blockhouse", "micromanage", "master cylinder", "public sector", "area of influence", "myriarchy", "in check", "listview", "underneath", "grab by lapels", "alien hand syndrome", "ace", "controllinglyr", "triode", "have someone by balls", "telerobot", "regulate", "restraint", "vdictate", "controlling", "occ", "continence", "hijack", "weapon", "slippery sequence", "neuroleptanalgesia", "biofiltration", "hold reins", "privatize", "floodgate", "untameable", "negara", "accident of birth", "authorities", "telescience", "vdesig", "mechanism", "tab order", "pie chucker", "bit between one's teeth", "supercontrolled", "custodialism", "escalator clause", "engineer", "kayadanda", "ralstonism", "bitch slap", "vernier", "lose it", "turnstile", "unmanage", "self possessed", "control engineering", "direct", "tighten purse strings", "bridle", "navigate", "kineplastics", "steering wheel", "visual servoing", "flooder", "pocket borough", "semicontrolled", "rein in", "hot spot", "corpus callosotomy", "ballonet", "pilot", "have handle on", "foot brake", "subdue", "show who's boss", "subpower", "knobology", "laicized", "top hand", "radio control", "boatswain", "rudder authority", "subjection", "receptor", "habituality", "supermaneuverability", "cuebid", "on top of", "servomechanism", "steady hand on tiller", "company to ", "movement", "wrap around one's little finger", "hemoculture", "harness", "dial", "mesmerism", "tactical air commander", "controls", "monocratic", "wrong rook pa ", "take reins", "obstreperous", "managed care", "air supremacy", "loosen purse strings", "elevator", "privatization", "spaz out", "controller", "overcontrol", "qigong", "manipulate", "call tune", "body snatcher"], [], [], [], [], ["aremote"], ["thing", "present", "layer", "mvp", "gui", "presenters", "zoo format", "perso", "compere", "broadcast", "piece to camera", "device", "standupper", "autocutie", "twirlgate", "handheld", "continuity announcer", "call in", "conceptual", "loveteam", "master of ceremonies", "idiot board", "programme", "remote", "telepointer", "weathercaster", "news"], ["crop", "babbling brook", "mulga madness", "remote", "bull dust", "channel country", "rback o bourke", "mulga wire", "bushman", "grassland", "beyond black stump", "bushie", "cattle station", "aremote", "australia", "bushwoman", "back o bourke", "mulga", "scrub bull", "aurba", "desert", "mulga black", "desolate", "bushland", "wilderness", "steak"], ["vdata", "vremote", "vtransfer", "vdevice", "vlocal"], ["aremote", "amarket", "aforum"], [], ["remote", "robot", "teleprogrammed", "programming"], ["arural", "aremote", "arustic", "aunsophisticated", "acountrified", "abackwoods"], ["teleoperate", "remote", "teleoperations"], [], [], [], [], [], ["sloughwikten 2", "dam", "idea", "obstructio", "boat", "hinterland", "back water", "stop", "backwaters", "oar", "vvacillate", "backwaterish", "backcast", "backwatering", "stroke", "event", "rowing", "remote", "backwatered", "water", "binnekill", "progress"], [], ["videotex", "database", "video", "remote", "data", "subscriber", "information retrieval", "telesoftware"], ["aremote", "usa", "demeter", "poseido", "washingto", "titanomachy", "greek", "cronus", "greece", "menoetius", "hades", "demon", "hephaestus", "pantheo", "ares", "agodlike", "aaloof", "hermes", "athlete", "agreek", "artemis", "agod", "olympics", "asuperior", "aolympic games", "olympia", "hera", "aolympia", "olympians", "dionysia", "acelestial", "athena", "aphrodite", "apollo", "zeus", "titan"], ["server", "remote", "mode", "character"], ["audiovisual", "ophthalmology", "remote", "telecommunications"], [], ["millimeter", "hypothetical", "sensor", "remote", "mote", "network"], ["vremote"], [], ["backhauls", "shipment", "vtransmit", "vfootage", "vremote", "material", "backhauling", "vdata", "higher intermediate point", "vsite", "vcentral"], [], ["remote"], ["vteleoperatio", "voperate", "vteleoperator", "vremote"], [], ["psychology", "remote", "telecommunications", "audiovisual"], [], ["telesurgical", "equipment", "monitor", "surgery", "robotic", "remote", "control", "telesurgeon", "cybersurgery", "site"], ["healthcare", "teleconsultations", "consultatio", "audiovisual", "remote", "telepresenter", "teleconsulting", "telecommunications", "teleconsultant"], ["health", "audiovisual", "remote", "assessment", "telecommunications"], ["nest", "rural", "stick", "branch", "lacrosse", "bumfuck nowhere", "remote", "boondocks", "civilizatio", "area", "crutch", "bone", "nose", "cross", "bristle", "ski", "pier", "chalk", "hockey", "wicket", "straw", "stone", "chop", "drum", "hor"], ["remote", "vremote", "vmonitor", "telemedicine", "patient", "monitor"], ["telemetric", "telemetries", "mqtt", "telemetricallyr", "associated", "transmissio", "mqtt s", "analysis", "statio", "biotelemetry", "remote", "telemetrics", "receiving", "source", "telemeter", "biotag", "radio telemetry", "recording", "data", "science", "telemetered", "radiotelemetry", "technology", "telecommand", "automatic"], ["farness", "distantness", "longinquity", "bastardization", "remote", "awayness"], [], ["post", "outpost", "aout of to ", "statio", "outstations", "remote", "rout of to ", "positio"], [], [], [], ["enemy", "pacific", "intelligence", "military", "world war ii", "rescue", "remote"], ["residential", "urba", "remote", "city"], ["brushy", "vconnectio", "vcamp", "boondocking", "boonies", "vrecreational vehicle", "vremote", "rural", "vsewer", "tiddlywinks"], ["extremity", "joy", "lollapalooza", "ultrafinitism", "extremum", "heckuva", "unextreme", "polarity", "within inch of one's life", "alt left", "sharp", "with vengeance", "happy medium", "overwhelming", "adifficult", "extremelyr", "paranoia", "helluva", "hypervirtual", "point", "fifth monarchist", "sans culottist", "aoutermost", "umstroke", "ballotechnic", "aultimate", "whatever it takes", "middle ground", "medium", "mitgehen", "supergenius", "scale", "parching", "fuckuva", "extremize", "heavy handed", "expedient", "evangelist", "ungodly", "superexploitation", "centrism", "rextremely", "edge case", "saccharinity", "utmost", "tragedy", "fanatical", "bleeding", "sign of contradiction", "midpoint", "bass bomb", "nerve rack", "excruciatinglyr", "misery", "go to great lengths", "go apeshit", "overton window", "across variable", "flunami", "hyperexpansive", "ultra", "bashi bazoukery", "hyperbole", "dystrophisation", "nonextreme", "tear one's hair out", "ultranationalism", "opposite", "excruciating", "aseverity", "fragfest", "extremalise", "afinal", "aenvironment", "adangerous", "paleoliberalism", "ne plus ultra", "drastic", "intermediate", "extremozyme", "hyperimmune", "abeyond", "silicone", "asceticism", "middle way", "deathly", "bumptious", "hypernationalism", "aremote", "ultraperipheral", "zombie", "hyperideal", "hellified", "weapons grade", "far out", "fever swamp", "anguish", "kid glove", "alast", "terrible", "freak flag", "blindingr", "max", "radgepacket", "crash diet", "necessarianism", "all fire", "lawn dart effect", "arch", "extremist", "all fired", "agreatest", "afar", "aexcessive", "superextreme", "blowout", "exceeding", "hyperdeficiency", "inclusive", "intense", "out there", "conditio", "mediate", "tell someone where to shove it", "endman", "hyperabduction", "extremes", "tyranny", "religionism", "range", "bisquare", "rabid", "ultraracism", "extremism", "full tilt boogier", "polarized", "viciousness", "lop off", "ahazardous", "in worst wayr", "adegree", "full on", "anorm", "proportio", "indigence", "blow hot and cold", "balls out", "poochie fication", "middle of road", "each", "staggers and jags", "moderate", "extremization", "ahighest", "non gradable", "pang", "extremophile", "living end", "exigency", "adrastic", "bipolar", "fanaticallyr", "equable", "hypermania", "superabundance", "polyextremophilic", "hypermetamorphism", "supertide", "center", "like nobody's businessr", "aintense", "end", "polarization", "cross multiply", "ferocious", "extremized", "chemical sensitivity", "extremeness", "roaring", "ultratraditionalist", "ultraheat", "wingtip", "ultimate", "paranoid", "minimalism", "dirt poor", "next level", "overspecialization", "extravagant", "mea", "polyextremotolerant", "modest proposal", "afarthest", "extremotolerant", "shock", "maximum", "evil", "beauty", "agony", "laugh", "danger", "desire", "panic", "fury", "terror", "bright", "delight", "typhoo", "surprise", "obsessio", "luxury", "fire", "force", "excessive", "hate", "maximum degree", "degree", "descriptio", "too", "much", "too much", "pai", "want", "love", "heat", "might", "filth"], ["remote", "street", "to "], ["control", "remote", "system", "telerobotic", "robot"], ["hub and spoke", "outground", "outpost", "aoutside", "arelatively", "aoutlier", "berewick", "backsettler", "aremote", "aboundary", "outpart", "alimit", "alocatio", "acentral", "outland", "nonoutlying"], [], ["provinces", "port", "ill defined", "hinterlands", "voortrekker", "guigang", "undeveloped", "inland", "urba", "foreland", "unkno ", "morlach", "rural", "remote", "territory", "backwater", "land", "coast", "unexplored", "backcountry", "vague", "hinterlander"], ["system", "control", "telerobotic", "teleroboticallyr", "remote", "robotic"], ["deep", "bubblegum", "bathylimnetic", "perpendicular", "sport fucking", "chart datum", "unsoundable", "isobathic", "denivelation", "barrage", "one dimensional", "sidth", "oropesa", "laminarian", "continental shelf", "severe", "linear perspective", "chromostereopsis", "nutricline", "snorkel", "three dimensional", "depthless", "precipitable water", "deepsome", "ctd apparatus", "surface", "forties", "palette", "plumb", "distance", "scope", "nitracline", "liquor gauge", "underdefine", "primitive recursion", "hydrobarometer", "bathometer", "bathygraphy", "bathymetry", "soundable", "deep water", "bathophobia", "pseudoscope", "color", "spirograph", "wave shoaling", "narrow", "mesophotic", "eurybathic", "fit rod", "painter's algorithm", "cast", "z buffer", "remote", "intensity", "beaked whale", "dive computer", "fathom", "perspective", "drafted", "pseudoprofundity", "dimensional lumber", "bumper sticker", "fluviometer", "frame drum", "fairway", "poleman", "profundity", "deepmost", "dimension", "overdefine", "netherness", "profound", "tinselly", "rank", "bathos", "pycnocline", "isobathytherm", "abyssal fish", "importance", "fathometer", "spread", "isobath", "underlayer", "third dimension", "high relief", "depths", "deeplyr", "brain candy", "two dimensional", "three dimensionality", "chord", "stenobathic", "cardboarding", "pseudoscopy", "rem rebound", "modeling", "atmospheric perspective", "snow cover", "deepest", "vertical", "shallow", "box", "ocea", "dimensio"], [], ["psychiatry", "audiovisual", "cybertherapy", "telepsychiatrist", "telepsychiatric", "remote", "telecommunications"], ["aisolated", "nooky", "retired", "cloistral", "secludedlyr", "abbey", "ahidde", "out of way", "recluse", "unsecluded", "vseclude", "aremote", "nook", "hidey hole", "corner", "recessed", "reclusive", "bywalk", "glen", "secludedness", "off beaten path", "private"], ["consult", "telepractitioner", "cyberpatient", "technology", "teledentistry", "telemedical", "telecare", "examinatio", "remote", "telecommunicatio", "telepractice", "telehealth", "webside manner", "telemonitor", "cybermedicine", "telegenetics", "e health", "medical", "telemedicinal"], [], ["bathysphere", "deepest", "bathyscaphe", "remote", "involved", "nadir", "severe", "abyssopelagic", "o.d", "depth"], [], [], ["remittance man", "remitting", "remittances", "remitter", "remittee", "recipient", "remote", "payment", "remittal", "remission", "pay", "wage"], ["lake", "aforeig", "vaalie", "inlander", "acountry", "high sea", "territorial waters", "aopen water", "saloop", "likin", "paleolimnology", "cambridgeshire", "aboundary", "huntingdonshire", "seaway", "warwickshire", "sert\u00e3o", "gulf of thailand", "astate", "herefordshire", "hinterland", "gabert", "nunamiut", "radnorshire", "awithi", "setouchi", "cahuilla", "aexchange", "gulf of riga", "shropshire", "upcountry", "brecknockshire", "adomestic", "pelagic", "montgomeryshire", "sharpness", "trunking", "berkshire", "yapunyah", "middlesex", "peniche", "washover", "ceram sea", "aland", "saltierra", "buckinghamshire", "landside", "hertfordshire", "aocea", "rutland", "leicestershire", "aseashore", "aremote", "staffordshire", "wherry", "wiltshire", "ainterior", "surrey", "swiftboat", "caspian sea", "canal", "river", "ferry"], [], ["data", "remote", "server", "fronthauling", "central"], ["aremote"], ["remote", "audiovisual", "telecommunications", "healthcare", "interventio"], ["outworlder", "homeworld", "remote", "planet", "civilizatio"], [], [], ["teleteaching", "remote", "telecommunicatio", "teacher", "network", "student", "computer"], [], ["remote", "robot", "teleoperate", "operate"], [], ["distant", "remote", "remoteness", "reservedness", "aloofness"], [], ["skirt", "to ", "suburban", "suburb", "environs", "part", "banlieue", "backdam", "periphery", "city", "outskirts", "remote"], [], ["aprogram", "ateleprogramming", "aremote"], ["abackwater", "aremote"], ["remote", "withdraw", "catastrophe", "survivalist", "retreat"], [" artifactperson", "raiser", "mendlesham chair", "support", "chair", "barcalounger", "ainvolvement", "armchaired", "armrest", "shepherdess", "aunqualified", "carver", "fauteuil", "elbow", "auninformed", "aremote", "aactual", "monk chair", "armchairs", "aretired", "aadvice", "arm", "lazyboy"], ["teleguidance", "vguide", "vteleguidance", "vremote"], ["local", "remote", "network", "computer"], ["aback", "aremote", "aedge"], [], ["waver", "vfaint", "glimmered", "flash", "light", "glow", "dim", "glimmering", "stime", "shimmering", "vunsteady", "mica", "glimmers", "faint", "glimmereth", "vshine", "owllight", "gloom", "glist", "glimmery", "possibility", "glimmerest", "twinkle", "remote", "blink", "unglimmering", "spark", "shiny"], [], ["afurthermost", "adistant", "aremote"], ["technology", "telecommunications", "participant", "workshop", "remote"], [], [], [], ["offish", "rview", "areserved", "adistant", "alooflyr", "stow away", "thorny", "user", "rapart", "unapproachable", "unconcerned", "keep one's distance", "rsympathy", "standoffish", "iceberg", "abstention", "cool pose", "olympian", "rdistance", "uncompanionable", "aremote", "toffee nosed", "astandoffish", "hankty", "standoffishness", "aloofness", "raway"], [], [], ["telecommunicatio", "telepsychiatry", "network", "patient", "psychiatrist", "computer", "remote"], ["expenditure", "outlaid", "for asking", "pay one's dues", "spending", "vdistribute", "vspend", "unearned increment", "laying", "vdisplay", "vexpose", "expending", "outlaying", "money", "haunt", "outgo", "outlays", "outgoing", "remote", "payment", "expense"], ["backwood", "inhabited", "acoarse", "acrude", "sparsely", "uncleared", "sert\u00e3o", "backwoodsy", "regio", "forest", "remote", "auncouth", "arough"], ["scientific", "apparatus", "spacecraft", "control", "remote"], ["teleguide", "guidance", "spacecraft", "remote", "missile"], [], ["rnas", "rfi", "raf", "rfp", "functio", "for", "request", "comment", "remote"], [], ["medical", "teleconsultatio", "physicia", "assistant", "remote", "patient"], [], [], ["vremote", "vmanipulate", "vtelemanipulator"], ["animals", "crops", "bar", "place", "chicke", "cows", "country", "crop", "growing", "sheep", "food", "agriculture", "land", "animal", "fields", "rural", "home", "cow", "house", "pig", "agricultural", "horse", "ranch", "farmer", "business", "has", "field", "silo", "pigs", "grow", "chickens", "countryside", "livestock", "horses", "building", "garde", "cor", "animals crops", "animal place", "growing crops", "barns", "area", "locatio", "chick", "raising", "property", "agriculture place", "plants", "crops animals", "growing food", "acres", "vegetables", "grows", "tractors", "cows horses", "red", "silo bar", "grow crops", "cultivated", "crop place", "pasture", "producer", "planting", "cows chickens", "big", "has animals", "animal home", "productio", "growing place", "factory", "cultivated land", "tractor", "grow food", "farmwork", "farmership", "john deere", "foreman", "kampang", "farmly", "hardscrabble", "laithe house", "farmhand", "steelbow", "plantation", "sunday house", "collectivize", "gold farmer", "bercary", "battery", "collective", "smallholding", "sharemilking", "lease", "farming", "haycation", "cultivable", "sovkhoz", "farmwider", "agritourism", "farm mate", "hunter gatherer", "headage", "server", "farmish", "koneke", "quad bike", "holding", "fur farm", "grange", "microfarm", "farmlike", "hirsel", "habitation", "farm out", "farmgirl", "magnanery", "gazoon", "antifarm", "farmworker", "farmable", "field hand", "land agent", "arendator", "underfarm", "moshav", "farmy", "sheeprun", "sheep station", "farms", "farmest", "vaqueria", "farmwide", "unfarmed", "rancho", "smock frock", "farmless", "plaas", "ejido", "dairy", "farmstock", "farmwardr", "farmman", "superfarm", "floriculturist", "vharvest", "backdam", "on prem", "veterinary medicine", "veterinary", "farmstall", "cultivatio", "yeoman", "farmscape", "heaf", "agrochemical", "farmed", "multifarm", "vgrinding", "farm animal", "mahal", "farmwear", "farmette", "north forty", "farmgate", "electrofarming", "figgery", "finca", "tagasaste", "gentleman farmer", "farmeth", "truck farm", "farmstand", "puppy mill", "home farm", "cattle station", "merestead", "agroecosystem", "spalpeen", "domestic", "coordinated", "tenant farmer", "piggery", "semidomesticated", "tractorization", "villa", "farmlet", "gold farming", "pastoralism", "yokelet", "farm runoff", "vfarm out", "farmstay", "farmery", "overfarm", "agritainment", "farmwardsr", "warrener", "farmboy", "farmstead", "gypsy day", "pizza farm", "dairyhouse", "vdrop", "shamba", "pigman"], ["break", "rest", "stop", "caesura", "interpause", "bass drop", "regroup", "breathing space", "pausing", "album track", "postpausal", "pauses", "unpausing", "macrosegment", "stoppage", "suicide", "chronostasis", "prepausal", "resume", "pauser", "run on", "breath", "note", "pregnant pause", "dialefe", "autopause", "take breather", "sig", "snooze", "pausinglyr", "slow roll", "speech disfluency", "hesitancy", "continuance", "intermissionless", "paused", "pausable", "micropause", "pauseful", "unpause", "clean and jerk", "latching", "postpausallyr", "diapause", "showstopper", "prepausallyr", "letup", "haltless", "unpausinglyr", "layover", "breakwikten 1", "samprosa", "vplayback", "pauseless", "lapse", "computer", "flatfootedr", "quadral", "butto", "video game", "dwell", "predisagreement", "quiesce", "minibreak", "incessantlyr", "dvd", "enjambed", "straightr", "hiatus", "angel passes", "recess", "incessant", "forbearwikten 1", "vplay", "hesitatio", "hold", "wait", "vcr", "stopping", "nearly stop", "nearly", "hesitate", "temporary", "vcr actio", "actio", "stop temporarily", "temporarily", "play", "recorder butto", "recorder", "remote command", "remote", "command", "musical rest", "musical", "stop play", "interruptio", "quotes", "video", "video rest", "possible", "vcr butto", "stop awhile", "awhile", "momentary wait", "momentary", "temporary stop", "halt", "temporary halt"]], "/r/UsedFor": [[], [], [], [], [], [], [], [], [], [], [], [], [], [], [], [], [], [], [], [], [], [], [], [], [], [], [], [], [], [], [], [], [], [], [], [], [], [], [], [], [], [], [], [], [], [], [], [], [], [], [], [], [], [], [], [], [], [], [], [], [], [], [], [], [], [], [], [], [], [], [], [], [], [], [], [], [], [], [], [], [], [], [], [], [], [], [], ["sitting i", " artifactseat stative", "resting i", " artifactsitter animal", "sitting", "relaxing i", "reading", "head of table", "resting", "sit i", "watching televisio", "watching television while sitting i", "lounging i", "living room or family", "relaxing", "identifying host"], [], [], [], [], [], [], [], [], [], [], [], [], [], [], [], [], [], [], [], [], [], [], [], [], [], [], ["raising crops"], []], "/r/LocatedAt": [[], [], [], [], [], [], [], [], [], [], [], [], [], [], [], [], [], [], [], [], [], [], [], [], [], [], [], [], [], [], [], [], [], [], [], [], [], [], [], [], [], [], [], [], [], [], [], [], [], [], [], [], [], [], [], [], [], [], [], [], [], [], [], [], [], [], [], [], [], [], [], [], [], [], [], [], [], [], [], [], [], [], [], [], [], [], [], [], [], [], [], [], [], [], [], [], [], [], [], [], [], [], [], [], [], [], [], [], [], [], [], [], [], [], [], []], "/r/FormOf": [["controls"], [], [], [], [], [], ["presenters"], ["outbacks"], ["sideloads", "sideloading", "sideloaded"], [], [], [], [], ["teleoperations"], [], [], [], [], [], ["back water", "backwaters", "backwatering", "backwatered"], [], ["viewdatas"], ["olympians"], [], [], [], ["smart dust"], ["vremote"], [], ["backhauled", "backhauling", "backhauls"], [], ["remote", "vremote"], ["teleoperating", "teleoperated", "teleoperates"], [], [], [], ["telesurgeries"], ["teleconsultations"], ["teleassessments"], ["stick", "stix", "vstick"], ["telemonitored", "telemonitors", "telemonitoring"], ["telemetries"], ["remotenesses"], [], ["outstations"], [], [], [], ["coastwatchers"], ["backblocks"], ["boondocked", "boondocks", "boondocking"], ["extremes", "extremest", "extremer"], ["outstreets"], ["telerobots"], ["outlyings"], [], ["hinterlands"], [], ["depths"], [], [], ["vseclude"], [], [], ["depth"], [], [], ["remittances"], ["inlands"], [], [], [], ["teleinterventions"], ["outworlds"], [], [], ["teleteachers"], [], ["teleoperators"], [], [], [], [], [], [], [], ["retreaters"], ["armchairs"], ["teleguided", "teleguiding"], ["localhosts"], [], [], ["glimmers", "glimmering", "glimmered"], [], ["afar"], ["teleworkshops"], [], [], [], [], [], ["whoop", "vwhoop"], ["telepsychiatrists"], ["outlays", "outlaying", "outlaid"], [], [], [], [], [], [], ["telepresenters"], [], [], ["telemanipulating", "telemanipulated", "telemanipulates"], ["farming", "farms", "farmed", "feorm"], ["pauses", "paused", "pausing"]], "/r/IsA": [["regulation act", "possession act", "governor artifact", "rein attribute", "handwheel artifact", " artifactmechanism artifact", "price fixing government act", "ceiling communication communicatio", "flight control act", "corporatism attribute", "repression act", "iron fist attribute", "hold attribute", "dial artifact", "regulator artifact", " actactivity act", "power trip act", "crowd control act", "floor communication communicatio", "damage control act", " communicatioeconomic policy communicatio", " attributepower attribute", "restraint act", "disk controller computer science artifact", "imperialism act", "possession sport act", "self denial act", "joystick artifact", "steering act", "internal control accounting act", "cruise control artifact", " linkdefrelation", "valve artifact", "traffic control act", "price control communication communicatio", " physiologybodily process", "federalization act", "riot control act", "authority attribute", " persospirit perso", "switch artifact", "grasping act", "flood control engineering act", "motor control act physiology", "poweropencycpower quality"], [], [], [], [], [], [" persoadvocate perso", " persocommunicator perso"], [" locatiobush locatio"], [], [], [], [], [], [], [], [], [], [], [], [" objectbody of water river", " locatioregion locatio"], [], [], [" persoathlete perso"], [], [], [], [], [], [], [], [], [], [], [], [], [], ["surgery"], [], [], [], [], [" actmeasurement act"], [], [], [" locatiopost locatio"], [], [], [], [], [], [], [" attributedegree attribute", "measure of location", "scalar quantity"], [], [], [], [], [], [" cognitiorobotics cognitio"], [" attributedegree attribute", "superficiality attribute", " attributeextent attribute", " stateabasement state", "shallowness attribute", "deepness attribute", "draft attribute", "sounding attribute", " attributeattribute", "penetration attribute", "profundity attribute", "spatial dimensio"], [], [], [], ["teledermatology", "new development in health care"], [], ["back of beyond location locatio", " locatioregion locatio"], [], [], [" possessiopayment possessio"], [], [], [], [], [], [], [], [], [], [], [], [], [], [], [" locatiocity district locatio"], [], [], [], [], ["chair", "recliner artifact", " artifactchair artifact", "easy chair artifact", "fauteuil artifact", "morris chair artifact", "captain's chair artifact", "comfortable place to sit", "upholstered furniture mc", "where people sit and relax", "recliner", "wider than perso", "furniture"], [], ["host"], [], [], [], [], [], [], [], [], [], [], [], [], [], [], [" locatiocountry locatio", "film"], [], [], [], ["textopencycpropositional cw text"], [], [], [], [], [], ["sewage farm artifact", "ranch artifact", "home farm artifact", "grange artifact", "stud farm artifact", "truck farm artifact", " artifactworkplace artifact", "dairy artifact", "chicken farm artifact", "sheepwalk artifact", "piggery artifact", "croft artifact", "farmplace artifact", "vineyard artifact", "commercial farmopencyccommercial farm organization", "livestock farm", "one kind of place", "commercial farm", "agriculture organization", "agricultural unit of productio", "crop farm"], ["delay time", "halftime time", " actinactivity act", "time out", "freeze act", "respite act", " timetime interval time", "lapse time", "dead air time", "caesura time", "hesitation act", "intermission act", "letup time", "blackout time", "respite time", "opencycempty time intervaltime period", "opencycpaused statedevice"]], "/r/PartOf": [[], [], [], [], [], [], [], [" locatioaustralian desert locatio"], [], [], [], [], [], [], [], [], [], [], [], [], [], [], [], [], [], [], [], [], [], [], [], [], [], [], [], [], [], [], [], [], [], [], [], [], [], [], [], [], [], [], [], [], [], [], [], [], [], [], [], [], [], [], [], [], [], [], [], [], [], [], [], [], [], [], [], [], [], [], [], [], [], [], ["suburb location locatio"], [], [], [], [], ["arm artifact", "arm"], [], [], [], [], [], [], [], [], [], [], [], [], [], [], [], [], [], [], [], [], [], [], [], [], [], [], ["farmhouse artifact", "farmyard artifact"], []], "/r/HasA": [[], [], [], [], [], [], [], [], [], [], [], [], [], [], [], [], [], [], [], [], [], [], [], [], [], [], [], [], [], [], [], [], [], [], [], [], [], [], [], [], [], [], [], [], [], [], [], [], [], [], [], [], [], [], [], [], [], [], [], [], [], [], [], [], [], [], [], [], [], [], [], [], [], [], [], [], [], [], [], [], [], [], [], [], [], [], [], ["two arms", "four legs", "back"], [], [], [], [], [], [], [], [], [], [], [], [], [], [], [], [], [], [], [], [], [], [], [], [], [], [], [], []], "/r/CapableOf": [[], [], [], [], [], [], [], [], [], [], [], [], [], [], [], [], [], [], [], [], [], [], ["hand torch to another olympia"], [], [], [], [], [], [], [], [], [], [], [], [], [], [], [], [], [], [], [], [], [], [], [], [], [], [], [], [], [], [], [], [], [], [], [], [], [], [], [], [], [], [], [], [], [], [], [], [], [], [], [], [], [], [], [], [], [], [], [], [], [], [], [], [], [], [], [], [], [], [], [], [], [], [], [], [], [], [], [], [], [], [], [], [], [], [], [], [], [], [], [], ["produce food", "supply gocery store with produce"], []], "/r/AtLocation": [[], [], [], [], [], [], ["demonstratio"], ["very little rai", "koala"], [], [], [], [], [], [], [], [], [], [], [], [], [], [], [], [], [], [], [], [], [], [], [], [], [], [], [], [], [], [], [], [], [], [], [], [], [], [], [], [], [], [], [], [], [], [], [], [], [], [], [], [], [], [], [], [], [], [], [], [], [], [], [], [], [], [], [], [], [], [], [], [], [], [], [], [], [], [], [], ["furniture store", "apartment", "lounge", "study", "hospital", "livin room"], [], [], [], [], [], [], [], [], [], [], [], [], [], [], [], [], [], [], [], [], [], [], [], [], [], [], ["tractor", "farmhouse", "sheep", "countryside", "chickens", "animals", "mouse", "nebraska", "chine cotto", "sloth", "cattle", "huma", "kitte", "steel pe", "goat", "grape", "well", "weasel"], []], "/r/HasProperty": [[], [], [], [], [], [], [], [], [], [], [], [], [], [], [], [], [], [], [], [], [], [], [], [], [], [], [], [], [], [], [], [], [], [], [], [], [], [], [], [], [], [], [], [], [], [], [], [], [], [], [], [], [], [], [], [], [], [], [], [], [], [], [], [], [], [], [], [], [], [], [], [], [], [], [], [], [], [], [], [], [], [], [], [], [], [], [], [], [], [], [], [], [], [], [], [], [], [], [], [], [], [], [], [], [], [], [], [], [], [], [], [], [], [], [], []], "/r/CreatedBy": [[], [], [], [], [], [], [], [], [], [], [], [], [], [], [], [], [], [], [], [], [], [], [], [], [], [], [], [], [], [], [], [], [], [], [], [], [], [], [], [], [], [], [], [], [], [], [], [], [], [], [], [], [], [], [], [], [], [], [], [], [], [], [], [], [], [], [], [], [], [], [], [], [], [], [], [], [], [], [], [], [], [], [], [], [], [], [], [], [], [], [], [], [], [], [], [], [], [], [], [], [], [], [], [], [], [], [], [], [], [], [], [], [], [], [], []], "/r/Synonym": [["v contactoperate contact", " statedominance state", "curb social", "moderate social", "check social", "v socialrestrict social", "hold in social", "v cognitiomaster cognitio", " cognitiocontrol condition cognitio", "command social", "v cognitiosee cognitio", "controller artifact", " attributerestraint attribute", "hold social", "verify science", " cognitiocommand cognitio", "contain social", "v emotiomanipulate emotio"], [], [], [], [], [], ["sponsor person perso", " persodonor perso", "host"], ["a remote ", "bush", "wpgroupwpgroup"], [], [], [], [], ["backwoods"], [], [], [], [], [], [], ["drinkwater", "one horse to ", "jerkwater to ", "middle of nowhere", "podunk", "bump in road", "boondock", "bayou"], [], [], ["a surpassing ", " persoolympic god perso", "olympic a ", "majestic a "], [], [], [], [], [], [], [], [], [], [], [], [], [], ["remote surgery"], [], [], ["boondocks", "middle of nowhere", "hinterland", "boonies", "hicksville", "backwoods", "boondock"], [], [], [" attributealoofness attribute", " attributefarness attribute", "otiosity", "farness"], [], ["outpost location locatio"], [], [], [], [], [], ["backwater", "sticks", "boonies", "middle of nowhere", "vdry camp", "backwoods"], ["a uttermost ", " locatioextreme point locatio", "adrastic", "aexcessive", "autmost", "adangerous", "afar", "severe", "strong", "afinal", "utmost", "agreat"], [], [], [], [], ["sticks", " locatiobackwoods locatio", "surrounds"], [], [" cognitioastuteness cognitio", "deepness attribute", "deepness", "abyss", "thickness"], [], [], ["a cloistered ", "secret a ", "privy a ", "aoff grid", "aisolated", "private"], [""], [], [], [], [], ["remittal possession possessio", "remission possession possessio", "remitment possession possessio"], [], [], [], [], [], [], [], [], ["teleinstructor"], [], [], [], [], [], ["fringe location locatio", "border"], [], [], [], [], ["closet"], [], [""], [], [], ["v perceptiogleam perceptio", " eventgleam event", "coruscate", " cognitioinkling cognitio", "vflicker", "ghost", "twinkle", "sparkle", "vshimmer"], [], ["furthermost a ", "uttermost a ", "furthest a ", "utmost a ", "farthest a "], [], [], [], [], ["upstage a ", "distant a ", "pococurante", "remote", "cold", ""], [], [], [], [" actspending act", " possessiooutgo possessio"], ["boondocks location locatio", "hinterland location locatio", "back country location locatio", "abackwood", "sticks", "backwoodsy", "boondock", ""], [], [], [], [], [], [], [], [], [], ["v farminggrow farming", "take on lease", "farming lease", "garden", "husband", "station"], ["intermission time", "suspension time", "break time", "intermit communication communicatio", "interruption time", "break communication communicatio", "v stativehesitate stative"]], "/r/LocatedNear": [[], [], [], [], [], [], [], [], [], [], [], [], [], [], [], [], [], [], [], [], [], [], [], [], [], [], [], [], [], [], [], [], [], [], [], [], [], [], [], [], [], [], [], [], [], [], [], [], [], [], [], [], [], [], [], [], [], [], [], [], [], [], [], [], [], [], [], [], [], [], [], [], [], [], [], [], [], [], [], [], [], [], [], [], [], [], [], [], [], [], [], [], [], [], [], [], [], [], [], [], [], [], [], [], [], [], [], [], [], [], [], [], [], [], [], []], "/r/SimilarTo": [[], [], [], [], [], [], [], [], [], [], [], [], [], [], [], [], [], [], [], [], [], [], ["superior a ", "a superior "], [], [], [], [], [], [], [], [], [], [], [], [], [], [], [], [], [], [], [], [], [], [], [], [], [], [], [], [], ["immoderate a ", "a distant ", "a immoderate ", "distant a "], [], [], ["a far ", "far a "], [], [], [], [], [], [], ["a private ", "private a "], [], [], [], [], [], [], ["upcountry a ", "a upcountry ", "landlocked a ", "a landlocked "], [], [], [], [], [], [], [], [], [], [], [], [], [], [], [], [], [], [], ["couch", "sofa"], [], [], [], [], [], [], ["far a ", "a far "], [], [], [], [], ["a reserved ", "reserved a "], [], [], [], [], [], [], [], [], ["rnas", "faa"], [], [], [], [], [], [], []], "/r/MadeOf": [[], [], [], [], [], [], [], [], [], [], [], [], [], [], [], [], [], [], [], [], [], [], [], [], [], [], [], [], [], [], [], [], [], [], [], [], [], [], [], [], [], [], [], [], [], [], [], [], [], [], [], [], [], [], [], [], [], [], [], [], [], [], [], [], [], [], [], [], [], [], [], [], [], [], [], [], [], [], [], [], [], [], [], [], [], [], [], [], [], [], [], [], [], [], [], [], [], [], [], [], [], [], [], [], [], [], [], [], [], [], [], [], [], [], [], []], "/r/ReceivesAction": [[], [], [], [], [], [], [], [], [], [], [], [], [], [], [], [], [], [], [], [], [], [], [], [], [], [], [], [], [], [], [], [], [], [], [], [], [], [], [], [], [], [], [], [], [], [], [], [], [], [], [], [], [], [], [], [], [], [], [], [], [], [], [], [], [], [], [], [], [], [], [], [], [], [], [], [], [], [], [], [], [], [], [], [], [], [], [], [], [], [], [], [], [], [], [], [], [], [], [], [], [], [], [], [], [], [], [], [], [], [], [], [], [], [], [], []]}, "/r/UsedFor": {"/r/RelatedTo": [[]], "/r/UsedFor": [[]], "/r/LocatedAt": [[]], "/r/FormOf": [[]], "/r/IsA": [[]], "/r/PartOf": [[]], "/r/HasA": [[]], "/r/CapableOf": [[]], "/r/AtLocation": [[]], "/r/HasProperty": [[]], "/r/CreatedBy": [[]], "/r/Synonym": [[]], "/r/LocatedNear": [[]], "/r/SimilarTo": [[]], "/r/MadeOf": [[]], "/r/ReceivesAction": [[]]}, "/r/LocatedAt": {}, "/r/FormOf": {"/r/RelatedTo": [["remote"], ["technology", "internals", "interact", "program"], [], ["vremote"], []], "/r/UsedFor": [[], [], [], [], []], "/r/LocatedAt": [[], [], [], [], []], "/r/FormOf": [["remote", "vremote"], ["vremote"], ["aremote", "remote"], ["vremote"], ["remote", "aremote"]], "/r/IsA": [[], [], [], [], []], "/r/PartOf": [[], [], [], [], []], "/r/HasA": [[], [], [], [], []], "/r/CapableOf": [[], [], [], [], []], "/r/AtLocation": [[], [], [], [], []], "/r/HasProperty": [[], [], [], [], []], "/r/CreatedBy": [[], [], [], [], []], "/r/Synonym": [[], ["remote method invocatio", "remote procedure call"], [], [], []], "/r/LocatedNear": [[], [], [], [], []], "/r/SimilarTo": [[], [], [], [], []], "/r/MadeOf": [[], [], [], [], []], "/r/ReceivesAction": [[], [], [], [], []]}, "/r/IsA": {}, "/r/PartOf": {}, "/r/HasA": {}, "/r/CapableOf": {"/r/RelatedTo": [[]], "/r/UsedFor": [[]], "/r/LocatedAt": [[]], "/r/FormOf": [[]], "/r/IsA": [[]], "/r/PartOf": [[]], "/r/HasA": [[]], "/r/CapableOf": [[]], "/r/AtLocation": [[]], "/r/HasProperty": [[]], "/r/CreatedBy": [[]], "/r/Synonym": [[]], "/r/LocatedNear": [[]], "/r/SimilarTo": [[]], "/r/MadeOf": [[]], "/r/ReceivesAction": [[]]}, "/r/AtLocation": {}, "/r/HasProperty": {}, "/r/CreatedBy": {}, "/r/Synonym": {"/r/RelatedTo": [[], [], [], [], [], [], [], ["flexible", "flipper", "upper", "shoe", "televisio", "signal", "lock", "knife", "mouse", "electronic", "military", "clicking knife", "computer", "perso", "type", "leather", "clickers", "vcr", "form", "click"], [], [], ["eritrea", "cushitic", "djibouti", "language", "ethiopia", "aqal", "danakil", "people", "regio", "away", "distance", "observe"], []], "/r/UsedFor": [[], [], [], [], [], [], [], [], [], [], [], []], "/r/LocatedAt": [[], [], [], [], [], [], [], [], [], [], [], []], "/r/FormOf": [[], [], [], [], [], [], [], ["clickers"], [], [], [], []], "/r/IsA": [[], [], [], [], [], [], [], [], [], [], ["human", "african"], []], "/r/PartOf": [[], [], [], [], [], [], [], [], [], [], [], []], "/r/HasA": [[], [], [], [], [], [], [], [], [], [], [], []], "/r/CapableOf": [[], [], [], [], [], [], [], [], [], [], [], []], "/r/AtLocation": [[], [], [], [], [], [], [], [], [], [], [], []], "/r/HasProperty": [[], [], [], [], [], [], [], [], [], [], [], []], "/r/CreatedBy": [[], [], [], [], [], [], [], [], [], [], [], []], "/r/Synonym": [[], [], [], [], [], [], [], ["remote control", "remote"], [], [], [], []], "/r/LocatedNear": [[], [], [], [], [], [], [], [], [], [], [], []], "/r/SimilarTo": [[], [], [], [], [], [], [], [], [], [], [], []], "/r/MadeOf": [[], [], [], [], [], [], [], [], [], [], [], []], "/r/ReceivesAction": [[], [], [], [], [], [], [], [], [], [], [], []]}, "/r/LocatedNear": {}, "/r/SimilarTo": {"/r/RelatedTo": [[], []], "/r/UsedFor": [[], []], "/r/LocatedAt": [[], []], "/r/FormOf": [[], []], "/r/IsA": [[], []], "/r/PartOf": [[], []], "/r/HasA": [[], []], "/r/CapableOf": [[], []], "/r/AtLocation": [[], []], "/r/HasProperty": [[], []], "/r/CreatedBy": [[], []], "/r/Synonym": [[], []], "/r/LocatedNear": [[], []], "/r/SimilarTo": [[], []], "/r/MadeOf": [[], []], "/r/ReceivesAction": [[], []]}, "/r/MadeOf": {}, "/r/ReceivesAction": {}}}, "": {"N1": {"/r/RelatedTo": ["windowdoor", "worklabor", "butchermeat", "gallomeasure", "woundgash", "punishmentcrime and", "chickelaying", "thricerthree", "informed educated ", "closed obstructed ", "transpondianrightpondia", "mystifymystery", "audiovisualsaudiovisual"], "/r/UsedFor": ["flash artifactlight physics", "string bassplaying music"], "/r/LocatedAt": [], "/r/FormOf": ["air burstsair burst", "pot belliespot belly", "cross sectionscross sectio"], "/r/IsA": ["suburb locatioresidential district locatio", "western skink animalskink animal", "inertial mass physicsmass attribute", "leading man persoactor perso", "occasion timetime time", "tree toad animalfrog animal", "petaurista animalmammal genus animal", "torch singer persosinger perso", "drop arch artifactpointed artifact", "rottenstone substancelimestone substance", "scorpionfish animalscorpaenid animal", "temporary hookup artifactconnection artifact", "acrylic fiber substanceman made substance", "dependence statestate ", "overhand pitch actpitch baseball", "american spikenard plantsubshrub plant", "hedonist persosensualist perso", "homecoming actreunion act", "aldrovanda plantdicot genus plant", "ambystomatidae animalamphibian family animal", "assist ice hockeymaneuver act", "tithe barn artifactbarn artifact", "hypsometer artifactaltimeter artifact", "papyrus communicatiodocument communicatio", "cacodyl substancegroup chemistry", "penance actsacrament act", "rule of evidence lawrule communicatio", "usherette persousher perso", "hooks bodyhand body", "bilabial communicatiolabial consonant communicatio", "kurdish communicatioiranian communicatio", "theism cognitioreligion cognitio", "aristocrat persoleader perso", "bundesbank groupcentral bank group", "skirtform of female attire", "yardarm artifactend locatio", "supreme court lawfederal group"], "/r/PartOf": ["satachristian myth", "old testament communicatiobible communicatio", "styloid process bodytemporal bone body", "voider artifactbody armor artifact", "tower of london artifactlondon locatio"], "/r/HasA": ["baywater"], "/r/CapableOf": ["blanketscover bed", "chefbone chicke", "authorswrite books"], "/r/AtLocation": ["windowhouse", "dustcarpet", "action figuretoy department", "barbershopmall", "mouselab maze"], "/r/HasProperty": [], "/r/CreatedBy": [], "/r/Synonym": ["hawaiian honeycreeper animalhoneycreeper animal", "thing cognitiomatter cognitio", "dprk locationorth korea locatio", "gas tight air ", "get into possessioget in possessio", "west persocicily isabel fairfield perso", "sapindus drumondii plantwild china tree plant", "abls communicatiobachelor of arts in library science communicatio", "homburg artifactfedora artifact", "choking coil artifactchoke artifact", "sewerage artifactsewer artifact", "fish bowl stategoldfish state", "caddy golfcaddie golf", "moray eel animalmoray animal", "family zygnemataceae animalzygnemataceae animal", "severity attributeaustereness attribute", "hors d oeuvre foodhors food", "chukka artifactchukka boot artifact", "immunise competitioimmunize competitio", "kindling pointautoignition temperature", "corruptlyr corruptedlyr ", "lazy faineant ", "copernicia prunifera plantcarnauba plant", "log z's bodysleep body", "sworn pledged ", "palestine authority grouppalestine national group", "polyodon spathula animalpaddlefish animal", "linnaea borealis americana plantamerican twinflower plant", "stylise artstylize art", "thank youthank you very much", "infirm decrepit ", "uriniferous tubule bodynephron body", "passing actpassage act", "rio nunez coffee plantrobusta plant", "experimentation cognitioexperiment cognitio", "powerful knock do a ", "lichgate artifactlychgate artifact", "take advantage socialtrespass social", "pyrethrum plantpainted daisy plant", "take turns changealternate change", "water level locatiowaterline locatio", "fuddle stateclutter state", "insisting communicatioinsistence communicatio", "vibrate perceptioresonate perceptio", "viridity attributegreen attribute", "yarn dye changeimpress change", "balaenoptera borealis animalsei whale animal", "electron orbit locatioorbit locatio", "lillie persobeatrice perso"], "/r/LocatedNear": [], "/r/SimilarTo": ["large leafed leafy ", "captious critical ", "exaggerated increased ", "effective militaryoperational military", "tasty winey ", "fast breaking news article", "second rate inferior ", "disputatious argumentative ", "private nonpublic ", "coated glazed ", "free clear "], "/r/MadeOf": [], "/r/ReceivesAction": []}, "N2": {}}}