{"scoop": {"N1": {"/r/RelatedTo": ["vscoop", "gouge", "excavatewikten 1"], "/r/UsedFor": [], "/r/LocatedAt": [], "/r/FormOf": ["vscoop", "scoopings"], "/r/IsA": [], "/r/PartOf": [], "/r/HasA": [], "/r/CapableOf": [], "/r/AtLocation": [], "/r/HasProperty": [], "/r/CreatedBy": [], "/r/Synonym": [], "/r/LocatedNear": [], "/r/SimilarTo": [], "/r/MadeOf": [], "/r/ReceivesAction": []}, "N2": {"/r/RelatedTo": {"/r/RelatedTo": [[], ["vhole", "vhigh", "groove", "grove", "channel", "vcharge", "tool", "incise", "blank", "form", "cheat", "gouged", "paper", "leather", "bookbinder", "fraud", "impositio", "curve", "cut", "enucleate", "gild", "vscooping", "vprice", "gauge", "gouger", "impostor", "chisel", "sharp", "vei", "wall", "quill bit", "gouge bit", "scoop", "vsocket", "veye", "glove", "gouging", "envelope", "blade"], []], "/r/UsedFor": [[], [], []], "/r/LocatedAt": [[], [], []], "/r/FormOf": [[], ["gouges", "gouged", "gouging"], []], "/r/IsA": [[], [" actcreating by removal act", " artifactedge tool artifact"], []], "/r/PartOf": [[], [], []], "/r/HasA": [[], [], []], "/r/CapableOf": [[], [], []], "/r/AtLocation": [[], [], []], "/r/HasProperty": [[], [], []], "/r/CreatedBy": [[], [], []], "/r/Synonym": [[], ["v possessioextort possessio", "force out contact", " attributedent attribute", "v contactrout contact", "vswindle", "vengrave"], []], "/r/LocatedNear": [[], [], []], "/r/SimilarTo": [[], [], []], "/r/MadeOf": [[], [], []], "/r/ReceivesAction": [[], [], []]}, "/r/UsedFor": {}, "/r/LocatedAt": {}, "/r/FormOf": {"/r/RelatedTo": [[], []], "/r/UsedFor": [[], []], "/r/LocatedAt": [[], []], "/r/FormOf": [[], ["scooping"]], "/r/IsA": [[], []], "/r/PartOf": [[], []], "/r/HasA": [[], []], "/r/CapableOf": [[], []], "/r/AtLocation": [[], []], "/r/HasProperty": [[], []], "/r/CreatedBy": [[], []], "/r/Synonym": [[], []], "/r/LocatedNear": [[], []], "/r/SimilarTo": [[], []], "/r/MadeOf": [[], []], "/r/ReceivesAction": [[], []]}, "/r/IsA": {}, "/r/PartOf": {}, "/r/HasA": {}, "/r/CapableOf": {}, "/r/AtLocation": {}, "/r/HasProperty": {}, "/r/CreatedBy": {}, "/r/Synonym": {}, "/r/LocatedNear": {}, "/r/SimilarTo": {}, "/r/MadeOf": {}, "/r/ReceivesAction": {}}},"":{}}