{"sleep": {"N1": {"/r/RelatedTo": ["bed", "dream", "rest", "night", "activity", "resting", "actio", "camp", "nighttime", "slumber", "dreams", "asleep", "nap", "eyes", "closed", "in bed", "night activity", "time", "at night", "snooze", "night rest", "snore", "somno", "conk out", "sleep debt", "sandman", "hypnogram", "hypnology", "outsleep", "somnus", "opiate", "bundling", "zed", "cosleep", "zee", "sleeplike", "waken", "somniferous", "good night", "jack nod", "saw logs", "nonsleeping", "butabarbital", "kip do v", "kleine levin syndrome", "sedate", "rem sleep", "somnolism", "nightguard", "veronal", "call it night", "sleep hygiene", "sleepwardr", "bleary eyed", "hypnosophy", "oneirodynia", "doss do v", "somnology", "nightdream", "alarm clock headache", "actigraph", "nocturnal penile tumescence", "erotocomatose", "doss", "soporific", "narco", "lodge", "unslept", "dogsleep", "hypnogenous", "twenty winks", "jigglypuff", "somnolite", "somnolescent", "narcotic", "insomnia", "sleeping", "turn in", "sleeps", "well rested", "doze", "catch", "dreambound", "sleepy sand", "slumberful", "diurnation", "somniloquist", "somnambulate", "incubus", "sleepytime", "turn into pumpkin", "hypno", "morphetic", "ferber method", "morning sleep", "hypnoid", "papaverous", "circle", "somniloquy", "wikten 2state", "microarousal", "sleepwaker", "unsleepable", "power nap", "sleepless", "hypnagogic", "somnologist", "zizz"], "/r/UsedFor": ["sofabed", "bed artifact stative", "hotel", "duvet", "room", "master bedroom", "home", "theater seat"], "/r/LocatedAt": [], "/r/FormOf": ["sleeps"], "/r/IsA": ["orthodox sleep state", "sleeping cognition state", "kip time", " statephysiological state", "shuteye state", "paradoxical sleep state", "beauty sleep time", " timetime period time", "people who"], "/r/PartOf": ["life"], "/r/HasA": [], "/r/CapableOf": ["cat", "as easily", "make think more clearly"], "/r/AtLocation": [], "/r/HasProperty": ["very important"], "/r/CreatedBy": [], "/r/Synonym": ["log z's body", " staterest state", "kip body", "slumber body", "sopor state", "nap time", "slumber state", "catch some z's body", "wikten 2crusty"], "/r/LocatedNear": [], "/r/SimilarTo": [], "/r/MadeOf": [], "/r/ReceivesAction": []}, "N2": {"/r/RelatedTo": {"/r/RelatedTo": [["sleeping", "sleep", "furniture", "mattress", "place", "pillows", "sleeping place", "sheets", "sleeping furniture", "cot", "pillow", "platform", "sleep furniture", "bedroom", "room", "sleep o", "nest", "four", "sleep place", "slept", "for sleeping", "sleeping platform", "where", "sleep i", "blankets", "surface", "cover", "rest", "has", "resting", "legs", "rectangle", "where sleep", "sleeping o", "night", "resting place", "garde", "device", "soft", "object", " artifactperson", " artifactplant botany", "sleeping thing", "slept i", "sleeping surface", "area", "sleeping device", "table", "sheet", "sleeping area", "locatio", "spot", "bedroom furniture", "covers", "sleeping i", "four legs", "slept o", "comfy", "comfortable", "blanket", "mattress place", "place sleep", "has pillows", "sleeping cot", "for sleep", "lying", "four poster", "poster", "couch", "duvet", "here", "sleep here", "do ", "square", "posts", "sleeping locatio", "in bedroom", "sleeping spot", "sleeper", "people", "pillows blankets", "cradle", "frame", "nightstand", "house", "sleepwear", "ballast", "parasequence", "co bed", "bedhanging", "uptrace", "trundle bed", "water pocket", "bedpan", "ramble", "wadi", "plant", "claybed", "crop out", "lay", "bedful", "clinophobia", "bednet", "bedlessness", "tidal flat", "utility trailer", "trestle bed", "bedwardr", "decubitus", "beds", "bedspring", "clino", "bedquilt", "pannel", "deplantation", "lie in", "bedder", "bedsite", "bedform", "canopy bed", "waywikten 1", "manji", "bedding", "osiery", "waterbed", "rhythmite", "bedrail", "hyporheic", "headsheet", "fourposter", "supper", "hostel", "high riser", "day bed", "multibed", "vpaving", "bedstead", "scratcher", "bedwarmer", "flatbed", "bedsore", "vsleep", "wall", "bedjacket", "course", "bedbound", "roust", "four point", "bedtick", "interbed", "ore", "bedpartner", "headboard", "bedwetter", "crag", "nightie", "bonnywikten 2", "childbed", "bedwear", "turn into pumpkin", "bedshare", "bedhead", "bedframe", "bunk bed", "coal"], ["sleep", "sleeping", "night", "visio", "imaginatio", "fantasy", "thought", "nightmare", "story", "thoughts", "activity", "image", "thinking", "imagining", "night visio", "visions", "sleep visio", "movie", "whe", "images", "sleeping visio", "while", "nighttime", "experience", "dreamwardr", "dreamwrapt", "sweven", "vhope", "saint agnes eve", "waking dream", "dreammate", "oneiroscopy", "oneirophobia", "astral projection", "dreamt", "oneirocriticism", "oneiroi", "wet dream", "foredream", "oneirocritic", "dreamlife", "dreamlesslyr", "peripety", "dreamlining", "yellow brick road", "neosurrealism", "african dream herb", "dreaming", "dreamless", "mind", "nondream", "aperfect", "dreamwork", "nightdream", "dreamsign", "dream on", "redream", "oneiro", "aspire", "dreamlessness", "undream", "vwish", "wish fulfilment", "lynchian", "vdaydream", "vision board", "phantasos", "wish", "lucid dreaming", "dreamsome", "dreamer", "day's residue", "dreamscape", "rem sleep", "post traumatic stress disorder", "hallucinatory realism", "daydream", "vsee", "vmind", "magic realism", "undreaming", "sandman", "dreamed", "imaginary", "night emission", "dreams", "phantasmagoric", "oneirogen", "vimaginary", "nocturnal emission", "nondreamer", "nondreaming", "dreamlike", "aideal", "oneirocritical", "dreamish", "nightdreaming", "undreamable", "bedream", "oneiroscopist", "vevent", "undreaminglyr", "paramnesia", "oneirophrenia", "vsleep", "dreamable", "oneiroid", "dreamy"], ["sleep", "nap", "break", "relax", "relaxatio", "sleeping", "take", "bed", "do ", "relaxing", "time", "stop", "work", "easy", "like", "lay", "take break", "short", "actio", "take easy", "activity", "energy", "lying", "sleep nap", "pause", "and relaxatio", "lying do ", "pedallyr", "newton's first law", "sixteenth rest", "well rested", "take it easy", "overrested", "restlessness", "r and", "vwikten 2trial", "restful", "allay", "jubilee", "wikten 1motio", "tithewikten 1", "remainder", "repose", "catch one's breath", "rested", "home", "breather", "swearwikten 3", "vwikten 2lie", "resting", "r", "wikten 1cue", "chevalet", "wikten 1absence", "rack time", "nauheim treatment", "breakwikten 1", "vwikten 2end", "setwikten 1", "vacation", "electrooculography", "requiescant in pace", "coffee break", "eighth rest", "varrest", "wikten 1annoyance", "wikten 1quiet", "adirondack chair", "ride", "sleeper cab", "muskoka chair", "unrestinglyr", "footboard", "downlying", "reposure", "nonresting", "pull in", "wikten 1tranquility"], ["evening", "dream", "sleep", "dark", "moo", "day", "bed", "owl", "bat", "time", "darkness", "stars", "morning", "after", "noctiflorous", "anchor light", "burn midnight oil", "sleepover", "white night", "all nighter", "around clock", "nightdream", "nightspot", "nightrobe", "dusk", "nightwandering", "batfowling", "trinoctial", "tarawih", "stupid o'clock", "grey night", "tellurion", "late night", "nights", "santilmo", "diel", "cat's eye", "nightglow", "nyct", "olbers paradox", "light pollution", "nocturnal", "fetch candle", "at all hours", "call it night", "intranight", "nightshining", "benighted", "morrow", "noctuary", "equidiurnal", "overnightr", "per nocte", "nighttime", "burn candle at both ends", "tonight", "sennight", "nightfall", "nightwork", "inpatient", "all nightr", "guest night", "vspend", "star chart", "nictemeral", "lamping", "cardboard city", "nightless", "night sky", "hine nui te po", "nyctalgia", "sleepwikten 2", "radiant", "ringshine", "benight", "blue", "pernoctation", "photoperiodism", "draw on", "multinight", "nightish", "oneg", "pull all nighter", "nox", "timeband", "nightwardsr", "reverse cycler", "noctilucent", "after dark", "night biter", "alarm clock headache", "nychthemeron", "slimes", "sunrise", "big eye", "noctidial", "nyctophobia"], ["play", "reading", "game", "swim", "dance", "camp", "sleep", "work", "exercise", "writing", "climb", "ru", "drive", "read", "dream", "inactive", "active", "party", "call", "wash", "drink", "rest", "ride", "hyperactive", "dabble", "tilt at windmills", "girl guiding", "chesterfield rugby", "risk assessment", "carry on", "emerging market", "marathon", "tombstoner", "locality", "reptilase", "subactivity", "youthquake", "anthrosol", "normoactive", "prospective", "hormone", "mechanogram", "cootie catcher", "dojowikten 1", "immunoprotein", "epicentre", "depressing", "tidemark", "two minute silence", "cybersurveillance", "ghost to ", "word association", "m\u00e9tier", "shape up or ship out", "futilitarianism", "actimeter", "cage diving", "conversation piece", "vested interests", "frenzy", "yak shaving", "time killer", "underactivity", "hypermetabolism", "muscle memory", "electrospinography", "piece of cake", "consensual crime", "fast lane", "stagnate", "microlearning", "bungee jumping", "parahawking", "anitrazafen", "disentrainment", "antiepileptogenesis", "phoney war", "masturbation", "staff function", "love scene", "activity trap", "inaction", "revitalise", "bioavailability", "rigmarole", "schedule", "polyphasic", "eustasy", "good time", "mechanotransduction", "dice with death", "multiactivity", "fits and starts", "activate", "same old", "profession", "superactivity", "intellection", "electroantennography", "effortfulness", "boondoggle", "gd", "co", "neurometrics", "collection", "electrocochleography", "sactibiotic", "actometry", "gunzel", "rest day", "acheron fossae", "verticillatine", "headquarters", "commuterdom", "retrospective", "pet project", "energy", "lupanarian", "fun", "spoils of war", "timepass", "in bed", "entertainment", "court of honor", "headstage", "call sign", "space agency", "movement", "white heat", "activeness", "space walk", "polysomnogram", "timeline", "microtremor", "indian summer", "virtual sex", "neuromimetic", "bobbol", "apgar", "rockpooling", "mutual masturbation", "workout", "canadiana", "spasm", "passion pit", "call it day", "rat race", "quiesce", "narrowboating", "wet blanket", "focal point", "neurofeedback", "part time", "slow", "quickness", "playsong", "tax break", "opening of envelope", "cerebroelectrical", "hypercognitive", "osmosensor", "gorge walking", "timesuck", "presence", "cytoactivity", "business", "putter around", "flurry", "make pass at", "dynamism", "neurocircuit", "dominant", "sexy times", "quiet", "activity stream", "bioassay", "session", "pharmacophore", "hectivity", "pleasure", "parasailing", "pgo", "entrepreneur", "sprint", "smutfic", "skulduggery", "amateur hour", "bedmatics", "oversensing", "ratiocination", "microlighting", "electroplay", "gear up", "sercon", "thespianism", "brain dead", "tidepooling", "gastroprotection", "iva", "task force", "a", "locus", "hit ground running", "biotest", "bustlesome", "pollute", "actogram", "slump", "athletics", "eventful", "how sausage gets made", "give over", "derdeba", "busy work", "easter egg hunt", "song and dance", "cybermartyr", "outburst", "cool off", "conglomerate", "fuss", "safe sex", "pre mechanization", "sexy time", "actiwatch", "activities", "actual", "ambulometer", "tachygastria", "water fight", "inertion", "partner", "front row", "bustle", "punding", "fandom", "hectic", "churn", "only game in to ", "metaplasticity", "procreation", "kidult", "hustly bustly", "production", "province", "isobologram", "occupation", "actimetric", "contributor", "art form", "magnetoencephalography", "don't hate player game", "anestrum", "dowless", "jump rope", "electrography", "youth center", "overrested", "political asylum", "desistence", "electrodiagnosis", "signature strike", "coherin", "dyke out", "scholarship", "normogastria", "trigpointing", "open season", "bustling", "teambuilding", "micropeptide", "band camp", "tonguage", "antigonadotropin", "sleep mode", "autoerotica", "like for sales", "five finger exercise", "polyethism", "domain", "diversion", "normoactivity", "visuomotor", "active ingredient", "intelligence", "epiphenomenon", "overprogrammed", "cyberpiracy", "electroencephalogram", "tropic hormone", "piffy on rock bun", "front", "goer", "sidetrack", "minac", "biopharmaceutics", "cook up storm", "napoleon", "acromegaly", "climate denialism", "make it rain", "tutelary deity", "yachting", "blobbing", "heliomagnetism", "neurogram", "incidental expense", "canoe camping", "warm up", "timecourse", "monocyclic", "information society", "cryptobiosis", "make work", "fall to", "living room", "get down with", "inertness", "vibrant", "subactive", "standard electrode potential", "neuroactivity", "electroencephalography", "enzyme inhibitor", "hot spot", "sympathomimesis", "program", "senior patrol leader", "get amongst it", "seropositioning", "sexless", "mind numbing", "electrogram", "layperson", "get down to business", "electroantennogram", "solfatara", "social lubricant", "kinocentrum", "quantification", "proprietary trading", "voyeur", "upswing", "gambling", "sex drive", "antipolitics", "hacky sack", "lose one's life", "action movie", "community service", "action", "anthropocene", "decline", "societal", "pixel tracking", "icebreaker", "mover and shaker", "questivity", "functional magnetic resonance imaging", "depressant", "neurodynamics", "detention warrant", "crimebuster", "rushing", "balls about", "patron saint", "promote", "whole shooting match", "recession", "kloofing", "artist", "nonactivity", "good to go", "sin tax", "actio", "bereitschaftspotential", "hypocrisy", "activationist", "brain death", "dixel", "fast times", "light up", "sexuality", "selfcest", "alarums and excursions", "genderism", "metalloenzyme", "budget", "babeldom", "actimetry", "bump and grind", "command performance", "overactivity", "neuromyotonia", "architourist", "hyperestrogenism", "sublimate", "environmentalism", "insulinotropic", "epistemological", "party and play", "undersexed", "journalism", "pursuit", "sleep spindle", "hobbyist", "crafternoon", "continence", "fanhood", "gafia", "center", "enlightened", "procrasturbation", "effort"], ["sleep", "bed", "grave", "unresting", "craticular", "unreposing", "interlude", "recline", "agrowth", "incumbent", "telogen", "parliamentary", "aunemployed", "relaxation time", "rest", "savasana", "rest day", "astationary", "vrest", "resting place", "nest", "lay", "camp", "seat", "vacatio", "break", "dead", "support", "dream"], ["action"], ["tent", "tents", "summer", "place", "outdoor", "outdoors", "activity", "woods", "sleeping", "fire", "living", "kids", "outside", "sleep", "vacatio", "holiday", "scout", "scouts", "summer place", "tent place", "summer activity", "outdoor activity", "childre", "retreat", "locatio", "stay", "forest", "site", "outing", "recreatio", "boy", "campground", "black and white", "handicamp", "stalag", "awikten 2ostentatiously", "prison camp", "castrametation", "baggager", "campwardsr", "champerty", "castrensial", "pretorium", "campsite", "bivi", "decuman", "workcamp", "noncamper", "subcamp", "queer as clockwork orange", "refugee camp", "concentration camp", "sleepaway", "camplyr", "timber camp", "cooler", "encamp", "camplike", "boondock", "campout", "campness", "meatpole", "whoopsie", "burian", "adirondack lean to", "awikten 2vulgar", "awikten 2effeminate", "terrorist camp", "camper", "jungle", "camp it up", "camp mother", "oflag", "tenting", "zeriba", "intercamp", "fabulous", "palanka", "decamp", "bivouac", "wikten 1campus", "douar", "campwardr", "midnight movie", "prisoner of war camp", "counselor", "camped", "wikten 2affect", "uncamp", "reeducation camp", "wikten 1summer camp", "duar", "fires", "out", "tent living", "outdoor living", "wilderness", "cabins", "hiking", "area", "getaway", "tents fires", "fu", "gathering", "settlement", "tent sleeping", "boy scouts", "in woods", "tents fire", "many tents", "military", "in tent", "counselors", "outpost", "habitatio", "summer fu", "for kids", "base", "field", "scout outing", "kid", "adventure", "summer vacatio", "tent fire", "with tent", "sleeping outdoors", "summer getaway", "gay", "city", "sleep outside", "tent site", "trip", "sleep outdoors", "outdoor sleeping", "home", "sleep away", "overnight", "done", "tent holiday", "trees", "kids summer", "play", "outdoor tent", "tent outing", "band", "group", "lanter", "lake", "tent gathering", "temporary", "event", "outdoor base", "housing", "resting", "installatio", "outdoor tents", "outdoor site", "with tents", "bag", "sleeping bag", "sleeping outside", "travel", "cottage", "sleep out", "nature", "cabi", "scout adventure", "in tents", "tent city", "usually", "tents usually", "hunting", "david", "bonfires", "boy scout", "pitch tent", "pitch", "tent woods", "tent locatio", "sleepover", "outdoors activity", "countryside", "destinatio", "wilderness stay", "summer destinatio", "recreational", "lodging", "tents hiking", "scouts tents", "stay outside", "vacation place", "one time", "time", "scout vacatio", "summer event", "kids vacatio", "kid activity", "sleeping bags", "accommodatio", "bags", "encampment", "living outdoors", "for childre", "tents i", "outdoor home", "shelter", "overnight outdoors", "tent settlement", "tent adventure", "for tents", "night", "holiday tent", "night out", "done outside", "children respite", "respite", "living place", "residence", "kids retreat", "do", "at band", "outdoor sleep", "tents group", "cots", "tents cots", "done outdoors", "summer stay", "summer trip", "dwelling", "party outside", "party", "marshmallow", "where", "where stay", "in wilderness", "minus", "ground", "minus ground", "presidents retreat", "presidents", "on field", "in forest", "tenting locatio", "woods place", "holiday activity", "tents cabins", "sleeping place", "bonfire", "tenting outside", "temporary sleepover", "outside activity", "tents bonfire", "sleeping area", "during summer", "during", "live outdoors", "recreation area", "live", "military locatio", "vacation activity", "outdoor housing", "lodge", "pitching", "headquarters", "lots", "nature living", "house", "temporary house", "tents sleeping", "temporary housing", "pitching tents", "resting place", "lots tents", "boot", "actio", "woods tent", "tents place", "sleep i", "boot something", "gree", "outdoor actio", "kid retreat", "hiking stay", "scouting", "tented city", "scouting place", "under stars", "tented", "tents caravans", "under", "caravans", "stars", "resting area", "military installatio", "play place", "grounds"], ["evening", "sleep", "dream", "wee hours", "noctivagant", "star trail", "anight", "hour", "from dusk to da ", "temporal hour", "darkness", "one nighter", "nyctophobia", "sunset", "nightwear", "betelgeuse", "nighttide", "enuresis", "night", "sunrise", "curfew", "moo", "bed", "black", "star", "dark"], ["sleep", "doze", "unslumbering", "slumbers", "slumber party", "ignorance", "snooze", "slumberer", "nap", "slumbered", "shuteye", "slumbering", "inactio", "catnap", "slumberinglyr", "slumberlike", "slumberless", "slumbersome", "rest", "deep sleep", "deep", "trance", "sleeping", "sweet", "sweet sleep", "thunder"], ["sleep", "dream", "vdream", "utopiate", "pillowbook", "hope", "field", "mermaid", "reaso"], ["asleep", "a unconscious ", "unaware a ", "unconscious a ", "a unaware ", "conk out", "vampire bat", "aprickle", "sleeping", "wet dream", "awake", "sleep eat", "zonked", "in arms of morpheus", "arest", "psychopannychism", "asleepy", "aunresponsiveness", "ago to sleep", "drop off", "small hours", "somniloquous", "slumberland", "somnambulant", "night emission", "adoze", "zzz", "unwaking", "sleepy", "out like light", "stack z's", "dormant", "adead", "nocturnal emission", "aasleep at switch", "out cold", "comatose", "unawakening", "napgate", "knockout drop", "sleepbound", "wee small hours", "adozer", "pins and needles", "wee hours", "unawaking", "half asleep", "get off", "anumb", "carrycot", "dormition", "bedwetting", "ondine's curse", "somnambular", "dream", "nest", "bed"], ["rest", "sleep", "wikten 2hair", "piled", "sealskin cloth", "siesta", "dogsleep", "teaseler", "duffel", "snooze", "velveting", "wikten 3napoleo", "melton", "sponge", "baize", "beauty sleep", "napping", "naps", "frizzwikten 1", "doze", "silk shag", "adoze", "nooning", "gonk", "teasel", "check one's eyelids for leaks", "crisper", "nappywikten 2", "cardwikten 2", "panne", "napped", "slumber", "dognap", "gig mill", "shaggy", "catnap", "forty winks", "flockwikten 2", "winceyette", "moleskin", "blucher", "zee", "unnapped", "adozer", "zed", "doeskin", "zibeline", "naptime", "zizz", "napper", "turkish towel", "shut eye", "napless", "singe", "snap", "napki"], ["head", "face", "nose", "cry", "look", "doll", "sleep", "mole", "forehead", "sight", "mole eyed", "saucer eyed", "binocular", "dead eyed", "raeder's syndrome", "in one's face", "savasana", "goggly", "browneyed", "visucentric", "sleepy dust", "smize", "peepers", "postocular", "ommatidium", "reverse panda", "optophobia", "asquintr", "eyedness", "cosmetics", "owl", "see", "reading", "fly", "squint", "ear", "tear", "lens", "contact", "read", "shutter", "potato", "rub", "smoke", "visio", "dropper", "surprise", "rabbit", "perso", "toad", "view", "iris", "bright", "flash", "jealousy", "child", "drop", "animal", "glare", "observer", "foot", "onio"], ["a shut ", "shut a ", "obstructed a ", "a sealed ", "sealed a ", "a obstructed ", "sleep", "afree", "convertible", "acomplement", "poloid", "closedness", "cone", "sober space", "aope", "upper semi continuous", "acontai", "lamination", "biodome", "biclosed", "polygon of forces", "meander", "hyperhamiltonian", "jordan curve", "symplectic", "supershape", "category", "subgroupoid", "demiclosed", "pseudovariety", "aimpassable", "alack", "topology", "subsemigroup", "pluriclosed", "lickorish wallace theorem", "cycle", "aimage", "mixfix", "on latch", "avariable", "plagiostomy", "leafspace", "swing bin", "oil gas", "disconnected", "occluded", "deadlight", "electric circuit", "semialgebra", "spaceship earth", "heegaard", "aclose", "gas engine", "natural", "transfenestrate", "null infinity", "chinese postman problem", "aloop", "unopened", "superdisk", "stopped", "vclose", "claustrophobia", "multilobe", "walled garden", "quantum logic", "nonclosed", "macrocyclic", "uvala", "unclosed", "quasibound", "poincar\u00e9 conjecture", "aoperatio", "outside world", "lower semi continuous", "fundamental group", "ellipse", "semigroup", "clopen", "asealed", "superellipse", "semiclosed", "ainaccessible", "monoid", "klein bottle", "murasugi sum", "ministring", "superellipsoid", "k cell", "pseudo penannular", "microsupport", "cosymplectic", "subalgebra", "door", "box", "room", "punch", "latch", "bud", "lock", "squint", "convent", "wink"], [], [], ["minute", "hour", "clock", "watch", "morning", "evening", "minutes", "hours", "year", "always", "month", "century", "seconds", "day", "measurement", "week", "clocks", "age", "ago", "measure", "now", "moment", "party", "passing", "dimensio", "hours minutes", "past", "break", "present", "measures", "stitch", "night", "alarm clock artifact ", "clock artifact ", "rest", "recent", "whe", "temporal", "future", "seconds minutes", "tells", "chronological", "late", "clock measures", "fourth dimensio", "fourth", "minutes seconds", "after", "minutes hours", "story", "current", "play", "birthday", "sleep", "calendar", "passage", "clock tells", "watches", "hour minute", "due", "tell", "second", "days", "motion", "hartle hawking state", "anachronism", "timely", "presentless", "proper time", "check out time", "midtime", "spit bath", "contemporaneouslyr", "chronon", "alreadyr", "ther", "timeweighted", "time detector", "paleomagnetism", "megasecond", "dusktime", "overnightr", "when", "compile time", "hithertor", "correlation function", "tour of duty", "frame dragging", "plastochron", "naptime", "bedtime", "perpetual", "life expectancy", "laggard", "timed", "circumduce", "harvest break", "jerkmeter", "wheneverr", "sothic year", "take up", "yeartime", "repeatedlyr", "momentless", "punctual", "yottasecond", "ripelyr", "dimpsey", "carryover", "sidereal year", "timestream", "cockcrow", "convenience", "infinite monkey theorem", "flowtime", "time of departure", "yester morrow", "proleptical", "nativity", "unconformity", "exposure", "seismic risk", "nontime", "kuaiji", "lightlike", "absolute time", "clock watcher", "approximation algorithm", "heartbeat", "termination", "chronophobia", "clocking", "tick past", "timework", "classical period", "temporarilyr", "omnitemporal", "ttt", "way back wher", "late night", "paropamisus", "breathing space", "alarm clock", "antichronical", "chronograph", "bit interval", "chronomancy", "panchronic", "moodsetter", "chronos", "henceforwardr", "rag puck", "music", "boarder", "present perfect", "idle", "headway", "sands", "somewhere along liner", "rapid fire", "golf widow", "ahead of time", "thenceforwardr", "spend time", "chronokinesis", "civil year", "yestertide", "rhenish palatinate", "markov jump process", "previous", "pray", "operating time", "response time", "attoclock", "yesteryear", "as of", "give of oneself", "impersonal subject", "coagulometer", "agelong", "yore", "presentness", "course of time", "sexy time", "double kill", "chronemics", "chronal", "watchman's clock", "hang with", "ages", "cyclostationary", "datalogger", "chronologize", "tonnage", "synchronous", "chronoscope", "chronosequence", "baroque period", "workload", "earthly branch"], [], ["sleep", "nap", "catnap", "snoozing", "snoozed", "snoozer", "snoozetime", "snoozes", "boring", "snooze butto", "vsleep", "alarm clock", "vnap", "doze", "vdoze", "vpostpone", "shut eye", "slumber", "shuteye", "vpause"], [], ["sleep", "vsleep", "uvulopalatoplasty", "zzz", "noise", "vbreathe", "snores", "snoring", "stertorouslyr", "boring", "somnoplasty", "vsoft palate", "snorer", "snored", "saw gourds", "snorest", "vnoise", "vvibratio", "vsnort", "vharsh", "outsnore", "saw wood", "snoreth"], ["sleep"], [], [], ["sleep", "sandmen", "sleepy sand", "dream", "eye"], ["stage", "time", "sleep", "record", "graph", "functio"], ["doctrine", "sleep", "hypnologist", "treatise", "science"], ["outsleeps", "outsleeping", "vsleep"], ["insomnia", "personificatio", "sleep", "roma", "hypnos", "god", "counterpart"], ["papaverine", "hydromorphinol", "metopon", "senses", "amiphenazole", "opiated", "tramadol", "nicodicodeine", "naltrexone", "lofexidine", "myrophine", "oripavine", "hillbilly heroin", "narcotoline", "asleep", "morphine", "nalmefene", "adeadening", "opiophilia", "hydrocodone", "pentamorphone", "opiatelike", "induce", "nod", "codoxime", "exorphin", "thebaine", "casomorphin", "unrealistic", "normorphine", "methyldesorphine", "enkephalin", "hormone", "drug", "codeine", "norcodeine", "nicocodeine", "opioid", "contentment", "dormitive", "opiophobia", "desomorphine", "opiophobic", "false", "adullness", "asedatio", "aapathy", "substance", "asoporific", "aopium", "religio", "heroi"], ["bundlesome", "sweetheart", "sleep", "vbundle", "new england", "dematin", "undress", "wales", "bed"], ["zzz", "zeds", "sleep", "zeta", "vzzz", "vcatch some z's", "vsleep", "vnap", "zombie", "izzard", "zipper", "size"], ["cosleeper", "vsleep"], ["vnap", "vcatch some z's", "vzzz", "zeta", "izzard", "sleep", "vsleep", "zees"], ["slumberlike", "asleep", "lethargus"], ["wakener", "wakenest", "vwake", "wakeneth", "vawake", "vstir", "wakened", "vsleep", "vrouse", "wakens", "wakening", "unwakening"], ["somniferouslyr", "hypnagogic", "somnific", "aharmful", "asleep"], [], [], [], ["asleep"], ["sleep", "barbiturate", "aid"], [], [], ["sedation", "unsedated", "tranquilize", "gork", "sedative", "quinalbarbitone", "sobersided", "matronlike", "sedated", "oversedate", "vsoothe", "vsleep", "vtranquilize", "staid", "vcalm", "sedateness", "doxylamine succinate", "nonsedated", "vinduce", "unsedate", "atemperate", "vsedative", "sobersides"], [], ["hypnotic", "somnolite", "hypnosis", "sleep", "mesmerism", "hypnotism"], ["sleep", "tooth", "guard", "bruxism"], ["barbitol", "diethylmalonyl urea", "diethylbarbituric acid", "barbiturate", "veronalism", "sleep"], [], [], [], [], ["sleep", "science"], ["sleepwalking", "disturbed", "violent", "sleep", "nightmare", "imaginatio"], [], ["sleep", "treatment", "irregularity", "disorder", "somnological", "somnologist", "clinical", "study"], ["nightmare", "sleep", "dream", "night", "daydream"], [], ["sleep", "actometer", "actigraphy", "actimeter", "actigraphs", "accelerometer"], [], ["asex", "asleep", "apractice", "astimulatio", "asexual", "aritual", "aorgasm", "aoccult", "awakefulness"], ["acunt", "vshirk", "doss do ", "doss about", "vderelict", "dosser", "vsleep", "doss house", "doss off", "doss around", "vhomeless"], ["soporificallyr", "aboring", "sopition", "somnolent", "induce", "sleepy", "hypnagogic", "hypnotic", "drowsy", "pellotine", "dull", "soporiferous", "soporifics", "dormitive", "nonsoporific", "sleep", "boring", "ainduce", "papaverous", "opiate", "adull", "asleep", "morphean", "sleeping pill", "soporous", "consopiation", "soporifical"], ["stupor", "unconsciousness", "narcotic", "sleep", "wikten 2narcolepsy", "narcos"], ["grange", "hunting lodge", "entrance", "loculament", "tent", "vauthority", "vresident", "south carolina", "counterappeal", "beaver dam", "reposit", "mislodge", "de", "freemaso", "community", "lodges", "native america", "head", "rural", "cave", "gatehouse", "vrent", "vproper", "colleton county", "vlandlady", "lodger", "bollinger county", "porter", "missouri", "hogan", "prior", "platt", "piatt county", "mophato", "trade unio", "vsleep", "college", "beaver", "tekke", "vmoney", "lodgeable", "northumberland county", "vpay", "mislodged", "relodge", "past master", "illinois", "vpositio", "vsafety", "set up one's staff", "building", "cabin", "lodgekeeper", "embedded", "vplace", "embower", "unincorporated", "hang out", "vlandlord", "abbot", "fraternity", "lodgment", "tiler", "cosher", "nonboarder", "in", "vroom", "lodged", "virginia", "caretaker", "lodging", "room", "united states", "vvaluable", "vfixed", "lodgings", "vjewellery", "deacon", "vsupply", "grand orient", "chamber", "rancho", "loge", "cabi", "hunting", "house", "board", "big cabi", "big", "ski", "resorts", "ski resorts", "camp", "hunting camp", "logs", "wood", "wood logs", "forest", "mountains", "beavers", "beavers home", "home", "log cabi", "log", "rustic in", "mountain in", "mountai", "rustic", "hunting cabi", "inn motel", "hunting resort", "resort", "motel"], ["asleep"], ["hand", "nap", "feig", "sleep", "fitful", "stress"], ["asleep", "ahypnosis"], [], ["curl", "pink", "sleep", "pok\u00e9mo", "song", "blob", "forehead"], ["somnolites", "sleep", "somnolism", "hypnosis", "hypnotic", "perso", "mesmerism"], ["atend", "adrowsy", "somnolescence", "somnolescentlyr", "asomnolescence", "asleep"], ["piritramide", "dipropanoylmorphine", "anarcosis", "spaced out", "stashbox", "hydrocodone", "sufentanil", "black drop", "methylketobemidone", "nonnarcotic", "narco", "phenampromide", "faxeladol", "trimeperidine", "narcosis", "remifentanil", "drug", "dihydrocodeine", "diacetyldihydromorphine", "mandragorite", "butorphanol", "sleep", "put someone under", "ethylmorphine", "pholcodine", "peddle", "alvimopan", "reduce", "parapropamol", "ohmefentanyl", "heterocodeine", "propiram", "junk sick", "codeine", "narcoticallyr", "etorphine", "cyprenorphine", "etonitazene", "benzethidine", "oxymorphone", "apomorphine", "dopehead", "hydroxypethidine", "picenadol", "dextromoramide", "phenomorphan", "oxilorphan", "dimepheptanol", "herkinorin", "phenazocine", "diethylthiambutene", "spun out", "methopholine", "cannabin", "bezitramide", "narcotherapy", "ciramadol", "behaviour", "tilidine", "narcotize", "heroin", "drugged out", "ethoheptazine", "levorphanol", "alter", "alfentanil", "narcotical", "monkey on one's back", "phenadoxone", "diphenoxylate", "absinthe oil", "thiofentanyl", "narcoterrorism", "metazocine", "cocaine", "pentazocine", "churrus", "allylprodine", "anileridine", "acetylmorphone", "metheptazine", "lefetamine", "stone", "acetyldihydrocodeine", "benzonatate", "dextropropoxyphene", "carperidine", "properidine", "acetoxyketobemidone", "etoxeridine", "benzylmorphine", "semorphone", "stramonium", "viminol", "narcohypnosis", "phenaridine", "dimethylthiambutene", "brifentanil", "cyclazocine", "anesthetize", "pheneridine", "levomethorphan", "antinarcotic", "acetorphine", "intoxication", "parica", "ketobemidone", "nalmexone", "dihydromorphine", "difenoxin", "prodine", "mood", "mandragora", "metethoheptazine", "narcotism", "junkie", "piminodine", "subnarcotic", "dimenoxadol", "levopropoxyphene", "narcotrafficker", "codeinone", "dulcamara", "fentanyl", "crack cocaine", "hydromorphone", "dimemorfan", "clonitazene", "ethylmethylthiambutene", "ms contin", "tilidate", "tapentadol", "pai", "dihydroetorphine", "lofentanil", "carfentanil", "propylketobemidone", "opium", "kif", "dezocine", "chloral", "meptazinol", "meprodine", "diampromide", "dope", "jolt", "induce", "proheptazine", "narcotist", "party favor", "narcotics", "sorted", "trefentanil"], ["ethchlorvynol", "triclofos", "pervigilium", "esmirtazapine", "sleep paralysis", "insomnolent", "winter over syndrome", "nimetazepam", "nealbarbital", "delirium tremens", "tasimelteon", "sleep", "ramelteon", "insomniac", "hypersomnia", "zopiclone", "oxazepam", "fatal familial insomnia", "glutethimide", "estazolam", "somnus", "big eye", "sleeplessness", "ambien", "aprobarbital", "eszopiclone", "krishaber's disease", "hwabyeong", "eplivanserin", "sexsomnia", "heptabarb", "insomnolency", "zaleplon", "inability", "agrypnia", "propiomazine", "loprazolam", "z drug", "methyprylon", "ethinamate", "pruvanserin", "quazepam", "sleep deprivatio", "volinanserin", "atagabalin", "zolpidem", "benzodiazepine", "disorder", "methylpentynol", "unrest", "hexapropymate"], ["bed", "dream", "rest", "camp", "dormitory", "bedroom", "room", "mattress", "unsleeping", "aasleep", "couchette", "lodging", "flat out", "nightcap", "reticular formation", "blanket", "camper", "sleepness", "unawakened", "caboose", "daycoach", "crib", "sleep schedule", "bunk together", "vsleep", "dormant", "wakeful", "actigraphy", "bunkhouse", "insomniac", "in arms of morpheus", "beauty", "lay", "night", "home", "hotel", "pillow", "nightgo ", "berth", "lie", "comforter", "bear", "dreamer", "furniture", "slumber", "coffi", "cradle", "apple", "ether"], [], ["vsleep", "sleep"], [], ["adoze", "catnap", "snooze", "inemuri", "dozes", "vstupefy", "vsleep", "vnap", "adozer", "slumber", "dozed", "vbulldoze", "shuteye", "dozing", "vdull", "sleep", "nap", "vsnooze", "vlightly"], ["baseball mitt", "sticky fingered", "vshore", "round", "fisherman", "gripping", "fragment", "captor", "vinfect", "mantrap", "anglewikten 2", "vhold", "cough", "vreplenish", "chaptzem", "catcatcher", "vblow", "dodgeball", "bag", "lift net", "vmarry", "music", "vwave", "vtravel", "lime twig", "vgrasp", "hallier", "bawdy", "vtake", "germinate", "wrongfoot", "vinnings", "lasso", "cobweb", "negotiatio", "batfowling", "vserve", "vsnare", "vspread", "trollwikten 3", "vreceive", "slipwikten 3", "lay hold of", "vbreath", "capture", "top edge", "vcatcher", "trawler", "crick", "vhit", "bycatch", "vcatch up", "dolly", "overcatch", "vsnatch", "fish wheel", "payao", "ventrance", "trigger", "inside edge", "vinfectio"], ["asleep", "adreaming"], [], ["asleep", "asleepy"], ["sleep", "dormant"], ["perso", "somniloquists", "somniloquence", "sleep", "talks"], ["vsomnambulism", "vsomnambulator", "vsleep", "vsomnambulatio", "somnambulates", "vsomnambulistic", "vsomnambulist", "vsomnambular", "somnambulant", "vwalk", "somnambulistic", "sleepwalk", "somnambulating", "somnambulist"], ["ghost", "wome", "incubi", "sleep", "demogorgon", "incuba", "incubous", "incubuses", "burde", "sleep paralysis", "evil", "nightmare", "incubouslyr", "spirit", "sex", "oppressive", "insects", "cambion", "succubus"], ["time", "sleep"], [], ["sleep", "hypnosis"], ["asleep", "amorphea"], [], [], ["asleep", "hypnoidal", "ahypnosis"], ["asoporific", "apoppy", "asleep", "ainducing", "apapaveraceous"], ["round", "shape", "ring", "plate", "cir", "round shape", "geometric", "degree", "record", "figure", "encircle", "circular", "ball", "oval", "eye", "geometry", "radius", "geometric shape", "coi", "diameter", "sphere", "cake", "around", "wheel", "object", "circumcircle", "deosil", "roundel", "fogbow", "unlink", "pi", "center", "ringed", "sashay", "field restrictions", "circumcenter", "octant", "circlinglyr", "tacnode", "circumference", "circular arc", "excircle", "cycloid", "circle tile", "vsurround", "ellipse", "arc", "open book decomposition", "curve", "armillary", "radical axis", "drum head", "triquetra", "ducdame", "wand", "frostbow", "circular segment", "cast", "bird's eye", "midcircle", "beam compass", "vulture", "itself", "superdisk", "multifoil", "circline", "bow compass", "catmill", "cantico", "\u24d0", "sleep", "sextant", "montana", "areola", "circularity", "zerogon", "captive bead ring", "circuit", "trioctile", "semisextile", "circler", "nimbus", "magic circle", "hypocycloid", "divisio", "semicircular", "three dimensional", "masyu", "oillet", "encompass", "coterie", "crown roast", "tawara", "wicket", "apothem", "distance", "central angle", "circling", "mccone county", "radical line", "traffic circle", "varound", "radical plane", "circular sector", "orbital sander", "conic section", "keyhole", "flanch", "corral", "quasicircle", "circlest", "pitch", "family circle", "cycloidal", "vmark", "semicircumference", "cyclo", "loop", "geocyclic", "azimuth circle", "argument", "one day match", "hyperbola", "circulatio", "circulate", "figure eight", "spherograph", "circle changeup", "oligotrich", "apollonian gasket", "incircle", "ring chart", "epicycle", "tic tac toe", "radical center", "orbit", "circles", "isoradial", "gyre", "circle of willis", "covenstead", "circumambulate", "barcode", "star polygon", "semicyclic", "inscribe", "copenhagen", "whorl", "subcircle", "malfatti circle", "ovalize", "hectogon", "bicircular", "sun cross", "major axis", "thought balloon", "tau", "orbiform", "circumgyratory", "cocircular", "thi", "circus", "motzkin number", "two dimensional", "anticircular", "cdp", "toroid", "eyering", "circle of gorge", "plane", "circumlocutio", "circumambulation", "gyro", "datum circle", "twiddle one's thumbs", "equirectangular", "roundabout", "convex", "cyclic inscriptable", "cyclometry", "epicycloid", "gyratory", "shen ring", "atrocha", "brunnian link", "squircular", "trochosphere", "tinchel", "explement", "circlelike", "josephus problem", "point", "obround", "becket", "widdershins", "equivalent", "slant height", "encyclopedia", "roundelay", "semimajor axis", "seifert fiber space", "pair of compasses", "concyclic", "compressible", "semicircle", "annulet", "circlet", "circled", "bagginess", "temenos", "graduated", "enforce", "county seat", "e circle", "superellipse", "confidential", "eccentric", "squircle", "torus", "sector", "hokeypokey", "worship", "petticoat tail", "cyclotomy", "cycle", "rounded", "radian", "distant", "escribe", "parabola", "obvolute"], ["sleep", "somniloquence", "talk"], [], ["arousal", "sleep"], ["sleep", "sleepwalker", "magnetic", "mesmeric"], ["asleep", "sleepable", "asleepable"], [], ["sleeplessness", "sleeplesslyr", "aabsence", "slumberless", "white night", "asleep", "unslumbrous", "insomnious", "wakeful"], ["ahypnagogue", "ainduce", "asleep", "asoporific", "asomniferous"], ["study", "sleep", "somnologists", "treatment", "disorder", "somnology"], ["sleep", "zizzes", "nap", "zizzing"]], "/r/UsedFor": [["have sex", "resting o", "making love", "sheet", "lie do ", "fucking i", "lying do ", "having sex i", " artifactsleep stative", "napping o", "reading i", "laying do ", "resting", "sit o", " artifacthold stative", "napping", "trampolining o", "watching tv", "demonstrate virility", "getting better i", "taking afternoon nap"], ["sky"], ["going to sleep", "hotel room", "hotel", "sleeping", "sleeping at night", "sitting do ", "motel"], [], ["playing lacrosse", "surfing"], ["regaining energy", "chair", "stool", "relaxing", "going to sleep", "taking nap", "bed", "motel", "sitting do ", "dreams", "rejuvenatio", "being refreshed", "relaxatio", "sleeping", "bench", "new perspective", "recovering from illness", "thinking", "de", "rejuvinatio", "staying in bed", "fighting diseases", "getting strength back", "sitting quietly", "recharging batteriies", "eating breakfast in bed", "restoring energy", "sitting on chair", "armchair", "healing of injuries", "refreshment", "letting body recover", "recovery of energy", "eliminating fatigue", "place to stay", "going into trance", "drinking cup of tea", "beanbag chair", "cooling off", "room", "reading book", "lying", "saving energy", "taking pause", "peace", "sleeping at night", "preparing for event", "becoming rested", "taking break", "regrouping", "regaining strenght", "dreaming", "stopping", "letting mind recover", "stopping bicycle", "rocking chair", "restoring yourself phsically and mentally", "pool", "bus shelter", "tired persons", "staying in one state", "watching televisio", "seat", "staying at one place", "recuperating"], [], [], [], [], ["resting", "sleeping at night", "entertain yourself"], [], ["going to bed"], ["see world with", "seeing world"], [], [], [], ["watch", "doing enjoyable things"], [], [], [], [], [], [], [], [], [], [], [], [], [], [], [], [], [], [], [], [], [], [], [], [], [], [], [], [], [], [], [], [], [], [], [], [], [], [], [], [], [], [], [], [], [], [], [], [], [], [], [], [], [], [], [], [], [], [], ["master bedroom", "hotel", "sofa hide bed", "motel", "loft", "relaxing", "couch", "pillow", "place to stay", "sofa", "accommodations", "hotel room", "recovering", "dreaming", "getting rest", "rest", "passing time", "cave", "ranch house", "gaining energy", "bungalow", "resting body and mind", "watch televisio", "replenishing neurotransmitters", "boarding room", "recuperating", "sheet", "becoming rested", "hostel", "bedroom", "regeneratio", "lazy", "train statio", "escaping from world", "taking break from work", "passing hours of dark", "snoring", "relaxatio", "rejuvinatio", "babies", "sofabed", "satiating need for sleep", "duvet", "staying in bed", "resting", "feeling better", "yoyo", "train seat", "rejuvinating body", "maintaining health", "rejuvenating", "bench", "cot", "rejuvenating body", "village", "restoring mind", "wasting time", "making tired people less", "re energizing", "not being tired", "maintaining sanity", "lodgings", "letting body rest", "restoring body", "beanbag chair"], [], [], [], [], [], [], [], [], [], [], [], [], [], [], [], [], [], [], [], [], [], [], [], [], [], [], [], [], [], [], []], "/r/LocatedAt": [[], [], [], [], [], [], [], [], [], [], [], [], [], [], [], [], [], [], [], [], [], [], [], [], [], [], [], [], [], [], [], [], [], [], [], [], [], [], [], [], [], [], [], [], [], [], [], [], [], [], [], [], [], [], [], [], [], [], [], [], [], [], [], [], [], [], [], [], [], [], [], [], [], [], [], [], [], [], [], [], [], [], [], [], [], [], [], [], [], [], [], [], [], [], [], [], [], [], [], [], [], [], [], [], [], [], [], []], "/r/FormOf": [["beds", "beddeth"], ["dreams", "dreamt", "dreameth", "dreamed", "dreamtest", "dreaming", "dreamedst"], ["rests", "reest", "resteth", "restest", "resting"], ["nights"], ["activities"], ["vrest", "rest", "restings"], [], ["camps", "camper", "campest", "camped", "camping"], ["night time", "nighttimes"], ["slumbered", "slumbers", "slumber'd", "slumbereth", "slumbering", "slumberest"], ["vdream", "dream"], [], ["napped", "naps", "napping"], ["veye", "eye"], ["vclose"], [], [], ["timed"], [], ["snoozing", "snoozes", "snoozed"], [], ["snores", "snored", "snorest", "snoring", "snoreth"], [], [], [], ["sandmans", "sandmen"], ["hypnograms"], [], ["outslept", "outsleeping", "outsleeps"], [], ["opiates", "opiated", "opiating"], ["vbundle", "bundlings"], ["zeds", "zedded", "zedding"], ["cosleeps", "coslept", "cosleeping"], ["zees"], [], ["wakening", "wakeneth", "wakenest", "wakened", "wakens"], [], [], [], [], [], [], [], [], ["sedated", "sedates", "sedating", "sedatest", "sedater"], [], [], ["nightguards"], [], [], [], [], [], [], [], [], [], ["nightdreams"], [], ["actigraphs"], [], [], ["dosses", "dossed", "dossing"], ["soporifics"], ["narcos"], ["lodges", "lodgeth", "lodged", "lodging", "lodgest"], [], [], [], [], [], ["somnolites"], [], ["narcotics"], ["insomnias"], ["vsleep", "sleep", "sleepings"], [], ["sleep", "vsleep"], [], ["dozed", "dozes", "dozing"], ["catchest", "catches", "caughten", "catcheth", "ycaught", "caughtest"], [], [], [], [], ["somniloquists"], ["somnambulated", "somnambulating", "somnambulates"], ["incubi", "incubuses"], [], [], ["hyp"], [], [], [], [], [], ["circles", "circlest", "circling", "circled"], ["somniloquies"], [], ["microarousals"], ["sleepwakers"], [], [], [], ["hynagogic", "hypnogogic"], ["somnologists"], ["zizzing", "ziz", "zizzes", "zizzed"]], "/r/IsA": [["place", "furniture", "double bed artifact", "platform bed artifact", "murphy bed artifact", "ore bed object geology", "turnip bed artifact", "sleigh bed artifact", "marriage bed artifact", "deathbed artifact", "asparagus bed artifact", "cot artifact", "hammock artifact", "railroad bed artifact", "four poster artifact", "sickbed artifact", "hotbed artifact", " objectnatural depression object", "couch artifact", "streambed object", "seedbed artifact", "find inside", "roadbed artifact", " geologystratum organism", "water bed artifact", "lake bed object", "single bed artifact", "berth artifact", " artifactbedroom furniture artifact", " artifactfoundation artifact", "flowerbed artifact", "riverbed object", "good place to lie", "built in bed artifact", " artifactsurface artifact", "bunk bed artifact", "ocean floor object", "trundle bed artifact", "plank bed artifact", "twin bed artifact", " artifactplot locatio", "bunk artifact", "bassinet", "bunk", "cot", "find upstairs", "dog bed", "built in bed", "bedroom furniture", "hospital bed", "good place to have sex", "full sized bed", "cradle", "twin sized bed"], ["reverie cognition cognitio", "nightmare cognition cognitio", " stateperfection state", " cognitioreverie cognitio", " cognitioimagination cognitio", "wet dream cognition cognitio", "woolgathering cognition cognitio", "wish", "freedom", "personal experience", "opencycdreamingintentional mental event", "information", "nightmare"], ["lie in act", "armrest artifact", "bedrest act", "whole rest communication communicatio", " actinactivity act", "chin rest artifact", "quiescence act", " artifactsupport artifact", " communicatiomusical notation music", "half rest communication communicatio", "headrest artifact", "quarter rest communication communicatio", "leisure act", " stateinaction state", " statedeath state", "laziness act"], [" timetwilight time", " timetime period time", " timetime unit time", "wedding night time", " statedark state", "weeknight time", "colder than day", "after sunset"], ["sex", "reading", "skiing", "game", "singing", "skating", "actio", "listening", "learning", "playing cards", "education act", "continuance act", "leadership act", "mystification act", "placement act", "space walk act", "performing surgery", "enjoyment act", "energizing act", "aid act", "liveliness act", "diversion act", "protection act", "nursing patients", "operation act", "role act", "moving slowly", "acting act", "negotiation act", "politics act", "puncture act", "boating", "perturbation event act", "solo act", "writing act", "buzz act", "practice act", "concealment act", "grouping act", " actact", "burst act", "dismantling act", "waste act", "timekeeping time act", "pleasure act", "variation act", "turn game act", "creation act", "release act", "domesticity act", "sensory activity act", "measurement act", "playing games", "game act", "jumping", "precession act", "fun act", "operation military act", "cup of tea act", "behavior psychology act", "training act", "procedure act", "preparation act", "wrongdoing act", "use act", " chemistrycapability state", "market act", "works act", "crime", "work act", "representation act", "provision act", "worship act", "operation commercial enterprise act", "lamentation act", "music singing act", "support act", "behavior act", "search act", "attempt act", "laughter act", "occupation act", "calibration act", "service case law act", "demand act", "bungee jumping", "ceremony act", "organization act", "follow up act", "update act", "control act", "last act", "verbalisation communication act", "barking", "smoking marijuana", "do", "canoeing", "typing", "party", "non aspectual quantity", "polo", "drinking tea", "saw film", "sitting", "programming", "shoplifting"], ["having rest"], [], [" cognitiotriteness cognitio", "boot camp military", "tennis camp artifact", "hutment military", "labour camp artifact", " groupgathering group", " artifacthousing artifact", " militarymilitary quarters military", "laager artifact military", "day camp artifact", " artifactsite locatio", "concentration camp artifact", "trailer camp artifact", "hobo camp group", " artifactpenal institution artifact", "place", "work camp artifact", " artifactshelter artifact", "prison camp artifact", "cyclic nucleotide", "naturally occurring tangible substance", "adenosine monophosphate", "second messenger", "band"], ["darker than daytime"], [" statedormancy state"], ["pleasant while others nightmares", "in colour", "mental activities occurring during sleep", "hope"], [], ["siesta act", " actsleeping act", " attributetexture attribute", "zizz act", "time of rest", "short", "way to re energize"], [" cognitioopinion cognitio", "imagine ears"], [], [], [], ["linear concept", "money", "measurement", "not money", "ephemera time", "eternity time ", "musical time music ", "greenwich mean time ", " attribute", "past time ", "incarnation time", "duration time ", " timetime period time", "biological time ", "present time ", "continuum time ", "daylight saving time ", "abstract concept", "day time", "civil time ", " eventexperience event", "fourth dimensio", "moment time", "high time", " timemoment time", "occasion time", "dead time", "geological time ", "future time ", "one way", "precious thing", " eventcase event", "hard times time", "while time", "space age time", "wee time", "man made concept", "cosmic time ", "time management", "one type of bridge", "compile time", "lifetime", "not neccesarily linear", "human inventio", "time signal"], [], [], [], [" actbreathing act", " eventnoise event", "word"], [], [], [], [" persoelf folklore", "wpvertigocomic", "wpdc comicscomics character", "wpwrestlerwrestler", "wpshort storywritten work", "wpwesley doddscomics character"], [], [], [], [], ["codeine artifact", "heroin artifact", " artifactnarcotic artifact", "laudanum artifact", "morphine artifact", "morphine", "opioid", "thebaine", "codeine", "opioid drug", "one of various drugs"], [" actshove act", " actpacking act", " communicatiocourtship communicatio"], [], [], [], [], [], [], [], [], [], [], ["drug"], [], [], [], [], [], [], [], [], [], [], [], [], [], [], [], [], [], [], [], [], [], [" artifacthypnagogue substance", "narcoleptic artifact", "sleeping pill artifact", " artifactdrug artifact", "drug"], [], [" artifacthouse artifact", " artifactgatehouse artifact", "tepee artifact", " artifactdwelling artifact", "hogan artifact", "wigwam artifact", "wickiup artifact", "wpaustraliabuilding"], [], [], [], [], ["pok\u00e9mo"], [], [], ["opiate artifact", "methadone artifact", "hard drug artifact", "opium artifact", " artifactdrug artifact", "recreational drug artifact", "soft drug artifact", "opium", "methadone", "medicine", "psychoactive drug", "opioid drug", "heroin", "drug product containing buprenorphine", "analgesic", "addictive substance", "drug product containing dihydrocodeine", "drug product containing dihydromorphine"], [" statesleep disorder state", "sleep disorder", "big eye", "medical condition", "abnormal sleep pattern", "sleep problem", "wpnovelbook", "wphiatus epalbum"], ["sleep talking act", "sleepwalking act", "nap act", "doze act", " cognitiosleep state", " actbodily process", "bluebird", "holing up", "sleeping late", "sometimes rains while", "estivating", "state of unconsciousness", "oversleeping", "relaxingopencycresting relaxing", "when perso", "taking night's sleep", "most ofte", "involuntary bodily function", "taking nap", "practice bundling"], [], [], [], [" actsleeping act"], ["interception american football act", "latch artifact", " actgame act", "mesh act", "hook artifact", "reception american football act", " acttouch act", "tripper artifact", "hasp artifact", " artifactrestraint artifact", " attributedrawback attribute", "shoestring catch baseball act", " artifactfastener artifact", "fair catch american football act", "pawl artifact", " communicatiomanner of speaking communicatio", "doorstop artifact", " objectobject", "bench hook artifact", "hood latch artifact", " persoadult perso", "rebound act", " quantityindefinite quantity"], [], [], [], [], [" persosleeper perso"], [], [" persounpleasant person perso", " persodevil perso", "evil spirit"], [], [], [], [], [], [], [], [], ["shape", " artifactseating artifact", "circle of curvature attribute shape", "equator shape", " shapeshape", " artifactrotating mechanism artifact", "disk artifact", " shapeellipse shape", "epicycle shape", "circlet shape", "opencyccircular regioradial thing", "ellipse", "opencyccircular regiooval", "geometric form", "conic sectio", "radial thing"], [], [], [], [], [], [], [], [], [], [" actnap act", " eventsound event"]], "/r/PartOf": [["mattress", "bedstead artifact", "mattress artifact", " artifactpress artifact", " artifactbedroom artifact", "frame"], [" cognitiosleeping cognitio"], [], ["midnight time", "evening time", "late night hour time", " timeday time", "small hours time", "lights out time"], [], [], [], ["gulag"], [], [], [], [], [], [], [], [], [], ["space time continuum"], [], [], [], [], [], [], [], [], [], [], [], [], [], [], [], [], [], [], [], [], [], [], [], [], [], [], [], [], [], [], [], [], [], [], [], [], [], [], [], [], [], [], [], [], [], [], [], [], [], [], [], [], [], [], [], [], [], [], ["dream cognition cognitio", "daily routine"], [], [], [], [], [], [], [], [], [], [], [], [], [], [], [], [], [], [], [], [], ["arc", " artifacttheater dramaturgy", "arc shape"], [], [], [], [], [], [], [], [], [], []], "/r/HasA": [[], [], [], [], [], [], [], [], [], [], [], [], [], ["cats", "humans", "owls", "animals", "people", "cat", "almost all animals including humans", "bats", "birds", "zebra", "horse", "most animals"], [], [], [], [], [], [], [], [], [], [], [], [], [], [], [], [], [], [], [], [], [], [], [], [], [], [], [], [], [], [], [], [], [], [], [], [], [], [], [], [], [], [], [], [], [], [], [], [], [], [], [], [], [], [], [], [], [], [], [], [], [], [], ["effect of rejuvinating body"], [], [], [], [], [], [], [], [], [], [], [], [], [], [], [], [], [], [], [], [], [], [], [], [], [], [], [], [], [], [], []], "/r/CapableOf": [["provide comfort", "rest perso"], ["humans", "when people sleep", "sleeping perso", "when sleep"], ["free to think clearly"], [], ["near end"], [], [], [], [], [], ["live in dreamer", "seem real"], [], [], ["see light", "glass over", "sense light", "tear up", "fill with tears", "water profusely when one peels onions", "shine when exited", "see work", "cake over with mucus", "coursing with tears or smiling", "tear easily", "dry out", "blue"], [], [], [], ["spring forward", "age"], [], [], [], ["sleeper"], [], [], [], [], [], [], [], [], [], [], [], [], [], [], [], [], [], [], [], [], [], [], [], [], [], [], [], [], [], [], [], [], [], [], [], [], [], [], [], [], [], [], [], [], [], [], [], [], [], [], [], [], [], [], [], [], [], [], [], ["racoons eat catfish if"], [], [], [], [], [], [], [], [], [], [], [], [], [], [], [], ["track"], [], [], [], [], [], [], [], [], [], []], "/r/AtLocation": [["cat", "dust bunny", "floor", "dust", "kitte", "shoes", "bogeyma", "monster", "house", "dust bunnies", "pillow case", "huma", "room", "dust mites", "rest area", "slipper", "neighbor's house", "junk", "hospital", "dirt", "bed sheet", "dirty socks", "snake", "lost sock", "lazy boyfriend", "empty space", "dog", "blankets pillows sheets", "loft", "slippers", "sleeping people", "bed bugs", "socks", "small dog", "old socks", "toys", "lost items", "porno", "carpet", "magazine", "apartment", "clean sheets", "frame", "dust lots of", "scary", "dirty", "linen in closet or", "magazines", "spoo", "dustball", "basement", "mits", "hotel room", "book", "sex toys", "sleeping", "people having anal sex", "bag", "trash", "pillow case i", "student", "barbie dolls", "boogie ma", "mens magazines", "kitty", "man and woma", "monster old photo albums", "continental quilt", "hair", "lost shoe", "teddy bear"], [], [], ["sloth", "firefly"], [], [], [], ["fireplace"], [], [], ["rosebush"], [], [], ["person's head", "stars"], [], [], [], [], [], [], [], [], [], [], [], [], [], [], [], [], ["medicine chest"], [], [], [], [], [], [], [], [], [], [], [], [], [], [], [], [], [], [], [], [], [], [], [], [], [], [], [], [], [], [], [], [], [], ["medicine chest"], [], ["beaver"], [], [], [], [], [], [], [], ["medicine chest"], [], ["bed"], [], [], [], [], [], [], [], [], [], [], [], [], [], [], [], [], [], [], [], [], ["humans"], [], [], [], [], [], [], [], [], [], []], "/r/HasProperty": [["flat"], [], [], [], [], [], [], [], ["after sun sets"], [], ["lucid"], ["dreams occur whe", "alive", "most people dream whe", "people become limp whe"], [], ["blue", "bro ", "gree"], [], [], [], ["running", "linear", "finite", "now"], [], [], [], [], [], [], [], [], [], [], [], [], [], [], [], [], [], [], [], [], [], [], [], [], [], [], [], [], [], [], [], [], [], [], [], [], [], [], [], [], [], [], [], [], [], [], [], [], [], [], [], [], [], [], [], [], [], [], ["pleasant"], [], [], [], [], [], [], [], [], [], [], [], [], [], [], [], [], [], [], [], [], ["round"], [], [], [], [], [], [], [], [], [], []], "/r/CreatedBy": [[], [], [], [], [], [], [], [], [], [], [], [], [], [], [], [], [], [], [], [], [], [], [], [], [], [], [], [], [], [], [], [], [], [], [], [], [], [], [], [], [], [], [], [], [], [], [], [], [], [], [], [], [], [], [], [], [], [], [], [], [], [], [], [], [], [], [], [], [], [], [], [], [], [], [], [], [], [], [], [], [], [], [], [], [], [], [], [], [], [], [], [], [], [], [], [], [], [], [], [], [], [], [], [], [], [], [], []], "/r/Synonym": [["bottom object", " locatioseam locatio", "v bodygo to bed body", "v contactroll in hay contact", " artifactlayer artifact", "stratum", "scanbed", "banana equivalent dose", "layer"], [" cognitiopipe dream cognitio", "stargaze creation creatio", "daydream creation creatio", "woolgather creation creatio", " feelingambition feeling", "dreaming cognition cognitio", "fancy", "vision", "", "visio", "sweve"], ["eternal rest state", "relaxation act", "repose act", " linkdefremainder linkdef", "sleep state", "v contactperch contact", "repose stative", "v changestay change", "catch one's breath communication communicatio", "reside stative", "quietus state", "eternal sleep state", " timerespite time", "v contactpillow contact", "breathe communication communicatio", "take breather communication communicatio", "ease act", "v stativelie stative", "cradle", "vwikten 2lea", "vwikten 2be", "wikten 1cradle"], ["nox person perso", "dark time", "nighttime time", "evening out", "evening", "night out", "blackness", "dark", "good night", "sleep"], [" stateaction state", " processnatural process", " processbodily process", " attributeactiveness attribute"], [], [], ["bivouac stative", "summer camp artifact", "encampment military", "encamp stative", "bivouac military", "cantonment military", " groupclique group", "camp do v contact", "refugee camp artifact", "a campy ", "tent stative", "camp out stative", "effeminate", "campy", "kitsch", ""], [" timenight time", "anight"], ["v bodysleep body", " statesleep state", "doze"], [], ["a benumbed ", "a at peace ", "sleeping", "deceased", "adormant"], ["snooze act", "short sleep act", " artifactpile artifact", "catnap body", " actnapoleon act", "catch wink body", "light sleep act", "catnap act", " timesleep time", "forty winks act", "vtake nap", "take nap", "vsnooze", "forty winks"], [], ["shut a ", "a shut ", "a closed in ", "a unsympathetic ", "ashut", "tor"], [], [], [" attributemeter attribute", "v changeclock change", " timeclock time", "clip event", " timefourth dimension time", " timeprison term time", "life", "vset"], [], [" actnap act", "doze body", "drowse body", "nap"], [], ["saw wood body", "saw logs body", "snoring act", "stertor act", "snore fest", "vsaw wood", "snorefest", "snoozefest"], [], [], [], ["wpwrestlerwpwrestler", "wpvertigowpvertigo", "wpwesley doddswpwesley dodds", "wpshort storywpshort story", "wpdc comicswpdc comics"], [], [], [], [], [], [], [" communicatioz communicatio", "izzard", "zee", "uzzard"], [], ["izzard", " communicatioz communicatio", "zed"], [], ["v bodywake up body", "v bodyawaken body"], ["soporiferous a ", "hypnagogic a ", "hypnogogic a ", "soporific a ", "somnific a "], [], [], [], [], [""], [], [], ["sober a ", "a staid ", "tranquillise body", "calm body", "grave a ", "tranquillize body", "solemn a ", "tranquilize body", "athoughtful", "sober", "aquiet", "aunruffled", "acomposed", "asober", "acalm"], [], [], [], [" artifactbarbital artifact"], [], [], [], [], [], [], [], [], [], [], [], [], [], ["crash body", "doss do v body"], ["hypnotic artifact", "a soporiferous ", "a somniferous "], [], ["v communicatiocharge communicatio", "hunting lodge artifact", "accommodate stative", " groupclub group", "v contactstick contact", " artifacthostel artifact", " persosir oliver joseph lodge perso", "indian lodge artifact", "stay over", "vstay over", "wpaustraliawpaustralia"], [], [], ["hypnogenic"], [], [], [], [], ["a soporiferous ", "a narcotising ", "drug", ""], ["sleeplessness", "wpnovelwpnovel", "wphiatus epwphiatus ep"], [" actquiescence act", "dormant heraldry", "aasleep"], [], [], [], ["drowse act", "v bodysnooze body", "drowse", "vslumber"], ["v emotiocapture emotio", "take in perception perceptio", "get contact", "v contacthitch contact", "match person perso", "v competitioovertake competitio", "pick up perception perceptio", "haul", "v contactcapture contact", "v perceptiowatch perceptio", "v contactget contact", "stop artifact", "get creation creatio", "grab act", "get perception perceptio", " actapprehension act", "snap act", "haul quantity", "get cognition cognitio", "v cognitiotrip up cognitio", "gimmick attribute", "hitch", "take hold of contact", "grab contact", "snatch act", "arrest contact", "overhear perception perceptio", "snatch", "take", "netwikten 1", "fasten", "stop", "vfang"], [], [], [], [], ["sleeptalker"], ["v motiosleepwalk motio", "vsleepwalk", "noctambulate"], [" statenightmare state", "nightmare"], [], [], [], [], [], [], [], [], ["v contactencircle contact", " actlap act", "dress circle artifact", "round artifact", " artifacttraffic circle artifact", " groupset group", "go round", "periorbital dark circle", "orbit", "bunch", "belt", "dark circle", "coil", "disc", "arc", "go around", "world"], [" actsleep talking act", "sleeptalking", ""], [], [], [], [], [], ["lidless a ", "a watchful "], ["a somniferous "], [], []], "/r/LocatedNear": [[], [], [], [], [], [], [], [], [], [], [], [], [], ["nose"], [], [], [], [], [], [], [], [], [], [], [], [], [], [], [], [], [], [], [], [], [], [], [], [], [], [], [], [], [], [], [], [], [], [], [], [], [], [], [], [], [], [], [], [], [], [], [], [], [], [], [], [], [], [], [], [], [], [], [], [], [], [], [], [], [], [], [], [], [], [], [], [], [], [], [], [], [], [], [], [], [], [], [], [], [], [], [], [], [], [], [], [], [], []], "/r/SimilarTo": [[], [], ["vlie"], [], [], [], [], [], [], ["vsleep"], [], ["hibernating biology ", "unawakened a ", "a hypnoid ", "hypnoid a ", "a unawakened ", "a drowsing ", "sleepyheaded a ", "a hibernating biology", "a at rest ", "slumberous a ", "a slumberous ", "drowsing a ", "at rest a ", "a sleepyheaded ", "a sound asleep ", "sound asleep a ", "asleeping"], [], [], ["a restricted ", "nonopening a ", "dra a ", "winking a ", "a compressed ", "a dra ", "squinched a ", "compressed a ", "a blocked ", "a squinched ", "a winking ", "blocked a ", "a stoppered ", "a nonopening ", "restricted a ", "union a ", "stoppered a ", "a shuttered ", "a union ", "shuttered a ", "shut", "ashut"], [], [], [], [], [], [], [], [], [], [], [], [], [], [], [], [], [], ["ezh"], [], [], [], [], ["a depressant ", "depressant a "], [], [], [], [], [], [], [], ["a serious ", "serious a "], [], [], [], [], [], [], [], [], [], [], [], [], [], [], [], [], [], [], [], [], ["vlive", "dwell", "vreside", "vdwell", "board"], [], [], [], [], [], [], [], [], [], ["a heraldryunerect ", "unerect a heraldry", "asleep"], [], [], [], [], [], [], [], [], [], [], [], [], [], [], [], [], [], [], ["a asleep ", "asleep a "], [], [], [], [], [], [], [], [], ["alert a ", "a alert "], [], [], []], "/r/MadeOf": [[], [], [], [], [], [], [], [], [], [], [], [], [], [], [], [], [], [], [], [], [], [], [], [], [], [], [], [], [], [], [], [], [], [], [], [], [], [], [], [], [], [], [], [], [], [], [], [], [], [], [], [], [], [], [], [], [], [], [], [], [], [], [], [], [], [], [], [], [], [], [], [], [], [], [], [], [], [], [], [], [], [], [], [], [], [], [], [], [], [], [], [], [], [], [], [], [], [], [], [], [], [], [], [], [], [], [], []], "/r/ReceivesAction": [["found in hotel", "found in hospital", "found in monestary"], [], [], [], [], [], [], [], ["caused by earth's rotatio"], [], [], [], [], ["located in head"], ["door", "restaurants", "emacs", "shopping mall", "window", "mines", "books on shelves", "on sundays in many countries shops", "opened"], [], [], [], [], [], [], [], [], [], [], [], [], [], [], [], [], [], [], [], [], [], [], [], [], [], [], [], [], [], [], [], [], [], [], [], [], [], [], [], [], [], [], [], [], [], [], [], [], [], [], [], [], [], [], [], [], [], [], [], [], [], ["done in periods of time"], [], [], [], [], [], [], [], [], [], [], [], [], [], [], [], [], [], [], [], [], [], [], [], [], [], [], [], [], [], [], []]}, "/r/UsedFor": {"/r/RelatedTo": [[], [], ["in", "suite", "horeca", "botel", "lobby", "apartotel", "multihotel", "capsule hotel", "minshuku", "breakfast bar", "bell captain", "hotelish", "full board", "bellboy", "check out", "balconing", "love hotel", "check out time", "hotels", "megahotel", "motel", "commissionaire", "hmh", "valet", "hotelman", "chai", "coffee room", "house dick", "roomkeeper", "baby listening", "bridal suite", "ladies lounge", "hotelwide", "fonda", "boniface", "hotellike", "accommodatio", "guest relation officer", "commercial room", "miscellaneous charge order", "palm court", "mansio", "slam clicker", "star", "hostelry", "town house", "boarder", "truck stop", "guesthouse", "ecohotel", "booking", "flophouse", "nonguest", "hostel", "double room", "pension house", "keyboy", "guest room", "where can i find hotel", "dining room", "hotelkeeping", "minibar", "twin room", "antihotel", "hotelier", "american breakfast", "aparthotel", "rack rate", "boatel", "icao spelling alphabet", "passkey", "house", "cabana boy", "floatel", "fonduk", "hall porter", "nonhotel", "chasseur", "condo hotel", "boots", "fast sheet", "residence", "bellhop", "guest", "hotelless", "teleseme", "inmate", "hotelwardr", "check in", "first class", "hotsheet", "checkout", "wake up call", "establishment", "maison de passe", "caravanserai", "house detective", "fleabag", "breakout", "hoteldom", "revpar", "resort fee", "concierge", "registration", "ski lodge", "resort", "sleeping", "world", "dubai", "rooms", "city", "tourist city", "tourist", "building", "sleeping place", "place", "cities", "resorts", "summer", "bar", "overnight", "staying overnight", "staying", "temporary", "temporary residence", "rent", "rent rooms", "guest rooms", "kennel", "affair", "but", "posher", "but posher", "dormitory", "rate", "evergree"], ["bed", "comforter", "duvets", "continental quilt", "tuck up", "quilt", "blanket", "eiderdo ", "bedcover", "inner", "cover"], ["house", "class", "space", "walls", "living", "cell", "hall", "door", "place", "bed", "floor", "four", "office", "four walls", "area", "part", "building", "in house", "table", "inside", "dining", "suite", "court", "house part", "toilet room", "little boys room", "little girls room", "waiting room", "divisio", "kitche", "house divisio", "houses", "basement", "bath", "sectio", "wall", "corner", "living space", "compartment", "house sectio", "box", "chamber", "house area", "house space", "house compartment", "closet", "auditorium", "buildings", "cube", "square", "walled", "sleeping", "beds", "cludgie", "milking parlour", "micro location", "classroom", "vestry", "clubroom", "checkout", "chapel of rest", "partition", "quarter bathroom", "balneary", "chartroom", "alcove", "lunchroom", "washitsu", "space heating", "apartotel", "sick bay", "bathroom", "freezer", "situation room", "torture chamber", "tearoom", "dining hall", "bookroom", "molly house", "jcr", "roomset", "roomful", "dining room", "mud room", "but", "home office", "coffeeroom", "dais", "accent wall", "slideout", "dormer", "bedsite", "roomsome", "echo chamber", "bedsit", "lodging", "roundhouse", "washroom", "taproom", "parlor", "lockdo ", "cleanroom", "kitchen", "roometh", "rompering", "walk in", "rooms", "wireroom", "ames room", "break room", "pantry", "laundry", "skyspace", "multiroomed", "changing room", "oda", "cleve", "multiroom", "chapel", "hotsheet", "fitting room", "plant room", "sitting room", "wikten 3space", "milking parlor", "interroom", "laboratory", "cubbyhole", "coatroom", "boardroom", "furniture", "parish room", "hikikomori", "ceiling", "dressing room", "lavvy", "laconicum", "wikten 3for", "gallery", "scriptorium", "musalla", "squad room", "lumen method", "cellwikten 1", "cloak room", "sudatorium", "potpourri", "rooming", "intercom", "family room", "cyclorama", "jail cell", "spear closet"], [], ["nest", "house", "place", "family", "living", "live", "dwelling", "where", "farm", "heart", "building", "abode", "residence", "range", "castle", "living place", "plate", "domicile", "family house", "address", "where live", "personal", "shelter", "homemade", "sweet", "earth", "roof", "heart is", "heave", "away", "locatio", "like", "base", "servant", "garde", "trailer", "cozy", "people", "rooms", "windows", "yard", "rent", "you live", "move", "where heart", "living i", "family dwelling", "comfort", "living space", "space", "family place", "neighborhood", "colony", "personal house", "property", "house yard", "cell", "there", "here", "housefly", "walk of shame", "foxer", "web page", "form", "raise", "dinner party", "housecare", "telecommute", "hume", "carcoon", "mailorder", "homepage", "power line", "pasalubong", "homeworking", "pension house", "housepride", "rat home", "rest", "mantuary", "displant", "videophilia", "rstowed", "white house", "rooftree", "media center", "hearthless", "asylum", "childhood", "four door house", "acountry", "oikophobia", "holiday home", "whoam", "homeful", "waithood", "rdeep", "homebound", "bach", "rclosely", "search warrant", "homes", "nkandlagate", "arizona room", "rparental home", "homesickness", "home plate", "backsplit", "dining room", "homeness", "homelesslyr", "goal", "homelike", "dinner table", "out ground", "fireside", "manor", "homescape", "domotics", "take in", "homestayer", "undomestication", "homely", "megahome", "apersonal", "iceberg basement", "home alongr", "home slice", "home page", "domestic", "forever home", "cottage industry", "rhome away from home", "chummery", "rhometo ", "frigg", "house search", "house call", "rhome and dry", "dream house", "reverse mortgage", "tholtan", "nostalgia", "rhoming", "rresidence", "road trip", "care", "cowboy shower", "gripe water", "chapel", "homeliness", "paladar", "homeworld", "homepreneur", "homewardsr", "cairnwood"], []], "/r/UsedFor": [["sleep", "have guests", "sleep o", "comfort", "sitting and reading", "sitting", "friends sleeping over", "guests", "using as sofa", "homes without much space", "using as bed", "sleeping", "place for guests to sleep", "convenience", "sitting and sleeping"], [], ["sleeping", "rest", "place to sleep", "sleep", "store people", "temporary home", "bed away from home", "stay overnight", "sleep and shower", "hold meeting", "lodging", "have sex", "stay night i", "hold seminar", "sleep while away from home", "staying away from home", "conferences", "sleep i"], ["sleep", "keep warm", "covering comforter", "sleeping"], ["store items", "sleep", "getting shelter", "decorating", "comfort", "going i", "hold meeting", "paint"], [], ["living", "living i", "people to live i", "cave", "housing family", "sleep", "place to keep possessions"], []], "/r/LocatedAt": [[], [], [], [], [], [], [], []], "/r/FormOf": [["sofabeds", "sofa bed"], [], ["hotels"], ["duvets"], ["rooms", "rooming"], [], ["homes"], []], "/r/IsA": [["sofa"], [], ["resort location artifact", " artifactbuilding artifact", "resort hotel artifact", "motor hotel artifact", "ritz artifact", "ski lodge artifact", "fleabag artifact", "hostel artifact", "place where sleep", "opencyccommercial lodging organizatioservice company", "bed and breakfastopencyccommercial lodging organizatio", "opencyccommercial lodging organizatiolodgingopencyclodging organizatio", "place to stop by", "opencychotel buildingbuilding", "find downto ", "hotel organizationopencyccommercial lodging organizatio", "opencychotel buildingmodern shelter construction"], ["highfalutin comforter", "rarely", "comforter", "sit o", "beddingopencycbed covering", "fancy comforter"], ["bathroom", "part of building", "poolroom artifact", "cloakroom artifact", "gymnasium", "bedroom artifact", "dining room", "gallery artifact", "back room artifact", "war room artifact", "seating artifact quantity", "television room artifact", "reading room artifact", "place", "kitchen artifact", "floor artifact", "rathole artifact", "belfry artifact", "furnace room artifact", "classroom artifact", "walk in artifact", " groupgathering group", "rotunda artifact", "recreation room artifact", "court law artifact", "shower room artifact", "sewing room artifact", "barroom artifact", "torture chamber artifact", "locker room", "living room artifact", "sickbay ship artifact", "part of house", "billiard room artifact", "cutting room artifact", "hall artifact", "surgery artifact", "smoking room artifact", "clean room artifact", "cell artifact", " quantityposition attribute", "headroom quantity", "anechoic chamber artifact", "presence chamber artifact", "squad room artifact", "vestry artifact", "dinette artifact", "standing room artifact quantity", "dining room artifact", "interior", "sun parlor artifact", "control room artifact", "conference room artifact", "anteroom artifact", "dressing room artifact", "manor hall artifact", "closet artifact", "durbar artifact", "boardroom artifact", "clubroom artifact", "door artifact", "breathing room quantity", "chamber artifact", "library artifact", "scriptorium artifact", "lounge artifact", "living space quantity", "test room artifact", "steam bath artifact", "checkroom artifact", "guardroom artifact", "den artifact", "bathroom artifact", "storeroom artifact", "engineering ship artifact", "shipping room business artifact", "sea room quantity", "darkroom artifact", "cardroom artifact", "bedroom", "reception room artifact", "greenroom artifact", "study artifact", "sickroom artifact", "locker room artifact", "scullery artifact", "ballroom artifact", " artifactarea artifact", "cubbyhole artifact", "toilet artifact", "houseroom quantity", "compartment artifact", " stateopportunity state", "workroom artifact", "hospital room artifact", "parking quantity", "ballroomopencycroom in constructio", "hospital roomopencycroom in constructio", "family room", "courtroom", "volume inside structure", "patient roomopencycroom in constructio", "operating roomopencycroom in constructio", "washroom", "studyopencycroom in constructio", "staffroom", "opencycroom in constructiofixed indoor space", "elevatoropencycroom in constructio", "bedroomopencycroom in constructio", "boiler roomopencycroom in constructio", "bank vaultopencycroom in constructio", "jail cellopencycroom in constructio", "basementopencycbasement roomopencycroom in constructio", "showroom", "foyer", "garageopencycroom in constructio", "dressing roomopencycroom in constructio", "classroomopencycroom in constructio", "dance studioopencycroom in constructio", "laundry roomopencycroom in constructio", "family roomopencycroom in constructio", "bathroomopencycroom in constructio", "newsroomopencycroom in constructio", "cath labopencycroom in constructio"], [], ["where heart", "place where one lives", "where live", " locatiobeginning locatio", "where people live", "where lives", "home away from location locatio", " artifactinstitution artifact", " locatiolocation", " locatioresidence locatio", " stateenvironment state", "monasteryopencycmonastery residence", "dormitory", "houseboat", "condominium", "shelter intended for humans", "farmhouse", "convent", "member of undergrounds homes", "abandoned home", "for creatures swamp", "house live", "physical contact location", "brownstone", "villa", "house where live", "hermitage"], []], "/r/PartOf": [[], [], ["hotel room artifact", "lobby"], [], ["building", "room light artifact", " artifactbuilding artifact", "ceiling artifact", "floor artifact", "floor", "wall artifact"], [], [], []], "/r/HasA": [[], [], ["lobby", "lobby on first floor"], [], ["walls", "walls and roof"], [], ["bedrooms", "women get married to"], []], "/r/CapableOf": [[], [], ["book room"], ["provide warmth"], ["colourful and tidy"], [], [], []], "/r/AtLocation": [["one room apartment", "spare room", "dinning roam", "persons house", "house", "livingroom", "sitting room", "living room"], [], ["las vegas", "place to stay", "bar service", "towels", "concierge", "minibar", "restaurant", "front desk", "elevator", "bible", "reception desk", "bathroom", "bellhop", "huma", "reception area", "maid", "telephone", "restaurant dining area", "bathroom drawer", "check in desk", "suite", "little soaps", "doorma", "sex", "telephone book", "sofa bed", "night table", "to ", "cen", "passageway", "pe", "books", "bar of soap", "city", "hospitality", "carpet", "bell hop", "terrace railing", "gift shop", "beverage service", "reservation desk", "resort", "hairdryer", "guests", "hookers", "bidet", "litle soaps", "balcony", "laundry room", "humans", "prostitute", "buffet", "maid service", "mouthwash", "sheets", "disco", "phone book", "entryway", "lodgings", "miniature soaps and shampoos", "high prices", "shower curtai", "serving cart", "vacant rooms", "second floor", "passage", "bed sheet", "piccolo", "cleaning lady", "linen chest", "clerk", "stairs", "hair salo", "cocktail cabinet", "towel", "telephone room", "large overpriced room", "checkin desk", "closet", "kitche", "ground floor", "room service", "porter", "hide bed sofa", "serving trolley", "touristic area", "desk clerk", "room key", "little bars of soap", "shower stall", "separate shower", "toilet"], ["bedroom", "living room", "bed"], ["carpeting", "furniture", "bed", "school", "on off switch", "chair", "closet", "use", "wall", "table", "door", "carpet", "friend's house", "doorway", "motel", "beanbag", "floor", "fa", "side chair", "light fixture", "candle", "saxophone", "wardrobe", "satchel", "electrical outlet", "sideboard", "light switch", "vent", "tile", "people", "folding chair", "doorknob", "calendar book", "acoustic ceiling", "chess board", "beanbag chair", "one person chair", "baggage", "pillow", "kitte", "electricity"], [], ["ferret", "cat", "huma", "small dog", "city", "brother", "comfort", "linen closet", "food", "poet", "tabby cat", "fireplace", "dining room", "tax paperwork", "homeschool", "mini bar", "ove", "pantry", "foyer", "puppy", "dresser", "neighborhood", "living room", "sofa", "refrigerator", "pornography", "computer user", "mum", "ceiling fans", "refrigerator freezer", "furnace", "alarm clock", "board game", "cold faucet", "vessel", "slippers", "attic", "security", "clothes closet", "dining room table", "loving heart", "salad shaker", "elderly people", "heat source", "spouse", "light bulbs", "sofa hide bed", "party", "personal possessions", "linux", "pie", "personal records", "person lives there", "photgraphs", "residence", "homeliness", "sink", "safety", "livingroom", "glasses", "photographs", "city or to ", "electric fa", "shoes", "lots of love", "appliance", "folding door", "family pictures", "hat", "air conditioner", "mouse", "hidden drugs", "old lady", "easy chair", "yourself", "website"], []], "/r/HasProperty": [[], [], [], ["similar to comforter"], ["upstairs from garage", "dark"], [], ["comfy"], []], "/r/CreatedBy": [[], [], [], [], ["building walls"], [], [], []], "/r/Synonym": [[], [], ["pension", ""], ["doona", " artifacteiderdo artifact", "comforter", "continental quilt", "quilt"], ["elbow room quantity", "way quantity", "v stativeboard stative", "lodging", "space", "chamber"], [], ["place location locatio", " artifactdwelling artifact", " locatiobase locatio", " groupfamily group", "rest home artifact", "nursing home artifact", " baseballhome plate baseball", "a interior ", "tenement", "home base", "civilization"], []], "/r/LocatedNear": [[], [], [], [], [], [], [], []], "/r/SimilarTo": [[], [], [], [], [], [], ["abode", "dwelling"], []], "/r/MadeOf": [[], [], [], ["cotto"], ["four walls"], [], [], []], "/r/ReceivesAction": [[], [], [], ["used on bed"], [], [], [], []]}, "/r/LocatedAt": {}, "/r/FormOf": {"/r/RelatedTo": [["vsleep", "sleep"]], "/r/UsedFor": [[]], "/r/LocatedAt": [[]], "/r/FormOf": [["sleep", "vsleep"]], "/r/IsA": [[]], "/r/PartOf": [[]], "/r/HasA": [[]], "/r/CapableOf": [[]], "/r/AtLocation": [[]], "/r/HasProperty": [[]], "/r/CreatedBy": [[]], "/r/Synonym": [[]], "/r/LocatedNear": [[]], "/r/SimilarTo": [[]], "/r/MadeOf": [[]], "/r/ReceivesAction": [[]]}, "/r/IsA": {"/r/RelatedTo": [[], [], [], [], [], [], [], [], []], "/r/UsedFor": [[], [], [], [], [], [], [], [], []], "/r/LocatedAt": [[], [], [], [], [], [], [], [], []], "/r/FormOf": [[], [], [], [], [], [], [], [], []], "/r/IsA": [[], [], [], [], [], [], [], [], []], "/r/PartOf": [[], [], [], [], [], [], [], [], []], "/r/HasA": [[], [], [], [], [], [], [], [], []], "/r/CapableOf": [[], [], [], [], [], [], [], [], []], "/r/AtLocation": [[], [], [], [], [], [], [], [], []], "/r/HasProperty": [[], [], [], [], [], [], [], [], []], "/r/CreatedBy": [[], [], [], [], [], [], [], [], []], "/r/Synonym": [[], [], [], [], [], [], [], [], []], "/r/LocatedNear": [[], [], [], [], [], [], [], [], []], "/r/SimilarTo": [[], [], [], [], [], [], [], [], []], "/r/MadeOf": [[], [], [], [], [], [], [], [], []], "/r/ReceivesAction": [[], [], [], [], [], [], [], [], []]}, "/r/PartOf": {"/r/RelatedTo": [["living", "plant", "existence", "tao", "blood", "age", "cell", "bread", "alive", "kill", "water", "immortality", "fish", "vital", "shari", "quickener", "postpsychiatry", "microevolution", "parade passed someone by", "stadium", "idiorrhythmic", "biopolitics", "animate", "home study", "lifeform", "palaeontography", "abiosphere", "microflora", "anaerobiosis", "aerobiosis", "macroevolution", "try", "biotics", "life bearing", "entropic doom", "bioessential", "jataka", "soulwikten 1", "god", "quickening", "antilife", "human rights", "unlife", "fool saint", "chronosystem", "life giving", "intravital", "biopoesis", "past life", "policyholder", "way", "curtainfic", "be", "teslascope", "nature", "animalization", "pick up pieces", "draw", "lifemanship", "end of world", "bathysphere", "heroinware", "lifestream", "nanobreak", "manic pixie dream girl", "charmed life", "molesworthian", "lifeless", "self reflect", "vitals", "opportunity", "vicissitude", "lifelong", "birth", "blight", "transstadiallyr", "backstory", "nomogeny", "nephesh", "planned obsolescence", "autobiography", "forelife", "cyberlife", "wheel of life", "lifepath", "bloomsome", "lives", "vivificative", "photobiotic", "dao", "halobios", "family history", "lifelog", "life threatening", "object", "crisis", "grey goo", "cosmozoa", "biophilic", "world weary", "life story", "lifemate", "milestone", "terraforming", "archaean", "eukaryogenesis", "extravital", "due process", "diplobios", "premortal", "misliver", "lebenswelt", "counterlife", "protocell", "prebiotic organic synthesis", "force", "lechayim", "intervital", "superhabitable", "septic shock", "vivification", "weltansicht", "lifeblood", "panacea", "life assured", "biosis", "lifewardr", "vitality", "sonder", "panspermia", "prebiotic", "rna world", "organonomy", "relevant"]], "/r/UsedFor": [["living", "brook", "soul", "proposing to woma", "su"]], "/r/LocatedAt": [[]], "/r/FormOf": [["alife", "lives"]], "/r/IsA": [["water", " motivemotivation", " persoperson", "aerobiosis phenomenon phenomeno", " cognitioexperience cognitio", "ghetto state", "days time", "wildlife group ", " phenomenoorganic phenomenon biology", "biology phenomenon phenomeno", " statebeing state", " timetime period time", " living thing", "afterlife time", "complex highway", "bore", "life of vertebrateopencycliving", "opencyclivingorganic event", "dependant on su", "monarch livingopencycliving", "gift", "fine art", "another way of saying living things"]], "/r/PartOf": [["death", "time of life", "pai", "death time", "past time", "birth time", "age time", "sorrow", "sleep", "crying"]], "/r/HasA": [["no purpose", "bottom of ocea"]], "/r/CapableOf": [["matter less than honor to fools", "spring forth"]], "/r/AtLocation": [["earth", "surface of earth", "meaning"]], "/r/HasProperty": [["finite", "good", "hard", "complex", "unfair", "everywhere"]], "/r/CreatedBy": [[]], "/r/Synonym": [[" attributeliveliness attribute", " timelife sentence time", "lifetime time", "lifespan time", " stateanimation state", " communicatiobiography communicatio", "living cognition cognitio", "life time"]], "/r/LocatedNear": [[]], "/r/SimilarTo": [[]], "/r/MadeOf": [[]], "/r/ReceivesAction": [["ending now"]]}, "/r/HasA": {}, "/r/CapableOf": {"/r/RelatedTo": [["feline", "animal", "pet", "kitte", "dog", "meow", "house", "kitty", "cats", "mexican hairless", "flea", "leopard", "nine lives", "feline animal", "domestic", "house pet", "tabby", "furry", "mammal", "tiger", "feline pet", "feral cat", "felinoid", "schr\u00f6dinger's cat", "litter tray", "black footed cat", "vwikten 1vomit", "fuff", "cymric", "make biscuits", "bluepoint", "maltese cat", "mog", "mitsugashiwalactone", "jaguar", "floof", "purr", "cat lady", "wildcat", "onikulactone", "mountain lion", "javanese", "whisker", "kitten", "mri", "miaow", "calico", "clutter", "wikten 9caterpillar drive", "cathood", "quoll", "tonk", "nyao", "nekomimi", "werecat", "furkid", "manx", "noncat", "colourpoint", "felicide", "persian cat", "house cat", "catspeak", "pampas cat", "vwikten 1hoist", "panleukopenia", "mouser", "grimalkin", "british blue", "make muffins", "domestic cat", "cat box", "taghairm", "hemobartonellosis", "litter box", "spanish tickler", "zoomies", "vwikten 3dump", "margay", "cheshire cat", "wikten 9machine", "chinese mountain cat", "bastet", "dasyure", "tomcat", "computed axial tomography", "hemangiosarcoma", "persia", "clowder", "bicolour", "cefovecin", "feliform", "catness", "catskin", "high rise syndrome", "watchcat", "russian", "abyssinian", "catlover", "russian blue", "catmill", "catslaughter", "kitty witty", "catlore", "catmeat", "cataholic", "serval", "catwiser", "iriomote cat", "catless", "van pattern", "cheetah", "kitteh", "sand cat", "felid", "andean cat", "torbie", "manul", "vwikten 1anchor", "catlike", "cabbit", "cattish", "quokka", "c@", "pulegone"], [], []], "/r/UsedFor": [["catch mice", "companionship", "pet", "keep mice away", "being household pet", "small dictator", "find comfort", "dust ceiling", "keep feet warm", "delight child", "bringing home fish"], [], []], "/r/LocatedAt": [[], [], []], "/r/FormOf": [["cats", "catting"], [], []], "/r/IsA": [["kitte", "persia", "wildcat animal", " persogossip perso", "tabby cat", " animalfeline animal", "domestic cat animal", " persowoman perso", "lynx", "maine coo", "pussy", "wildcat", "small mammal", "dangerous too", "she cat", "acronym for computerized axial tomography", "leopard", "bad luck sig", "cougar", "charming manipulative pet", "nou", "sylvester", "persian cat", "animal", "talisma", "pickles", "much loved pet", "male cat", "natural hunter"], [], []], "/r/PartOf": [["tail"], [], []], "/r/HasA": [["four legs", "sharp claws", "hair", "litter of kittens", "sharp teeth", "claws"], [], []], "/r/CapableOf": [["hunt mice", "drink water", "catch mouse", "climb up tree", "corner mouse", "look at king", "kill birds", "mother kittens", "scratch", "sleep", "wash paws", "cleaning itself", "scratch furniture", "catch bird", "drink milk", "meow", "see in dark", "sleep most of day", "eye mouse", "eat cat food", "sun itself", "hide under bed", "kill bird", "sleep all day", "fight dog", "watch mouse", "wash itself with tongue", "wash itself", "sleep on windowsill", "miaow", "eat bird", "kill mouse", "sleep most of time", "sun on porch", "see at night", "touch leg", "live many years", "rest all day", "wait for rat", "walk on top of car", "jump very well", "hunt for mice in yard", "very good companio", "lift mouse", "vomit", "nail ma", "scratch if annoy", "get wet", "stay inside house", "live long life", "kill snake", "walk on fence", "produce kittens", "case mouse", "catch rat", "enjoy to take nap", "play with ball", "mother kits", "lie on mat", "trip old lady", "kill guinea pig", "view king", "ruling household", "sit in window", "enjoy yogurt", "mew", "corner rat", "chase tail", "clean face", "get mouse", "look bird", "laugh at king", "dream", "land on all four paws", "jump much higher than height", "sun themselves in window", "chase mice", "clean themselves", "act finicky", "hunt lizards", "eat mice", "see king", "hunt for mice", "vomit up dinner", "pet", "sleep long time", "cast shadow", "equal feline"], [], []], "/r/AtLocation": [["lap", "bed", "windowsill", "table", "chair", "vet", "fleas", "floor", "bar", "way", "bag", "backyard", "home", "rug", "back yard", "zoo", "roof", "cat box", "closet", "alley", "house", "it's basket", "sofa", "nature", "warm place", "apartment", "heat", "beam of sunlight", "outside", "appartments", "alleyway", "cat litter tray", "mouse", "dog's mouth", "rooftop", "comfortable chair", "ground", "chinese resturant", "lower brances of tree", "houseplant", "attic", "laundry basket", "kid's picture book", "art", "sitting on chair", "spinster's house", "fight", "lava pit", "rome", "hat comes back", "paper bag", "cat's basket", "sister in law's house", "dumpsters", "catlover's home", "desk", "toaster", "box", "to ", "africa", "front door", "clean laundry", "charge", "field", "sunbeam", "bedroom", "residence", "su", "appartment", "favourite armchair", "warm bed", "stir fried chicke", "car", "arms", "hiding", "dmoz", "cream", "petshop", "animal shops", "dogs mouth", "cat lover's lap", "roman colliseum", "trouble", "best chair by fire", "cage", "shelf", "istanbul streets", "human's lap", "streets", "woman's apartment", "laundry", "kitty litter bi", "window sill", "back alley", "persons house", "cattery", "cartoo", "veterinarian's office", "microwave", "animal rescue shelter", "couch", "company of humans", "show", "jungle", "dirt", "grass", "hose", "flat", "front of fireplace sleeping", "old lady's house", "ranch", "cat canno", "petstore", "nasty mood", "own home", "residential area", "canada", "fur"], [], []], "/r/HasProperty": [["feline", "hungry", "mammal", "thirsty", "running after mouse", "cen"], [], []], "/r/CreatedBy": [[], [], []], "/r/Synonym": [[" animalbig cat animal", " persoguy perso", " actcomputerized tomography act", "v bodyvomit body", "true cat animal", " artifactkat artifact", " artifactcat o nine tails artifact", "whip", "pussy cat", "ct", "wikten 1pantherine cat", "computed axial tomography"], [], []], "/r/LocatedNear": [[], [], []], "/r/SimilarTo": [[], [], []], "/r/MadeOf": [[], [], []], "/r/ReceivesAction": [["transported in box", "attracted to parakeets", "kept in cage"], [], []]}, "/r/AtLocation": {}, "/r/HasProperty": {"/r/RelatedTo": [[]], "/r/UsedFor": [[]], "/r/LocatedAt": [[]], "/r/FormOf": [[]], "/r/IsA": [[]], "/r/PartOf": [[]], "/r/HasA": [[]], "/r/CapableOf": [[]], "/r/AtLocation": [[]], "/r/HasProperty": [[]], "/r/CreatedBy": [[]], "/r/Synonym": [[]], "/r/LocatedNear": [[]], "/r/SimilarTo": [[]], "/r/MadeOf": [[]], "/r/ReceivesAction": [[]]}, "/r/CreatedBy": {}, "/r/Synonym": {"/r/RelatedTo": [[], [], [], [], [], [], [], [], []], "/r/UsedFor": [[], [], [], [], [], [], [], [], []], "/r/LocatedAt": [[], [], [], [], [], [], [], [], []], "/r/FormOf": [[], [], [], [], [], [], [], [], []], "/r/IsA": [[], [], [], [], [], [], [], [], []], "/r/PartOf": [[], [], [], [], [], [], [], [], []], "/r/HasA": [[], [], [], [], [], [], [], [], []], "/r/CapableOf": [[], [], [], [], [], [], [], [], []], "/r/AtLocation": [[], [], [], [], [], [], [], [], []], "/r/HasProperty": [[], [], [], [], [], [], [], [], []], "/r/CreatedBy": [[], [], [], [], [], [], [], [], []], "/r/Synonym": [[], [], [], [], [], [], [], [], []], "/r/LocatedNear": [[], [], [], [], [], [], [], [], []], "/r/SimilarTo": [[], [], [], [], [], [], [], [], []], "/r/MadeOf": [[], [], [], [], [], [], [], [], []], "/r/ReceivesAction": [[], [], [], [], [], [], [], [], []]}, "/r/LocatedNear": {}, "/r/SimilarTo": {}, "/r/MadeOf": {}, "/r/ReceivesAction": {}}}, "":{}}