{"spoon": {"N1": {"/r/RelatedTo": ["ladle", "plate", "fork", "silverware", "level spoon", "cochleare", "spoons", "wikten 1concave", "spork", "runcible spoon", "supwikten 1", "spooneth", "big spoon", "listric", "vwikten 1reminiscent", "dessertspoon", "spoonless", "soupspoon", "spoonest", "wooden spoon", "spooned", "vwikten 1serve", "spoonbread", "spoonable", "gob stick", "cutty", "cochleariform", "love spoon", "spoonful", "wikten 1hand grenade", "cutlery", "eating irons", "sugar spoon", "spoonwiser", "silver service", "cochlearium", "wikten 1lure", "spoon bowl", "spoodle", "spoonlike", "spoon feed", "splade", "saltspoon", "slotted spoon", "choke pear", "apostle spoon", "spoon meat", "absinthe spoon", "caviar spoon", "curette", "spooning", "little spoon", "do dishes", "eating", "utensil", "handle", "silver", "soup", "eating utensil", "spatula", "tablespoo", "round", "metal", "eating soup", "soups", "for soups", "steel", "oar", "sugar"], "/r/UsedFor": ["eating", "eating ice cream", "scooping food", "eating cereal", "stirring coffee", "flinging", "stir soup", "drinking", "taking cough syrup", "people to eat cereal with", "eating applesauce", "serving soup", "eating liquids", "stirring tea", "eat soup", "eating cold ceral", "consuming liquid", "stir food", "eat ice cream", "measuring ingredients", "eat with", "mixing ingredients", "eating food isn't very solid", "mixing soup", "dish to run away with", "eat cereal with", "eating food off plate", "stir coffee", "scoop ice cream", "eat yogurt", "hang on nose", "transporting liquid short distances", "people to eat soup with", "drinking soup", "liquid foods", "cooling liquid by stirring", "eat"]}, "N2": {"/r/RelatedTo": {"/r/RelatedTo": [["spoo", "big dipper", "vserve", "shank", "ladles", "kerokan", "handle", "canno", "charge", "metal", "sullage", "ladleful", "ladling", "float", "piggin", "soupspoo", "foundry", "little dipper", "ladled", "spoodle", "instrument", "container", "dipper", "ladler", "noggin", "ring", "shot", "mill", "kyathos", "molte", "wheel", "beladle", "kovsh", "ladle board"], ["dish", "food", "eating", "round", "dinner", "flat", "bowl", "china", "saucer", "eat", "circle", "table", "crockery", "utensil", "dinnerware", "serving", "surface", "ceramic", "off", "disc", "holder", "disk", "dining", "kitche", "circular", "flat dish", "ware", "baseball", "round dish", "eating dish", "food holder", "item", "home", "eate", "frisbee", "setting", "fork", "food o", "tableware", "flat bowl", "container", "record", "baseball home", "eating surface", "on table", "eat off", "dinner dish", "eat o", "dishware", "round flat", "eating off", "holds", "for food", "dinner ware", "object", "place", "for eating", "flat round", "big", "large", "serving dish", "like", "server", "eating o", "glass", "eating utensil", "large saucer", "holds food", "eat from", "white", "flatware", "tables", "food dish", "porcelai", "base", "spoo", "under", "eaten off", "table setting", "shape", "holding", "holding food", "serving food", "round china", "knife", "big saucer", "dinner holder", "under food", "cupboard", "vessel", "eating from", "food container", "photomechanical", "ichthyodorulite", "ballet", "slipper", "endstone", "malleation", "glyphograph", "wrist plate", "tubeplate", "fretboard", "rebiting", "niepce's process", "through hole technology", "parapterum", "felt grain", "desensitizer", "lady", "interepimeral", "haptophyte", "wikten 1winner", "floorplate", "pygal", "chromium plate", "magnetomotor", "copperplate", "platemark", "wikten 1brisket", "twiffler", "crusta", "shako", "pinecone fish", "electrotype", "wikten 1nap", "billboard", "epiphysiodesis", "frogwikten 1", "drypoint", "sclerodermic", "gousset", "platten", "deadline", "jesserant", "side plate", "epijugal", "underplate", "syntergosternite", "subductive", "wikten 1vinyl", "photoetching", "genouill\u00e8re", "epaulette", "photographometer", "knocker", "wikten 1horseshoe", "electrotypist", "slate", "rebite", "chrome", "lithotype", "epiplastron", "tea service", "partyware", "tegulated", "lockplate", "plate paper", "lithotypy", "armour plating", "ventrite", "shearer", "landwikten 1", "do dishes", "ortho", "tripestone", "wikten 1transfer", "clypeate", "tassel", "bitter plate", "gula", "tintinnabulum", "carbon", "ferrotype", "electrotypy", "sap shield", "hypandrium", "miniplate", "wallplate", "tide dial", "diamond plate", "aluminography", "wikten 1horizontal", "codpiece", "sternite", "bitter electromagnet", "platebound", "dipper", "tondino", "dark slide", "slice", "brushback", "pterygomaxillary", "ectypography", "toeplate", "photoelectrotype", "thin layer chromatography", "nasal", "metasternum", "brachyonychia", "platewise", "placard", "muffin", "dynatron", "silver bath", "albertype", "blanket", "blade", "rocker", "moton", "tectonics", "cancellus", "china plate", "wikten 1anode", "dorsal", "pterygoid", "mesoscutum", "duotype", "urostege", "b battery", "dam plate", "ollier disease", "implate", "split finger fastball", "platemaking", "futtock plate", "katepisternum", "blue plate special", "carbon nanofiber", "doubler", "lorication", "capsquare", "trilaminar", "plateable", "melanonychia", "tie plate", "set table", "nickel", "baleen", "offset", "cerography", "salad plate", "tuille", "plaquet", "unplated", "stave", "salter harris fracture", "sundial", "heating surface", "metapleuron", "form", "multiwell", "flexography", "water plate", "straightener", "interplate", "platelike", "back door", "metallotherapy", "wikten 1racehorse", "swashplate", "nameplate", "slide", "pronotum", "heliotypy"], ["plate", "trident", "spoo", "vduplicate", "free software", "salad fork", "separate", "crotch", "multifircating", "trifurcate", "knife", "solid", "runcible spoon", "silver service", "development", "forks", "forker", "forkful", "tuning fork", "forkable", "forked", "bifurcate", "furcation", "do dishes", "forkmaker", "two", "knork", "gear shift", "intersectio", "vkick", "waterway", "swallowtailed", "three forked", "sea thongs", "attack", "frameset", "utensil", "open source", "steer", "forking", "road", "vblade", "forklift", "execute", "furcate", "eelspear", "splade", "dipygus", "denture", "dungfork", "candlestick telephone", "fish fork", "program", "food", "swallowtail", "mainline", "tool", "spork", "spike", "path", "one", "adversary", "headset", "multifork", "prefork", "fork f", "process", "crotched", "furcular", "tributary", "bifurcation", "vsplit", "simultaneous", "dig", "vspa ", "multiforked", "unforking", "pitchfork", "head tube", "wfk", "project", "multifurcate", "fourch\u00e9", "eating irons", "steerer tube", "hacker", "cutlery", "furciform", "forkless", "chip fork", "software", "mouth", "split", "bicycle", "vcor", "trichotomous", "fork over", "prong", "forklike", "branch", "rake", "eating", "tablespoo", "tines", "eating utensil", "napki", "table utensil", "table", "spoon mate", "mate", "has", "has tines", "farmer", "teeth"], ["spoo", "silverwork", "nickel silver", "trophy", "plate powder", "hammering", "dish towel", "canteen", "feastware", "silver", "serving pantry", "competitio", "tablespoo", "silvery", "plate", "napki", "table", "knife"], [], ["spoo", "spoonful"], ["cutlery", "vspoo", "chai", "musical instrument", "spoonist", "spoo", "card game", "pub", "castanets", "plate", "soup"], [], ["fork", "utensil", "knork", "splade", "implement", "spoo", "foon", "tine", "foo", "runcible spoo", "knife", "sporks", "sporklike", "serrated"], [], [], ["vspoo"], [], ["aspoo"], [], ["tablespoo", "soupspoo", "spoo", "dessertspoons", "soup spoon", "dessert", "dessertspoonful", "eating", "millilitre", "teaspoo", "cutlery"], ["aspoo"], ["teaspoo", "spoo", "ladle", "cutlery", "soupspoonful", "tablespoo", "eat", "lovespoo", "soup", "dessertspoo", "soupspoons", "bowl"], ["vspoo"], [], ["vspoo"], [], ["bread", "awendaw", "cor", "spoo", "eggs"], ["aspoo"], [], ["woma", "ashortened", "asmall", "wanto", "cutty grass", "unchaste", "tobacco pipe", "dumpy", "ashort", "spoo", "girl", "acurtailed"], ["aspoo"], [], ["spoo", "teaspoonful", "choo train", "level", "cochleare", "sugar tit", "heaped", "level spoon", "amount", "knob", "forkful", "spoonsful", "spoonfuls"], [], ["tablespoo", "utensil", "boodle fight", "knife", "business", "place setting", "cutleries", "fighting irons", "eating", "tableware", "spoo", "dish", "flatware", "silver", "napkin ring", "do dishes", "spoons", "cutler", "fork", "sunbeam", "serving", "albata", "dessertspoon", "spoonbending", "eating irons", "soupspoo", "flat silver", "bristol brick", "plate", "steel"], [], [], [], [], ["ancient rome", "spoo", "taper", "handle"], [], [], ["base", "sauce", "ladle", "utensil", "spoo", "pizza"], ["aspoo"], [], ["knife", "spork", "knork", "splades", "spoo", "runcible spoo", "fork", "foo"], ["spoo", "saltspoonful", "salt", "teaspoo"], [], [], [], [], [], [], ["surgical", "instrument", "diseased", "spoon excavator", "vscrape", "excavator", "curetter", "cleaning", "curettes", "spoo", "surface", "curettage", "curettement"], ["vspoo"], [], [], ["plate", "table", "chicke", "mouth", "squirrel", "taste", "cake", "drink", "napki", "restaurant", "soup", "feed", "cooking", "convivial", "indigestion", "xerophagia", "eating apple", "on full stomach", "wait", "manducation", "gerontophagy", "oral gratification", "pedophagy", "crockery", "carcoon", "xylophagy", "foliophagy", "dessert grape", "dessertspoon", "dermatophagy", "food", "cutlery", "corroding", "grocerant", "brain freeze", "phagia", "muzzle", "fall to", "coprophagy", "gastrosophy", "consuming", "gluttonous", "frugivorous", "aeate", "eating habit", "eaten", "snarfle", "orthorexic", "substance", "man eater", "red backed shrike", "zoophagia", "silver", "ophiophagy", "cuisine", "ingest", "veat", "bradyphagia", "carnivorous", "al deskor", "piscivorous", "rhizophagy", "saprophagy", "at table", "mycophile", "phago", "tachyphagia", "corallivory", "necrophagia", "sitomania", "rumination", "acooked", "necrophagy", "meq", "durophagy", "pedophagic", "some", "vegivore", "uneatable", "act", "spoo", "bread", "chew", "graze", "glutto", "diner", "bib", "rice", "cor", "bowl", "rabbit", "fish", "bite", "apple", "fork", "meat", "diet", "crop", "egg", "sheep", "meal", "utensil", "dinner", "tablespoo", "duck", "cook", "hand", "pie", "manners", "oatmeal", "quail", "cookie", "swallow", "morning", "roll", "stew", "mutto", "knife", "macaroni", "room", "yolk", "cat", "beef", "berry", "fullness", "birthday", "chick", "seed", "brownie", "bear", "orange", "lobster", "pea", "throat", "cereal", "brisket", "peach", "chow", "chop", "cauliflower", "rest", "order", "mole", "peck", "chocolate", "bit"], ["plate", "spatula", "roaster", "spider skimmer", "mandoline", "trifle", "cutlery", "kitchen", "roller docker", "chip fork", "silver", "ovenware", "utensiled", "colander", "device", "instrument", "funnel", "spife", "wash up", "mincer", "potato masher", "fork", "dropper", "eggwhisk", "boat", "engine", "spoodle", "kitche", "trifler", "smallware", "stencil", "sprinkle", "corer", "potholder", "wedger", "canteen", "mess kit", "spork", "cooker", "swizzle stick", "eggbeater", "batterie de cuisine", "set table", "cooking utensil", "tinker", "thumbstall", "pizza paddle", "pick at", "unitasker", "beverageware", "fish slice", "bailer", "ricer", "wipe up", "dipper well", "dishwater", "knife", "utensils", "drizzler", "platescape", "rolling pin", "draining board", "domestic", "champagne whisk", "back scrubber", "salt pig", "spoo", "bowl", "chalk", "fork spoo", "glass", "napki", "eating", "mixer", "soap", "pe", "rake", "knife fork", "implement", "brush", "fork knife", "scissors", "for eating", "stick", "bed", "pa", "paper", "tablespoo"], ["door", "knob", "grip", "hold", "case", "doors", "holding", "opening", "bat", "bucket", "double team", "handled", "kotyliskos", "centrepin", "unwieldy", "kettlebell", "mop", "trolley jack", "mustaiba", "sadiron", "fromward", "firmer", "manubrial", "skeetwikten 1", "squeegee", "workload", "lydion", "landing net", "carrycot", "bottom hand", "awkward", "handgrip", "toat", "pail", "stockwikten 1", "ballstock", "pocketknife", "corner", "iron", "wolf hook", "nib", "stockwhip", "dustpan", "gargoulette", "staghorn", "praefericulum", "handleth", "ansate", "get one's arms around", "stretcher", "handleless", "beaker", "hand net", "ewer", "popcorn popper", "earwikten 1", "increment borer", "jacob's ladder", "pickaxe", "thumbpiece", "first chance exception", "doorhanger", "drawknife", "warming pan", "ladle", "hilt", "pommel", "mophandle", "dibber", "overhandle", "hammer", "lay glove on", "handbasket", "pilot wheel", "bailwikten 3", "manubrium", "tractator", "balti", "wield", "twistgrip", "quannet", "drizzler", "folding knife", "gearknob", "take care of", "deadlatch", "squeegee mop", "subcomb", "axhandle", "unhandleable", "jug", "bayonet", "starting handle", "one can't hold two watermelons in hand", "demijohn", "utility knife", "pull", "cup", "unhandled", "tough cookie", "endscraper", "handles", "woolder", "teacup", "tenaculum", "tooth", "camel driver", "lurryman", "noisemaker", "tankard", "shaft", "haftwikten 1", "brace", "back scrubber", "pogamoggan", "out of one's depth", "coehorn", "knaggie", "two hand sword", "dip pen", "lakaina", "smack around", "manipulate", "behandle", "wikten 1give handle", "lorgnette", "corncutter", "in turn", "dyno torch", "boul", "handling", "parting cup", "sticky fingered", "frying pan", "lug", "stilt"], ["metal", "gold", "shiny", "precious", "precious metal", "color", "grey", "gray", "jewelry", "polish", "argentine", "louis", "white", "second", "shiny metal", "ti", "bullet", "steel", "like", "like gold", "britannia silver", "paraschachnerite", "silvern", "luanheite", "pi\u00f1a", "gold solder", "anode slime", "criddleite", "iltisite", "nonsilver", "desilver", "abbasi", "telargpalite", "luna", "tea tray", "hepatizon", "argentic", "argentate", "pellouxite", "putzite", "epergne", "salad bowl", "tael", "argyrol", "silvered", "fettelite", "rix dollar", "filigree", "zamboni pile", "argentopyrite", "antimonpearceite", "platemark", "stephanite", "tea service", "silverite", "silver dollar", "silvers", "baumstarkite", "metallic", "atomic weight", "argentous", "dervillite", "lue", "imbrocado", "piece of eight", "trisilver", "schapbachite", "parkes process", "denarius", "sterryite", "cutlery", "quinarius", "sweepwasher", "ducaton", "freibergite", "silverlyr", "coronato", "argento", "obolus", "bullion", "clearing agent", "iodyrite", "bimetallic", "phoenix", "chrisstanleyite", "marrite", "danielsite", "schlemaite", "maki e", "toyohaite", "gold point", "argenteous", "argentify", "sopcheite", "obol", "argentry", "tetrahedrite", "cupropavonite", "silverware", "lirazza", "ralphcannonite", "empressite", "uytenbogaardtite", "balkanite", "lenaite", "tola", "argentina", "aurorite", "larosite", "zoubekite", "mazer bowl", "rixdaler", "tsnigriite", "vsilvery", "realgar", "agray", "crockard", "argentific", "photographic paper", "parting", "argent", "argental", "quatrandorite", "lengenbachite", "antisilver", "gabrielite", "silversmith", "mckinstryite", "pyrargyrite", "acolor", "alfenide", "iron", "bohdanowiczite", "smithite", "argyr", "selenostephanite", "zari", "piastre", "desilverize", "awhite", "cuboargyrite", "electragol", "sestertius", "azogue", "argentated", "weishanite", "lydian stone", "cerargyrite", "volynskite", "pollard", "cupromakovickyite", "\u00e9cu", "argentophil", "silverwork", "st\u00fctzite", "disilver", "heptasilver", "dewar vessel", "imiterite", "lustrous", "proustite", "monteith", "silverlike", "andorite", "polyargyrite", "argyrism", "daniq", "pavonite", "owyheeite", "stromeyerite", "dyscrasite", "siglos", "miargyrite", "muthmannite", "quicksilver", "cyanide process", "wallisite", "green gold", "white copper", "pome", "henryite", "silver glance", "crookesite", "silverling", "paolo", "rosary", "tintinaite", "argentaffin", "zehner", "zwanziger", "argentamine", "litra", "alpha paper", "eugenite", "paco", "novakite", "furutobeite", "bimetallism", "antoninianus", "argentia", "dirhem", "awedding", "radiosilver", "coi", "sycee", "roshchinite", "hacksilver", "xanthoconite", "rathite", "philosopher's stone", "tetartemorion", "dactylomancy", "niello", "prevost reaction", "makovickyite", "stetefeldtite", "electrosilver", "kincob", "patio process", "silver plate", "eucairite", "batzen", "parfilage", "argentite", "electrum", "enfaced paper", "sylvanite", "miersite", "argyrophilic", "pearceite", "tetradrachm", "ourayite", "rayite", "treasurite", "penny sterling", "billingsleyite", "yamboo", "silverer", "moschellandsbergite", "silver", "besilver", "actol", "apostle spoon", "lapis infernalis", "eskimoite", "tula metal", "silver sulfide", "quick", "lam\u00e9", "silverize", "white rent", "aanniversary", "penzhinite", "samsonite", "trechmannite", "negative bath", "eating", "occamy", "laffittite"], ["food", "liquid", "broth", "chicke", "bowl", "hot", "liquid food", "meal", "stew", "noodle", "chicken noodle", "water", "vegetables", "liquid meal", "appetizer", "hot liquid", "watery", "noodles", "dinner", "eating", "vegetable", "minestrone", "drink", "bowls", "ca", "tomato", "lunch", "thin stew", "thi", "gazpacho", "partan bree", "supper", "london particular", "tom kha gai", "avgolemono", "souping", "mulligatawny", "tarator", "chowder", "xavier soup", "poor man's pizza", "blushing bunny", "bouillabaisse", "soupline", "albondigas", "joumou", "tortellini", "magiritsa", "tangbao", "wedding soup", "alphabet soup", "sinigang", "suimono", "bouquet garni", "soupy", "cullen skink", "oxtail", "mandlen", "pepper pot", "sancocho", "vichyssoise", "shkedei marak", "entremetier", "mandlach", "she crab soup", "potage", "egg drop soup", "pottage", "dashi", "pot au feu", "rivel", "champon", "gumbo", "pozole", "soupspoon", "kreplach", "stockpot", "pepperpot soup", "stone soup", "ukha", "ribollita", "soup bone", "tom yam", "jardini\u00e8re", "tureen", "soupmaker", "porridge", "hotdish", "orzo", "ramen", "manna croup", "borscht", "shchi", "lalo", "brown windsor soup", "solyanka", "warmer", "summer soup", "rassolnik", "bosintang", "mock turtle soup", "gamjatang", "souper", "mohinga", "tom kha", "fish tea", "galbitang", "miso soup", "consomm\u00e9", "zuppa", "miso", "apapransa", "souplike", "mannish water", "scotch broth", "soup kitchen", "soured cream", "stewish", "menudo", "sofky", "panada", "souped", "beurre mani\u00e9", "egusi", "plum pudding model", "rasam", "saimin", "papaitan", "soup bowl", "brew", "matzo ball", "hangover soup", "soups", "malatang", "soup dumpling", "scrag end", "jjamppong", "ragout", "misoshiru", "soupe maigre", "pasta e fagioli", "fideo", "soupless", "sippet", "printanier", "nonsoup", "like", "watery food", "chicken broth", "canned", "liquid lunch", "wet food", "wet", "veggies", "liquid dinner", "warm", "pea", "hearty", "fluid", "crackers"], [], ["utensil", "cooking", "handle", "scoopula", "nickel", "slice", "fish knife", "flipper", "spatulation", "spatuloid", "egg slice", "spatulae", "croupier", "palette knife", "spatha", "spatulalike", "spatulate", "cheese knife", "cyclospatula", "chemical", "spatulous", "spreader", "scotch hands", "widger", "casino", "weigh", "lifter", "spatular", "mise en place", "card", "flat", "pancake", "cooking utensil", "kitche", "tool", "kitchen utensil", "pancake turner", "turner", "spoo", "cooking tool", "flipping", "pancakes", "pancake flipper", "flat spoo", "cakes", "flipping pancakes", "kitchen tool", "frying", "frying utensil", "for cooking", "stirring spoo", "stirring", "long", "stick", "long stick", "flipping eggs", "eggs", "turns food", "food", "knife", "turns", "used", "used cooking", "for scraping", "scraping"], [], ["plate", "circle", "ball", "cake", "record", "ring", "shape", "apple", "circular", "egg", "eye", "roll", "coi", "earth", "head", "a rounded ", "rounded a ", "rounds", "sphere", "nest", "adjective", "clock", "circle shape", "colum", "wheel", "pea", "spell off", "tondo", "round out", "palomilla", "magazine", "stardock", "fourball", "ronde", "bowler hat", "crew neck", "dish faced", "aspis", "sphery", "potwikten 1", "cutman", "hawkbell", "postround", "orbed", "shell", "chamber", "unround", "circinate", "negrohead", "knockout", "labialize", "trollwikten 3", "watermelon radish", "bulbous", "vwikten 1tur", "duplicate", "clean sweep", "minigun", "loaded", "awikten 1cylindrical", "saucer eyed", "counterround", "ballet flat", "saved by bell", "bocca", "muffin pan", "nail ball", "roundleaf", "safety scissors", "pumpkin", "catch", "roundsman", "wikten 1round top", "round like", "roundness", "up spout", "final", "vwikten 2utter", "whoopie pie", "vwikten 1encircle", "coccobacterium", "rounding", "midround", "conglobate", "balloon", "wikten 3whispering", "willmore energy", "buddha belly", "barber's block", "pass out", "under gu", "pommel", "cogue", "repechage", "arachnoid", "wikten 1song", "umlaut", "loo table", "millstone", "bullet", "clypeate", "round do v", "roundheaded", "wikten 1round shot", "umgang", "presa", "globy", "monopteral", "rotunda", "piano stool", "circus", "circlelike", "football", "yueqin", "moon faced", "daruma", "spot", "moonful", "persian cat", "awikten 1magnitude", "wikten 1brewer", "rance", "oyster cracker", "pea ore", "coburg", "bolus", "wikten 3song", "wikten 1bovine"], ["ti", "silver", "iro", "steel", "hard", "material", "gold", "shiny", "coi", "element", "lead", "ore", "copper", "aluminum", "bullet", "heavy", "music", "ca", "substance", "iron steel", "rock", "gold silver", "ring", "brass", "metallic", "generic", "mineral", "bronze", "solid", "alloy", "armor", "steel iro", "building", "bell", "bar", "cold", "mercury", "tin steel", "hard shiny", "silver gold", "term", "cars", "aluminium", "magnetic", "iron copper", "zipper", "elements", "hard material", "like", "strong", "regulize", "nibral", "muonide", "carbonyl", "sectility", "conductor", "enolate", "space line", "baller", "overplate", "anode", "engine block", "microchemistry", "heptadentate", "truck nuts", "electroplating", "metallochromic", "case hardening", "protosulphate", "metalloenzyme", "toreutic", "catch plate", "superforming", "scratchbrush", "photodraft", "pentadentate", "barrage balloon", "hydrochloric acid", "osmide", "lighting", "macrosegregation", "telluride", "hepatizon", "tea tray", "metallocomplex", "hot chassis", "sherardize", "roller", "cold rolling", "treasure trove", "sulfur print", "pernitrate", "metallosupramolecular", "safety plug", "ink eraser", "vitriol", "rieke metal", "annealing", "metalation", "caster", "solenoid", "english wheel", "metal homeostasis", "plaque", "gestation crate", "nitrocarburize", "argent", "mullar", "scissel", "electrochemical series", "mirrorwork", "metallophone", "ladle furnace", "tubbing", "cazo process", "orthodontic band", "emo metal", "pillow block", "octadentate", "intervalence", "polypyridene", "sulfosalt", "premetallized", "toe ring", "eutectic alloy", "metalithium", "fuligorubin", "polygonize", "scorpionate", "grommet", "hyperoxide", "nibbler", "reduction furnace", "hydrosulfide", "thiolate", "xenotite", "rare earth", "flame photometry", "hoof pick", "metalloaggregate", "coldwave", "knee cap", "monobasic", "native aluminium", "cathode", "counterflashing", "clip strip", "earmuffs", "pilger", "peltier's cross", "tetramethylethylenediamine", "clank", "fermi surface", "metallocycle", "debasement", "traffic signal box", "titanium sponge", "scoria", "investment", "drawbench", "dithizone", "mettle", "marquetry", "bismetallated", "hydrometallurgy", "javelin", "cupferron", "organometallic", "or", "metallobiology", "metallocentre", "stripper clip", "passive armour", "terrestrial planet", "kickplate", "hexadentate", "tertiate", "aiglet", "retort pouch", "foundry", "kalasha", "diework", "rocker", "metallocluster", "bitter electromagnet", "hot tear", "chelate compound", "tonebar", "metallate", "baseball bat", "lattice window", "titanium alloy", "gauze", "hexafluoroplatinate", "lemel", "war", "firepole", "field emission", "unalloyed", "flexatone", "metallurgist", "sandbox", "metallicolous", "grinder", "tegulated", "metalsmith", "descaling", "spot welding", "rapcore", "metalline", "tape measure", "carbonitride", "metalliform", "refinery", "intercrystalline", "tricarbonyl", "local cell", "chatter ring", "metallotolerant", "electrorefining", "dimetal", "scavenge", "weight", "pentacoordinating", "phthalocyaninate", "archaeometallurgy", "distortion", "galvanic series", "melt do v", "ampyx", "sacrificial anode", "egg ring", "chelation", "descale", "tetradentate", "rodding", "shruff", "bull bar", "smelting", "metallothioprotein", "palstaff", "color", "refusion", "ozonide", "shako", "hack iron", "sulfide", "vaporium", "shuttle", "hawkbell", "brake block", "etch", "metallobridged", "grunge", "metally", "metallochelate", "genouill\u00e8re", "st hubert's key", "ceramometallic", "monetization", "chevrel phase", "capsquare", "aluminothermy", "vessel", "backplate", "tintinnabulum", "vmake", "dressing stick", "hydriding", "scobs", "heterobimetallic", "lorica", "scorifier", "triazolate", "tree", "electropolish", "plumb bob", "enswell", "electroplate", "assayer", "assay", "spoonbending", "carton pierre", "pavonine", "weaponsmithing", "orthochromite", "anodized", "hydroforming", "vitreography", "cathodoluminescence", "teppan", "dithiolene", "geat", "shackle", "bioinorganic", "metallophyte", "ash pan", "coin belt", "ferroalloy", "coin", "metallome", "mascle", "paltik", "manganoporphyrin", "engobe", "metallopeptide", "metallifacture", "chelating agent", "metal aquo complex", "thixocasting", "treasury tag", "cantenna", "bendy", "plating", "saccharate", "intermetallic", "beneficiation", "cinder", "potassium", "transmutationist", "lithium", "furnace", "polystannane", "thixomolding", "metalloamphiphile", "transition strip", "lingot", "primary valence", "metal to", "oxolation", "foliation", "selenolate", "johnson bar", "enediolate", "kaligenous", "plug and feather", "delocalization", "ladler", "ternary alloy", "underlug", "heterometallation", "case hardened", "pole building", "axe head", "pseudometallophyte", "gold mine", "lixiviant", "d sub", "choke pear", "bimorph", "dwang", "cementation", "trench plate", "technopolymer", "subchloride", "haloid", "blast furnace", "horn rimmed", "respiratory pigment", "road", "watchstrap", "junction", "space rule", "metal hydride", "repouss\u00e9", "suit of armor", "railroad", "loggerhead", "damascus barrel", "feeler gauge", "bimetal", "monometallic", "carbon arc", "molybdoenzyme", "metallogenic", "bessemer steel", "hexaaqua", "conducting wire", "lithium chloride", "multimetallic", "fish tape", "symmetallism", "carbon ferrous", "rag and bone man", "ironywikten 2", "solutionize", "electroetching", "magnet", "ferrokinesis", "tincture", "bimetallism", "orichalcum", "repoussage", "methide", "thin film transistor", "hexabasic", "metalsmithing", "sideflash", "squat cage", "tetrabasic", "metallotherapy", "canteen cup", "ignition tube test", "metallo", "hydria", "debase", "iron", "linkwork", "superstrate", "handstein", "troy weight", "co fusion", "jigsaw", "wiredrawer", "espauliere", "cermet", "chill", "keyring", "demetallated", "euro metal", "nickel", "futtock plate", "plater", "metalloradical", "metallacyclobutane", "bisporphyrin", "rare earth mineral", "metallic bond", "snapper", "machine shop", "space blanket", "azoth", "swedge", "metalloporphyrin", "xylenol orange", "smelter dust", "vroad", "wiresmith", "demetallization", "phosphating", "canaree", "metallochromy", "jazerant", "tweezers", "alpenstock", "galvanography", "metalloplastic", "inner orbital complex", "metallike", "wash", "shaving", "urn", "rollerman", "beak", "magnesium wire", "metallochelatase", "ingot", "window screen", "anodize", "electrowinning", "osteosynthesis", "mace head", "metaller", "pressing", "oxygen tank", "fettler", "fillet weld", "oregon boot", "eyebar", "metallofullerene", "sherardise", "galvalume", "hydrodemetalation", "pyranopterin", "metalled", "platinoid", "czochralski process", "recovery", "metalliferous", "thermowell", "boryl", "fabrile", "tetrofosmin", "slim jim", "radiometallography", "platewikten 1", "complex ion", "hydrodemetallization", "strike while iron is hot", "subsalicylate", "coppersmith", "demetallize", "pickler", "opener", "skewer", "monkey metal", "bridging ligand", "metallochaperone", "metallochelation", "orgonite", "beryllide", "railroad spike", "ferrite", "bracteate", "metallographer", "osmium tetroxide", "ladle", "boriding", "ductilimeter"], [], ["soup", "spoo"], [], ["metal", "iro", "hard", "strong", "stainless", "alloy", "steels", "building", "hard metal", "shiny", "carbo", "strong metal", "ma", "silver", "man of", "horsehead", "vwikten 1cover", "fink truss", "steely", "steelworker", "semisteel", "crinolette", "cement steel", "cerotype", "carbide", "tonophant", "cyanide process", "lance", "iron", "wikten 1bladed", "hotchkiss gun", "broachwikten 1", "hardening", "whirtle", "steeler", "wikten 1dagger", "rust", "bessemerization", "twip", "harvey process", "steel blue", "pernot furnace", "jerrycan", "bessemerize", "metallurgical coal", "barbed wire", "hone", "pearlite", "wikten 1projectile", "wikten 1made", "steeliness", "basic process", "wikten 1hardness", "ferroboron", "vwikten 1electroplate", "flinty", "hoop skirt", "wootz", "ferrotitanium", "peniche", "austenitic steel", "tie plate", "german wheel", "claymore", "martensite", "wikten 1metal", "aisi", "silver steel", "wikten 1knitting needle", "aeolodicon", "alloy steel", "fishing space", "wikten 1striking", "krupp gun", "steelification", "vwikten 1fortify", "austenite", "wikten 1varieties", "grillage", "dipper", "tommy bar", "krupp process", "bulat", "sweet iron", "plate girder", "steelmaker", "embedment", "chalypsography", "tin plate", "cementite", "solleret", "steel guitar", "tinderbox", "self hardening", "semikilling", "ferrocarbon", "metallochrome", "toledo steel", "punchcutting", "weathering steel", "stoneground", "bessemer steel", "crumb rubber", "steellike", "morrison table", "diamond paste", "bower barff process", "leaf spring", "weldmesh", "ferrovanadium", "wikten 1slide", "siderurgy", "snaplock", "convertor", "girder", "box girder", "wikten 1expand", "steelmaking", "wikten 1bead", "strategic material", "pendulum wire", "bluing", "steelware", "ferroconcrete", "austenitization", "vwikten 1press", "redrawer", "puddling", "rambolt", "turbanize", "sherardize", "prickpunch", "olay", "center", "prestressed concrete", "beam", "capeline", "open hearth", "trackway", "cold chisel", "frizel", "tamahagane", "knife edge", "hub", "steeled", "awikten 1engraved", "tin plating", "top hat", "steelless", "firestriker", "haulabout", "mag wheel", "tool steel", "truss rod", "enargite", "armoursmithing", "angle iron", "vwikten 1sharpe", "ferroalloy", "tatara", "bowden cable", "carburization", "wikten 1needle", "nonsteel", "vachette", "wikten 1any", "deadmelt", "wikten 1artificial", "brake block", "damascus steel", "native steel", "hot dip", "koftgari", "reinforced concrete", "ferromanganese", "eglin steel", "awikten 1strength", "cementation", "steelwork", "siemens martin steel", "nickel steel", "vanadium", "nitriding", "gantry", "wikten 1honing steel", "martemper", "razor blade", "converting furnace", "steelworking", "granulated steel", "ironclad", "triblet", "manganese steel", "wikten 1piece", "twist", "siemens martin process"], ["rowboat", "backwater", "catch", "sculler", "feather", "coxless four", "oary", "sweep", "oarlike", "oaredwikten 1", "single scull", "quadragintireme", "oarless", "orga", "swim", "oar blade", "double scull", "galley", "dinghy", "remiped", "invertebrate", "propel", "sixareen", "hexerei", "lymphad", "strokesman", "artemon", "bireme", "backwash", "implement", "blade", "triaconter", "wash", "sampan", "boat", "rower", "remiform", "rowlock", "bladework", "panchway", "unoared", "row", "quadruple scull", "feathered", "oarlock", "vrow", "spoon oar", "backsplash", "catch crab", "currach", "double banked", "oarsma", "loomwikten 1", "rowing boat", "double bank", "gallivat", "lie on oars", "barge", "coxless pair", "long", "paddle", "canoe", "boat tool", "tool", "rowboat paddle", "long knife", "knife", "handle", "long handle", "boats water", "boats", "water", "spoo", "long board", "board", "stick", "rowing stick", "rowing", "boat propulsio", "propeller", "rowboat propeller", "propulsio", "canoe paddle"], ["sweet", "white", "sweetener", "cane", "salt", "powder", "granules", "crystals", "food", "grains", "coffee", "cake", "spice", "ingredient", "sucrose", "condiment", "sweetness", "tea", "sweet powder", "granular", "candy", "taste", "white powder", "sweet substance", "substance", "baking", "glucose", "sweet granules", "white granules", "white grains", "deoxyglucosone", "palmier", "rock candy", "sugared", "galactolipid", "cerebrose", "cotton candy", "aglycemia", "sugarhouse", "panhouse", "chrain", "pilon", "glycosinolate", "disaccharide", "sekanjabin", "alien nucleic acid", "sugarer", "diglycosylated", "miraculin", "sack whey", "akutaq", "glycogroup", "inactose", "gleucometer", "phosphosugar", "mutarotation", "globoside", "sweetcure", "pentasaccharide", "panela", "jaggery", "vinasse", "babinka", "rockbun", "demerara", "focaccia", "thiosugar", "marshmallow", "syrup", "kransekage", "floating island", "dumping syndrome", "tarte tatin", "oses", "effeminacy", "white pot", "sriracha", "monodesmosidic", "glycosylate", "monosaccharide", "octasaccharide", "mannopeptide", "concreter", "clean eating", "sprinkles", "welan", "sugarholic", "sponge cake", "sugar beet", "weight gainer", "thandai", "exopolysaccharide", "sugar bowl", "hard sauce", "eurocrem", "kolak", "sugars", "enrichment", "compliment", "mashout", "glycoside", "phosphocarrier", "nucleotide", "kerabu", "white chocolate", "indiglucin", "lemon curd", "acetogenic", "meglumine", "vmaple sugar", "saccharous", "endotransglycosidase", "nigerose", "brix", "rasgulla", "xylonic acid", "glycone", "vsyrup", "marquise", "chaptalization", "tablet", "glucagon", "simple syrup", "monoacetone", "glucoregulation", "bee wine", "lipidoglycan", "monoglycosylceramide", "glycol nucleic acid", "ammonia caramel", "flattery", "piccalilli", "marzipan", "glycooligomer", "toffee", "almond paste", "apiose", "vcrystallize", "pathia", "hexasaccharide", "palm sugar", "amyloglucosidase", "cura\u00e7ao", "calas", "diabetes", "proximate principle", "heterosaccharide", "caramelize", "sulfoquinovose", "saccharimetry", "praline", "sugarlike", "ledikeni", "nucleosidase", "ose", "amylolysis", "diet coke", "shit", "mashing", "aglycosuria", "yokan", "ribonucleotide", "chocnut", "cerealin", "blancmange", "tetrasaccharide", "monoglycosylated", "glycoligand", "cobbler's punch", "chelsea bun", "candy apple", "nonsugar", "glucic", "amylase", "shortcake", "sugar glass", "fairy butter", "cyclic nucleotide", "diastatic", "pi\u00e8ce mont\u00e9e", "sugaring", "glycosyl", "pain de mie", "pentaacetate", "synanthrose", "pseudooligosaccharide", "azasugar", "saccharify", "azidosugar", "threonic acid", "anhydrosugar", "pentosuria", "sugar substitute", "must weight", "cookie dough", "cinnamon roll", "allolactose", "boiled sweet", "tom collins", "semolina pudding", "glucoazide", "hot whiskey", "picklewikten 1", "mizuame", "skilligalee", "ginger wine", "monoglycosylglycerol", "hydroxymethylfurfural", "biomolecule", "sugary", "malt", "buttermint", "crispy seaweed", "acetonide", "hyaline", "gallize", "tyvelose", "desugared", "powellize", "metacetone", "multiglycoside", "anhydrogalactose", "deglycosylation", "saccharide", "chocolate concrete", "sugar palm", "enumerated articles", "crushed sugar", "cane brake", "glucometabolic", "jelly bean", "cocktion", "candied", "caustic sulphite caramel", "octose", "italian dressing", "blackstrap", "saccharo", "vgranulatio", "turkish delight", "vboil", "eucalyn", "saccharometabolism", "bisdesmosidic", "horchata", "pepper jelly", "lactobacillus", "gravlax", "cr\u00e8me br\u00fbl\u00e9e", "stevia", "bean pie", "vacuum pan", "glycoglycerolipid", "glyoxysome", "saccharimeter", "glycotransferase", "kosong", "transglycosidase", "glycodendrimer", "white sugar", "confection", "glycometabolism", "frozen custard", "hyperglycemia", "plum wine", "sunberry", "ducana", "affination", "egghot", "diacetone", "chlorosugar", "caster", "glac\u00e9", "glycophospholipid", "saccharephidrosis", "thioglycoside", "sugarlessness", "muah chee", "dulcite", "pentose", "laddu", "galactosphingolipid", "sour", "sugar paste", "quarter water", "sugarmaker", "crumble", "neocarrabiose", "lardy cake", "khurma", "massecuite", "phenylhydrazone", "saccharometry", "melezitose", "aglycone", "agrocinopine", "bisphosphate", "verbascoside", "glycobiogenesis", "heroi", "galactosylcerebroside", "cassonade", "dulce de leche", "scylloinositol", "nougat", "mucic acid", "back sweeten", "liqueur", "glyco", "triple", "pineapple cake", "glycosynthesis", "screaming jelly babies", "galactocerebroside", "sugar cookie", "deoxyribose", "aleberry", "stepony", "ribose", "italian meringue", "mebos", "isodulcite", "pashmak", "rich tea biscuit", "depression cake", "brandy fruit", "grocer's itch", "saccharize", "vsyntactic sugar", "mocuck", "glycoprocessing", "chitosugar", "lactose", "pathoglycemia"]], "/r/UsedFor": [[], ["hold food", "holding food", "eating from", "put food i", "serve cookies", "more formal than informal dining", "put food o", "stand o", "putting food o", "dental device", "holding", "eating food off of", "holding meal", "medical device", "setting table", "holding food eat", "serve food for eating", "serve food"], ["eating food", "eat food", "eat meal", "picking up food", "eat dinner", "lifting food from plate to mouth", "eating meat", "dividing road in two", "lift food to mouth", "providing choice", "eat", "eat meat", "holding food", "turning soil", "eating pie", "piercing food", "eating food off plate", "eat vegetables", "moving food to mouth", "eating food with", "eating vegetables", "eating", "eat steak"], ["eating in western society"], [], [], ["stir coffee", "eat ice cream", "eat liquids", "eat pudding", "eat"], [], ["eating food"], [], [], [], [], [], [], [], [], [], [], [], [], [], [], [], [], [], [], [], [], [], [], [], [], [], [], [], [], [], [], [], [], [], [], [], [], [], [], [], [], [], [], [], [], ["fruit", "spoo", "having food", "bread", "diner", "apple", "growing vegetables", "food", "cake", "mouth", "making bread", "meat", "baking cake", "satisfying hunger", "cooking curry", "teaspoo", "steak house", "dish", "bass", "tooth", "cooking meal", "school cafeteria", "restaurant", "muscle", "kitchen table", "restaurant dining area", "seafood restaurant", "sushi", "spanish restaurant", "potato", "cor", "deli", "cafe", "chewing food", "giving body fuel", "having lunch", "chocolate", "distraction from depressio", "dentures", "bea", "chinese restaurant", "cooking dinner", "living", "dining room", "fast food", "nurishment", "digestio", "sating hunger", "kosher delicatesse", "replenishing energy sources", "buying fresh fruits and vegetables", "hunger", "experiencing delicious tastes", "dining room table", "pickle", "do while socializing", "cooking", "bringing home fish", "staying healthy", "vegetable garde", "hungry folks", "counter", "deli restaurant", "killing", "fork", "giving body what needs", "life", "steakhouse", "diminishing own hunger", "providing nutrition to body", "sustaining life", "kosher restaurant", "mall", "banana", "wheat", "pike", "eating in restaurant", "staying alive", "having party", "getting fat", "wings", "nourishment", "going to mall", "receptio", "steak", "indian restaurant", "going to pub", "sustenance"], [], ["open door", "hold tool", "pulling", "carry", "gripping", "carry purse", "hang onto", "opening door", "lifting", "put in motio", "carrying things", "open drawer", "holding onto", "carry object", "make easier to carry", "turn on water", "manipulate"], ["making into jewelry", "filling teeth", "making into money", "make rings", "fillings in teeth", "fine flatware", "making jewelry", "make photographic film", "jewelry", "currency and jewelry", "making eating utensils and serving dishes", "making money", "making tea sets", "filling cavities in teeth", "making coins", "making jewlery"], ["bowl", "satisfying appetites with minimum effort"], [], ["turning food"], [], [], ["melting", "making car", "strength", "make musical instruments", "building many things", "machining", "casting", "making office building", "making skyscraper", "build rocket"], [], [], [], ["build skyscrapers", "build things", "twentieth century constructio", "making boats", "build bridge", "making spoons"], ["rowing"], ["sweetening coffee", "sweeten food", "make foods sweet", "making deserts with", "filling craving", "sweeting coffee", "sweetening cup of coffee", "adding sweet flavor or taste", "sweetening tea", "make drinks sweet", "sprinlking on cereal", "keeping sugar at table", "sweetening foods", "making food sweet", "body to convert into energy", "baking batch of cookies", "eliminating sweet tooth", "providing energy at cellular levels"]]}, "/r/UsedFor": {"/r/RelatedTo": [["plate", "table", "chicke", "mouth", "squirrel", "taste", "cake", "drink", "napki", "restaurant", "soup", "feed", "cooking", "convivial", "indigestion", "xerophagia", "eating apple", "on full stomach", "wait", "manducation", "gerontophagy", "oral gratification", "pedophagy", "crockery", "carcoon", "xylophagy", "foliophagy", "dessert grape", "dessertspoon", "dermatophagy", "food", "cutlery", "corroding", "grocerant", "brain freeze", "phagia", "muzzle", "fall to", "coprophagy", "gastrosophy", "consuming", "gluttonous", "frugivorous", "aeate", "eating habit", "eaten", "snarfle", "orthorexic", "substance", "man eater", "red backed shrike", "zoophagia", "silver", "ophiophagy", "cuisine", "ingest", "veat", "bradyphagia", "carnivorous", "al deskor", "piscivorous", "rhizophagy", "saprophagy", "at table", "mycophile", "phago", "tachyphagia", "corallivory", "necrophagia", "sitomania", "rumination", "acooked", "necrophagy", "meq", "durophagy", "pedophagic", "some", "vegivore", "uneatable", "act", "spoo", "bread", "chew", "graze", "glutto", "diner", "bib", "rice", "cor", "bowl", "rabbit", "fish", "bite", "apple", "fork", "meat", "diet", "crop", "egg", "sheep", "meal", "utensil", "dinner", "tablespoo", "duck", "cook", "hand", "pie", "manners", "oatmeal", "quail", "cookie", "swallow", "morning", "roll", "stew", "mutto", "knife", "macaroni", "room", "yolk", "cat", "beef", "berry", "fullness", "birthday", "chick", "seed", "brownie", "bear", "orange", "lobster", "pea", "throat", "cereal", "brisket", "peach", "chow", "chop", "cauliflower", "rest", "order", "mole", "peck", "chocolate", "bit"], [], [], [], [], ["vfling"], [], ["bar", "glass", "water", "party", "milk", "straw", "sessio", "three martini lunch", "brain freeze", "on tear", "tankard", "enkai", "chug lug", "berkemeyer", "teacup", "thirsty thursday", "bacchanology", "chalice", "bibation", "drinkwikten 2", "barfly", "kick habit", "oral gratification", "ice water", "fall to", "symposium", "jorum", "cantharus", "boozing", "alcoholic", "convivial", "knaggie", "bevvying", "drinking cup", "hangover", "goliardic", "beaker", "drink", "beverage", "pint pot", "drinkwater", "drinking song", "potatory", "potation", "vdrink", "pledge", "dope dick", "rosedrop", "shebeen", "imbition", "whiskey dick", "brewer's droop", "wine", "goblet", "soup", "cantee", "saloo", "cup", "shake", "coke", "habit", "bottle", "flea", "ale", "juice", "eat", "liquor", "keg", "mug", "fountai", "beer", "coffee", "scotch", "flask"], [], [], [], [], [], [], [], [], [], [], [], [], [], [], [], [], [], [], [], [], [], [], [], [], [], [], [], [], ["food", "plate", "drink", "consume", "actio", "table", "feed", "vingest", "vconsume", "vcorrode", "verode", "consumptio", "consume food", "consuming", "squirrel", "ingest", "cake", "consuming food", "chicke", "food consumptio", "mouth", "polyphage", "fastidium", "corallivorous", "lunch", "inhale", "guzzle", "vort", "crapulence", "plantivorous", "mycophagy", "sleep eat", "polyphagous", "necrophage", "wolf", "make meal of", "piscivory", "guzzling", "cannibalism", "midchomp", "opportunivore", "piddle", "wamble cropped", "gulp do v", "you are what eat", "insalivation", "pack on pounds", "dermatophagia", "cibophobia", "vore", "ophiophage", "trichophagia", "messroom", "scarf do v", "make pig of oneself", "walking dustbin", "field ration", "feedfest", "saurophagous", "fuel up", "overeater", "esurine", "scoffer", "edible", "androphagia", "limivorous", "vdestroy", "tooth", "coffee cake", "araneophagic", "pig out", "fructivorous", "put feedbag on", "outeat", "phagomania", "veject", "feed one's face", "prey on", "vdevour", "breakfast", "scoffwikten 2", "crapulous", "overfeed", "noshing", "ate", "vworry", "gastrolatry", "gastronomy", "take bite", "tuck into", "dinner", "nom", "phytophagan", "vmeal", "foodstyle", "eatworthy", "chow do v", "baked potato", "invasivore", "hippophagism", "interdine", "mellivorous", "ichthyophagist", "seminivorous", "beak", "vuse up", "hollow leg", "eaten", "dig in", "eat in", "exocannibalism", "silflay", "vedible", "myrmecophagy", "panivorous", "undereat", "chank", "mukbang", "foliphagous", "poephagous", "soupspoon", "pizza table", "animalivorous", "uneating", "vdrink", "get outside of", "feeding tube", "boneless", "vsup", "pigout", "gobbler", "army marches on its stomach", "ouroboros"]], "/r/UsedFor": [["fruit", "spoo", "having food", "bread", "diner", "apple", "growing vegetables", "food", "cake", "mouth", "making bread", "meat", "baking cake", "satisfying hunger", "cooking curry", "teaspoo", "steak house", "dish", "bass", "tooth", "cooking meal", "school cafeteria", "restaurant", "muscle", "kitchen table", "restaurant dining area", "seafood restaurant", "sushi", "spanish restaurant", "potato", "cor", "deli", "cafe", "chewing food", "giving body fuel", "having lunch", "chocolate", "distraction from depressio", "dentures", "bea", "chinese restaurant", "cooking dinner", "living", "dining room", "fast food", "nurishment", "digestio", "sating hunger", "kosher delicatesse", "replenishing energy sources", "buying fresh fruits and vegetables", "hunger", "experiencing delicious tastes", "dining room table", "pickle", "do while socializing", "cooking", "bringing home fish", "staying healthy", "vegetable garde", "hungry folks", "counter", "deli restaurant", "killing", "fork", "giving body what needs", "life", "steakhouse", "diminishing own hunger", "providing nutrition to body", "sustaining life", "kosher restaurant", "mall", "banana", "wheat", "pike", "eating in restaurant", "staying alive", "having party", "getting fat", "wings", "nourishment", "going to mall", "receptio", "steak", "indian restaurant", "going to pub", "sustenance"], [], [], [], [], ["spoo"], [], ["glass", "wine", "beer", "glass of milk", "quenching thirst", "container cup", "saloo", "water", "cup", "going to pub", "glass of water", "flask", "pub", "beverage", "beer mug", "minibar", "cider", "milk", "drinks", "nightclub", "spoo", "hydratio", "getting drunk", "can of soda", "weak carbon based lifeforms", "providing liquid for biological processes", "restaurant", "replenishing bodily fluids", "spirit", "feeling better", "pepsi", "water for health", "water for vital minerals", "water fountai", "enjoyment", "having party", "intoxicatio", "gi", "ocea", "mug", "going to party", "replenishing body's water supply", "becoming inebriated", "water to prevent dehydratio", "pool", "mouth", "staying alive", "fountai", "taking in moisture", "water to prevent sun stroke", "bar", "relieving thirst", "thirst", "slaking thirst", "swallowing", "orange juice", "pleasure", "whisky", "health and vitality", "discothque", "alleviating thirst", "smoothie", "liquids", "taste"], [], [], [], [], [], [], [], [], [], [], [], [], [], [], [], [], [], [], [], [], [], [], [], [], [], [], [], [], ["meat", "bass", "cooking dinner", "duck", "cake", "chef special", "dining room", "kosher delicatesse", "fork", "dish", "opening bag of chips", "fruit", "chopsticks", "cookies", "high rise"]]}}}, "grab": {"N1": {"/r/RelatedTo": ["reach", "hold", "grabby", "grabful", "patamar", "catch", "clasp", "swipe", "wikten 1device", "drawing card", "snap", "glom", "grabbed", "palling", "vwikten 1consume", "wikten 1sound bite", "wikten 1card game", "wikten 1violent", "kimedashi", "ungrabbable", "pick at", "grindylow", "stalefish", "vwikten 1quickly", "grabber", "grabfest", "collar", "wikten 2vessel", "grabbing", "vwikten 1sudde", "nabwikten 1", "grabbable", "seize", "wikten 1snatch", "snaffle", "get", "handle", "tax", "smash", "pull", "touch"], "/r/UsedFor": ["use", "grasper"]}, "N2": {"/r/RelatedTo": {"/r/RelatedTo": [["stretch", "grab", "arm", "grasp", "extend", "actio", "arms", "out", "stretching", "grabbing", "arrive", "length", "high", "touch", "vabeam", "run to", "like mother daughter", "vinfluence", "vlimb", "outering", "sky is limit", "reacheth", "reachable", "go for", "tantalize", "catch up", "get to", "on plater", "high note", "at hand", "axle", "get into", "wago", "dry reach", "goto", "vdimensio", "inaccessible", "vextent", "vretch", "outreach", "canal", "vgrasp", "run", "hand", "portio", "unobtainable", "arm's length", "within reach", "unreach", "come up with", "upreach", "metapotamal", "vvirtue", "vstrai", "bobsled", "vhand over", "come to", "scope", "vgive", "unreachable", "vhand", "reaching", "battle out", "vactio", "boardinghouse reach", "vcontinuously", "vcontact", "potamal", "vpenetrate", "profound", "knee length", "perceptuomotor", "fathom", "vabove", "vbeyond", "vstretch", "unreached", "applicatio", "vvomiting", "retch", "range", "culminate", "rod", "attainment", "vgag", "child", "bolster", "vstrike", "bikinis", "management", "vthrust", "make it", "underreach", "vextend", "exaggeratio", "unattainable", "rear", "pole", "meetable", "vmissile"], ["grasp", "carry", "grab", "keep", "contai", "have", "grip", "hand", "handle", "actio", "support", "saturated", "crimpwikten 1", "brace", "nelson", "upbear", "afterpeak", "avast", "holds", "no holds barred", "cloakroom", "stemming", "hold out", "coal whipper", "slant", "contain", "pisalis", "collins glass", "forepeak", "title company", "unloose", "bottom", "retain", "haad", "vwikten 1persist", "drop", "cargo net", "tipstock", "wikten 1hair", "ahold", "hold over someone's head", "no bail", "oil pulling"], ["agrab", "arudely", "agreedily", "clutchy", "overentitled", "grabbiness"], ["grab", "graspful", "amount"], ["bombay", "grab", "vessel", "ceylo"], ["baseball mitt", "sticky fingered", "vshore", "round", "fisherman", "gripping", "fragment", "captor", "vinfect", "mantrap", "anglewikten 2", "vhold", "cough", "vreplenish", "chaptzem", "catcatcher", "vblow", "dodgeball", "bag", "lift net", "vmarry", "music", "vwave", "vtravel", "lime twig", "vgrasp", "hallier", "bawdy", "vtake", "germinate", "wrongfoot", "vinnings", "lasso", "cobweb", "negotiatio", "batfowling", "vserve", "vsnare", "vspread", "trollwikten 3", "vreceive", "slipwikten 3", "lay hold of", "vbreath", "capture", "top edge", "vcatcher", "trawler", "crick", "vhit", "bycatch", "vcatch up", "dolly", "overcatch", "vsnatch", "fish wheel", "payao", "ventrance", "trigger", "inside edge", "vinfectio"], ["agraffe", "clipsome", "interfolded", "grasp", "hasp", "clamp", "slouch hat", "fastener", "ouche", "prehensile", "safety pin", "presswikten 2", "clinch", "portcrayon", "handshake", "gasshohineri", "unclasp", "enclaspment", "bucklewikten 2", "mouse", "embrace", "venclasp", "clasped", "claspt", "reclasp", "hold hands", "amplexiform", "clasper", "deployant", "vtake hold", "handwringer", "mousing", "barrette", "clasps", "pectoral", "vgrasp", "catch", "enclasp", "infold", "vgrab", "handshaking", "bolo tie", "hold", "latch", "necklace", "joiner", "jewelry", "jewelry joiner", "pray", "link", "grab hands", "grab", "hands", "buckle", "wrist", "holding", "holding wrist", "grip"], ["swiper", "estimate", "bat", "beer", "alcoholic", "vgrab", "vregister", "vsnatch", "blow", "hand", "swipecard", "motio", "vsteal", "grab", "swipeable", "rotgut", "vfinger", "inferior", "vbat", "paw", "club", "vtouch scree", "vsca", "sweep", "swag", "guess", "unswiped", "vinteract", "beverage"], [], [], ["break", "fingers", "neutral zone infraction", "rivet", "circlip", "vbreak", "slap bass", "football", "snap bea", "seize", "vphotograph", "positio", "visual", "energy", "snapper", "faste", "drop back", "snappish", "yardsnap", "brittle", "back", "time", "pressure", "crack", "release", "vabruptly", "vsuddenly", "vigour", "snap shot", "vhike", "decisio", "vcenter", "vbowl", "lunch", "pop", "vmental", "yieldable", "firearm", "vsnappish", "vbatsma", "pistol", "unsnap", "phaseolus vulgaris", "quarterback", "bite", "thumb", "effortless", "scrimmage", "hike", "attack", "snapless", "wildcat", "deflagrable", "vfracture", "snack", "palm", "snappable", "vloose", "snapping turtle", "vmisfire", "man in motion", "unsnappable", "snapback", "snapsuit", "jounce", "keeper", "snapshot", "double take", "postsnap", "vbreakdo ", "pistol shrimp", "twang", "crackle", "tensio", "vsnick", "facetious", "easy", "vback", "embellishment", "grab", "chalk line", "snapping", "boom bap", "finger", "snap beetle", "vpop", "slapjack", "center", "scrapbook", "briskness", "presnap", "meal", "vsharply", "play", "crackback", "vtake", "shot", "vflash", "noise", "fingers noise", "finger noise", "crackle pop", "crackle and", "bend", "breaking", "break half", "half", "whip", "two", "two fingers", "cookie", "ginger", "cookie ginger", "longer", "longer nap", "nap", "finger movement", "movement"], ["glomming", "gloms", "vsteal", "vgrab", "vstare"], ["chickenhead", "vgrab", "bottom"], ["vgrab"], [], [], [], [], ["bar", "march", "wrapping", "lock", "kimarite", "wrist", "attacker", "opponent", "pull", "swing", "grab"], ["agrab"], [], ["water", "grab", "folkloric", "child", "inhabit", "sinewy", "dro ", "arm", "creature"], ["heelside", "grab", "hand", "snowboard"], [], ["grabbers", "hoo ma", "prize", "grab", "machine", "hand", "crane"], ["grab", "greedy", "resource", "goods"], ["neck", "rugby shirt", "vbind", "chai", "loss", "duplex nail", "vpreparatory", "dinner shirt", "turtleneck", "detachable", "parachute", "skivvy", "positio", "mandarin collar", "throat", "peter pan collar", "esophagus", "strike price", "vstring", "neck corset", "accolade", "lockbolt", "manteletta", "jacket", "collum", "henley", "mollusk", "harness", "vseize", "necklace", "collars", "collareth", "bomber jacket", "arrest", "mousquetaire", "choke collar", "call", "muley axle", "oligotrich", "draft animal", "rever", "garrotte", "oxbow", "dog tag", "quarter zip", "vplace", "bertha", "load", "cangue", "collared", "options", "collaring", "jougs", "varrest", "vgrab", "hanging loop", "uncollar", "piccadill", "carcanet", "t shirt", "neck yoke", "encircle", "becollared", "vdominant", "undercollar", "gorged", "middy blouse", "ringer t shirt", "full zip", "hangman's knot", "vneck", "kosovorotka", "spiffy", "meat", "collarest", "profit", "buster brown suit", "sheep bell", "vconversatio", "put", "point presser", "recollar", "vcapture", "chokestrap", "vpreempt", "trading", "collarette", "radiocollar", "collarless", "vcook", "garrote", "superhumeral", "gorget", "vdetai", "shirtdress", "half zip", "collarmaking", "vfit", "wor", "shirt", "girning", "uncollared", "collarmaker", "vsubmissive", "danton collar", "dog", "dogs", "shirts", "shirt neck", "stiff", "minister", "necks", "fraud", "ring", "buttons", "neck ring", "top", "shirt top", "yoke", "neck circle", "circle", "ofte", "often stiff", "ruff", "dog necklace", "dog necks", "on shirt", "leash", "starch", "for dogs", "popped", "call her", "pastor", "on shirts", "stay", "flea", "bell", "their necks", "their", "implement", "walking implement", "walking", "neck wear", "wear", "level", "neck level", "farmer", "dog fashio", "fashio", "size"], [], ["hand", "reach", "vgrab", "ashitori", "grabbinglyr", "tonging", "handle", "hold", "finger", "forceps", "hang", "pull"], [], [], ["agrab"], ["possessed", "diligence", "seizor", "grasp", "vlash", "seizing", "upsnatch", "nabwikten 1", "befang", "catch", "writ of execution", "queen's pipe", "impress", "unseizable", "prehensory", "deprehend", "snap", "maverick", "seized", "vimmovably", "embrace", "collar", "caburn", "worry", "vbind", "snaffle", "seizable", "vcapture", "arrest", "take by storm", "grab off", "lay hands on", "vseizure", "usurp", "nonseizure", "distrain", "take hold", "hijack", "detain", "overnim", "vseize up", "nipper", "lock up", "vo", "reappropriate", "kidnap", "vlock", "seizer", "vopportunity", "pouncewikten 2", "bargain and sale", "antiseizure", "take time by forelock", "seise", "prehensible", "reseize", "lay hold of", "swoop", "houseline", "letter of marque", "gripe", "vcircumstance", "seizes", "seize out", "vfast", "unseized", "barracks emperor", "bodyjack", "capitalize", "vgrab", "vupo", "grapplewikten 1", "extort", "extent", "commandeer", "hold"], [], ["vobtai", "vdevious", "snaffles", "snaffling", "bradoon", "vsnap up", "vgrab", "sliphead", "bit", "bridoon", "vpurloi", "vseize"], ["receive", "acquire", "obtai", "getter", "actio", "attai", "reget", "gotten", "gets", "grab and go", "wysiwyg", "vwikten 1cause", "vwikten 1memory", "got", "vwikten 1begi", "vwikten 1lear", "vwikten 1understand", "get o", "bewin", "come by", "pull up"], ["door", "knob", "grip", "hold", "case", "doors", "holding", "opening", "bat", "bucket", "double team", "handled", "kotyliskos", "centrepin", "unwieldy", "kettlebell", "mop", "trolley jack", "mustaiba", "sadiron", "fromward", "firmer", "manubrial", "skeetwikten 1", "squeegee", "workload", "lydion", "landing net", "carrycot", "bottom hand", "awkward", "handgrip", "toat", "pail", "stockwikten 1", "ballstock", "pocketknife", "corner", "iron", "wolf hook", "nib", "stockwhip", "dustpan", "gargoulette", "staghorn", "praefericulum", "handleth", "ansate", "get one's arms around", "stretcher", "handleless", "beaker", "hand net", "ewer", "popcorn popper", "earwikten 1", "increment borer", "jacob's ladder", "pickaxe", "thumbpiece", "first chance exception", "doorhanger", "drawknife", "warming pan", "ladle", "hilt", "pommel", "mophandle", "dibber", "overhandle", "hammer", "lay glove on", "handbasket", "pilot wheel", "bailwikten 3", "manubrium", "tractator", "balti", "wield", "twistgrip", "quannet", "drizzler", "folding knife", "gearknob", "take care of", "deadlatch", "squeegee mop", "subcomb", "axhandle", "unhandleable", "jug", "bayonet", "starting handle", "one can't hold two watermelons in hand", "demijohn", "utility knife", "pull", "cup", "unhandled", "tough cookie", "endscraper", "handles", "woolder", "teacup", "tenaculum", "tooth", "camel driver", "lurryman", "noisemaker", "tankard", "shaft", "haftwikten 1", "brace", "back scrubber", "pogamoggan", "out of one's depth", "coehorn", "knaggie", "two hand sword", "dip pen", "lakaina", "smack around", "manipulate", "behandle", "wikten 1give handle", "lorgnette", "corncutter", "in turn", "dyno torch", "boul", "handling", "parting cup", "sticky fingered", "frying pan", "lug", "stilt"], ["government", "money", "payment", "income", "fee", "irs", "april", "revenue", "levy", "charge", "government money", "pay", "government payment", "government fee", "april fifteenth", "fifteenth", "government revenue", "government income", "deductio", "death", "bill", "paying", "government charge", "federal", "paid", "government levy", "death and", "percentage", "sales", "theft", "cost", "internal revenue", "internal", "collectio", "fiscal conservative", "blood tax", "concession", "duty card", "talukdar", "stealth tax", "green diesel", "capital gains tax", "land poor", "untaxable", "stamp duty", "octroi", "tax evasion", "offshore", "inheritance tax", "assess", "paviage", "t word", "underwithhold", "tax cart", "horngeld", "under counter", "alms fee", "tax exempt", "ship money", "undertax", "ability to pay", "pretax", "taxable", "liabilities", "retaxation", "taxgatherer", "deduction", "private cost", "talliate", "payroll", "untaxed", "exemption", "roof tax", "frankable", "retax", "roman month", "ebitda", "tax disc", "jizya", "public", "taxpayer", "tax resistance", "anti detriment", "taxed", "act of parliament clock", "overcollection", "scot freer", "resp", "antitax", "piti payment", "national insurance", "nontaxing", "anti avoidance", "supertax", "after tax", "sales tax", "universal credit", "landed cost", "capitation", "taxlike", "groundage", "squeeze", "flatulence tax", "taxaphobic", "tax evader", "chimney duty", "head tax", "tax authority", "taxes", "posttax", "boscage", "scot and lot", "avoision", "feorm fultum", "khums", "undertaxed", "collectorship", "nontaxable", "go galt", "gabelle", "revenue stamp", "georgism", "double taxation", "duty", "es", "overshift", "income bracket", "disposable income", "ratepaying", "custom", "assessor", "tehsildar", "overwithhold", "tax return", "overtax", "franking", "taxing", "procurator", "metic", "scot", "tax collector", "assessment", "tax cut", "antichurning", "taxpaying", "taxpayment", "surtax", "nontax", "futa", "value added tax", "tax rate", "misdeclaration", "flat tax", "customs", "countervailing duty", "hidden tax", "hearth tax", "pasty tax", "tax avoidance", "withholding", "revenue bill", "central excise", "opgaaf", "taxable income", "social security number", "deductee", "hypertax", "paying government", "bonification", "chop", "untaint", "taxgathering", "stackage", "net pay", "quarterage", "stuffing", "gatherer"], ["break", "crush", "destroy", "actio", "hit", "breaking", "hulk", "pumpkins", "hitting", "voverwhelming", "smashed", "smashproof", "smashing", "unsmashable", "overhead", "wham", "vsexual intercourse", "smasher", "shatter", "bankruptcy", "smash up", "blooter", "squish", "hard", "crash", "squash", "destructio", "like", "flatte", "demolish", "beginning", "tennis", "pieces", "violent", "hit hard", "break something", "car", "violent actio", "mashing", "apart", "smithereens", "pulverize", "band", "pumpkins band", "breaking things", "movement", "punching", "pound", "crush destroy", "stuff", "dropping", "instant potato", "potato", "instant", "up", "break up", "break apart", "wreck", "violently", "glass", "break glass", "cans", "destructive", "break pieces", "pumpki", "tiny", "tiny pieces", "crushing", "loud", "like squash", "like crash", "accident", "car accident", "hitting club", "club", "knock together", "knock", "together", "hitting something", "bash", "like bash", "incredible hulk", "incredible", "like crush", "hitting hard", "destroying", "hulk activity", "activity", "clobber", "onomatopoeia", "violently break", "smooch", "painful", "forcefully", "breaking stuff", "break forcefully", "event", "hit break", "punching actio", "hitting event", "breaking plates", "term", "hulk actio", "big", "car wreck", "big hit", "wreck destroy", "tennis term", "plates", "hulk break", "flatten cans", "grab", "stroke", "hammer break", "tennis stroke", "hammer", "and grab", "tennis serve", "serve", "mashing pumpkins", "shatter break", "like pumpkins", "blanking", "blanking pumpkins", "crash heavily", "stomp crush", "stomp", "heavily", "hit something", "blow", "hard blow", "hand", "hand actio", "violence", "tennis shot", "shot", "mushing", "flat", "flat stuff", "mushing things", "mashing apart", "breaking actio", "records", "hit records", "potatoes", "little", "little pieces", "squashed", "killing bugs", "killing", "bugs", "hit song", "song", "car crash", "wreck break", "pounding", "collisio", "over", "run over", "ru", "break violently", "sledgehammer", "dropped", "breaking pumpkins", "windows", "breaking windows", "flattening cans", "onomatopoeic", "crushing onomatopoeic", "flattening", "forced", "forced breakage", "breakage"], ["stretch", "actio", "tug", "force", "tow", "door", "doors", "motio", "vligament", "vleave", "pick at", "vimpressio", "tug of war", "tose", "vtendo", "ductile", "hairpulling", "bootstrap", "pullable", "tweak", "draw", "trolley jack", "draw back", "vyard", "pulling power", "vmuscle", "power kite", "pull cord", "cordeling", "hitch", "pulls", "drawth", "updraw", "pluck", "pulling", "pullup", "vdo", "undertow", "contest", "handle", "traction", "chain ferry", "kimedashi", "yank off", "vstrai", "equalizer", "layback", "server", "ball up", "betow", "handcart", "lever", "vfrisbee", "vscore", "dutch hoe", "elongate", "drive out", "towwikten 1", "tugging", "yanker", "twang", "attractive", "retract", "vremove", "vdraw out", "pull in", "unpulled", "counterpull", "vforce", "heave ho", "attract", "vstatio", "twinge", "towback", "knob", "tugboat", "backstroke", "tension", "big boy pants", "suction", "lug", "underdrag", "tugginglyr", "vretrieve", "vtoward", "bridle", "vemulate", "pull off", "peotillomania", "big girl pants", "drawrod", "pull up", "yeave ho", "client", "cook off", "vextract", "tear off", "vrow", "carucate", "vnon player character", "attractio", "stub", "peanut", "turnout", "whip out", "ring pull", "vpluck", "pull time", "ringing engine", "hairpuller", "lock time", "vperform", "outpull", "hike up", "vpull out"], ["sense", "feeling", "feel", "fingers", "finger", "contact", "hand", "sensatio", "rub", "hands", "senses", "actio", "tactile", "ski", "gentle", "physical", "five", "feeling sense", "five senses", "sensory", "finger sense", "use", "reach", "vwind", "touch football", "vmake", "untouchedlyr", "touchlines", "haptics", "astereognosis", "vscrofula", "tasto", "vspeech", "vellicate", "harsh", "nontouching", "vallude", "vleech", "penalty kick", "graphesthesia", "deflect", "vmeet", "vclose", "haphephobia", "seismonasty", "land mine", "counter", "thermoanesthesia", "multi touch", "lemniscal", "tactuallyr", "untouchable", "wall kick", "vconcer", "vstop", "vcontact", "betouch", "tender handed", "interosculate", "tender handedr", "mistouch", "taction", "tactilelyr", "audiotactile", "clearr", "pretouch", "vapproach", "vhands", "osculant", "prodwikten 1", "lip", "tactition", "vharm", "sentics", "atopognosia", "intactible", "brush", "intactable"]], "/r/UsedFor": [[], ["bag artifact stative", "bucket artifact stative", "bowl artifact stative", "cane artifact contact", "package group stative", "bin artifact stative", "basket artifact stative", "gravy boat artifact stative", "kettle artifact stative", "aquarium artifact stative", "box artifact stative", "bed artifact stative", "barrel artifact stative", "cup artifact stative", "counter artifact contact", "beam artifact contact", "mug artifact stative", "glass artifact stative", "envelope artifact stative", "dish artifact stative", "bottle artifact stative", "crutch artifact contact", "jar artifact stative", "leg artifact contact"], [], [], [], [], [], [], [], [], [], [], [], [], [], [], [], [], [], [], [], [], [], [], [], [], [], [], [], [], [], [], [], [], [], [], ["open door", "hold tool", "pulling", "carry", "gripping", "carry purse", "hang onto", "opening door", "lifting", "put in motio", "carrying things", "open drawer", "holding onto", "carry object", "make easier to carry", "turn on water", "manipulate"], [], [], [], []]}, "/r/UsedFor": {"/r/RelatedTo": [["call", "writing", "cut", "gentlemen", "riding hood", "gentlemen's", "used", "take", "usable", "ladies", "gents", "paint", "touch", "smell", "wash", "force", "pseudonym", "vdrug", "uses", "sycee", "privy", "pragmatics", "claim", "vemploy", "tintinnabulum", "powder room", "house of lords", "resource", "ancestral name", "nose", "operable", "acronymist", "dactylology", "slop bucket", "powder one's nose", "little boys room", "hunting lodge", "geography", "use tax", "leap year", "daikon", "sockpuppetry", "bestow", "shoehorn", "earthly branch", "unserviceable", "etc", "no good", "squilla", "heavenly stem", "rosary", "toilet", "diastole", "vbenefit", "one sidedlyr", "usefulness", "nonuse", "women's", "vaddicted", "misuser", "bedshare", "wheelchair", "mint par", "earth closet", "buffer zone", "lessee", "men's room", "hire out", "time use", "lord", "acronymania", "comma", "fisherman", "shithouse", "throne", "great primer", "active vocabulary", "triple whammy", "u o", "bikeshare", "substantivise", "radiotelescopy", "greenhouse", "allonym", "docket", "destine", "dak bungalow", "shouse", "engage", "portable", "manipulation", "convert", "underuse", "campana", "nonusage", "commandeer", "sociopragmatics", "utilise", "use restroom", "little girls room", "usuallyr", "tower", "leverage", "decimal point", "rooster", "liberate", "partitive ablative", "cestuy que use", "partitive dative", "vused to", "employ", "standing order", "over", "cannulate", "usance", "reusable", "armed conflict", "vstand", "right of first refusal"], ["grasp", "grasping"]], "/r/UsedFor": [["grab"], ["reaching things", "dumpster dive", "grab things", "grab stuff", "getting things cannot reach", "get hold of things", "grasping things", "grab", "holding on to", "lift things"]]}}}}