{"spread": {"N1": {"/r/RelatedTo": ["butter", "propagandization", "clart", "commodity", "price", "clarifier", "preserve", "magazine", "instrew", "material", "linemaker", "baba ganoush", "peanut butter and jelly", "respread", "hydrochorous", "pour out", "patulous", "gene drive", "marmite", "wildfire", "item", "page", "wide open", "fearmonger", "inmate", "strewing", "split", "ramifiable", "numerical", "buntingwikten 1", "barnumize", "cancerostatic", "point", "antispread", "viruslike", "food", "standard deviation", "firewall", "setout", "vegetate", "epizoochorous", "catch", "transmit", "depth", "point shaving", "myrmecochorous", "discontinuous", "epidemiology", "pervade", "apple butter", "over under", "sarcomatosis"], "/r/UsedFor": [], "/r/LocatedAt": [], "/r/FormOf": ["spreadeth", "spreadedst"], "/r/IsA": ["jam", "margarine food", "marshmallow fluff food", "invasion medicine event", "decentralization act", "nut butter food", "tahini food", "onion butter food", " attributegirth attribute", "cheese spread food", "fishpaste food", "hummus food", "center spread communication communicatio", "anchovy butter food", "centerfold communication communicatio", "diffusion mythology event", "tapenade food", "dispersion event", " actextension act", " eventchange of location event", "miso food", "pate food", "garlic butter food", "peanut butter", "jelly", "circulation act", "radiation event", "scatter act", "pimento butter food", " communicatiopage communicatio", "irradiation physiology event", " foodcondiment food", "peanut butter food", "shrimp butter food", "lobster butter food", "dispersion act", "yeast extract spreadopencycspread food", "opencycspread foodfood ingredient", "margarineopencycspread food", "opencycspread foodcondiment", "mustardopencycspread food", "opencycspreading over wide expanse of spacechange location"], "/r/PartOf": [" communicatiopublication communicatio"], "/r/HasA": [], "/r/CapableOf": [], "/r/AtLocation": [], "/r/HasProperty": [], "/r/CreatedBy": [], "/r/Synonym": ["spreading act", "a dispersed ", "v contactunfold contact", "spread out motion motio", " artifactbedspread artifact", " attributescatter attribute", "spread head communication communicatio", "distribute contact", "expand", "spreading event", "spreadhead communication communicatio", " attributegap attribute", "propagate contact", "overspread stative", "v communicatiogo around communicatio", " foodbanquet food", "v motiodiffuse motio", "scatter motion motio", "facing pages communication communicatio", "v communicatiocirculate communicatio", " artifactranch artifact", "a outspread ", "paste food", "smear", "straddle", "put about", "vput about", "vdisseminate", "vpropagate"], "/r/LocatedNear": [], "/r/SimilarTo": ["prepared a ", "a prepared ", "vapply"], "/r/MadeOf": [], "/r/ReceivesAction": []}, "N2": {"/r/RelatedTo": {"/r/RelatedTo": [["bread", "margarine", "yellow", "dairy", "spread", "milk", "toast", "unbuttered", "churning", "tartine", "cannabutter", "renovated butter", "thrusting", "teacake", "butters", "butter slide", "milkhouse", "knob", "buttering", "heavy cake", "wing sauce", "buttered", "butter salt", "churn", "slipcoat", "hollandaise sauce", "duxelles", "dutch hand", "churner", "shortening", "tarte tatin", "soupe maigre", "alfredo", "scotch hands", "whipped butter", "blini", "butyrous", "buttercream", "kailkenny", "marquise", "brown butter", "tablet", "makhani", "cumberland rum butter", "chicken kiev", "depression cake", "knob of butter", "pinch cake", "soldier", "valerin", "toffee", "prebuttered", "r\u00f6sti", "choux pastry", "whitepot", "bread and scrape", "butterlike", "pineapple cake", "bath oliver", "ma\u00eetre d butter", "crempog", "searcher", "butterless", "butterwoman", "grilled cheese", "beurre mani\u00e9", "butterable", "butter tart", "roux", "butterburger", "moonshine pudding", "sweet butter", "nonbuttered", "shortbread", "torma", "pound cake", "butteroil", "brown sauce", "bordelaise sauce", "lemon curd", "bog butter", "caprylic acid", "herb butter", "primrosing", "genoa cake", "buttermilk", "butterer", "aarti", "sacher torte", "pancake", "butter muslin", "butterman", "hard sauce", "corn oyster", "icebox pie", "spreader", "oyster rockefeller", "butterball", "bean pie", "caf\u00e9 de paris sauce", "butterscotch", "p\u00e2te bris\u00e9e", "scalloped oyster", "white sauce", "dough", "butterhorn", "colcannon", "karelian pasty", "myristin", "acetoin", "b\u00e9chamel sauce", "butyric acid", "shorten", "steak diane", "potted shrimp", "pommes anna", "butter tea", "fairy butter", "wikten 1milk", "buttermint", "butter curler", "butter paddle", "burgoo", "butyraceous", "shortcake", "clouting", "nantua sauce", "butanoic acid", "food", "product", "cream", "churned", "milk product", "dairy product", "lard", "roll", "cooking", "cor", "bread spread", "oil", "bread and", "on toast", "like", "like margarine", "produce", "oleo", "made", "dairy produce", "milk made", "margarine spread", "yellow cream", "fat", "animal fat", "animal", "on bread", "spreadable", "yellow lard", "toast spread", "isle", "dairy isle", "and bread", "colour", "yellow colour", "cook food", "cook", "drop", "kitchen oil", "kitche", "solid", "solid milk", "cows", "from cows", "toaster", "bagels", "on bagels", "yellow milk", "churned dairy", "churned milk", "with bread", "sandwich", "pa", "dairy spread", "churned cream", "smooth as", "jelly", "smooth", "jar", "popcor", "rudder", "salted", "yellow spread", "lightly salted"], ["propaganda", "spread"], ["fool", "daub", "vmud", "mire", "mud", "vsmear", "vdirty", "vdaub", "vspread", "filth", "clarts"], ["handcart artifact", "undifferentiated", "large scale", "banana republic", "sands of time", "sold", "realwikten 1", "coal train", "in kind", "decommodify", "dry measure", "oversold", "quote", "good", "commodity meat", "multicommodity", "revalorization", "oligopoly", "merchandise", "oligopsony", "spread", "basic", "overcapacity", "market anarchy", "utility", "deaverage", "short sale", "price signal", "commoditize", "primary", "futures market", "commodities", "operate", "brand", "equilibrium price", "commoditization", "commerce", "provider", "stumpage", "pinch point", "useful", "traffic", "commoditise", "raw material", "energyware", "commoditized", "movable", "decommodification", "biocommodity", "bought", "valuable", "advertisement", "stopper", "corner market", "profit margi", "spot market", "corner", "mongerer", "commodify", "backwardation", "agricultural", "arbitrage", "financial market", "middlings", "coemption", "product", "exchanges", "commodity exchange", "lastwikten 4", "refined", "retracement", "merit good", "actuals", "ownable", "monger", "oil", "gas", "gold", "crop", "scarce"], ["cost", "tag", "amount", "value", "money", "sale", "item", "how", "number", "much", "paid", "monetary", "how much", "item cost", "dollar", "tags", "priceless", "on tag", "store", "selling", "amount paid", "cost tag", "dollars", "measurement", "items", "buying", "sticker", "cost of", "purchase", "monetary value", "money amount", "pay", "rate", "stores", "gouge", "natural price", "take tumble", "cheap", "possessio", "remainder", "erp", "hedge", "pricing", "greeks", "underrate", "mark do v", "quote driven", "planned economy", "sales tax", "retracement", "long figure", "candlestick chart", "rice", "low cost", "comparison shop", "taxi fare", "engrosser", "mid priced", "bill of parcels", "blue plate special", "ouch", "overprice", "rack rate", "hemline theory", "energy crisis", "bread and butter issue", "fair value", "how muchr", "one touch", "carbon county", "rip off", "misprice", "wide open", "vickrey auction", "cooperage", "triple lock", "freightage", "dgammadspot", "bull trap", "spoilsmonger", "require", "below", "prices", "reece", "loserboard", "quote", "spark spread", "top dollar", "going rate", "wisconsi", "reserve price", "price current", "fiar", "farmgate", "nuisance tax", "initial coin offering", "knockdo a", "homestay", "valorize", "retailr", "marmitegate", "buy straw hats in winter", "technical analysis", "shrinkflation", "superhedging", "joint", "repricing", "normal good", "vdetermine", "omega", "wasting investment", "mates rates", "neoclassical", "equivalent variation", "subhedging", "lookback", "oligopsony", "price match", "bottom fishing", "it's too expensive", "support level", "underpriced", "overshift", "bear hug", "price floor", "diamond water paradox", "mark up", "street value", "strike price", "pricer", "knockoff", "long price", "deaverage", "rrp", "dollar day", "county seat", "fancy stock", "black market", "accumulation", "price control", "rees", "duopsony", "extramarginal", "on offer", "cost mark", "priced", "price tag", "strap strategy", "prize", "premium", "midprice", "price war", "pm", "gamma of", "cross vanna", "at loss", "pile it high sell cheap", "purchasing power parity", "warehouse club", "dead cat bounce", "dumping", "outprice", "price list", "reprice", "table d h\u00f4te", "quotation", "comparison shopping", "predatory pricing", "donkey bid", "lofewikten 2", "change order", "pay one's dues", "agflation", "knock do v", "low priced", "undershift", "deed", "correction", "priceable", "rangebound", "upr", "price discriminate", "haggle", "closeout", "standard fare", "storage", "shopping bot", "spread betting", "cut price", "advance", "gift receipt", "catching bargain", "color", "downside", "clearance", "backwardation", "escalator clause", "scalping", "sprained", "mrp", "nonprice", "odd lot", "fair market value", "mohatra", "stop loss order", "tariff", "whipsaw", "menu cost", "redemption value", "chalk for cheese", "expensive", "agistment", "gamma", "dgammadtime", "corner", "undercut", "price discrimination", "t\u00f6rnqvist index", "panic buying", "unpriced", "stock market index", "futures market", "dollar store"], ["vessel", "clarify", "subsider", "clarification", "spread", "yaw", "clarificatio", "card"], ["jam", "keep", "jelly", "save", "preservation", "preserver", "preservative", "fresh", "fruit", "keeping", "keep fresh", "maintai", "jam jelly", "conservation", "confiture", "ensile", "dried fruit", "preserving pan", "confection", "museumize", "smoked", "bellyband", "keepability", "lowpass", "preserving", "morita equivalence", "plastination", "frozen food", "sulfur", "pickled punk", "treatment", "vkeep", "killing field", "konfyt", "sweet", "candied", "kyanize", "haramaki", "preservable", "conservable", "run out clock", "reservatio", "carbolineum", "unsmoked", "peacekeeper", "unionistic", "smoke", "put by", "sarangousty", "expendable", "safekeep", "preserveth", "ghost sign", "shooting preserve", "juristic act", "headhunt", "preservest", "powellize", "duplicate", "preserved", "cross ratio", "enshrine", "nonpreservation", "conformal mapping", "salt away", "lemon curd", "arenicolite", "activity", "embed", "ecosanctuary", "formalin", "stuff", "highpass", "fixative", "access", "nature preserve", "mahal", "mink oil", "deparaffinized", "pascalization", "vprotect", "brine", "shunamitism", "ephemera", "energy", "ensilage", "preserves", "preserving glass", "cheshirization", "orthogonal", "chemopreservation", "cinerary urn", "keep from", "sahih", "varenye", "leafcasting", "quick freeze", "nonpreserved", "cryopreserve", "amchur", "succade", "paynize", "orthonormal", "gulkand", "brandy", "payne's process", "serve", "tithingman", "spread", "preparation", "keep up", "curer", "indemnification", "restricted", "murabba", "food", "jelly jam", "canning", "nature", "saving", "safe", "area", "strawberry", "keeping fresh", "nature area", "embalm", "type", "like jam", "like", "toast", "actio", "longer", "keep safe", "mummificatio", "persevere", "making", "protect", "quality", "make", "jams", "wildlife", "strawberry jelly", "jar", "jam type", "safe keeping", "fruit product", "product", "kept", "jelly making", "canning fruit", "keeping food", "strawberry jam", "keep quality", "save keep", "pickle", "good", "keep good", "park", "adding salt", "adding", "salt", "pee", "conservatio", "intact", "flavor", "keep intact", "technique", "jelly technique", "embalming", "keeping things", "saving something", "maintain state", "state", "bottling fruit", "bottling", "make jam", "jam pickles", "pickles", "freezing", "canning freezing", "life", "extend life", "keep fruit", "extend", "jelly type", "fruit jam", "save things", "save maintai", "keep pristine", "mummification is", "pristine", "space", "nature space", "animals", "i", "cooked fruit", "cooked", "jam making", "existence", "prolonged", "prolonged existence", "make longer", "nature place", "place", "sweet jelly", "refuge", "wildlife refuge", "archeology", "red", "toast spread", "lasts", "lasts longer", "in jar", "maintain quality", "crushed fruit", "crushed", "storing", "jam thing", "nature saved", "saved", "beginning", "jars", "sugar", "doing what", "what", "doing", "foods", "forever", "jellies", "jams jellies", "marmalade", "conserve", "bread spread", "fruit conserve", "bread", "buck", "fruit longer", "maintaining", "onto", "jam cooking", "holding", "holding onto", "cooking", "determinatio", "saving food", "conditio", "fruit canning", "pervert", "maintain conditio", "keep unspoiled", "unspoiled"], ["article", "cover", "periodical", "book", "glossy", "city", "stripper clip", "automatic rifle", "pulp magazine", "magalogue", "nonmagazine", "derringer", "lad mag", "fanzine", "jazz mag", "house organ", "playmate", "reading material", "teenzine", "clubzine", "make up artist", "promag", "frontispiece", "type in", "voguette", "newsmagazine", "filler", "insert", "dog ear", "magazinist", "cyberzine", "covermount", "cover girl", "center spread", "lightroom", "centerfold", "publicatio", "thompson submachine gun", "adverticle", "stove", "platform", "illustrator", "bookazine", "contributor", "organ", "country", "back number", "newsstand", "stfzine", "comic book", "webmag", "fold", "academic", "tell all", "baquote", "newstrade", "coffee table", "magazineless", "canterbury", "columnist", "spread", "magazinelike", "armamentary", "charger", "contemporary", "district", "desk rejection", "welrod", "webzine", "syndicated", "store", "multimagazine", "magazineland", "biblezine", "trade magazine", "staggers and naggers", "catalogue", "dinkus", "center", "vogue", "e magazine", "tv guide", "property porn", "newsagent", "photo romance", "battery", "speed loader", "powder monkey", "newsroom", "natural product", "blogzine", "catazine", "e version", "fanmag", "partwork", "decoupage", "tit mag", "supply", "litmag", "magaziner", "prozine", "hate read", "carrier", "ammunitio", "bacover", "polybag", "horrorzine", "impressum", "pictorial", "modesty bag", "top shelf", "storehouse", "subscribe", "copy", "coverline", "barbette", "e zine", "round", "reservoir", "pass box", "girlie magazine", "shop", "chamber", "speedloader", "stfanzine", "marketing", "back issue", "magazining", "rocket pod", "playboy", "pulp", "gatefold", "headline", "journal", "news correspondent", "firearm", "back page", "porno mag", "printed matter", "journalese", "typesetting", "flexi disc", "small ad", "camera", "news", "issue", "fashio"], ["vscatter", "vspread"], ["wood", "wool", "cotto", "silk", "glass", "metal", "paper", "wax", "book", "sand", "ti", "paint", "bone", "soap", "substantial a ", "a substantial ", "oak tag", "knitting", "board", "stone", "fabric", "substance", "flag", "felt", "cloth", "rubber", "copier", "deceit", "cloaca", "sample", "swab", "histic", "testpiece", "ribonucleic acid", "minecart", "unembodied", "parent", "streamer", "coextrusion", "black smoker", "twist drill", "distance learning", "astroturf", "mounding", "shatterbox", "matter", "barracan", "tabwikten 1", "osascomp", "pseudosacrifice", "papeterie", "frit brick", "temper", "substantival", "chimney flashing", "antiozonant", "concrete term", "materiomics", "saprophagy", "supermaterial", "throw away", "kleptomania", "carnography", "polyester", "magnetoresistor", "explodium", "lithograph", "martinism", "immunization", "writing board", "undercut", "upholstery", "bingham plastic", "heterophilia", "paduasoy", "adulteration", "companionate marriage", "people", "thermodynamic temperature", "basis", "slate", "archeomaterial", "weaving", "intramundane", "idiochord", "sanitary napkin", "qualified", "summary", "odorivector", "jing", "tignon", "dematerialize", "e skin", "rib", "nonmaterial", "permeameter", "courseware", "printing", "abradant", "moh", "recitation", "colorway", "plugging", "alloplast", "coursepack", "thermion", "rattinet", "wagga", "piezoelectric", "materiel", "endogenote", "document", "fragmentizer", "polyvinyl acetate", "spankavision", "specification", "pele's hair", "mineralogy", "photoautotroph", "treehouse", "human genome project", "materialled", "data", "copy editor", "wallboard", "pulu", "variation", "aworldly", "tinselry", "production line", "specime", "unworldly", "production value", "outsert", "hematine", "lidding", "typesetting", "skirting", "quantum dot", "moff", "glassify", "polepiece", "brinelling", "micronisation", "fouling", "vitrage", "spiritual world", "aspiritual", "spangle", "self test", "conveyor", "new car smell", "amorphus", "inlay", "epiphenomenalism", "geopolymer", "differential thermal analysis", "ram", "airfall", "asomatous", "fanstuff", "study", "hopper wagon", "sqrrr", "baize", "tabinet", "micromaterial", "humisol", "seam allowance", "copy paste", "biofiltration", "chinstrap", "cinder", "beadboard", "matterful", "inertinite", "typeset", "permeability", "insulite", "headcloth", "backhaul", "bulk density", "kleptoparasitism", "seston", "xysma", "material witness", "quilt", "neutronium", "subshot", "dopant", "winceyette", "gobbin", "middle lamella", "mineral", "width", "cargo", "audiovisualist", "carmelite", "videolibrary", "plastometer", "objective", "weatherstrip", "minislice", "transmissive", "compound curve", "charpy impact test", "water hugging", "blogspam", "bumf", "vook", "disembodied", "spiritual", "critical apparatus", "upcycling", "pultrusion", "malassimilation", "hydraulic conductivity", "dictionary", "incorporeal", "chemical substance", "inanity", "photodegradation", "critical mass", "kompromat", "backup", "transcendent", "dunnage", "mathematicalism", "upcycled", "dumper", "remblai", "cybrary", "printed matter", "thin layer chromatography", "materials", "scaffold", "infeed", "bandage", "exudant", "hurtcore", "fodder", "supersack", "scotophor", "autoerotica", "spread", "protologue", "osmium tetroxide", "writte", "papercrete", "plasmon", "constringence", "unmaterial", "earthship", "hardgoods", "make bricks without straw", "nanocomposite", "berlin shop", "regeneration", "stuffed", "stratum", "maril", "grubstake", "abhidharma", "knitwork", "body", "recall", "gasproof", "mattersome", "work blue", "flounce", "fiber", "backing", "embryotroph", "frocking", "grindery", "biolysis", "immaterialism", "heterochromatin", "sandcrete", "inset", "crossover", "inscribed matter", "bulldog", "sempiternum", "copy edit", "bioconcretion", "shove something down someone's throat", "roundpole", "window covering", "micromorph", "transcendence", "powder puff", "brains", "gyratory crusher", "plantstuff", "cardboard", "macroindentation", "edged", "mind", "thingly", "railhead", "townsend deprivation index", "abrasive", "candoluminescence", "cutinization", "vitrification", "fibreboard", "litter", "filleting", "mammon", "metamaterial", "meldometer", "shape memory alloy", "corrugated iron", "plasticator", "waste picker", "clipsheet", "waterproofing", "azonal", "insulant", "pyrolysis", "materials science", "build", "materialness", "dendroarchaeology", "asignificant", "modulus of rupture", "typescript", "electrotransformation", "conductive", "pragmatize", "purusha", "blinker fluid", "handwavium", "sieve", "landfill", "vote buying", "intangible", "wasteway", "reprographics", "quick vinegar", "germline", "mudgut", "corticine", "junction", "triboelectric series", "pabulum", "qiana", "water content", "deuterogenic", "materiallyr", "plastic explosive", "rattan"], ["line", "set", "employee", "gambling", "spread", "establishment"], [], [], ["vspread"], ["adisperse", "aseed", "aspread", "awater"], [], ["aexposed", "patulouslyr", "aspread", "aope", "patulousness"], [], ["earthenware", "toast", "marmiting", "cooking pot", "marmites", "yeast extract", "spread", "marmitey", "sandwich", "marmited", "cenovis", "love", "hate"], ["conflagratio", "bushfire", "waterbomber", "hotshot", "smokejumper", "smoke jumper", "spreading", "uncontrollably", "ski", "fire whirl", "red flag warning", "spread", "byzantine fire", "disease", "fire beater", "wildland", "brushfire", "wildfires", "veldfire", "serotinous", "erysipelas", "megafire", "backburn", "fire", "pyrocumulonimbus", "quickly", "rapidly", "fire load", "greek fire", "firefront", "smokechaser", "air pollutio", "remote sensing", "disturbancewpecology", "deforestatio", "particulates", "combustio", "firefighting"], ["price", "toy", "plate", "cake", "product", "article", "card", "cost", "bread", "soap", "unit", "pick up", "creature comfort", "decorate", "remixture", "gift from gods", "cricketana", "pick of litter", "filter", "populate", "domain", "unigram", "airmail", "picking", "library catalog", "interitem", "intimacy", "multiselect", "apples and oranges", "object", "big enchilada", "fedex quest", "militariana", "entry", "rubbish", "itemization", "loot box", "book value", "bondiana", "deskscape", "subitem", "skipping rope", "band", "content key", "issue", "k hed", "fivegram", "solder", "itemset", "compendium", "alaskana", "hotlist", "piece of furniture", "multiitem", "any other business", "gold farming", "freight", "key fob", "feature", "checkout", "vitemize", "line", "concession", "incidental", "primacy effect", "text", "enqueue", "damaged goods", "agenda", "best of bunch", "itemed", "urban furniture", "backtime", "serial comma", "rummage sale", "dressing go ", "coefficient", "umbrella term", "flea circus", "filch", "unshift", "ninja", "basket", "posting", "douceur", "check out", "write off", "litter", "genizah", "collect em up", "infoset", "haul", "answers", "craft", "bill of parcels", "asking price", "dro v", "tooltip", "go", "going once twice sold", "questio", "kawaii", "hypebeast", "remainder", "test", "stylize", "items", "bill of goods", "menu item", "picklist", "accretion", "filament tape", "total revenue", "sequence breaking", "prototype", "sku", "fourgram", "sternberg task", "inventory", "shakespeareana", "grocer", "this that and other", "shopgrift", "spread", "newspaper", "multidata", "authoring", "freezer", "failure", "disneyana", "bits and bats", "airmails", "itemize", "legal", "semimanufacture", "dira", "postage", "tag sale", "todo", "population", "vnote", "child", "spawn point", "kiwiana", "foreach loop", "collection", "kipple", "book", "bed", "ball", "fact", "eye", "letter", "board", "dress", "bell", "napki", "produce", "sock", "property", "drop", "single", "single thing", "art", "leaf", "shell", "seed", "reward", "trick", "cross", "transport", "point", "coat", "ornament", "bullet", "stitch", "garde", "nose", "coffi", "chair", "account", "cigar", "one unit", "door", "another", "apple", "buy", "paper", "antique", "tool", "need", "productio", "pie", "value", "thing", "one thing", "bat", "detail", "deductio", "specime", "machine", "ear", "watch", "quality", "charm", "seat", "task", "kernel", "part", "egg", "bone", "concer", "tree", "clock", "key", "cloud", "glitter", "page", "prop", "individual", "mat", "bra", "chalk", "rock", "ring", "copy", "hazard", "roll", "crop", "money", "food", "shield", "tie", "box", "ca", "fix", "pants", "sponge"], ["book", "paper", "sheet", "books", "tur", "part", "leaf", "book part", "writing", "piece", "single", "in book", "in books", "number", "book leaf", "numbered", "book paper", "unit", "book sheet", "paper sheet", "numbers", "white", "single paper", "book unit", "single sheet", "one sheet", "page do v", "pagewise", "overleafr", "pop up", "p", "ternion", "yeoman", "bite", "vwikten 1mark", "from cover to coverr", "boxout", "corflu", "vwikten 2call", "paige", "pages", "videotex", "typehead", "typewheel", "signature", "pagewiser", "pageless", "paginate", "paginated", "paging", "wikten 1leaf", "streamer", "henchboy", "sheet of paper", "wikten 1length", "bubblejet", "single serving site", "viewlet", "deep linking", "black fax", "breadcrumbs", "vwikten 2public address system", "verso", "daisywheel printer", "wikten 1paper", "uncut", "bastard title", "lithotypy", "exercise book", "back page", "speedy delete", "pagemealr", "pagelike", "arizona", "endleaf", "multipage", "recto", "sketchbook", "cropmark", "orphan", "endboard", "pagination", "stephanus number", "header", "jump page", "desktop publishing", "spread", "justified", "18mo", "typeball", "duodecimo", "stub", "ceefax", "page up", "page fault", "twelvemo", "pageful", "double page spread", "textblock", "page wire", "volti", "tear sheet", "dog ear", "reverso", "front page", "interleave", "slide", "tipsheet", "endpaper", "pageboy", "wikten 2snap", "bodkin", "unpaged", "oklahoma", "wikten 2errand", "running headline", "interpage", "foliation", "fat fantasy", "footnote", "paginal", "red link", "wiki markup", "microsite", "yapp", "gatefold", "upmaker", "wikten 1bind", "book of condolence", "widow", "folio", "midpage", "headpiece", "orientation", "memorandum", "pagehood", "column", "dogear", "errata", "mispaging", "north dakota", "footboy", "justify", "frontispiece", "sketch pad", "prepaging", "wikitext", "illuminate", "collate", "portal", "memory page", "nonpaging", "paged", "contents", "flyleaf", "half title", "nebraska", "printwheel", "vwikten 2pager", "flat", "inside", "turning", "cover", "reading", "inside book", "sheet paper", "component", "book component", "part book", "text", "letter", "sectio", "book piece", "writte", "margi", "two", "element", "piece paper", "writing o", "square", "written o", "rectangle", "one", "paper piece", "book element", "numbering", "one paper", "many", "corners", "paragraphs", "turner", "book turner", "sides", "two sides", "leaves", "material", "print", "numbered paper", "book sectio", "flat paper", "book content", "content", "wood", "side", "paper leaf", "writing medium", "medium", "of paper", "one piece", "ingredient", "book ingredient", "white paper", "binders books", "binders", "turned", "refresh", "sheet number", "its numbered", "its", "book slice", "slice", "made", "from book", "book leaves", "piece book", "book parts", "parts", "book compositio", "compositio", "flat white", "thing", "book material", "one two", "making", "making book", "feature", "book feature", "copy", "you tur", "assistant", "papers", "book papers", "sheaf", "junior employee", "employee", "junior", "number of", "individual", "individual paper", "single writing", "servant", "divisio", "knave", "knave servant", "book divisio", "one thing", "guitar zeppeli", "descriptio", "guitar", "zeppeli", "chapter sectio", "within book", "chapter", "book contains", "for writing", "contains", "withi", "rectangular", "bottom", "what", "turning what", "numbers bottom", "next", "like paper", "like", "inside books", "word", "thi", "one i", "has", "guts", "book guts", "book has", "trees", "single book", "many paragraphs", "magazine", "paper side", "documents", "pass", "sheet pulp", "pulp", "square paper", "congressional", "congressional inter", "inter", "one of", "books sectio", "colum", "introductio", "describing", "tree", "from tree", "functio", "product", "lots of", "wood product", "lots", "turn it", "beeper", "beeper functio", "wedding", "wedding boy", "boy", "printed", "landscape", "printed o", "one part", "of book", "written sheet", "mark", "many blanks", "blanks", "each", "each sheet", "read one", "number paper", "read", "paper made", "website", "many of", "jimmy", "one side"], [], ["alarmist", "fearmongering", "raise", "fearmongers", "spread", "alarm", "fear"], ["conjugal visit", "club fed", "guest", "inmates", "cellblock", "confine", "convict", "grypsera", "priso", "hospital", "campus", "featherwood", "collegian", "cutter", "collegiate", "general population", "hotel", "custodialism", "fuck boy", "peckerwood", "spread", "lodger", "borstalian", "jail cell", "death row", "patient", "coinmate", "institutio", "solitary confinement", "prison gang", "student", "cryoprison", "prisoner"], ["scatter", "bestrew", "strewings", "vstrew", "spread"], ["divide", "divisio", "cut", "splittie", "split finger fastball", "demi", "disunite", "rive", "split key", "split stroke", "adivided", "diastematomyelia", "slide", "time", "official ira", "periodize", "dehisce", "splitter", "prechunk", "unsplittable", "cleft stick", "split shot", "agroup", "riving", "fragment", "rupture", "sheep split", "vpeach", "distitarsus", "schizencephalic", "vbreak up", "adirect product", "deal", "tensile", "vfactor", "spelder", "fissiparous", "plug and feather", "treeness", "slat", "separate", "imux", "divided", "divorced", "bull moose", "supercontinent", "thickness", "aeighth", "tur", "laminable", "splitting", "vseparate", "intermediate", "siloization", "shake", "outfeed", "regioning", "quasisplit", "splits", "snake fence", "splittist", "stress", "splittable", "champagne", "hyperplane", "spirit", "separatio", "resplit", "riving knife", "fissile", "wood hewer", "kittee", "spitchcock", "atomic", "cleavage", "fault line", "speedru", "vdivide", "frowey", "race", "maneuver", "fifth", "tabular", "political party", "riven", "asixteenth", "splitless", "vshare", "fissurate", "breach", "ruptile", "crack", "specific", "swedish torch", "watap", "cotorsion", "slit", "fox bolt", "refactorization", "meatotomy", "elapsed", "speldring", "rend", "fork", "ski", "y splitter", "scissile", "go dutch", "schizocarp", "skiving", "spread", "separatist", "schism", "schizo", "cladogenesis", "unwedgeable", "card", "splitproof", "croatia", "longitudinal", "cloven", "subvirion", "esterolytic", "word break", "vleave", "unsplit", "cane", "spald", "y jack", "paratomy", "splitted", "stake", "unstring", "provisional ira", "circumscissile", "diffission", "splinter", "fissure", "banana split", "break", "part", "half", "soup", "dessert", "breakup", "banana", "bananas", "dividing", "banana dessert", "sundae", "cream", "ice", "ice cream", "atom", "divide evenly", "evenly", "branch", "cut half", "pull", "apart", "pull apart", "cut into"], ["asubdivide", "acategory", "ramifiability", "afield", "aspread", "abranch"], ["number", "monte carlo method", "seve", "five", "numeracy", "hundred", "anumeric", "anumber", "arithmocracy", "seminumerical", "nine", "nonnumerical", "number crunching", "anumerical", "eight", "madelung constant", "voxel", "alpha channel", "binwidth", "four", "communicable scale", "code point", "color space", "plug and chug", "figure of merit", "readout", "two", "on dot", "apparent magnitude", "second order", "six", "bitscore", "numericalness", "duplex", "numeral", "phenetics", "alphanumericallyr", "symbol", "thousand", "fitzpatrick scale", "histogram", "treadwear", "spread", "siteswap notation", "seismometry", "gematria", "minesweeper", "value", "time signature", "pseudomoment", "three", "numeric", "siteswap", "surface quality", "pictograph", "isopsephy", "box and whiskers plot", "zorch", "fortran", "quasinumerical", "numericallyr", "divide", "fourth", "count", "double"], [], ["vswindle", "vcheape", "vbarnumizatio", "vattract", "vspectacle", "vdumb do ", "vattractio", "vseek", "vexaggeratio", "vco", "vbombast", "vinaccurate", "vhype", "venlive", "vsensationalize", "vcoarse", "vunsophisticated", "ventertainment", "vobtai", "vdeceitful", "vvulgarize", "vostentatio", "vfraudulent", "vfalsehood", "vattentio", "vspread", "vfalse"], ["aspread", "acancer", "adevelopment"], ["tip", "dot", "finger", "sharp", "pencil", "gesture", "pencil tip", "actio", "period", "directio", "points", "line", "arrow", "score", "needle", "sharp tip", "corner", "geometric", "geometry", "finger actio", "coulomb's law", "bladepoint", "midpoint", "bearing", "sharp pointed", "osculatrix", "pointless topology", "hilbert space", "voxel", "microgravette", "pointleted", "vcentral processing unit", "dipole", "intersection", "hyperplane", "detail", "argumentum ad feminam", "digit", "locus", "pertinent", "biangulation", "limen", "pointclass", "hawk", "cumulative distribution function", "coordinate", "sagittate", "dog", "humming top", "hypocycloid", "punctuatimr", "singularity", "run", "ultrametamorphosis", "event", "emerald", "lower semi continuous", "accident", "piled", "vdirect", "short winded", "co\u00f6riginal", "prochoanitic", "position vector", "small pica", "neighborhood", "muticous", "accuminate", "traverse board", "competitio", "punctum", "isopleth", "coordinate system", "minion", "spot", "t", "hitch", "outpoint", "punctator", "bipunctual", "monogenic", "mucronate", "perpendicular", "pointful", "two line brevier", "relevant", "gonion", "symmorphic", "two line english", "straight line", "pointwork", "pointlike", "pointedness", "rvp", "epigraph", "distance", "perilune", "positio", "pilot wave", "space quadrature", "spinning top", "binangle", "glaive", "centre of mass", "well behaved", "foil", "anacoenosis", "cycloid", "factor space", "tercile", "catcher", "otiose", "mouse", "grammaticism", "fielding", "\u03b4 hyperbolic", "mousing", "beak", "pivot", "tertile", "centrolinead", "extreme", "rolle's theorem", "hyperflex", "location", "catacaustic", "open set", "waypoint", "gnathion", "upspear", "speartip", "case in point", "punctate", "faun", "gamerscore", "match point", "vdecimal point", "linestring", "around", "copoint", "crossroads", "hyperbolism", "cone", "punctiform", "parallel postulate", "halbert", "subulate", "quotient space", "troxler effect", "ducktail", "world's end", "perihelion", "quadrilateration", "cover", "double english", "crisis", "zenith", "polygenic", "infinity", "suspension", "fundamental group", "equidistant", "ellipse", "fournier point", "rubber bridge", "vector field", "radical center", "dimension", "benchmark", "spitzer", "hausdorff", "topometry", "ramer douglas peucker algorithm", "single valued function", "finest hour", "vgame", "ferril", "subtangent", "ip", "great primer", "square leg umpire", "deuce court", "bravais lattice", "slant height", "vindex finger", "point mass", "pitcher"], ["aspread"], ["lipoparticle", "avirus", "ainfectio", "aspread"], ["cake", "plate", "rice", "bread", "soup", "chicke", "eat", "cor", "farm", "taste", "egg", "crop", "feed", "salt", "farmer", "drink", "ca", "market", "fish", "grai", "sugar", "ti", "hay", "apple", "ratio", "napki", "foodstuff", "dish artifact food", "bowl artifact ", "menu", "sauce", "party", "refrigerator", "milk", "cereal", "stew", "cook", "roll", "desert", "biscuit", "seed", "steak", "annaprasan", "provender", "zwieback", "mustard oil", "fast food", "undernutrition", "organic", "cheffy", "lactage", "protein", "foodstyle", "foraging", "rice cake", "social insect", "polydextrose", "go large", "locavore", "edibility", "swill", "souper", "dinner", "tabnab", "gastroporn", "snack food", "colewort", "makisu", "liquid lunch", "leverpostej", "bantingism", "rework", "eating habit", "gourmet", "cookshop", "breakfast", "kidney", "bambermycin", "carbohydrate", "fleischig", "cooked", "street food", "microwavable", "papeda", "agri food", "mouthpart", "foodfest", "tuna fish", "predigestion", "cooking pot"], [], ["block", "private", "firewalls", "fireproof", "prevent", "software", "threat", "substatio", "middlebox", "network", "buildings", "traffic", "airwall", "personal computer", "perceive", "gateway", "dmz host", "allow", "middleware", "barrier", "fire", "spread", "monitor"], ["display", "set out", "outset", "spread", "setouts"], ["vegetatest", "vegetates", "vvegetable", "vabnormally", "vegetating", "vspread", "vegetated", "vegetateth", "vgrow", "revegetate", "vsprout"], ["aanimal", "aseed", "epizoochory", "adisperse", "aspread", "aepizoochory"], ["baseball mitt", "sticky fingered", "vshore", "round", "fisherman", "gripping", "fragment", "captor", "vinfect", "mantrap", "anglewikten 2", "vhold", "cough", "vreplenish", "chaptzem", "catcatcher", "vblow", "dodgeball", "bag", "lift net", "vmarry", "music", "vwave", "vtravel", "lime twig", "vgrasp", "hallier", "bawdy", "vtake", "germinate", "wrongfoot", "vinnings", "lasso", "cobweb", "negotiatio", "batfowling", "vserve", "vsnare", "vspread", "trollwikten 3", "vreceive", "slipwikten 3", "lay hold of", "vbreath", "capture", "top edge", "vcatcher", "trawler", "crick", "vhit", "bycatch", "vcatch up", "dolly", "overcatch", "vsnatch", "fish wheel", "payao", "ventrance", "trigger", "inside edge", "vinfectio"], ["transmitter", "aerostable", "communicable", "vdisease", "mule pulley", "vpass o", "backhaul", "message", "unsent", "wireway", "teleradiography", "remit", "send out", "telenursing", "vnews", "vsend", "echoback", "oral tradition", "sender", "autokinetic", "information system", "vreceive", "curtain array", "infectious", "vconvey", "diaphote", "transmat", "conductible", "rabific", "signalling event", "telodynamic", "athermanous", "london smoke", "double", "contagious", "phantom power", "channelize", "coarray", "radio tower", "encapsulate", "diathermanous", "gift giver", "hydrostatic", "transmissivity", "radio signal", "intransmissible", "vsignal", "transponder", "dataphone", "vinformatio", "onsend", "venergy", "transmissionist", "telestereograph", "travel", "brewster's angle", "traditive", "electronic communication", "teleultrasound", "wirephoto", "meteorometer", "monotelephone", "vplace", "mythos", "sahih", "radiosonde", "untalk", "second messenger", "mailgram", "motophone", "diactinic", "oversend", "anopheles", "vmedium", "communicate", "vtransmittal", "epifluorescence", "untransmitted", "e prescription", "teletransmit", "brace", "bovine ephemeral fever", "pascal's law", "monoaminergic", "telemeter", "soundproof", "vcommunicate", "vperso", "hand do v", "narrowcast", "scanning transmission electron microscope", "vimpart", "fleaborne", "traduct", "tropospheric scatter", "vspread", "on air", "broadcast", "beam", "transceiver", "video jukebox", "seedborne", "chronopher", "radiotelegraph", "conductor", "bleam", "outsend", "vtransmittance", "meme", "fax machine", "vtransmitter", "optoisolator", "zoonosis", "block chain", "vinheritance", "insulator", "terminal", "vtransmittant", "bowden cable", "unkey", "keysender", "telecommand", "come in", "vtransmittable", "vmechanism", "adiactinic", "permeability", "carry", "traduce", "infostation", "vforce", "wireless modem", "retransmit", "foodborne", "address", "telautogram", "phonopore", "aerogenous", "connecting rod", "vthing", "pantelegraph", "transmission", "transmitted", "chemical messenger", "text message", "telegraph code", "carrier wave", "biosensor", "folie \u00e0 deux", "transceive", "modem", "propeller shaft", "encapsulation", "vhand do ", "morse", "unicast", "vtransmissio", "telegraphoscope", "transmissionism", "vheredity", "telechirograph", "timeserver", "ozonesonde", "call", "nerve"], ["deep", "bubblegum", "bathylimnetic", "perpendicular", "sport fucking", "chart datum", "unsoundable", "isobathic", "denivelation", "barrage", "one dimensional", "sidth", "oropesa", "laminarian", "continental shelf", "severe", "linear perspective", "chromostereopsis", "nutricline", "snorkel", "three dimensional", "depthless", "precipitable water", "deepsome", "ctd apparatus", "surface", "forties", "palette", "plumb", "distance", "scope", "nitracline", "liquor gauge", "underdefine", "primitive recursion", "hydrobarometer", "bathometer", "bathygraphy", "bathymetry", "soundable", "deep water", "bathophobia", "pseudoscope", "color", "spirograph", "wave shoaling", "narrow", "mesophotic", "eurybathic", "fit rod", "painter's algorithm", "cast", "z buffer", "remote", "intensity", "beaked whale", "dive computer", "fathom", "perspective", "drafted", "pseudoprofundity", "dimensional lumber", "bumper sticker", "fluviometer", "frame drum", "fairway", "poleman", "profundity", "deepmost", "dimension", "overdefine", "netherness", "profound", "tinselly", "rank", "bathos", "pycnocline", "isobathytherm", "abyssal fish", "importance", "fathometer", "spread", "isobath", "underlayer", "third dimension", "high relief", "depths", "deeplyr", "brain candy", "two dimensional", "three dimensionality", "chord", "stenobathic", "cardboarding", "pseudoscopy", "rem rebound", "modeling", "atmospheric perspective", "snow cover", "deepest", "vertical", "shallow", "box", "ocea", "dimensio"], [], ["aseed", "nonmyrmecochorous", "adisperse", "myrmecochory", "diplochorous", "aant", "myrmecochore", "aspread"], ["a broken ", "sporadic a ", "a sporadic ", "broken a ", "step change", "isotachophoresis", "discontinuouslyr", "noncontinuous", "spread", "abreak", "flocculent spiral galaxy", "discontinuity", "quantum leap", "ainterruptio", "adiscontinuity", "wallcrossing", "peakon", "discontinuousness", "phasic", "aintermittent"], ["immunoepidemiology", "epidemiologic", "epidemiological", "ecoepidemic", "microepidemiology", "seroepizootiology", "populatio", "disease", "control", "spread", "serial interval", "geoepidemiology", "epizootiology", "epidemic", "epidemiologicallyr", "science", "neuroepidemiology", "virus", "epidemiologist", "seroepidemiology"], ["interpenetrate", "pervadinglyr", "pervasiveness", "pervading", "pervasive", "pervasivelyr", "pervadeth", "pervadest", "pervasion", "pervader", "pervaded", "pervades", "permeate", "profound", "vspread", "run through"], [], [], ["sarcoma", "spread"]], "/r/UsedFor": [["knife", "flavoring"], [], [], [], [], [], [], ["pass time"], [], ["make drapes"], [], [], [], [], [], [], [], [], ["make sandwich"], [], ["space"], ["writing", "holding printed informatio", "presenting information in newspaper", "indexing contents of book", "print words o", "reading", "write o", "presenting information in book", "holding informatio"], [], [], [], [], [], [], [], [], [], [], ["finger"], [], [], ["eating", "nourishment", "sustenance", "energy", "egg", "buffet", "animal"], [], [], [], [], [], [], [], [], [], [], [], [], [], [], [], []], "/r/LocatedAt": [[], [], [], [], [], [], [], [], [], [], [], [], [], [], [], [], [], [], [], [], [], [], [], [], [], [], [], [], [], [], [], [], [], [], [], [], [], [], [], [], [], [], [], [], [], [], [], [], [], [], [], []], "/r/FormOf": [["buttered", "butters", "buttering"], ["propagandizations"], ["clairt", "clarts", "clarting", "clarted"], ["commodities"], ["pricing", "prices", "priced"], ["clarifiers"], ["preservest", "preserveth", "preserves", "preserved", "preserving"], ["magazines"], ["instrews"], ["materials", "materialled", "materialling"], ["linemakers"], [], [], ["respreading", "respreads"], [], [], [], [], ["marmites", "marmiting", "marmited"], ["wildfires"], ["items", "itemed", "iteming"], ["pages", "paging", "paged"], [], ["fearmongered", "fear monger", "fearmongering", "fearmongers"], ["inmates"], ["vstrew", "strewings", "strew"], ["splits", "splitting", "splitted", "splitten"], [], [], [], ["barnumizing", "barnumizes", "barnumized", "barnumise"], [], [], [], [], [], [], ["firewalled", "firewalls", "firewalling"], ["setouts"], ["vegetated", "vegetates", "vegetating"], [], ["catchest", "catches", "caughten", "catcheth", "ycaught", "caughtest"], ["transmitting", "transmitted", "transmits"], ["depths"], [], [], ["discontinous"], ["epidemology", "epidemiologies"], ["pervades", "pervaded", "pervading"], [], [], ["sarcomatoses"]], "/r/IsA": [["food", "dairy product", "ingredient ofte", "yak butter food", " foodfood food", "clarified butter food", "brown butter food", "meuniere butter food", "stick food", " persocombatant perso", " fooddairy product food", "bendable thing", "pat of butter", "grocery", "solid object", "condiment", "mixture", "homogeneous structure", "spreadopencycspread food", "like solid milk", "yellow", "fatopencycedible fat"], [], [], ["sporting goods artifact", "consumer goods artifact", "entrant artifact", "fungible artifact", "middling artifact", "future artifact", "fancy goods artifact", "object", " artifactartifact", "import artifact", "export artifact", "worldly possession artifact", "drygoods artifact", "merchandise artifact", "shopping artifact", "basic artifact", "salvage possession artifact", "informatio", "agricultural commodity", "newsprint"], [" attributevalue attribute", "highway robbery possession possessio", "spot price possession possessio", "purchase price possession possessio", "support level stock exchange possessio", "valuation possession possessio", " possessiocost possessio", "factory price possession possessio", "closing price stock exchange possessio", "asking price possession possessio", "bid price stock exchange possessio", "death toll attribute", " communicatioreward communicatio", " attributeworth attribute", "stock price", "monetary value", "bond price"], [], ["shooting preserve location locatio", " locatioreservation locatio", " statesphere state"], ["wired", "newsweek", "linux journal", "colour supplement communication communicatio", " artifactsupply chamber artifact", " communicatiopublication communicatio", "redbook", "pulp communication communicatio", "trade magazine communication communicatio", " artifactstorehouse artifact", "comic book communication communicatio", " grouppublisher group", " artifactproduct artifact", "book", "news magazine communication communicatio", " communicatiopress communicatio", "slick communication communicatio", "tecnology review", "educational magazine seriesopencycmagazine series", "news magazineopencycmagazine series", "time", "regional magazineopencycmagazine series", "opencycmagazine seriesperiodicalopencycperiodical series", "childrens magazineopencycmagazine series", "macworld", "journal", "opencycmagazine seriesconceptual work", "adult magazineopencycmagazine series", "political magazine", "mangaopencycmagazine series", "bridal magazine seriesopencycmagazine series", "international magazineopencycmagazine series", "comic book seriesopencycmagazine series", "fastcompany", "opencycmagazine copyperiodicalopencycperiodical copy", "gay and lesbian magazineopencycmagazine series", "svm", "online magazine seriesopencycmagazine series", "opencycmagazine issueperiodical issue", "comic bookopencycmagazine issue", "pornographic magazineopencycmagazine series", "qwpmagazine", "focuswpgerman magazine", "cashboxwpmagazine", "joywpmagazine", "restaurantwpmagazine", "sylphwpmagazine", "punchwpmagazine", "titanicwpmagazine", "ellewpmagazine", "forbes", "blenderwpmagazine", "pentaclewpmagazine", "tabulawpmagazine", "strad", "heavy metalwpmagazine", "panoramawpmagazine", "advocate", "gq", "new yorker", "vanity fairwpmagazine", "melodywpmagazine", "eggwpmagazine", "soundswpmagazine", "residentwpmagazine", "tenniswpmagazine", "shapewpmagazine", "closerwpmagazine", "edgewpmagazine", "black beltwpmagazine", "circuswpmagazine", "biswpmagazine", "blastwpmagazine", "hardcore gamer", "esquirewpmagazine", "searchlightwpmagazine", "glamourwpmagazine", "classic rockwpmagazine", "kisswpmagazine", "interzonewpmagazine", "ok", "acewpgames magazine", "counterpunch", "wiredwpmagazine", "bitchwpmagazine", "optionwpcar magazine", "vibewpmagazine", "seventeenwpjapanese magazine", "commonweal", "mojowpmagazine", "attitudewpmagazine", "outwpmagazine", "junewpmanga magazine", "uncutwpmagazine", "banzaiwpmagazine", "literary review", "trainswpmagazine", "timewpmagazine", "tv guide", "argosywpmagazine", "cheese", "organiserwpnewspaper", "cosmopolitanwpmagazine", "dessertwpmagazine", "wizardwpmagazine", "premierewpmagazine", "locuswpmagazine", "fortunewpmagazine", "sternwpmagazine", "rolling stone", "der spiegel", "vicewpmagazine", "casus belliwpmagazine", "wirewpmagazine", "arch", "playboy", "awake", "slamwpmagazine", "geowpmagazine", "avnwpmagazine", "knickerbocker", "guitar player", "total", "kickerwpsports magazine", "maxwpgerman magazine", "dungeonwpmagazine", "mbwpmagazine", "faustwpmagazine", "mademoisellewpmagazine", "crashwpmagazine", "punkwpmagazine", "mother joneswpmagazine", "popular science", "scientist", "lifewpmagazine", "ariawpmagazine", "trendswpbelgian magazine", "curvewpmagazine", "penthousewpmagazine", "surferwpmagazine", "playwpus magazine", "eveningwpmagazine", "billboardwpmagazine", "bravowpmagazine", "allurewpmagazine", "lala", "europewpmagazine", "developwpmagazine", "monoclewpmedia company", "hustler", "progressive", "chipwpmagazine", "wingswpmagazine", "white dwarfwpmagazine", "mandatewpmagazine", "peoplewpmagazine", "discoverwpmagazine", "playgirl", "watchtower", "incwpmagazine", "voguewpmagazine", "american renaissancewpmagazine", "boyzwpmagazine", "kerrang", "encounterwpmagazine", "flowerswpmagazine", "ecologist", "moneywpmagazine", "globuswpweekly", "varietywpmagazine", "cicerowpmagazine", "playwpuk magazine", "exclaim", "madwpmagazine", "omniwpmagazine", "emmawpmagazine", "old manwpmagazine", "princesswpmagazine", "red herringwpmagazine"], [], ["plastic", "leather", "wood", "plastics", "aluminum", "nylo", "composite material substance", "precursor biochemistry substance", "recycling substance", "toner substance", "wool", "transparent substance", "abrasive substance", "bimetal substance", "ice", " artifactequipment artifact", "sorbate substance", "rock substance", "filling substance", "earth substance", "raw material substance", "adhesive material substance", "radioactive material substance", "elastomer substance", "foam substance", "thickening substance", "packing material substance", "homogenate substance", "aggregate substance", "copy communication communicatio", "rehash communication communicatio", "hazmat substance", "atom substance", "diamagnet substance", "waste substance", "animal material substance", " substancesubstance", "fiber substance", "sorbent substance", " communicatioinformation communicatio", "rind food substance", "sealing material substance", "roofing artifact", "chemical substance", "conductor substance", "insulator substance", "bedding material artifact substance", "floccule substance", "contaminant substance", "humate substance", "coloring material substance", "undercut substance", "ammunition substance", "wad substance", "mineral substance", "ballast artifact substance", "packaging artifact", "dust substance", "particulate substance", "builder substance", "fluff substance", "plant material substance", "paper", "detritus substance", "vernix substance", " persoapplicant perso", "impregnation substance", "discharge substance", "paper substance", "wrapper", "railing artifact", "polyester"], [], [], [], [], [], [], [], [], [" artifactpot artifact", " foodsoup food", "find jar", "yeast extract spread", "savoury"], [" eventconflagration event", "forest fire", "hazard", "burningopencyccombustion process", "wpcarol vance marticomics character"], ["agenda item communication communicatio", "incidental communication communicatio", " communicatiopart linkdef", "place communication communicatio", "number communication artifact", "custom built artifact", "inventory item communication communicatio", " artifactwhole", "piece artifact", "disposable artifact", "news item communication communicatio", "dumbbell", "line item communication communicatio", "tool", "container", "car", "one singular independent thing"], ["sports page communication communicatio", " communicatioleaf communicatio", "half title communication communicatio", "recto communication communicatio", "verso communication communicatio", "foldout communication communicatio", "half page communication communicatio", "full page communication communicatio", "title page communication communicatio", " persomessenger boy perso", "spread communication communicatio", " persoattendant perso", "home page", "opencyccomputer display frame pagecomputer screen region", "clippingopencycpage of paper ibo", "small section of book", "title page", "opencycpage of paper ibosheet", "web page", "blue pageopencycpage of paper ibo"], [], [], [" persoresident perso"], [], [" tenpinsformation artifact", " possessioshare possessio", " foodfrozen dessert food", " actacrobatic stunt act", "banana split food", " actincrease act", " objectcrack object", " quantitybottle quantity", "opencycsplittingbecoming", "opencycsplittingseparatingopencycseparation event"], [], [], [], [], [], ["attractor physics cognitio", "crossing location locatio", " timemeasure", "arrowhead artifact", "then time", "beginning time", "trichion location locatio", "term time", "corner location locatio", "chokepoint location locatio", "bottom line communication communicatio", "navel body locatio", "rallying point communication communicatio", "departure time", " artifactwall socket artifact", "run time", " artifactgun muzzle artifact", "match point tennis quantity", "barb artifact", " shapedisk shape", "diamond point artifact", "position location locatio", "nib artifact", " cognitiocomponent cognitio", "phase time", "set point quantity", "pressure point location locatio", "intersection cognition cognitio", "moment time", "distance time", "focus location locatio", "beginning location locatio", "cusp body shape", "point after american football quantity", "spike artifact", "midair location locatio", "selling point attribute", "deadline time", "middle time", " attributetaper attribute", "talking point communication communicatio", "end time", "topographic point location locatio", "pinpoint artifact", "advantage quantity", " shapeconvex shape", "vanishing point location locatio", " locatiolocation", " artifactend locatio", " attributecharacteristic attribute", "arrival time", "blind spot body locatio", "center location locatio", "hot spot location locatio", " linkdefrelevance linkdef", "geographic point location locatio", "midterm time", " communicatiomark communicatio", "intercept cognition cognitio", "spearhead artifact", " communicatiomeaning communicatio", " quantityunit of measurement quantity", " cognitioaim cognitio", "focus phenomenon locatio", "ground zero location locatio", "head state shape", " quantitylinear unit quantity", "show time", "pike artifact", "mcburney's point body locatio", "cusp artifact", "punctum anatomy locatio", "celestial point location locatio", " objectpromontory object", "abutment location locatio", "crux communication communicatio", "node physics locatio", "military position locatio", " possessioloan possessio", "hilum plant locatio", "widow's peak body shape", "antinode physics locatio", "focus state locatio", "dimensionless"], [], [], ["butter", "chicke", "cheese", "salad", "cor", "chocolate", "soup", "vegetables", "eggs", "spaghetti", "turkey", "hamburger", "substance", "both muffins and celery", "ham", "potatoes", "both salad and pizza", "salmo", "chyme substance ", "dika bread food", "foodstuff food ", "comfort food ", "pears", "produce food", "fare food ", "feed food ", "peas and onions", "culture medium bacteriology ", "yolk animal ", "gnocchi", "health food", " cognitiocontent cognitio", "steak", "baked goods food", "pabulum cognition cognitio", "cornbread", "miraculous food old testament ", "cheese food", "butter food", "loaf food", "fresh food", "peanut butter", "water food ", "soul food ", "meat food", "beverage food ", "fish food", "pasta food", " foodsolid substance", "comestible food ", "yogurt food", "leftovers food", "chocolate food", " substance", "micronutrient substance ", "breakfast food", "junk food", "seafood food", "convenience food", "slop food", "coconut food", "nutriment food ", "commissariat food ", "tiramisu", "potatoes and chicke", "lobster", "veal", "beef", "chips"], [], [" actdrive act", " artifactwall artifact", " computer sciencesecurity system science", "wphenning mankell novelbook"], [], [], [], ["interception american football act", "latch artifact", " actgame act", "mesh act", "hook artifact", "reception american football act", " acttouch act", "tripper artifact", "hasp artifact", " artifactrestraint artifact", " attributedrawback attribute", "shoestring catch baseball act", " artifactfastener artifact", "fair catch american football act", "pawl artifact", " communicatiomanner of speaking communicatio", "doorstop artifact", " objectobject", "bench hook artifact", "hood latch artifact", " persoadult perso", "rebound act", " quantityindefinite quantity"], [], [" attributedegree attribute", "superficiality attribute", " attributeextent attribute", " stateabasement state", "shallowness attribute", "deepness attribute", "draft attribute", "sounding attribute", " attributeattribute", "penetration attribute", "profundity attribute", "spatial dimensio"], [], [], [], [" cognitiomedicine cognitio"], [], [], [], []], "/r/PartOf": [[], [], [], [], [], [], [], ["center spread communication communicatio", "magazine article communication communicatio", " artifactcamera artifact", "feature communication communicatio"], [], [], [], [], [], [], [], [], [], [], [], [], [" communicatiolist communicatio"], ["book", "dog ear communication communicatio", "margin communication communicatio", "pagination communication communicatio", "manuscript", "paragraph"], [], [], [], [], [" locatiocroatia locatio"], [], [], [], [], [], [" quantityscore quantity", " shapecone shape", " artifactawl artifact", " quantityem quantity", " artifacticepick artifact", " artifactneedle artifact", " shapearrowhead artifact", " communicatioarrow communicatio", " artifactknife artifact", " shapeknife artifact", " shapealpenstock artifact", " artifactpin artifact", " shapesword artifact", " shapepencil artifact", " artifactpencil artifact"], [], [], [" food"], [], [], [], [], [], [], [], [], [], [], [], [], [], [], [], []], "/r/HasA": [[], [], [], [], [], [], [], ["articles", "pages", "pictures and text"], [], [], [], [], [], [], [], [], [], [], [], [], [], ["text", "print"], [], [], [], [], [], [], [], [], [], [], [], [], [], ["restaurant and theatre"], [], [], [], [], [], [], [], [], [], [], [], [], [], [], [], []], "/r/CapableOf": [["spread at room temperature", "spread on bread", "coat frying pa"], [], [], [], ["rising quickly"], [], [], ["reach readers", "out gay ma", "cover article"], [], [], [], [], [], [], [], [], [], [], [], [], [], ["secretary"], [], [], ["scape from priso", "hurt prison guard"], [], [], [], [], [], [], [], ["finger"], [], [], ["cost money", "feed animals"], [], [], [], [], [], ["racoons eat catfish if"], [], [], [], [], [], [], [], [], [], []], "/r/AtLocation": [["refrigerator", "fridge", "restaurant", "pastry", "store", "homes"], [], [], [], [], [], [], ["paper page", "advertisement", "library", "bed", "skin care article", "bullet", "table", "bookstore", "hair care article", "articles", "newsstand", "bus depot", "mailbox", "waiting room", "shop", "train statio", "mail", "adverts", "advertising panel", "rack", "colum"], [], ["fabric store", "constructio", "anything", "factory"], [], [], [], [], [], [], [], [], [], [], ["container"], ["newspaper", "title"], [], [], ["jail"], [], ["fork in road"], [], [], [], [], [], [], [], [], ["refrigerator", "kitche", "table", "fridge", "ove", "supermarket", "cupboard", "resturant", "stomach", "pantry", "plate", "jar", "home", "store", "shop", "shelf", "container", "fast food restaurant", "freezer", "ca", "house", "mouth", "market", "backpack", "fair", "school", "cabinet", "bowl", "refrigerators", "restraunt"], [], [], [], [], [], [], [], [], [], [], [], [], [], [], [], []], "/r/HasProperty": [["yellow", "soft", "pale yellow", "edible"], [], [], [], [], [], [], ["similar to book"], [], ["not all objects"], [], [], [], [], [], [], [], [], ["popular in britai", "delicious"], [], ["singular"], ["similar to squire"], [], [], [], [], [], [], [], [], [], [], [], [], [], ["unhealthy", "necessary to live", "edible"], [], [], [], [], [], [], [], [], [], [], [], [], [], [], [], []], "/r/CreatedBy": [[], [], [], [], [], [], [], [], [], [], [], [], [], [], [], [], [], [], [], [], [], [], [], [], [], [], [], [], [], [], [], [], [], [], [], [], [], [], [], [], [], [], [], [], [], [], [], [], [], [], [], []], "/r/Synonym": [[""], [], [], ["trade good artifact", "good artifact", "ware", ""], ["terms possession possessio", " persomary leontyne price perso", "cost attribute", "toll attribute", "damage possession possessio", " attributemonetary value attribute", "user charge", "undercut"], [], ["v stativekeep stative", "v possessiosave possessio", "v stativecontinue stative", "v possessioconserve possessio", "keep change", " foodconserve food", "marmalade", "keep", "nature reserve", "confiture", "protect", "jam", "jelly"], ["powder store artifact", "powder magazine artifact", "mag communication communicatio", "magazine publisher group", "cartridge artifact", " artifactcartridge holder artifact", "periodical", "wpfirearmswpfirearms", ""], [], ["a substantial ", "a corporeal ", " artifactfabric artifact", "stuff substance", "matter", "substance", "fabric", "hylic"], [], [], [], [], [], [], [], [], [], ["forest fire", "", "wpcarol vance martinwpcarol marti"], [" cognitiodetail cognitio", " communicatiotoken communicatio", " linkdefdetail linkdef", "point communication communicatio", "thing", "subject", "article", "couple"], [" persosir frederick handley page perso", "v communicatiofoliate communicatio", " persothomas nelson page perso", "varlet person perso", "pageboy person perso", "wikten 1account", "wikten 2page boy", "wikten 2boy", "sheet", "wpservantwpservant", "wpcomputer memorywpcomputer memory"], [], ["alarmist", "scaremonger"], [" persoconvict perso", " persoinpatient perso"], [" actscatter act"], ["v contactcleave contact", "v socialseparate social", " actrent act", "stock split act", "split up act", "a fragmented ", "v motioseparate motio", "v changeburst change", " objectrip object", "v socialdivide social", " actschism act", "division", "gap", "slit", "divorced", "vtake off"], [], ["a numeral ", "mathematical a ", "a numeric ", "anumeric", "numeric"], [], [], ["acarcinostatic"], ["point in time", "v motiosteer motio", "tip shape", " artifactdistributor point artifact", "v navigatioluff navigatio", " cognitiodetail cognitio", "spot attribute", "v communicatioindicate communicatio", "peak shape", " linkdefcompass point linkdef", " communicatioitem communicatio", "gunpoint artifact", "dot shape", "v competitiotarget competitio", "v changesharpen change", "v communicatiobespeak communicatio", " communicatioperiod communicatio", "power point artifact", "v stativeorient stative", "pointedness attribute", "head communication communicatio", " communicatiodecimal point communicatio", " statedegree state", "v competitiocharge competitio", "repoint change", "power point", "ord", "end", "locatio"], [], ["aviral"], ["solid food", "nutrient ", "intellectual nourishment cognition cognitio", "food for thought cognition cognitio", "comestible"], [], ["wphenning mankell novelwphenning novel", "wpcomputingwpcomputing"], [], ["v bodyvege out body", "vegetize"], [], ["v emotiocapture emotio", "take in perception perceptio", "get contact", "v contacthitch contact", "match person perso", "v competitioovertake competitio", "pick up perception perceptio", "haul", "v contactcapture contact", "v perceptiowatch perceptio", "v contactget contact", "stop artifact", "get creation creatio", "grab act", "get perception perceptio", " actapprehension act", "snap act", "haul quantity", "get cognition cognitio", "v cognitiotrip up cognitio", "gimmick attribute", "hitch", "take hold of contact", "grab contact", "snatch act", "arrest contact", "overhear perception perceptio", "snatch", "take", "netwikten 1", "fasten", "stop", "vfang"], ["v possessioconvey possessio", "channel contact", "channelize contact", "v broadcast mediumair medium", "channelise contact", "v motioconduct motio", "transfer contact", "transport contact", "vbroadcast", "carry", "broadcast", "voversend", "beam"], [" cognitioastuteness cognitio", "deepness attribute", "deepness", "abyss", "thickness"], [], [], ["noncontinuous a ", "incoherent"], [""], ["v contactpermeate contact", "drench"], [], [], []], "/r/LocatedNear": [[], [], [], [], [], [], [], [], [], [], [], [], [], [], [], [], [], [], [], [], [], [], [], [], [], [], [], [], [], [], [], [], [], [], [], [], [], [], [], [], [], [], [], [], [], [], [], [], [], [], [], []], "/r/SimilarTo": [[], [], [], [], [], [], ["jam"], [], [], ["a crucial ", "a physical ", "a worldly ", "worldly a ", "crucial a ", "physical a "], [], [], [], [], [], [], [], [], [], [], [], [], [], [], ["prisoner"], [], ["cut a ", "a cut ", "burst", "cleave", "vcleave"], [], [], [], [], [], [], [], [], [], [], [], [], [], [], [], [], [], [], [], ["a disrupted ", "disjunct a ", "a disjunct ", "disrupted a "], [], [], [], [], []], "/r/MadeOf": [["milk"], [], [], [], [], [], [], [], [], ["surface"], [], [], [], [], [], [], [], [], [], [], [], ["paper with words o"], [], [], [], [], [], [], [], [], [], [], [], [], [], [], [], [], [], [], [], [], [], [], [], [], [], [], [], [], [], []], "/r/ReceivesAction": [["made from milk", "made from cream", "eaten with toast", "made from churned milk", "used in many baking recipes", "served at restaurant", "eate"], [], [], [], ["measured in dollars"], [], [], ["made out of paper"], [], [], [], [], [], [], [], [], [], [], ["made from yeast", "spread thinly on bread and butter"], [], [], ["printed on paper", "found in book"], [], [], [], [], [], [], [], [], [], [], [], [], [], ["eate", "placed on top of plate", "built of carbo", "bought at grocery"], [], [], [], [], [], [], [], [], [], [], [], [], [], [], [], []]}, "/r/UsedFor": {}, "/r/LocatedAt": {}, "/r/FormOf": {"/r/RelatedTo": [[], []], "/r/UsedFor": [[], []], "/r/LocatedAt": [[], []], "/r/FormOf": [["vspread"], ["vspread"]], "/r/IsA": [[], []], "/r/PartOf": [[], []], "/r/HasA": [[], []], "/r/CapableOf": [[], []], "/r/AtLocation": [[], []], "/r/HasProperty": [[], []], "/r/CreatedBy": [[], []], "/r/Synonym": [[], []], "/r/LocatedNear": [[], []], "/r/SimilarTo": [[], []], "/r/MadeOf": [[], []], "/r/ReceivesAction": [[], []]}, "/r/IsA": {"/r/RelatedTo": [["preserve", "jelly", "queen of puddings", "tartine", "layback", "antijam", "jam sessio", "resnatron", "jammable", "swiss roll", "confiture", "jam penny", "conserve", "guava", "jamlike", "cream horn", "unjam", "victoria sponge", "stub", "pb j", "prinzregententorte", "konfyt", "wikten 2child", "jamless", "cream tea", "jam jar", "unjammable", "dunk", "pectin", "manchester tart", "obligatio", "rowanberry", "vwikten 1pitch", "spread spectrum communication", "wikten 1collaborate", "jampot", "sponge cake", "apple butter", "jellyroll", "household", "jammy", "wikten 1jam tart", "jelly doughnut", "vwikten 1squeeze", "bowline", "antijamming", "rock house", "doughnut", "jammer", "financial", "jams", "shoulder block", "jambuster", "vwikten 1stuck", "bedfordshire clanger", "jam up", "marmalade", "wikten 1luck", "logjam", "malva pudding", "pineapple cake", "new york reload", "layer cake", "bismarck", "peanut butter and jelly", "jar", "raspberry", "bread", "bread jelly", "sandwiches", "cake", "sticky substance", "substance", "sticky", "berry", "filling", "toaster", "crowd", "strawberry mush", "strawberry", "mush"], [], [], [], [], [], [], [], [], [], [], [], [], [], [], [], [], [], [], [], [], [], [], [], ["preserve", "jam", "wine gum", "spreader", "tremellose", "soutzouki", "vwikten 1wiggle", "jaboticaba", "jaffa cake", "gelable", "quince cheese", "peanut butter and jelly", "cullis", "jelliform", "sufganiyah", "jellies", "mayhaw", "jelly plant", "falooda", "chaud froid", "jell", "eggmass", "aspic", "galantine", "trifle", "jellying", "ampulla of lorenzini", "guava", "grossulin", "p'tcha", "wikten 1jelly shoe", "dejellied", "water glass", "congeal", "gelatinate", "jelly powder", "jellied", "jelly fungus", "nata de coco", "consomm\u00e9", "gelatination", "wikten 1meat", "salep", "confiture", "jellify", "jellyroll", "dolly mixture", "wikten 1gelati", "gelatinous", "sodium tartrate", "jellylike", "jellybag", "jellyish", "dopplerite", "gelatin", "apple butter", "injellied", "bluebottle", "ice kachang", "pectin", "food", "jar", "sandwich", "jam preserves", "preserves", "toast", "marmalade", "doughnut", "like", "like jam", "fruit", "sweet dish", "dish", "sweet", "filling", "flavor", "grape", "grape flavor", "spread", "peanut", "butter", "peanut butter", "roll", "oyster", "wobbly", "jiggly"], [], [], [], [], [], [], [], [], [], [], [], [], [], [], [], [], []], "/r/UsedFor": [[], [], [], [], [], [], [], [], [], [], [], [], [], [], [], [], [], [], [], [], [], [], [], [], [], [], [], [], [], [], [], [], [], [], [], [], [], [], [], [], [], []], "/r/LocatedAt": [[], [], [], [], [], [], [], [], [], [], [], [], [], [], [], [], [], [], [], [], [], [], [], [], [], [], [], [], [], [], [], [], [], [], [], [], [], [], [], [], [], []], "/r/FormOf": [["jams", "jammed", "jamming"], [], [], [], [], [], [], [], [], [], [], [], [], [], [], [], [], [], [], [], [], [], [], [], ["jellies", "jellying", "jellied"], [], [], [], [], [], [], [], [], [], [], [], [], [], [], [], [], []], "/r/IsA": [["spread", "strawberry jam food", " foodconserve food", "spreadopencycspread food", "popular spread for toast", "condiment", "composite edible substance", "boiled food", "jelly", "band"], [], [], [], [], [], [], [], [], [], [], [], [], [], [], [], [], [], [], [], [], [], [], [], [" substancesubstance", "petrolatum substance", " foodconserve food", "grape jelly food", "spread", "apple jelly food", "jam", "homogeneous structure"], [], [], [], [], [], [], [], [], [], [], [], [], [], [], [], [], []], "/r/PartOf": [[], [], [], [], [], [], [], [], [], [], [], [], [], [], [], [], [], [], [], [], [], [], [], [], [], [], [], [], [], [], [], [], [], [], [], [], [], [], [], [], [], []], "/r/HasA": [[], [], [], [], [], [], [], [], [], [], [], [], [], [], [], [], [], [], [], [], [], [], [], [], [], [], [], [], [], [], [], [], [], [], [], [], [], [], [], [], [], []], "/r/CapableOf": [["guns"], [], [], [], [], [], [], [], [], [], [], [], [], [], [], [], [], [], [], [], [], [], [], [], [], [], [], [], [], [], [], [], [], [], [], [], [], [], [], [], [], []], "/r/AtLocation": [["jar", "refrigerator"], [], [], [], [], [], [], [], [], [], [], [], [], [], [], [], [], [], [], [], [], [], [], [], ["jar", "refridgerator", "donuts", "refrigerator", "courant"], [], [], [], [], [], [], [], [], [], [], [], [], [], [], [], [], []], "/r/HasProperty": [[], [], [], [], [], [], [], [], [], [], [], [], [], [], [], [], [], [], [], [], [], [], [], [], ["sticky", "floppy"], [], [], [], [], [], [], [], [], [], [], [], [], [], [], [], [], []], "/r/CreatedBy": [[], [], [], [], [], [], [], [], [], [], [], [], [], [], [], [], [], [], [], [], [], [], [], [], [], [], [], [], [], [], [], [], [], [], [], [], [], [], [], [], [], []], "/r/Synonym": [["v motiothrong motio", "cram contact", "v contactobstruct contact", "ram contact", "wad contact", "jampack contact", "block communication communicatio", "chock up contact", "crush contact", " statefix state", " groupcrush group", " actjamming act", "traffic jam", "preserve", "jas", ""], [], [], [], [], [], [], [], [], [], [], [], [], [], [], [], [], [], [], [], [], [], [], [], [" foodgelatin food", "v changejellify change", "jello", "jellyfish", "medusa", "jell o", "gelati", "aspic", "preserve"], [], [], [], [], [], [], [], [], [], [], [], [], [], [], [], [], []], "/r/LocatedNear": [[], [], [], [], [], [], [], [], [], [], [], [], [], [], [], [], [], [], [], [], [], [], [], [], [], [], [], [], [], [], [], [], [], [], [], [], [], [], [], [], [], []], "/r/SimilarTo": [["preserve", "jelly"], [], [], [], [], [], [], [], [], [], [], [], [], [], [], [], [], [], [], [], [], [], [], [], ["jam"], [], [], [], [], [], [], [], [], [], [], [], [], [], [], [], [], []], "/r/MadeOf": [[], [], [], [], [], [], [], [], [], [], [], [], [], [], [], [], [], [], [], [], [], [], [], [], [], [], [], [], [], [], [], [], [], [], [], [], [], [], [], [], [], []], "/r/ReceivesAction": [["kept in jar"], [], [], [], [], [], [], [], [], [], [], [], [], [], [], [], [], [], [], [], [], [], [], [], ["stored in jars", "found childrens party", "made from fruit"], [], [], [], [], [], [], [], [], [], [], [], [], [], [], [], [], []]}, "/r/PartOf": {"/r/RelatedTo": [[]], "/r/UsedFor": [[]], "/r/LocatedAt": [[]], "/r/FormOf": [[]], "/r/IsA": [[]], "/r/PartOf": [[]], "/r/HasA": [[]], "/r/CapableOf": [[]], "/r/AtLocation": [[]], "/r/HasProperty": [[]], "/r/CreatedBy": [[]], "/r/Synonym": [[]], "/r/LocatedNear": [[]], "/r/SimilarTo": [[]], "/r/MadeOf": [[]], "/r/ReceivesAction": [[]]}, "/r/HasA": {}, "/r/CapableOf": {}, "/r/AtLocation": {}, "/r/HasProperty": {}, "/r/CreatedBy": {}, "/r/Synonym": {"/r/RelatedTo": [[], [], [], [], [], [], [], [], ["enlarge", "gobble up", "deployant", "broaden", "voptimistic", "hysteranthous", "distend", "burgeon", "dum", "expands", "shrink swell", "r\u00e9aumur scale", "expanding", "unsquash", "vchange", "accordionesque", "vin detail", "dilate", "auxetic", "vat length", "air engine", "spoonbilled", "vexpansionism", "metallic waterproofing", "steady state theory", "parkinson's law", "unabbreviate", "hollow point", "fugacity", "vlarger", "vfractio", "soft point", "vequivalent", "vdetail", "vwrite", "teneral", "branch out", "nonexpanding", "vsmaller", "vnumerator", "hyperexpansive", "vincrease", "distended", "vlength", "vsize", "unexpanding", "beadboard", "air motor", "big rip", "triblet", "vdenominator", "spread", "vexpansio", "tumesce", "vscope", "vexpansile", "pulsate", "bulk", "dilater", "drawtube", "outspread", "big crunch", "accordion file", "vextent", "friedmannian", "vexpansible", "vnatural number", "decontract", "expansion slot", "turboexpander", "burgeoning", "expandingness", "vexpansive", "vgenerous", "expander", "rarefy", "vnumber", "overextend", "vform", "expandable", "vvolume", "expanded", "overexpand", "blimp", "write out", "expandinglyr", "balloon", "expansion", "vexpanse", "expanse", "docker hole", "obturation", "expansile", "uncollapse", "vspeak", "vrewrite", "abbreviator", "stretch", "grow", "swell", "lear"], [], [], [], [], [], [], [], [], [], [], [], [], [], [], ["bacilloscopy", "plaster", "witch hunt", "smudge attack", "kissproof", "attack", "deech", "streak", "clart", "maneuver", "jazz", "ink", "smearable", "cyphonism", "illinition", "smearproof", "hold", "slush", "smearer", "beclart", "touchproof", "smeareth", "vfoothold", "tallow", "glair", "behoney", "clatch", "smears", "beblood", "lime twig", "pap smear", "besmear", "antismear", "unsmeared", "smeary", "spread", "infamize", "swiftboat", "tilsit", "blur", "splodge", "smeared", "cytosmear", "beslurry", "smearing", "smearest", "leishman stain", "illutation", "glissando", "oil up", "smudging", "bedaub", "make mess", "make", "mess", "bad", "bad name", "name"], ["strideleg", "vstand", "vsit", "vstride", "trade", "vcommodities market", "stridewikten 1", "coon it", "bestraddle", "astraddler", "straddled", "blind", "vstraddler", "vastride", "reverse cowgirl", "vsprawl", "posture", "vnoncommittal", "straddles", "strategy", "vstaggered", "vraise", "double straddle", "vtarget", "vblinds", "lap dance", "vfire", "vrange", "vbestride", "aral sea", "western roll", "investment", "astraddle of", "straddler", "vshot", "vspread", "vstraddling bus", "bench easel", "speed cushion", "striddle", "raise", "straddling", "basque country", "road hog", "vleg"], [], [], [], []], "/r/UsedFor": [[], [], [], [], [], [], [], [], [], [], [], [], [], [], [], [], [], [], [], [], [], [], [], ["finger"], [], [], [], [], []], "/r/LocatedAt": [[], [], [], [], [], [], [], [], [], [], [], [], [], [], [], [], [], [], [], [], [], [], [], [], [], [], [], [], []], "/r/FormOf": [[], [], [], [], [], [], [], [], ["expands", "expanding", "expandest", "expanded", "expandeth"], [], [], [], [], [], [], [], [], [], [], [], [], [], [], ["smears", "smeareth", "smeared", "smearest", "smearing"], ["straddling", "straddled", "straddles"], [], [], [], []], "/r/IsA": [[], [], [], [], [], [], [], [], [], [], [], [], [], [], [], [], [], [], [], [], [], [], [], ["lower respiratory tract smear body", "alimentary tract smear body", " bodycytologic specimen body", "cervical smear body", " communicatiodefamation communicatio", "vaginal smear body"], [" cognitioposition cognitio", " actgymnastic exercise gymnastics", " actoption possessio", " actmotion act", "translation without location change", "spatially localized situation"], [], [], [], []], "/r/PartOf": [[], [], [], [], [], [], [], [], [], [], [], [], [], [], [], [], [], [], [], [], [], [], [], [], ["call option act", "put option act"], [], [], [], []], "/r/HasA": [[], [], [], [], [], [], [], [], [], [], [], [], [], [], [], [], [], [], [], [], [], [], [], [], [], [], [], [], []], "/r/CapableOf": [[], [], [], [], [], [], [], [], ["gas"], [], [], [], [], [], [], [], [], [], [], [], [], [], [], [], [], [], [], [], []], "/r/AtLocation": [[], [], [], [], [], [], [], [], [], [], [], [], [], [], [], [], [], [], [], [], [], [], [], [], [], [], [], [], []], "/r/HasProperty": [[], [], [], [], [], [], [], [], [], [], [], [], [], [], [], [], [], [], [], [], [], [], [], [], [], [], [], [], []], "/r/CreatedBy": [[], [], [], [], [], [], [], [], [], [], [], [], [], [], [], [], [], [], [], [], [], [], [], [], [], [], [], [], []], "/r/Synonym": [[], [], [], [], [], [], [], [], ["v changeboom change", "v changeextend change", "vspread", "v changeinflate change", "venlarge", "v communicatioelaborate communicatio", "spread out motion motio", "vdevelop", "extend", "vextend", "velaborate", "broaden", "vincrease"], [], [], [], [], [], [], [], [], [], [], [], [], [], [], ["smudge contact", "v communicatiodefame communicatio", " attributesmudge attribute", "smutch contact", "malignment communication communicatio", " actblot act", "vilification communication communicatio", "cytosmear body", "blur contact", "cytologic smear body", "v contactdaub contact", "vspread", "streak", "pap smear", "vcoat"], ["v stativerange stative", "span act", "spread"], [], [], [], []], "/r/LocatedNear": [[], [], [], [], [], [], [], [], [], [], [], [], [], [], [], [], [], [], [], [], [], [], [], [], [], [], [], [], []], "/r/SimilarTo": [[], [], [], [], [], [], [], [], [], [], [], [], [], [], [], [], [], [], [], [], [], [], [], [], [], [], [], [], []], "/r/MadeOf": [[], [], [], [], [], [], [], [], [], [], [], [], [], [], [], [], [], [], [], [], [], [], [], [], [], [], [], [], []], "/r/ReceivesAction": [[], [], [], [], [], [], [], [], [], [], [], [], [], [], [], [], [], [], [], [], [], [], [], [], [], [], [], [], []]}, "/r/LocatedNear": {}, "/r/SimilarTo": {"/r/RelatedTo": [[], [], []], "/r/UsedFor": [[], [], []], "/r/LocatedAt": [[], [], []], "/r/FormOf": [[], [], []], "/r/IsA": [[], [], []], "/r/PartOf": [[], [], []], "/r/HasA": [[], [], []], "/r/CapableOf": [[], [], []], "/r/AtLocation": [[], [], []], "/r/HasProperty": [[], [], []], "/r/CreatedBy": [[], [], []], "/r/Synonym": [[], [], []], "/r/LocatedNear": [[], [], []], "/r/SimilarTo": [[], [], []], "/r/MadeOf": [[], [], []], "/r/ReceivesAction": [[], [], []]}, "/r/MadeOf": {}, "/r/ReceivesAction": {}}}, "": {"N1": {"/r/RelatedTo": ["windowdoor", "worklabor", "butchermeat", "gallomeasure", "woundgash", "punishmentcrime and", "chickelaying", "thricerthree", "informed educated ", "closed obstructed ", "transpondianrightpondia", "mystifymystery", "audiovisualsaudiovisual"], "/r/UsedFor": ["flash artifactlight physics", "string bassplaying music"], "/r/LocatedAt": [], "/r/FormOf": ["air burstsair burst", "pot belliespot belly", "cross sectionscross sectio"], "/r/IsA": ["suburb locatioresidential district locatio", "western skink animalskink animal", "inertial mass physicsmass attribute", "leading man persoactor perso", "occasion timetime time", "tree toad animalfrog animal", "petaurista animalmammal genus animal", "torch singer persosinger perso", "drop arch artifactpointed artifact", "rottenstone substancelimestone substance", "scorpionfish animalscorpaenid animal", "temporary hookup artifactconnection artifact", "acrylic fiber substanceman made substance", "dependence statestate ", "overhand pitch actpitch baseball", "american spikenard plantsubshrub plant", "hedonist persosensualist perso", "homecoming actreunion act", "aldrovanda plantdicot genus plant", "ambystomatidae animalamphibian family animal", "assist ice hockeymaneuver act", "tithe barn artifactbarn artifact", "hypsometer artifactaltimeter artifact", "papyrus communicatiodocument communicatio", "cacodyl substancegroup chemistry", "penance actsacrament act", "rule of evidence lawrule communicatio", "usherette persousher perso", "hooks bodyhand body", "bilabial communicatiolabial consonant communicatio", "kurdish communicatioiranian communicatio", "theism cognitioreligion cognitio", "aristocrat persoleader perso", "bundesbank groupcentral bank group", "skirtform of female attire", "yardarm artifactend locatio", "supreme court lawfederal group"], "/r/PartOf": ["satachristian myth", "old testament communicatiobible communicatio", "styloid process bodytemporal bone body", "voider artifactbody armor artifact", "tower of london artifactlondon locatio"], "/r/HasA": ["baywater"], "/r/CapableOf": ["blanketscover bed", "chefbone chicke", "authorswrite books"], "/r/AtLocation": ["windowhouse", "dustcarpet", "action figuretoy department", "barbershopmall", "mouselab maze"], "/r/HasProperty": [], "/r/CreatedBy": [], "/r/Synonym": ["hawaiian honeycreeper animalhoneycreeper animal", "thing cognitiomatter cognitio", "dprk locationorth korea locatio", "gas tight air ", "get into possessioget in possessio", "west persocicily isabel fairfield perso", "sapindus drumondii plantwild china tree plant", "abls communicatiobachelor of arts in library science communicatio", "homburg artifactfedora artifact", "choking coil artifactchoke artifact", "sewerage artifactsewer artifact", "fish bowl stategoldfish state", "caddy golfcaddie golf", "moray eel animalmoray animal", "family zygnemataceae animalzygnemataceae animal", "severity attributeaustereness attribute", "hors d oeuvre foodhors food", "chukka artifactchukka boot artifact", "immunise competitioimmunize competitio", "kindling pointautoignition temperature", "corruptlyr corruptedlyr ", "lazy faineant ", "copernicia prunifera plantcarnauba plant", "log z's bodysleep body", "sworn pledged ", "palestine authority grouppalestine national group", "polyodon spathula animalpaddlefish animal", "linnaea borealis americana plantamerican twinflower plant", "stylise artstylize art", "thank youthank you very much", "infirm decrepit ", "uriniferous tubule bodynephron body", "passing actpassage act", "rio nunez coffee plantrobusta plant", "experimentation cognitioexperiment cognitio", "powerful knock do a ", "lichgate artifactlychgate artifact", "take advantage socialtrespass social", "pyrethrum plantpainted daisy plant", "take turns changealternate change", "water level locatiowaterline locatio", "fuddle stateclutter state", "insisting communicatioinsistence communicatio", "vibrate perceptioresonate perceptio", "viridity attributegreen attribute", "yarn dye changeimpress change", "balaenoptera borealis animalsei whale animal", "electron orbit locatioorbit locatio", "lillie persobeatrice perso"], "/r/LocatedNear": [], "/r/SimilarTo": ["large leafed leafy ", "captious critical ", "exaggerated increased ", "effective militaryoperational military", "tasty winey ", "fast breaking news article", "second rate inferior ", "disputatious argumentative ", "private nonpublic ", "coated glazed ", "free clear "], "/r/MadeOf": [], "/r/ReceivesAction": []}, "N2": {}}}