{"stuffing": {"N1": {"/r/RelatedTo": ["unstuff", "taxidermist", "oil", "crown roast", "ba wan", "wood wool", "jiaozi", "paupiette", "web page", "revenue", "stuffings", "cannelloni", "ballotine", "salpicon", "duxelles", "tallow", "search engine", "loss", "farcing", "property", "upholster", "turducken", "beanie", "antistuffing", "eiderdo ", "insertio", "stuff", "corporatio", "mango", "forcemeat", "manicotti", "leather", "loophole", "tax", "gyoza", "horsehair", "cotto", "foam", "sage", "doll"], "/r/UsedFor": [], "/r/LocatedAt": [], "/r/FormOf": ["stuffings", "vstuff"], "/r/IsA": [" artifactpadding artifact", "batting artifact", "oyster stuffing food", " foodconcoction food", "turkey stuffing food", "forcemeat food"], "/r/PartOf": [], "/r/HasA": [], "/r/CapableOf": [], "/r/AtLocation": [], "/r/HasProperty": [], "/r/CreatedBy": [], "/r/Synonym": ["dressing food"], "/r/LocatedNear": [], "/r/SimilarTo": ["seo", "filling"], "/r/MadeOf": [], "/r/ReceivesAction": []}, "N2": {"/r/RelatedTo": {"/r/RelatedTo": [["vdecompress", "vstuffing", "stuff"], ["taxidermy", "taxidermists", "stuffing", "stuffer"], ["liquid", "black", "fuel", "petroleum", "crude", "gasoline", "gas", "gold", "lubricant", "cars", "black gold", "cooking", "grease", "car", "energy", "olive", "expensive", "paint", "texas", "petrol", "slick", "greasy", "fossil", "slippery", "lanter", "fossil fuel", "product", "lubricatio", "barrels", "substance", "tea", "texas tea", "water", "source", "black liquid", "castor", "fluid", "barrel", "engines", "motor", "petroleum product", "ground", "engine", "unrefined", "greaseless", "theobromic acid", "petrichor", "pan fry", "dodecanal", "linoleic", "oilproof", "capnomor", "deoil", "yusho disease", "poak", "vitta", "malvalic acid", "wildcatter", "emulsion paint", "textured vegetable protein", "oil change", "cuminol", "mobil", "butylphthalide", "total base number", "milkshake", "white horse", "earl grey", "gingilli", "retinol", "fatliquoring", "tert butylhydroquinone", "dry", "offtake", "wellbore", "slick back", "isobutyric acid", "vlubricate", "asbolin", "destructive distillation", "hesperidene", "monoi", "kettle chip", "sabinol", "cerate", "sesame oil", "oilnut", "oleic", "oilseed radish", "oily", "neatsfoot", "zachun", "shallow fry", "petroleous", "oilery", "oiling", "inunction", "expeller", "slick do v", "bunkering", "valerin", "daubing", "diya", "rerefiner", "paystreak", "lamp fount", "french dressing", "colza", "unguinous", "crotonic acid", "lubritorium", "ghani", "seedcake", "oilskin", "madder lake", "alabastron", "maceral", "lipiodol", "cream", "salad oil", "tenmoku", "babassu", "hydraulic fracturing", "palmitic acid", "oiler", "oleophilic", "motor oil", "synthol", "deep frying", "biohydrometallurgy", "focaccia", "chermoula", "oil up", "sedanolide", "aryballos", "ointment", "sealine", "lekythos", "concession", "cocamide", "dao", "lipid", "dubbin", "bhoona", "abhyanga", "petro", "try pot", "drip gas", "lebenswecker", "coridine", "worm oil", "soot", "oleodistillate", "crude oil", "cespitine", "squalene", "sesame", "wormseed", "petrodollar", "cod liver oil", "norpatchoulenol", "oilcup", "formation water", "hypogaeic acid", "oil pipeline", "kettle corn", "monograde", "oleyl", "ben oil", "fish scrap", "lamp", "yalah", "gymnasiarch", "vegetable oil", "underoil", "fish oil", "petroyuan", "ampulla", "fourble", "oilpaper", "tbhq", "urushiol", "oil tanker", "dagget", "stir fry", "instant noodle", "elaidic acid", "packaged petroleum product", "phthalo green", "land agent", "olpe", "absorbent ground", "gear case", "asphaltene", "visbreaking", "desorber", "vcook", "whale oil", "penetrating oil", "nonoiled", "rain lamp", "grease up", "elemin", "petrostate", "saybolt universal second", "top kill", "agarofuran", "cajuput oil", "olefiant", "oil platform", "oilway", "sabinene", "oilfish", "leptometer", "myristicol", "diesel tree", "tied oil", "papri", "noshore", "nigellone", "saponification", "balm", "brown power", "oil of brick", "stirrup jar", "oleography", "hair oil", "linoleic acid", "deoiling", "unsaturated fat", "oil painting", "oil spot", "ramtil", "polyunsaturated fat", "oilless", "gurjun", "papboat", "nopec", "citropten", "astral lamp", "embrocate", "drying oil", "montanide", "nanocapsule", "oil do ", "spiedie sauce", "poonga oil", "tarragon", "unoil", "swarfega", "unguentarium", "footing", "wash leather", "sodium cocoate", "cannabene", "pemexgate", "paraffin", "brushwork", "oleophobic", "oils", "guttule", "ogoni", "polydimethylsiloxane", "danish oil", "dry fog", "visbreaker", "intraesterification", "abel test", "seismic stratigraphy", "spring", "dry hole", "taylor white process", "carcel lamp", "oilpressing", "static kill", "oleosaccharum", "wildcat", "spillionaire", "stacte", "baunscheidtism", "carvol", "lauric acid", "oleiferous", "makdous", "nonoil", "bunkerer"], [], [], [], ["gyoza", "pelmeni", "stuffing", "dumpling", "chinese", "potsticker", "crescent", "wonto", "jiaozis"], ["slice", "stuffing", "fish", "meat"], [], ["tax", "profit", "nominal ledger", "budget", "taxatio", "deficit spending", "source", "taxgathering", "treasury", "winner take all", "tulchan", "apanage", "tentpole movie", "turnover", "glebe", "sinking fund", "spittal", "revenue cutter", "zaimet", "accounting profit", "dutch sandwich", "investment", "hmrc", "luxury tax", "box office bomb", "gross margin", "zamindari", "equalization payment", "financier", "net profit", "chout", "total", "seigniorage", "big money", "arendator", "break even point", "net", "treasurer", "receive", "amildar", "sales", "cost oil", "retur", "above liner", "taxgatherer", "taxation", "public private partnership", "nonrevenue", "tentpole", "super saturday", "available seat mile", "unrevenued", "cameralistics", "cash grab", "cameralistic", "revenues", "rentier state", "exchequer", "income", "click fraud", "net sales", "payload", "chaplainship", "cash flow", "ryotwari", "revpar", "hoppo", "stuffing", "government take", "income statement", "proceeds", "rainmaking", "blockbuster drug", "irs", "rent", "centre"], ["stuffing"], ["baked", "pasta", "savoury", "tube", "ove", "stuffing"], ["roasted", "rolled", "braised", "ballotines", "meat", "boned", "bundle", "fish", "stuffing"], ["veal", "stuffing"], ["chop", "herb", "beef wellingto", "onio", "garnish", "butter", "saut\u00e9e", "paste", "beef wellington", "mushroom", "shallot", "stuffing"], ["candle wax", "wickwikten 1", "fat", "vgrease", "untallowed", "lithium stearate", "tallowing", "soap", "boottopping", "grafting wax", "sodium tallowate", "boot topping", "sebacic acid", "graves", "stearic", "hatchettite", "tallowed", "stuff", "animal", "tallowish", "tallowy", "tallowless", "vsmear", "betallow", "candle", "arming", "grease boy", "suet", "sebiferous", "matanza", "winding sheet", "walling wax", "tallower", "carcass", "dipped candle", "daubing", "touch", "dubbin", "stuffing", "renderer", "vfatte", "lubricant", "wax"], [], ["defeat", "nonvictory", "deconversion", "brain death", "aphasia", "costful", "loft", "jeopard", "predementia", "martingale", "break even point", "damnific", "stickler syndrome", "umbrella insurance", "epilation", "reinsurance", "tort law", "neurodegenerative", "lawson criterion", "malpractice", "heartbreak", "watery grave", "no decision", "keutel syndrome", "anaesthesis", "safekeeping", "rinne test", "satisfaction", "add insult to injury", "rust belt", "bragg peak", "systempunkt", "cachexia", "disorientation", "calamity", "collar", "negative sum", "empty quiver", "dysphasia", "deperdition", "damnification", "takaful", "dissipation", "shrinkage", "g loc", "washproof", "losses", "motor insurance", "capsiate", "forlesing", "deafening", "syncopation", "male pattern baldness", "loser", "old age pension", "red ink", "aphesis", "blobbygate", "brownout", "make koshi", "blankout", "despondent", "wasting disease", "ageusia", "marshall syndrome", "grief", "take l", "lossless", "disbelief", "hypotrophy", "fall", "exfoliation", "losing", "pendred syndrome", "deindustrialization", "alopecia", "alalia", "trophology", "amnesia", "oligohypomenorrhea", "discolorment", "exicosis", "whitewash", "acroagnosis", "fen phen", "losings", "agyrotropy", "throw good money after bad", "unemployment insurance", "wikten 1at loss", "torch complex", "minimax", "transpiration", "lossful", "loca", "fellowship", "liability insurance", "stuffing", "in hole", "generation loss", "phonetic erosion", "syncope", "loss making", "lossmaking", "disaster", "secure", "out of pocketr", "ink trap", "auto insurance", "dysgeusia", "anti martingale", "diabatic", "save all", "modaraba", "morphallaxis", "holophotal", "wastewikten 1", "decision", "hickey", "bloodless", "fidelity bond", "lose ground", "hurtful", "kicking", "tragedy", "bloodloss", "bearer bond", "agraphia", "weber test", "lossage", "back into", "good riddance", "loss of face", "venture capital", "leptogenic", "okun's law", "remuneration", "zero sum", "underinsured", "phendimetrazine", "safekeep", "requital", "apheresis", "amends", "deafness", "johanson blizzard syndrome", "depersonalization", "avulsion", "injury", "drop attack", "loss prevention", "gg", "losing streak", "plasmolysis", "key person insurance", "shipwreck", "space attenuation", "bleeding", "despondency", "lose", "fusenhai", "demineralization", "cookie jar accounting", "end cap", "amputation", "knock for agreement", "adiabatic", "jeopardy", "lossmaker", "brain dead", "punishment", "mechanostat", "zero sum game", "dismay", "fail", "forget", "profit", "reduce", "waste", "rui", "death", "wi", "exercise", "slip", "damage", "forfeit", "bur", "conservatio", "debt", "effect", "bad", "bad effect"], ["forcemeat", "stuffing"], ["land", "owned", "house", "estate", "ownership", "real", "real estate", "o ", "owned land", "stuff", "bag artifact possessio", "farm", "deed", "possessio", "lot", "owner", "asset", "belonging", "owned thing", "owning", "land owned", "home", "something owned", "confirmability", "bargainor", "mortgage lender", "fan fiction", "wraparound mortgage", "surviving spouse", "conservation law", "liferent", "security", "assets", "future interest", "proprietor", "pedis possessio", "pencil", "colligative", "tomahawk mark", "ergativity", "heterotopicity", "conveyancing", "duck typing", "remise", "thermoplastic", "finesse", "residue", "communalism", "wardrobe", "compositionality", "inheritance law", "royal fish", "coparcenary", "translatableness", "distraint", "modulus", "back garden", "campus", "indeterminism", "verifiability", "servitude", "identity of indiscernibles", "contestability", "einselection", "aughtwikten 4", "phenomenality", "leaseback", "parson's freehold", "identical", "tax assessment", "pendicle", "urban reserve", "justify", "survivorship", "getter", "proprietarial", "concurrency", "intraspecificity", "photodegradation", "fluid dynamics", "donatory", "proprietary", "dowry", "benami", "petition of right", "faqir", "company", "quality", "thisness", "temporal logic", "absolute", "steelbow", "dimension", "communalize", "driftingness", "adjunct", "personal property", "logophoric", "receiptor", "stellionate", "frequency", "optical activity", "devisee", "pawnbroker", "antichurning", "buy to let", "propertied", "acrophonical", "possessionism", "fizbo", "air loan", "concurrent estate", "liberaltarianism", "appropriate", "yorkshireness", "gas meter", "goodless", "defining characteristic", "metaproperty", "usurpation", "leasehold", "subledger", "untranslatability", "sequester", "nonproperty", "poinder", "defraud", "assignment", "asymptotic", "mense", "partial", "abstract", "udaler", "selling point", "compressive strength", "time sharing", "constructive trust", "banker's lien", "tie in", "extent", "propertization", "ownable", "interspecificity", "dekulakize", "rule against perpetuities", "antiproperty", "dowager", "private property", "geolibertarianism", "emergent", "allodium", "freeholding", "larceny", "floater", "acquest", "robbery", "gription", "rent control", "letter of marque", "spolium", "stickiness", "subclass", "deflationism", "psychogenicity", "distress", "onomatoid", "udaller", "puffing", "home loan", "sublet", "dysgenicity", "laughing heir", "permissive waste", "material support", "cestuy que trust", "scrutability", "hausdorffness", "advancement", "assessor", "deflationary", "prerogative", "dilapidation", "freehold", "bailor", "dramatic", "oceanfront", "pour over will", "secundogeniture", "destroy", "thing", "affection", "computational chemistry", "tractrix", "restrainedness", "anechogenicity", "snatch and run", "negative equity", "bona vacantia", "neuricity", "husband", "equity", "set builder notation", "information model", "essentialism", "presale", "lis pendens", "bioproperty", "unownable", "holonymous", "assign", "coverture", "meum et tuum", "paradoxical", "properties", "crown estate", "power of appointment", "forfeiture", "sign over", "bailee", "conceptual schema", "indiscernibility of identicals", "nonconcurrency", "superhero insurance", "zeugitae", "expando", "handwavium", "pincushion corner", "well behaved", "stuffing", "mendicant", "devise", "comparator", "guard dog", "exclusive", "gunhand", "inherit", "acquisitiveness", "boominess", "accountable", "prop", "rentback", "remitter", "ganancial", "pathognomonicity", "embed", "mancipation", "common good", "pagri", "proper", "community property", "bogadi", "editable", "playmaster", "perpetuity", "greedy property", "predicable", "arsonist", "blicket", "heir", "pawnshop", "fiar", "transferor", "use it or lose", "re restitution", "enjoy", "disponee", "free bench", "etendue", "sidelot", "reflection"], ["upholstery", "vupholstery", "vstuffing", "upholsterer", "vcovering", "vwebbing", "vfit", "vreupholster", "upholsters", "upholstering", "pleathered", "vfurniture", "upholstered", "vupholsterer", "vpadding", "moquette", "vspring", "vfabric", "sofa", "unupholstered", "reupholster"], ["stuffing", "chuckey", "engastration", "turduckens", "stuff", "debone", "strikes", "turkey", "bowling", "osturducken", "duck", "chicke"], ["stuffing", "cap", "beanies", "wool", "helixing", "bea", "knit", "toy", "visor"], ["astuffing"], [], [], ["property", "wax", "matter", "sand", "makdous", "miscellaneous", "vbreak", "engastration", "rullichies", "pimiento", "textile", "vgreedy", "vcompress", "lubricatio", "tailor's ham", "cepelinas", "vcontainer", "stuffable", "stuffeth", "stodge", "lard", "vambasium", "turpentine", "vunstuff", "detail", "vsate", "vcram", "pimento", "vfill", "atomic buffalo turd", "understuffed", "gambeson", "pierogi", "gear", "material cause", "vcut off", "vhearty", "unstuffable", "stock", "stuffing", "substance", "stuffest", "turducken", "cyclas", "drug", "diaphane", "gavage", "woolle", "vpreserve", "stuffs", "gubbins", "paper", "taxidermy", "restuff", "stuffer", "shiznit", "things", "personal effects", "gujiya", "gobbing", "clothing", "tallow", "paraphernalia", "veat", "vfile", "gorged", "padwikten 1", "art", "market", "paste", "sugar", "polish", "material", "case", "robbery", "box", "snow", "oil", "toy", "water", "fire", "coal", "money", "soap", "play", "nonsense", "buy", "factory", "farm", "grass", "smash", "blood", "contai", "dollar", "salt", "quality", "glass", "color", "macaroni", "metal", "gym", "wool", "news", "gather", "trouble", "work", "clothes", "cloud", "productio", "waste", "bear", "cologne", "noise", "air", "trash", "science", "machine", "bag", "wood", "stocking", "shop", "herring", "middle", "more", "memory", "care", "mixture", "doll", "guard", "earth", "cabinet", "bread", "business", "moder", "rice", "content", "glitter", "algae", "humour", "record", "horror", "scale", "calculus", "past", "build", "tar", "collectio", "sampler", "tobacco", "o ", "wave", "rap", "act", "chalk", "poiso", "interest", "literature", "price", "transport", "owner", "frost", "history", "thing", "distractio", "tang", "chicke", "ink", "carry", "jealousy", "black", "desk", "milk", "garde", "department", "arm", "make", "poet", "crop", "pa ", "ca", "view", "evening", "deposit", "loot", "trade", "royal"], [], ["amba", "mangoey", "asia", "mangos", "hummingbird", "orange", "anthracothorax", "alphonso mango", "tropical", "yellow", "mango pudding", "aavakaaya", "hapoos mango", "anchovy pear", "muskmelo", "bauno", "fruit tree", "mango ginger", "vegetable", "amchur", "stuffing", "fruit", "apple mango", "major grey's chutney", "mangoes", "mango roll", "kuchela", "mango juice", "mangoade", "afoos mango", "mangolike", "color", "cucumis melo"], ["dressingwikten 1", "farcing", "mazarine", "stuffing"], ["stuffaroni", "baked", "savoury", "pasta", "ove", "tube", "stuffing"], ["wallet", "shoe", "savanilla", "pleather", "buffalo skin", "rullion", "durant", "cowhide", "doublure", "thoroughbrace", "crackers", "frogskin", "leather working", "hagfish", "full bound", "clout", "amade", "barkometer", "pseudoleather", "bota bag", "stockwhip", "roxburgh binding", "coriaceous", "leatherette", "bicast", "nubuck", "leathered", "red rot", "brail", "levant morocco", "olpe", "lizardskin", "morocco", "riempie", "fruit leather", "bend", "lorica", "leatherwork", "kipskin", "naugahyde", "leathercrafting", "moroccoed", "upper", "chamar", "leatherlike", "ski", "lederhosen", "motorcycle", "phorbeia", "horseskin", "heeltap", "elkskin", "moccasin", "arab strap", "vegetable leather", "tooler", "doeskin", "flesh", "coat", "sporran", "biking jacket", "fall", "vegetan", "slinkskin", "calfskin", "rawhide", "tannery", "saddlebag", "yakskin", "waxed end", "roan", "cilice", "polish", "kynodesme", "pannuscorium", "gooseskin", "cricket ball", "razor strop", "leathering", "cloth hall", "lambskin", "antileather", "leatherworking", "daubing", "galuchat", "leatherwear", "algarovilla", "opanak", "pi\u00f1atex", "leather queen", "box calf", "rusbank", "flesher", "leatherworker", "oxford", "shoepak", "stirrup leather", "gambado", "searcher", "costrel", "bow grip", "bullwhip", "capeskin", "kidskin", "tanpit", "leathermaking", "french grip", "leatherware", "saddle soap", "vstrap", "gouge", "half bound", "kisbet", "overleather", "clothbound", "leatherbound", "leathermaker", "hogskin", "utriform", "lapstone", "vbeat", "oxhide", "leathergoods", "heelpiece", "dubbin", "chivarras", "saffian", "lederer", "leatherseller", "cuir bouilli", "deerskin", "blutcher", "cricket", "russet", "skiving", "shagreen", "laster", "blackjack", "stuffing", "bolowikten 3", "law binding", "highlow", "leathers", "turnshoe", "mooseskin", "lanier", "nettlecloth", "pebbling", "bomber jacket", "zoccolo", "thong", "pouchmaker", "pigskin", "caribouskin", "strapwork", "nonleather", "pallone", "persian morocco", "curriery", "coriumwikten 1", "leatherboard", "pin seal", "leathercraft", "mojri", "veldtschoon", "mink oil", "frot", "dopp kit", "beanbag", "cordovan", "catskin", "italian grip", "strap", "animal", "spur leather", "football", "mochila", "birkin bag", "eames chair", "watchstrap", "tapadera", "dubber", "spew", "dragonskin", "jackboot", "lissoir", "browning", "aparejo", "chinstrap", "dress shoe", "leatherwoman", "vbelt", "cordwain", "shamoy", "leatherless", "scourge", "clicking knife", "maril", "pommel horse", "character shoe", "topboot", "leathern", "stretching iron", "leatherer", "leathery", "pyrography", "whitleather", "saddle shoe", "leathercrafter", "moslings", "byard", "roping boot", "bucket", "watchband", "russia leather", "rexine", "clothing", "currier", "tawse", "scupper hose", "neatsfoot", "leathercloth", "half binding", "yakhdan", "clicker", "parfleche", "bancal", "carnism", "blinkers", "album graecum", "boarhide", "cowskin", "shoe leather", "crippler", "dongola leather", "hardcover", "scrubber", "shamoying", "suede", "maroquin", "ta", "enarmes", "dogskin", "cordwainer", "toadskin", "mountain leather", "wash leather", "goatskin", "wormskin", "sam browne belt", "fatliquoring", "chagrin", "cow", "whip", "belt", "hide", "cow hide", "cow ski"], ["porous", "battlement", "slit", "unshakable", "vexploit", "exploit", "beat system", "exceptio", "get out", "loopholed", "loopholes", "stuffing", "method", "starting hole", "ambiguity", "vbuilding", "barbican", "faggot voter", "close quarter", "looplight", "vattacker", "escape", "window"], ["government", "money", "payment", "income", "fee", "irs", "april", "revenue", "levy", "charge", "government money", "pay", "government payment", "government fee", "april fifteenth", "fifteenth", "government revenue", "government income", "deductio", "death", "bill", "paying", "government charge", "federal", "paid", "government levy", "death and", "percentage", "sales", "theft", "cost", "internal revenue", "internal", "collectio", "fiscal conservative", "blood tax", "concession", "duty card", "talukdar", "stealth tax", "green diesel", "capital gains tax", "land poor", "untaxable", "stamp duty", "octroi", "tax evasion", "offshore", "inheritance tax", "assess", "paviage", "t word", "underwithhold", "tax cart", "horngeld", "under counter", "alms fee", "tax exempt", "ship money", "undertax", "ability to pay", "pretax", "taxable", "liabilities", "retaxation", "taxgatherer", "deduction", "private cost", "talliate", "payroll", "untaxed", "exemption", "roof tax", "frankable", "retax", "roman month", "ebitda", "tax disc", "jizya", "public", "taxpayer", "tax resistance", "anti detriment", "taxed", "act of parliament clock", "overcollection", "scot freer", "resp", "antitax", "piti payment", "national insurance", "nontaxing", "anti avoidance", "supertax", "after tax", "sales tax", "universal credit", "landed cost", "capitation", "taxlike", "groundage", "squeeze", "flatulence tax", "taxaphobic", "tax evader", "chimney duty", "head tax", "tax authority", "taxes", "posttax", "boscage", "scot and lot", "avoision", "feorm fultum", "khums", "undertaxed", "collectorship", "nontaxable", "go galt", "gabelle", "revenue stamp", "georgism", "double taxation", "duty", "es", "overshift", "income bracket", "disposable income", "ratepaying", "custom", "assessor", "tehsildar", "overwithhold", "tax return", "overtax", "franking", "taxing", "procurator", "metic", "scot", "tax collector", "assessment", "tax cut", "antichurning", "taxpaying", "taxpayment", "surtax", "nontax", "futa", "value added tax", "tax rate", "misdeclaration", "flat tax", "customs", "countervailing duty", "hidden tax", "hearth tax", "pasty tax", "tax avoidance", "withholding", "revenue bill", "central excise", "opgaaf", "taxable income", "social security number", "deductee", "hypertax", "paying government", "bonification", "chop", "untaint", "taxgathering", "stackage", "net pay", "quarterage", "stuffing", "gatherer"], ["japanese", "gyozas", "jiaozi", "crescent", "pelmeni", "potsticker", "dumpling", "stuffing"], ["seton", "crinoline", "crin", "horsehairs", "mane", "hair", "gomuti", "horsehairy", "tail", "fabric", "upholstery", "horse", "stuffing", "equine", "sofa stuffing", "sofa", "animal", "animal hair", "violi", "bow", "violin bow", "fur", "equine fur", "chairs", "stuffing chairs", "clothing", "old", "times", "old times", "together", "equine tail", "pony", "pony tail"], [], ["mattress", "despumate", "polyesterurethane", "foamed", "foam at mouth", "styrofoam", "foams", "quantum foam", "shaving cream", "underwrap", "foamlike", "spud washer", "foaminglyr", "hydroxysultaine", "vfoam at mouth", "suds", "colloid", "trucker hat", "aerosol string", "foamable", "afoam", "bubbles", "polyisocyanurate", "whip up", "egg crate", "antifoaming", "foamest", "afoamr", "nerf ball", "flutterboard", "sud", "foaming", "sea", "foamer", "defoam", "handgrip", "aeroboard", "memory foam", "afroth", "aerosol bomb", "light water", "bass trap", "fluoroprotein", "seafoam", "cheesehead", "pool noodle", "vsaliva", "boffer", "nonfoam", "breakerwikten 1", "foamy", "spume", "foameth", "foam up", "sponge", "macrofoam", "foamless", "foamback", "froth", "aerographite", "boogieboard", "nanofoam", "microfoam", "nonfoaming", "bodyboard", "ranaspumin", "gel", "befoam", "antifoam", "vspew", "foaming agent", "packing peanut", "wave", "mousse", "bubbly", "material", "soap", "porous", "in mattress", "bubbly material", "tiny bubbles", "tiny", "stuffing", "beer", "beer top", "top", "pillow stuffing", "pillow", "white fluffy", "white", "fluffy", "soap result", "result", "coal", "in packages", "packages", "shaving", "car wash", "car", "wash", "soft", "insulatio", "padding", "water", "water bubbles", "synthetic fluff", "synthetic", "fluff", "noodle material", "noodle"], ["sagehood", "sagelike", "antlered god", "orval", "rishi", "sagey", "narada", "herbes de provence", "wikten 1teacher", "labiatic acid", "wise man", "sageship", "sageness", "salviol", "saltimbocca", "sage green", "sagecraft", "qilin", "chia", "horned god", "maitreya", "sagelyr", "kirin", "father", "sages", "gaon", "carnosic acid", "vyasa", "lincolnshire sausage", "wikten 1gravity", "sagacity", "wicca", "wikten 1wise", "agastya", "salvia", "wikten 2sagebrush", "triune", "maharishi", "master", "wikten 2savory", "wikten 1spiritual", "black sage", "wise", "seasoning", "herb", "wise ma", "ma", "wisdom", "spice", "pork", "perso", "wise perso", "scent", "thyme", "spice too", "too", "spice seasoning", "stuffing", "plant", "aromatic plant", "aromatic"], ["toy", "baby", "girl", "girls", "perso", "huma", "girl toy", "girls toy", "plastic", "plaything", "small", "play", "child", "fake", "figure", "little", "hair", "eyes", "girly", "dolly", "plastic baby", "playing", "figurine", "child toy", "tiny", "toy perso", "action figure", "actio", "face", "female", "house", "toy baby", "like", "arms", "little perso", "baby toy", "fake perso", "play thing", "girls plaything", "body", "puppet", "legs", "for girls", "toy huma", "small perso", "fake baby", "girl plaything", "head", "dress", "dutch doll", "teddy", "limberjack", "mammet", "diminutive", "dollmaker", "straw man", "bonus genius", "reborn", "woma", "pinata", "split head", "kern baby", "dorothy", "poppet", "sarubobo", "agalmatophilia", "pediophobia", "dolly varden cake", "kinderwhore", "porcelain doll", "pig", "sweetheart", "reborning", "dolls", "kokeshi", "dollmaking", "dolled", "dollish", "bisque doll", "daruma", "skookum", "bartholomew baby", "kewpie doll", "darling", "given name", "litter", "baby doll", "sally anne test", "bobblehead", "plangonologist", "dolldom", "dollhood", "female toy", "rag", "mini", "tiny perso", "girly toy", "kids", "toy girl", "arms legs", "girls play", "small huma", "little girl", "mannequi", "little girls", "features", "ke", "childre", "mini perso", "people", "plastic huma", "human like", "clothes", "pretend", "pretend baby", "human shape", "shape", "feminine", "cabbage patch", "patch", "cabbage", "bedroom", "room", "girls room", "dresses", "barb", "barb ke", "girls baby", "long hair", "long", "girly plaything", "animal", "hands", "plastic hands", "human features", "fake hair", "small toy", "fake huma", "bay", "play toy", "stroller", "playing thing", "football", "kids toy", "raggedy anne", "raggedy", "anne", "likeness", "human likeness", "baby plaything", "toys", "hair eyes", "two", "play perso", "houses", "small figure", "babies", "toy store", "brat", "store", "figurines", "like baby", "feminine toy", "plastic perso", "small girl", "up", "stuffed", "stuffed animal", "human toy", "baby huma", "like huma", "plastic toy", "ma", "girls bedroom", "human lookalike", "lookalike", "something girly", "plastic eyes", "plastic head", "miniature", "bay toy", "prams", "person toy", "butto", "button eyes", "baby like", "toy house", "girl bedroom", "mini huma", "tiny dress", "little baby", "baby features", "playing house", "girls playing", "for play", "for kids", "stores", "toy stores", "small child", "hair legs", "yar", "yarn hair", "small house", "toy mannequi", "pram", "limbs", "stuffy stuff", "stuffy", "stuff", "nose", "eyes nose", "owner", "playing huma", "replica", "female owner", "head arms", "mini me", "manniki", "maniki", "playing with", "closing", "closing eyes", "tiny huma", "toy child", "toy figure", "figure toy", "for babies", "tiny clothes", "two eyes", "character", "generic", "baby girl", "girl usually", "usually", "plastic girl", "kindergarte", "small baby", "look", "on shelf", "female look", "shelf", "small houses", "do", "do and", "play with", "imitation perso", "imitatio", "human qualities", "qualities", "baby image", "for childre", "image", "for girl", "face body", "creepy", "creepy eyes", "for playing", "dressed up", "dressed", "have", "girls have", "small dresses", "agai", "yep", "form", "human form", "yep agai", "like perso", "two arms", "baby rag", "girly thing", "person animal", "wome", "toy basket", "play house", "tiny girl", "basket", "girl playing", "girls toys", "girl play", "cuddle", "cuddle toy", "eyes appendages", "appendages", "human body", "infant", "miniature house", "glass eyes", "make", "babies playing", "glass", "tiny baby", "america", "believe", "make believe", "american girl", "dress up", "box", "toy box", "fake girl", "stuffing", "small girls", "elephant", "porcelai", "artificial", "baby figurine", "artificial perso", "girls figurine", "fake playmate", "playmate", "love interest", "interest", "love", "plastic hair", "rear", "member", "dummy", "rag figure", "rear member", "personificatio", "plaything child", "child plaything", "wax", "wax face", "inanimate", "children toy", "humanoid", "play figure", "humanoid toy"]], "/r/UsedFor": [[], [], ["cars", "lubricate", "frying food i", "spout", "lubricate moving metal parts", "make gas", "making salad dressing", "trucks", "car", "keeping house warm", "lubracate thing", "putting in car engine", "cooking food i", "manufacturing plastic", "lubricate lock", "lubricate machine parts", "geting rich"], [], [], [], [], [], [], [], [], [], [], [], [], [], [], [], [], [], [], [], [], [], [], [], ["desk tray", "carrier bag"], [], ["salsa"], [], [], ["tanning", "making shoes", "whips", "make shaving strop", "make shoes", "make coats", "protective clothing", "make clothes", "make saddles", "make equipment", "create shoes", "make saddle bags", "make shoe laces", "make belts", "make wallets", "shoes", "make straps", "make reins", "make clothing for people to wear", "belts"], [], [], [], [], [], [], [], ["playing with", "play", "teaching childre", "entertain child", "little girls", "plaything for dog", "learning about clothes", "child therapy", "play with little girl", "play house", "teaching medical personnel", "creating humor", "plaything for cat", "fun for childre", "collecting", "childs play", "playing pretend games", "play with", "decoratio", "pretending to mother", "teaching doctors", "make believe", "fu", "studying anatomy", "dressing up"]], "/r/LocatedAt": [[], [], [], [], [], [], [], [], [], [], [], [], [], [], [], [], [], [], [], [], [], [], [], [], [], [], [], [], [], [], [], [], [], [], [], [], [], [], [], []], "/r/FormOf": [["unstuffing", "unstuffs"], ["taxidermists"], ["oiling", "oils"], [], [], [], ["jiaozis"], ["paupiettes"], [], ["revenues", "revenued", "revenuing"], ["stuffing"], [], ["ballotines"], ["salpicons"], ["duxelle"], ["tallowed", "tallows"], [], ["losses"], [], ["properties"], ["upholstering", "upholsters", "upholstered"], ["turduckens"], ["beenie", "beanies"], [], [], [], ["stuffs", "stuffed", "stuft", "stuffing", "stuffest", "stuffeth"], [], ["mangoing", "mangoes", "mangos", "mangoed"], ["forcemeats"], [], ["leathering", "leathers", "leathered"], ["loopholed", "loopholing", "loopholes"], ["taxing", "taxes", "taxed", "taxo", "taxeth", "taxest"], ["gyozas"], ["horsehairs"], ["cottos"], ["foameth", "foaming", "foamed", "foams", "foamest"], ["sagest", "saged", "sages", "sager"], ["dolled", "dolly", "dolling", "dolls"]], "/r/IsA": [[], [" persocraftsman perso"], ["mineral oil substance", "fluid", "petroleum substance", "shale oil substance", "animal oil substance", "linseed oil substance", "hydnocarpus oil plant substance", " substancelipid substance", "croton oil plant substance", "essential oil substance", " artifactoil paint artifact", "calamus oil plant substance", "mustard oil plant substance", "sassafras oil plant substance", "pennyroyal oil plant substance", "fusel oil substance", "chaulmoogra oil substance", "neroli oil substance", "hyssop oil plant substance", "house hold oil", "camphor oil substance", "tung oil substance", "olive oil", "stand oil substance", "grease substance", "tall oil substance", "cooking oil", "lemongrass oil substance", "cohune nut oil plant substance", "almond oil plant substance", "fixed oil substance", "motor oil", "babassu oil plant substance", "fuel oil substance", "spike lavender oil plant substance", "safflower oil plant substance", "rape oil plant substance", "motor oil substance", "organic matter", "greasy liquid", "inanimate object", "liquidopencycliquid tangible thing", "lubricant for engine", "find underground", "dirt", "condensate", "edible oil", "combustible natural resource", "liquid", "wheat germ oil", "shale oil"], [], [], [], ["food"], [], [], ["monetary value", "earnings figure"], [], [" foodpasta food", "pasta", "food"], [], [], [], [" substanceanimal oil substance", "mutton tallow substance", "dubbin substance", "beef tallow substance"], [], [" eventexperience event", "paper loss possession possessio", "squeeze possession possessio", "capitulation act", "financial loss possession possessio", "forfeit possession possessio", "epilation process", "reducing process", " actfailure act", "wastage possession possessio", " possessiosum possessio", " attributedisadvantage attribute", "sacrifice possession possessio", " possessiotransferred property possessio", " processdecline process", "default act"], [], ["tactile property attribute", "chemical property attribute", "commonage possession possessio", "disposition attribute", "olfactory property attribute", "trade in possession possessio", "heredity attribute", "sound property attribute", " possessiopossession", "compositeness attribute", "feature cognition cognitio", "quality cognition cognitio", "salvage possession possessio", "primality attribute", "feature of speech linguistics cognitio", "lease possession possessio", "bodily property attribute", "size attribute", "age attribute", "duality physics attribute", "community property possession possessio", "shareholding possession possessio", "characteristic electronics attribute", "heirloom law possessio", "temporal property attribute", "personal property possession possessio", "visual property attribute", "sustainability attribute", "weakness attribute", "taste property attribute", "constitution attribute", "edibility attribute", "extension attribute", "manner attribute", "vascularity attribute", " artifactobject", "trust possession possessio", " attributeattribute", "consistency attribute", "hereditament possession possessio", "saltiness solution attribute", "intellectual property possession possessio", "analyticity attribute", "material possession possessio", "wealth possession possessio", "hydrophobicity attribute", "custard pie artifact", "optics attribute", "real property possession possessio", "isotropy physics attribute", "strength attribute", "concentration attribute", "selectivity attribute", "anisotropy attribute", "viability living thing attribute", "public property possession possessio", "degree attribute", "solvability attribute", "fullness attribute", "spiritualty possession possessio", "stockholding possession possessio", "spatial property attribute", "worldly possessions possession possessio", "estate possession possessio", "actinism attribute", "unsolvability attribute", "ratables possession possessio", "magnitude attribute", "landholding possession possessio", "connectivity attribute", " cognitioconcept cognitio", "things possession possessio", "physical property attribute", "personalty", "proprietor", "lost property", "public property", "unclaimed property", "intellectual property", "theft", "houses and land areas"], [], [], ["one type of cap", " artifactskullcap artifact", "silly looking cap"], [], [], [], [" communicatioinformation communicatio", " possessiopersonal property possessio", " cognitiokernel cognitio", " attributequality attribute", " communicationonsense communicatio", "things", "film"], [], ["fruit", " foodedible fruit food", " plantfruit tree plant", "edible fruit", "tree", "tropical fruit", "wpairlineairline", "wpclothingcompany"], [" foodstuffing food"], [" foodpasta food"], ["material", "animal ski", "tanned animal ski", "sheepskin substance", "white leather substance", "patent leather substance", "suede substance", "pigskin substance", "morocco substance", "calf substance", "roan substance", " substanceanimal skin substance", "mocha substance", "buff substance", "buckskin substance", "doeskin substance", "cowhide substance", "kid substance", "russia leather substance", "alligator substance", "durable material", "cordovan substance", "chamois substance", "ooze leather substance", "glove leather substance", "horsehide substance", "crushed leather substance", "grain substance", "piece of leather artifact substance", "deerskin substance", "shoe leather substance", "expensive material", "smooth leather", "inert artifact", "organic matter", "sturdy objectopencycobject wrt human activity", "sheepskin", "free sheet", "bendable thing", "solid object", "animal product", "good material to manufacture jackets", "cow ski", "suede", "fabric", "very fine material", "hide"], [" contractambiguity communicatio", " artifacthole artifact"], [" possessiolevy possessio", "pavage possession possessio", "capital levy possession possessio", "indirect tax possession possessio", "capitation possession possessio", "progressive tax possession possessio", "degressive tax possession possessio", "departure tax possession possessio", "direct tax possession possessio", "special assessment possession possessio", "proportional tax possession possessio", "single tax possession possessio", "transfer tax possession possessio", "franchise tax possession possessio", "capital gains tax possession possessio", "rates possession possessio", "stamp tax possession possessio", "gift tax possession possessio", "income tax possession possessio", "form of fee", "income tax", "property taxwikten 1", "head tax", "sales taxwikten 1", "property tax", "inheritance taxwikten 1", "head taxwikten 1", "one function of congress", "excisewikten 1", "sumptuary taxwikten 1", "goods and services taxwikten 1", "gift tax", "land tax", "inheritance tax", "real property taxwikten 1", "legalized theft by government"], [], [" artifactfabric artifact", " substanceanimal fiber substance"], [], ["white water object", "head object", "soapsuds object", "shaving foam artifact object", "lather object", " substancematerial substance", "foam rubber substance", "spume object", " objectbubble object", "mass of bubbles", "translucence", "semisolid", "colloid", "whipped cream"], ["pitcher sage plant", "clary sage food", " foodherb food", "hakham hebrew perso", "clary plant", "wild sage plant", " plantherb plant", "meadow clary plant", "mahatma hinduism perso", "cancerweed plant", "purple sage plant", "common sage plant", "blue sage plant", " persomentor perso", "mexican mint plant", "clary sage plant", "wise man"], ["toy", "paper doll artifact", "rag doll artifact", "raggady an", "kachina artifact", " artifactplaything artifact", "sawdust doll artifact", "toy soldier artifact", "puppet", "puppet artifact", "toy people", "cabbage patch dolls", "action figure", "gi joe", "paper doll", "barbie"]], "/r/PartOf": [[], [], [], [], [], [], [], [], [], [], [], [], [], [], [], [], [], ["war", "life"], [], [" artifactmise en scene artifact", "culture"], [], [], [], [], [], [], [], [], [" food plant"], [], [], [], [], [], [], [], [], [], [" foodcommon sage plant"], []], "/r/HasA": [[], [], ["many uses", "high viscosity"], [], [], [], [], [], [], [], [], [], [], [], [], [], [], [], [], [], [], [], [], [], [], [], [], [], [], [], [], [], [], [], [], [], [], [], [], []], "/r/CapableOf": [[], [], ["quiet squeeky wheel", "still stormy waters", "still troubled waters", "condition leather", "separate from water", "still boiling water", "free stuck hinge"], [], [], [], [], [], [], [], [], [], [], [], [], [], [], [], [], [], [], [], [], [], [], [], [], [], [], [], [], ["smell like sex"], [], [], [], [], [], [], ["season stuffing", "value common sense"], []], "/r/AtLocation": [[], [], ["ground", "engine", "street", "iraq", "texas", "car engine", "combustion engines", "lamp", "repair shop", "kitche", "pocket in earth", "car"], [], [], [], [], [], [], [], [], [], [], [], [], [], [], [], [], ["yard", "back yard"], [], [], [], [], [], [], ["cupboard", "cabinet", "table", "shoes", "anything", "attic", "store", "box", "", "gallery opening", "ferret", "house"], [], [], [], [], ["stable", "cobbler's shop", "department stores", "handbag", "sex shop", "car seats"], [], [], [], [], [], ["waterfall", "fire extinguisher"], [], ["dollshouse", "child's arms", "museum", "doll house", "girl's bedroom", "girl's room", "girls room"]], "/r/HasProperty": [[], [], ["toxic", "edible", "slippery", "important to developed countries", "refined", "important for modern world"], [], [], [], [], [], [], [], [], [], [], [], [], [], [], ["losing or being lost"], [], [], [], [], [], [], [], [], [], [], [], [], [], ["tanned", "solid", "hot and sticky in summer", "smooth", "opaque"], ["cen"], [], [], [], [], [], [], ["small"]], "/r/CreatedBy": [[], [], [], [], [], [], [], [], [], [], [], [], [], [], [], [], [], [], [], [], [], [], [], [], [], [], [], [], [], [], [], [], [], [], [], [], [], [], [], []], "/r/Synonym": [["loosen up contact"], ["animal stuffer person perso", "stuffer person perso"], ["oil color artifact", " foodvegetable oil food", "oil colour artifact", "v bodyanoint body", " substancepetroleum substance", "petroleum"], [], [], [], [""], [], [], [" possessiogross possessio", " possessiotax income possessio", "net sales", ""], [], ["manicotti", ""], [], [], [], [], [], ["red ink possession possessio", "deprivation attribute", " eventpassing event", " militarypersonnel casualty military", "red possession possessio", "damage", "injury", "defeat"], [], [" locatioplace locatio", "prop artifact", "dimension cognition cognitio", "attribute cognition cognitio", "holding possession possessio", "belongings possession possessio", "owndom", "trait", "holding", "accident"], [], ["chuckey"], ["beany artifact", "beanie hat", "knit cap"], [], [], [], ["lug contact", "clobber possession possessio", "block contact", "farce cooking", "v motiothrust motio", "stuff and nonsense communication communicatio", "choke up contact", "hooey communication communicatio", "poppycock communication communicatio", " substancematerial substance", " artifactwhatchamacallit artifact", "v consumptiogorge consumptio", "thing", "paraphernalia", "vfuck", "doodad", "matter", "vfill one's face", "farce", "stopper", "makings", "push along", "dope", "things", "stop up", "garbage", ""], [], ["mango tree plant", "mangifera indica plant", "mango tree", "bell pepper", "sweet pepper", "wpclothingwpclothing", "wpairlinewpairline"], ["farce food"], ["cannelloni", "stuffaroni"], ["leathern", "vlash", ""], [], ["taxation possession possessio", "task consumption consumptio", "assess possession possessio", "revenue enhancement possession possessio", "levy", "duty", "assessment"], [], [], [], ["froth object", "fizz change", "form bubbles change", "effervesce change", "froth change", "sparkle change", "slobber", "shaving foam", "spume", "ocea", "whitecap", "head", "sea"], ["salvia plant", "a sage green "], [" persodame perso", "dolly artifact", "dolly", ""]], "/r/LocatedNear": [[], [], [], [], [], [], [], [], [], [], [], [], [], [], [], [], [], [], [], [], [], [], [], [], [], [], [], [], [], [], [], [], [], [], [], [], [], [], [], []], "/r/SimilarTo": [[], [], [], [], [], [], [], [], [], [], [], [], [], [], [], [], [], ["damage", "harm"], [], [], [], [], [], [], [], [], ["congest"], [], ["animu"], [], [], [], [], ["wikten 1fine", "wikten 1user charge"], [], ["goathair"], [], [], ["a wise ", "wise a ", "sensible"], []], "/r/MadeOf": [[], [], ["lubricatio"], [], [], [], [], [], [], [], [], [], [], [], [], [], [], [], [], [], [], [], [], [], [], [], [], [], [], [], [], ["soccer ball", "cow ski", "shoes", "punch bag"], [], [], [], [], [], ["hair roller", "insulatio"], [], []], "/r/ReceivesAction": [[], [], ["found in pantry", "found in refineries", "found in car", "drilled from below ground", "used in many ways", "found in texas", "found under ground", "found in cars", "found in engine", "found in mayonaise", "found in well", "used as source of heat"], [], [], [], [], [], [], [], [], [], [], [], [], [], [], [], [], ["owned by federal government"], [], [], [], [], [], [], ["interesting", "recycled", "stuffed"], [], [], [], [], ["made from cow hides", "made from cows", "made from cow flesh"], [], ["risen proportionally to income", "paid by people"], [], [], [], [], [], []]}, "/r/UsedFor": {}, "/r/LocatedAt": {}, "/r/FormOf": {"/r/RelatedTo": [["stuffing"], []], "/r/UsedFor": [[], []], "/r/LocatedAt": [[], []], "/r/FormOf": [["stuffing"], []], "/r/IsA": [[], []], "/r/PartOf": [[], []], "/r/HasA": [[], []], "/r/CapableOf": [[], []], "/r/AtLocation": [[], []], "/r/HasProperty": [[], []], "/r/CreatedBy": [[], []], "/r/Synonym": [[], []], "/r/LocatedNear": [[], []], "/r/SimilarTo": [[], []], "/r/MadeOf": [[], []], "/r/ReceivesAction": [[], []]}, "/r/IsA": {"/r/RelatedTo": [[], [], [], [], [], []], "/r/UsedFor": [[], [], [], [], [], []], "/r/LocatedAt": [[], [], [], [], [], []], "/r/FormOf": [[], [], [], [], [], []], "/r/IsA": [[], [], [], [], [], []], "/r/PartOf": [[], [], [], [], [], []], "/r/HasA": [[], [], [], [], [], []], "/r/CapableOf": [[], [], [], [], [], []], "/r/AtLocation": [[], [], [], [], [], []], "/r/HasProperty": [[], [], [], [], [], []], "/r/CreatedBy": [[], [], [], [], [], []], "/r/Synonym": [[], [], [], [], [], []], "/r/LocatedNear": [[], [], [], [], [], []], "/r/SimilarTo": [[], [], [], [], [], []], "/r/MadeOf": [[], [], [], [], [], []], "/r/ReceivesAction": [[], [], [], [], [], []]}, "/r/PartOf": {}, "/r/HasA": {}, "/r/CapableOf": {}, "/r/AtLocation": {}, "/r/HasProperty": {}, "/r/CreatedBy": {}, "/r/Synonym": {"/r/RelatedTo": [[]], "/r/UsedFor": [[]], "/r/LocatedAt": [[]], "/r/FormOf": [[]], "/r/IsA": [[]], "/r/PartOf": [[]], "/r/HasA": [[]], "/r/CapableOf": [[]], "/r/AtLocation": [[]], "/r/HasProperty": [[]], "/r/CreatedBy": [[]], "/r/Synonym": [[]], "/r/LocatedNear": [[]], "/r/SimilarTo": [[]], "/r/MadeOf": [[]], "/r/ReceivesAction": [[]]}, "/r/LocatedNear": {}, "/r/SimilarTo": {"/r/RelatedTo": [["optimisatio", "content farm", "search engine"], ["boulder opal", "imperial drill", "dagwood burger", "bean pie", "kolache", "bourekas", "jibarito", "filing", "honey mustard", "klobasnek", "mooncake", "sweetheart cake", "denver omelette", "sugar pie", "sandwich cookie", "astomach", "swiss roll", "substantial", "pierogi", "cheese roll", "kiev cake", "wort", "gizzada", "melt sandwich", "uramaki", "plugger", "berliner", "hosomaki", "keema", "oreo", "fillingness", "softgel", "pie", "whoopie pie", "fishwich", "kokosh cake", "chicken roll", "unfilling", "choco pie", "beef olive", "tekkamaki", "total etch", "eggah", "woof", "interliner", "nut roll", "burrito", "holy ghost", "inlay", "gur cake", "photopolymer", "jamaican patty", "ale", "pretzel pillow", "dagwood", "corbel table", "scotch broth", "cavity", "cleanse", "slice", "self etch", "runza", "fajita", "afill", "impletion", "union cloth", "fillings", "cookie sandwich", "fanchonette", "condenser", "vetkoek", "sandwich cake", "mincemeat", "patty", "stick to one's ribs", "cepelinas", "krumkake", "satin weave", "fried pie", "astick to one's ribs", "coronation chicken", "kappamaki", "futomaki", "root canal", "melktert", "vfill", "gut bomb", "fill", "rice ball", "hand pie", "barquette", "aappetite", "crespelle", "tooth", "inside", "apple", "cavities", "eclair", "pies", "teeth", "pump", "repair", "tooth repair", "lead", "inside cake", "cake", "pie middle", "middle", "for cavities", "content", "dentist", "feet", "full", "making", "making full", "in tooth", "fullness", "custard", "pour", "jam", "fruit jam", "fruit", "inside pies", "actio", "plug", "in teeth", "insides", "eclair insides", "inside danish", "danish", "jelly cheese", "fixing", "tooth fixing", "jelly", "cheese", "replaces", "replaces cavity", "furnish", "dentistry", "dentistry cavity", "mince", "ill", "hole", "tooth hole", "touch", "load", "dental", "statio", "gas statio", "gas", "dental procedure", "procedure"]], "/r/UsedFor": [[], ["space", "mug"]], "/r/LocatedAt": [[], []], "/r/FormOf": [["seos"], ["fillings", "vfill"]], "/r/IsA": [[], [" dentistrydental appliance dentistry", "saturation act", "lekvar food", "refilling process", " processflow process", "cement substance", "flood act", " substancematerial substance", " actchange of integrity act", " foodconcoction food", "inlay dentistry", "opencycfilling jobhire", "filling bowlopencycfilling process", "refuelingopencycfilling process", "opencycfilling processflowingopencycfluid flow translatio", "fuelingopencycfueling transportation deviceopencycfilling process", "diastoleopencycfilling process", "opencycfilling processbecoming"]], "/r/PartOf": [[], []], "/r/HasA": [[], []], "/r/CapableOf": [[], []], "/r/AtLocation": [[], ["mouth"]], "/r/HasProperty": [[], []], "/r/CreatedBy": [[], []], "/r/Synonym": [[], [" artifactwoof artifact", "fill substance"]], "/r/LocatedNear": [[], []], "/r/SimilarTo": [["stuffing"], ["stuffing"]], "/r/MadeOf": [[], []], "/r/ReceivesAction": [[], []]}, "/r/MadeOf": {}, "/r/ReceivesAction": {}}}, "":{}}