{"take": {"N1": {"/r/RelatedTo": ["rest", "bring", "accept", "vchoose", "vabsorb", "vuse", "vselect", "carry", "adopt", "drink", "deliver", "walk", "vbelieve", "vchange", "taken", "vpossessio", "ingest", "vbestow", "taken aback", "view", "film", "vexperience", "vcaptivate", "compositor", "video assist", "break", "vfight", "foretake", "opinio", "vinquiry", "crystallize", "interruptio", "catch", "unexpected", "possession", "vgrip", "loowikten 2", "bridgehead", "cart away", "vregard", "vmove", "vlead", "inoculatio", "vaccept", "vcarry", "vdo", "hanses", "serve two masters", "vsuffer", "successful", "pull sickie", "spit take", "vsubmit", "wicket keeper", "shelter", "approach"], "/r/UsedFor": [], "/r/LocatedAt": [], "/r/FormOf": ["takes", "taking", "tooketh"], "/r/IsA": ["retake act", " actfilming act"], "/r/PartOf": [], "/r/HasA": [], "/r/CapableOf": [], "/r/AtLocation": [], "/r/HasProperty": [], "/r/CreatedBy": [], "/r/Synonym": ["v changeremove change", "v changeassume change", "v possessiosubscribe possessio", "v communicatioclaim communicatio", "v stativeaccept stative", "v socialfill social", "v cognitiolearn cognitio", "read cognition cognitio", " possessioreturn possessio", "v moviefilm movie", "v consumptioconsume consumptio", "occupy possession possessio", "submit cognition cognitio", "use up possession possessio", "accept", "have contact", "v cognitiochoose cognitio", "vreceive", "v competitioaim competitio", "v drivingdrive driving", "v cognitioconsider cognitio", "v motioassume motio", "v possessioaccept possessio", "v stativecarry stative", "vcapture", "get hold of contact", "accept possession possessio", "make motion motio", "v stativecontain stative", "v bodycontract body", "v possessiolease possessio", "v stativenecessitate stative", "v motiolead motio", "v motiobring motio", "vget", "vcaptivate", "vassume", "haul", "perspective", "vcatch", "vcarry", "vwi", "vhave", "vremove", "download"], "/r/LocatedNear": [], "/r/SimilarTo": [], "/r/MadeOf": [], "/r/ReceivesAction": []}, "N2": {"/r/RelatedTo": {"/r/RelatedTo": [["sleep", "nap", "break", "relax", "relaxatio", "sleeping", "take", "bed", "do ", "relaxing", "time", "stop", "work", "easy", "like", "lay", "take break", "short", "actio", "take easy", "activity", "energy", "lying", "sleep nap", "pause", "and relaxatio", "lying do ", "pedallyr", "newton's first law", "sixteenth rest", "well rested", "take it easy", "overrested", "restlessness", "r and", "vwikten 2trial", "restful", "allay", "jubilee", "wikten 1motio", "tithewikten 1", "remainder", "repose", "catch one's breath", "rested", "home", "breather", "swearwikten 3", "vwikten 2lie", "resting", "r", "wikten 1cue", "chevalet", "wikten 1absence", "rack time", "nauheim treatment", "breakwikten 1", "vwikten 2end", "setwikten 1", "vacation", "electrooculography", "requiescant in pace", "coffee break", "eighth rest", "varrest", "wikten 1annoyance", "wikten 1quiet", "adirondack chair", "ride", "sleeper cab", "muskoka chair", "unrestinglyr", "footboard", "downlying", "reposure", "nonresting", "pull in", "wikten 1tranquility"], ["deliver", "take", "carry", "gather", "combine", "getwikten 1", "telephone", "bringing", "forebring", "interbring", "sendwikten 1", "touch", "break out", "calumny", "bringed", "rapture", "realign", "climax", "bag", "brings", "assemblage", "job's post", "bring to light", "brace by", "reel", "brace sharp", "bringer", "bring up", "muzzle", "complainant"], ["take", "acceptance", "acceptable", "receive", "type ii error", "face music", "force feed", "shut door on", "resistinglyr", "unacceptable", "suspend one's disbelief", "reaccept", "transgression", "take things as they come", "vending machine", "vapproval", "hard truth", "conventional wisdom", "welcome", "withsay", "pass current", "take bow", "vacceptance", "go along with", "like it or lump", "table manners", "take on board", "unconventional", "cab rank rule", "acceptingness", "persuade", "take kindly", "take shilling", "reject", "go with", "take it out in", "vassent", "repudiation", "live with", "cotton to", "acceptancy", "take something in stride", "external world", "rosary", "take on faith", "nostrify", "bite off", "tolerance", "lean into", "espouse", "polyprotic", "exclude", "flying bishop", "pill to swallow", "take up", "take no for answer", "vacceptable", "lump it", "pick up tab", "acid", "hard pill to swallow", "nonassumption", "acceptee", "jump at", "belly up to bar", "acceptedlyr", "embracement", "legitimate", "crockard", "tolerant", "acceptor", "dishonour", "acceptinglyr", "take up gauntlet", "sit still", "buy", "nonacceptance", "fall in with", "docile", "eat up", "vendure", "gowikten 1", "postulate", "bite bullet", "persuasiveness", "indigestible", "relinquish", "seize upon", "settle for", "horse pill", "nonaccepter", "acception", "make peace", "vfavour"], [], [], [], [], ["hold", "lift", "holding", "bring", "tote", "take", "transport", "actio", "moving", "lifting", "movable", "retrieve", "chair", "vboarding", "vship", "vpregnant", "tract", "scopawikten 1", "port arms", "schlep", "cartwikten 1", "pomander", "primipara", "approximate", "pack animal", "loadout", "bota bag", "convey", "haul", "vstock", "move", "military load classification", "vdiss", "armorbearer", "vtake over", "vmaintai", "digit", "windshaft", "messenger rna", "breadbasket", "mail merge", "bridal carry", "inbear", "gandy dancer", "withbear", "vhave", "hump it", "vfrost", "ammo humper", "stretcher", "full handed", "uncarried", "wagon", "transaction", "dumper", "armourbearer", "recarry", "porterwikten 1", "flooder", "water"], ["child", "adoption", "take", "foster", "baby", "getting", "kid", "fast fashion", "calque", "put on", "birthparent", "adopts", "adoptive", "lifestylist", "euclidean alphabet", "vadoptio", "nonadopting", "psephism", "father", "standing order", "foretake", "statute mile", "nostrify", "nonassumption", "adopter", "vadoptive father", "greek alphabet", "unadopted", "convert", "readoption", "forever home", "take over", "eurocreep", "birthmother", "bolshevism", "adrogate", "vadoptive mother", "take leaf out of someone's book", "carry", "unadoptable", "adopting", "half embrace", "reassume", "adoptable", "vadoptee", "present arms", "nonadopter", "deliberative", "assumption", "borrowing", "vtake", "readopt", "filiate", "vrelationship", "vadopt out", "productionalize", "gotcha day", "emoji", "mannerize", "ukrainianize", "order arms", "vadoptive", "assume", "seize upon", "debt", "pick up on", "disingenuouslyr", "hellenist", "birthfather", "kool aidwikten 2", "childre", "actio", "taking", "parent", "become", "foster child", "get child", "getting child", "new", "family", "orpha", "legal", "home", "acquire", "acquire child", "take child", "take i", "get baby", "surrogate", "new kid", "custody", "rescue", "having", "taking o", "parenting", "orphan kid", "take kid", "orphanage", "raise", "raise childre", "homeless", "child acquisitio", "acquisitio", "unnatural", "unnatural childbirth", "childbirth", "get kid", "ownership", "taking ownership", "child getting", "take home", "related child", "related", "fostering", "getting baby", "legal custody", "parenthood", "child thing", "from agency", "agency", "legal process", "process", "getting childre", "foster home", "take baby", "rescue child", "acquiring childre", "surrogate parenting", "acquiring", "taking child", "family child", "attainment", "orphan actio", "child attainment", "obtain child", "obtai", "surrogate parent", "becoming", "becoming parent", "get", "having childre", "become parent", "kind", "parent kind", "service", "juno", "juno theme", "theme", "io", "minus io", "minus", "having baby", "permanent foster", "permanent", "gives child", "gives", "orphanages", "new family", "rescue baby", "couples", "childless", "childless couples", "from orphanage", "infertility", "away", "taking i", "families", "unrelated", "unrelated baby"], ["liquid", "beverage", "milk", "water", "wine", "imbibe", "shake", "swallow", "actio", "thirst", "glass", "consume", "eat", "sip", "food", "generic", "bar", "refreshment", "poiso", "cup", "consumptio", "general", "beer", "quenching", "alcohol", "ingest", "consume liquid", "liquids", "swallowing", "thirsty", "tang", "mug artifact food", "cup artifact food", "glass artifact food", "collins", "swallow liquid", "intake", "consuming", "fluid", "soda", "term", "eating", "rum", "coke", "imbibe liquid", "liquid consumptio", "generic beverage", "gulp", "liquid refreshment", "take", "consumable", "activity", "liquid food", "quench", "soup", "brandy", "quenching thirst", "juice", "whiskey", "cocktail", "bars", "liquid intake", "ingest liquid", "libatio", "consumable liquid", "general term", "wet", "cups", "straw", "lemonade", "eat and", "quaffable", "sot", "guzzling", "tantalus", "bumbo", "nineteenth hole", "red eye", "fruit crush", "elderberry", "orange squash", "beverageware", "mistelle", "outdrink", "drunkard", "ap\u00e9ritif", "ginger beer", "quaff", "poison", "tipple", "no host", "nakamal", "bibacious", "akpeteshie", "british wine", "lick spout", "cooler", "prop up bar", "jimmy woodser", "lushy", "waitering", "drinking", "keg stand", "raspberryade", "drinking up time", "mild and bitter", "tincture", "mickey", "munkoyo", "plague water", "sizing", "drinkware", "triple", "slurp", "mabby", "chowder beer", "pineappleade", "break seal", "jaboticaba", "squeeze", "suck do v", "on turps", "gingerade", "refectioner", "strawberryade", "quart pot", "one for road", "mangoade", "muratina", "toast water", "whisky", "undrinkablyr", "koumiss", "bon vivant", "unvintageable", "dipso", "vwikten 1beverage", "kaoliang", "convivialist", "cloudifier", "krupnik", "what's yours", "knock back", "cupbearer", "pre drink", "caudle", "have couple", "patera", "medicine", "wet one's beak", "nightclub", "swizzle", "cherryade", "wet one's whistle", "absinthiana", "noncarb", "syllabub", "pokal", "swizzle stick", "sports drink", "cobbler's punch", "optic", "cooking sherry", "go juice", "sherbet", "designated driver", "soak", "melonade", "guzzle", "drunk", "bibacity", "wassail", "homebrewed"], ["bring", "pizza", "mail", "service", "give", "ups", "giving", "actio", "take", "bringing", "package", "misdeliver", "paradrop", "coalman", "deliverance", "handcarry", "hand over", "jab", "acceptance", "train of four", "tradesman's entrance", "upsend", "express office", "recite", "milkman", "vdeclare", "delivers", "roundsperson", "ransom", "orator", "deliverest", "befree", "vvocalize", "drop off", "vutter", "vhand over", "betray", "curling stick", "vbirth", "hose", "conveyor", "hircarra", "serve up", "postman", "nondelivered", "pizza lady", "bowling crease", "vtransport", "mailgram", "redeliver", "powertrain", "deliverable", "profer", "vdestinatio", "retrograde perfusion", "distribute", "vexpress", "paperboy", "vset free", "courier", "sucker punch", "outdeliver", "underdeliver", "breadman", "misinform", "postcart", "mailman", "milkwoman", "bear witness", "charge", "take delivery", "delivering", "roundswoman", "mailplane", "on one's legs", "dead letter office", "vbear", "air drop", "delivery", "fedex quest", "vsurrender", "pizza woman", "anti art", "whistle walk", "rescue", "delivereth", "vassist", "vdiscover", "vshow", "pizza girl", "serve", "fake funk", "deliverer", "nasal cannula", "roundsman", "nondelivery", "vvocalizatio", "outbring", "pizza boy", "delivered", "send", "stand", "stand and", "postma", "bring to", "birth", "provide", "mailma", "does", "giving birth", "carry", "pizza guy", "guy", "pizza service", "bring mail", "take to", "ship", "post", "give to", "ups service", "ex", "fed", "fed ex", "deal", "postman does", "federal express", "federal", "express", "transport", "car", "box", "postman actio", "goods", "packages", "pizza time", "time", "duty", "mailman duty", "bringing post", "distribute to", "bring pizza", "give mail", "bring package", "been give", "bee", "receive", "sending", "mailman actio", "brought", "va", "mail pizza", "bringing mail", "home", "bring home", "giving goods", "bring something", "provide mail", "send to", "supplying", "take pizza", "mailboxes", "by car", "action giving", "ups does", "lords", "lords prayer", "prayer", "trucks", "ups trucks", "out", "give out", "drive", "driven car", "usps", "dropping off", "off", "dropping", "assist birth", "assist", "babies", "birthing", "birthing babies", "giving something", "baby", "pizza mail", "birth baby", "postal service", "hand", "postal", "transportatio", "hand to", "boy", "pizza bringing", "evil", "from evil", "like mail", "like pizza", "like", "bring newspaper", "newspaper", "parcel", "leave", "bringing pizza", "leave parcel", "livery", "bro ", "brown packages", "related", "related pizza", "job", "ups functio", "functio", "postman job", "driver", "pizza driver", "bringing to", "post office", "logistics", "take package", "goods logistics", "office"], ["slow", "ru", "movement", "moving", "legs", "step", "stroll", "feet", "running", "jog", "steps", "actio", "slower", "move", "slow ru", "march", "gait", "foot", "huma", "ambulate", "locomotio", "exercise", "floor", "motio", "slow jog", "stride", "pace", "slow running", "slowly", "take", "take steps", "forward", "ambulatio", "transport", "ground", "climb", "leg", "jogging", "midstance", "moonwalk", "preambulate", "traipse", "trample", "trim trail", "unwalkable", "take air", "ambulist", "vwikten 1shifting", "leading string", "betread", "trip over one's own two feet", "hoof", "catcher interference", "pedis possessio", "quadrupedal", "totter", "foot it", "coasteering", "shuffle", "moonwalker", "nuddle", "nim", "walk off", "walk around", "duckwalk", "passometer", "frescade", "go cart", "shambling", "put one foot in front of other", "clomp", "perambulate", "clump", "trudge", "flatfoot", "valley of shadow death", "drive irish tandem", "practical nurse", "beat hoof", "sashay", "reambulation", "gradatory", "overstride", "trail", "funambulate", "avenue", "cloister", "entrepas", "route march", "klomp", "walked", "posthole", "amble", "waddle", "gait apraxia", "stretch one's legs", "noctambulate", "run up", "ambulatorial", "vwikten 1missing", "footslog", "pernoctation", "duck footed", "coin walk", "ambulative", "stiltwalker", "vwikten 1traverse", "intentional walk", "shanks mare", "brush by"], [], [], ["belfie", "vtake", "tithed", "untakable", "china", "relfie", "replevin", "southern ocean", "welfie", "hegira", "tried", "aattracted", "ta e", "liangguang", "spoken for", "drelfie", "taking", "afond", "arelationship", "retaken", "ainfatuated", "untried", "picture", "hostage", "step", "class", "force"], [], ["drink", "eat", "vsystem", "ingesting", "hairball", "stupefied", "uningested", "toxinosis", "ingestest", "phagocytise", "under influencer", "vbody", "haemoconia", "endocytosis", "phagocytose", "ingestant", "vtake", "ingestion", "pinocytize", "force feed", "fagopyrin", "fried rice syndrome", "gastric dumping syndrome", "cocaethylene", "ingestible", "reingest", "snootful", "chemoheterotroph", "hardware disease", "ingested", "ingesteth", "hemovore", "vdigestio", "incept", "pantostomatous", "majoun", "phagocytize", "vimport", "mouth", "noningested", "poisonous", "barium meal", "nerve gas", "medicine", "administer", "proving", "ingester", "take", "mithridatism", "eating", "ingests", "erythrophage", "swallow"], [], [], ["look", "vista", "see", "sight", "scenery", "window", "scene", "scenic", "looking", "landscape", "perspective", "opinio", "panorama", "panoramic", "screenscape", "spacescape", "viewer", "marinescape", "computationalism", "public wiki", "scrollable", "ventilation", "relational", "profile", "krishnology", "cover", "zoom", "belvedere", "crypto fascism", "unanimous", "viewscape", "behind scenes", "recondite", "program", "insight", "stereoview", "eyeful", "compose", "analytical editing", "visio", "milky way", "lightbox", "vlook at", "read only access", "prospect", "airview", "outlook", "polyorama", "strong minded", "stand up and be counted", "ringside seat", "exploded view", "waterscape", "micrographics", "pr\u00e9cis", "emergent", "narrow minded", "voyeur", "interact", "viewsome", "viewed", "viewshed", "fringe", "unviewed", "preview", "sketch", "mental", "clairvoy\u00e9e", "extremist", "pop up", "outsight", "upshorts", "metaphysics", "quick change artist", "tub thump", "vehicle", "self assertive", "speculation", "top do a", "controller", "viewable", "oceanview", "large minded", "inclusivism", "mirador", "tiltorama", "viewest", "fossilism", "viewshaft", "take", "agreeance", "survey", "eyesight", "groupthink", "foreview", "viewing", "virtual", "multiview", "three quarter", "free spoken", "call in show", "bully pulpit", "image", "vision thing", "leaf peeping", "behind curtai", "aspect", "vectograph", "worm's eye view", "adverbialism", "photomosaic", "logical", "upskirt", "point of view", "essex man", "lunarscape", "mathematicalism", "weltanschauung", "reflex camera", "autostereoscopy", "on plus side", "conceal", "gliff", "hemispace", "observe", "theory", "pantology", "political prisoner", "downblouse", "visible", "crowd art", "manscape", "database", "unitarianize", "pvs", "private wiki", "rearview", "claude glass", "scape", "views", "revisionism", "nonviewing", "aloofr", "pageview", "hanami", "query", "talk show", "afterview", "oroheliograph", "agreement", "herdthink", "self concept", "townscape", "anti democratic", "second opinion", "intentio", "wide angle", "spy", "out of sight", "marinorama", "soapbox", "kymoscope", "dualism", "viewport", "vantage point", "understand", "vieweth", "jump cut", "apparent", "table", "subview", "seeing", "autopticallyr", "streamie", "backstager", "translatio imperii", "egocentric predicament", "sicko", "opensightly", "view model", "mv", "onlook", "moonscape"], ["movie", " artifactphotographer perso", " commercial enterprisecameraman perso", " artifactikon artifact", " commercial enterpriseikon artifact", "filmmaker", " artifactpicture artifact", "develop", "actionfest", "filmhood", "potterite", "cinecoronarography", "skin flick", "chick flick", "sexploiter", "flythrough", "ellipsometry", "wide shot", "retrosexism", "prefog", "extraordinary optical transmission", "hypermediacywikten 2", "footage", "bold movie", "filmstrip", "x aerogel", "pullulan", "tie in", "escapism", "dosimeter", "video dial tone", "rohmerian", "superscreen", "cross shot", "premiere", "screenwork", "metafilm", "cinephilic", "midnight movie", "starcast", "edit", "playdate", "preem", "filmland", "foley session", "action figure", "scriptwriting", "thread", "films", "motion capture", "re shoot", "filmology", "pellicle", "cineast", "projectionist", "film badge", "oat opera", "parafilm", "print", "action adventure", "nonwestern", "cinemaddict", "foley artist", "nudie cutie", "sepmag", "emulsion", "filmset", "metallochrome", "trekiverse", "codirection", "schlockfest", "big screen", "tweening", "cross process", "filmed", "on camera", "celluloid", "photoresist", "suffusion", "semidocumentary", "stop action", "nude scene", "antiblocker", "epifilm", "casting couch", "iriscope", "intro", "blotch", "lens", "bold film", "thi", "animated cartoon", "cellophane", "shutter speed", "sword and sandal", "musical", "chopsocky", "review proof", "sexploitation", "camcording", "script doctor", "stfilm", "deposition", "cinema", "autoradiograph", "sensitometry", "razzie", "britflick", "body double", "nonfilmed", "fanlisting", "screenwrite", "dramatic beat", "prefilmic", "filmish", "dwarfsploitation", "working title", "docufilm", "incidental music", "deal memo", "tokusatsu", "thriller", "novelization", "cineliterate", "horror thriller", "smoke machine", "potterholic", "neurocinematics", "inlay card", "overdirect", "stunt double", "mumblecore", "jump scare", "retake", "megastudio", "male gaze", "scenarioist", "tearjerker", "adult movie", "cinematograph", "movie camera", "schlockumentary", "autowind", "title track", "telerecording", "plot device", "porn star", "social realism", "audio commentary", "pornstache", "starrer", "write up", "walk on", "britsploitation", "premise", "psychotronic", "collodion", "matrixial", "hatelisting", "schlockmeister", "run time", "gossamer", "dramedy", "biophotophone", "wind back", "speakie", "unfilmed", "blurb", "big picture", "filmization", "answer print", "postfilmic", "clich\u00e9 verre", "directoriallyr", "blue film", "sound head", "kodachrome", "phoneidoscope", "negative cutter", "playback singer", "dream factory", "in medias res", "neo noir", "wind machine", "short", "subphase", "group", "wetdo ", "animatography", "director's cut", "minimovie", "lobby card", "cinefilm", "membrane", "shadowcast", "opacity", "mediafan", "filming", "scenarise", "filmlore", "undercranked", "reel", "polyvinylidene chloride", "short subject", "membranous", "cinemagoer", "credit cookie", "baby wrangler", "overexposure", "dubber", "take", "videodrome", "soap bubble", "mylar", "shrinkwrap", "portmanteau film", "gilliamesque", "europudding", "sensitivity", "pseudodocumentary", "water hugging", "overdevelop", "cryfest", "filmlike", "star", "schlockbuster", "synthetic paper", "unfilmable", "preview", "cinematherapy", "synthespian", "happy slapping", "bollywood"], [], [], ["out", "nickwikten 1", "compositorial", "type", "twicer", "caseman", "compositors", "take", "typesetter", "leanwikten 2", "compose", "sets"], [], ["rest", "smash", "snap", "escape", "fracture", "broke", "pause", "destroy", "time", "shatter", "fall change"], [], ["vadopt", "vassume", "vtake", "vprefer", "vchoose", "vreceive"], [], [], ["vcrystal", "smaltite", "glacial acetic acid", "olivine", "crystallizable", "pearl spar", "vgive", "vprecise", "vsugar", "subcrystalline", "vcoat", "fractional crystallization", "cave pearl", "roching cask", "vitroceramic", "crystallizes", "segregation", "vform", "crystallizing", "vcrystalline", "sugar", "cotectic", "cocrystallize", "glassformer", "vdefinite", "trimorph", "trimorphism", "pectolite", "vassume", "crystalize", "flexnerian", "antichaos", "saltmouth", "vtake", "granulate", "cubic nitre", "abyssal rock", "lithargyrum", "recrystallize"], [], ["baseball mitt", "sticky fingered", "vshore", "round", "fisherman", "gripping", "fragment", "captor", "vinfect", "mantrap", "anglewikten 2", "vhold", "cough", "vreplenish", "chaptzem", "catcatcher", "vblow", "dodgeball", "bag", "lift net", "vmarry", "music", "vwave", "vtravel", "lime twig", "vgrasp", "hallier", "bawdy", "vtake", "germinate", "wrongfoot", "vinnings", "lasso", "cobweb", "negotiatio", "batfowling", "vserve", "vsnare", "vspread", "trollwikten 3", "vreceive", "slipwikten 3", "lay hold of", "vbreath", "capture", "top edge", "vcatcher", "trawler", "crick", "vhit", "bycatch", "vcatch up", "dolly", "overcatch", "vsnatch", "fish wheel", "payao", "ventrance", "trigger", "inside edge", "vinfectio"], ["surprise", "surprising a ", "a surprising ", "facer", "throw someone curve", "thunderbolt", "aforesee", "sudden death", "come out with", "aanticipated", "crazy", "bloodbath", "unscripted", "counterexpectational", "strike lucky", "ghost peak", "spin off", "aunexpectedly", "inside out", "fortune", "smooth", "deleterious", "rogue wave", "afterclap", "unexpectedlyr", "jump down someone's throat", "out of nowhere", "aexpect", "megadisaster", "unhoped", "random", "unheralded", "aexpectatio", "undesignedlyr", "encounter", "cowp", "unthought of", "spanner", "monkey wrench", "power surge", "blort", "turn up for book", "more than one bargained for", "drop bomb", "like ton of bricks", "throw spanner in works", "funnilyr", "glitch", "surprised", "unexpectedness", "unplanned", "hiatus", "special delivery", "aincidental", "disconnection", "misbehave", "strike it lucky", "game changer", "hit snag", "videobombing", "expectation", "hit someone for six", "monstrous moonshine", "wrongfoot", "by accident", "blowout", "pull rabbit out of hat", "gliff", "doorstepping", "clear air turbulence", "left field", "surprisinglyr", "lagniappe", "aout of blue", "nasal demon", "take", "minor miracle", "abolt from blue", "aunplanned", "serendipitous", "october surprise", "switcheroo", "flukilyr", "external risk", "trouble in paradise", "mirative", "bowl googly", "photobombing", "jamminess", "descanso", "sucker punch", "stop short", "accident", "aexpected", "put out fire", "misbehavior", "unsupposed", "acontingent", "precipitant", "bolt from blue", "shock"], ["dispossess", "possess", "property", "owner", "o ", "preoccupancy", "obtain", "possessive case", "prosopopesis", "trunk", "money pit", "discontinuee", "security interest", "patroon", "disseize", "illth", "half loaf is better than none", "cosinage", "take", "office", "ewe lamb", "orpeko", "feoffment", "you can't take it with", "take back", "possessive suffix", "remitter", "possessory", "obsession", "sociomass", "demonry", "hold over", "nonpossession", "white elephant", "entry", "keep", "acceptance", "havingness", "property rights", "new spain", "landgrabber", "reversion", "having", "lares and penates", "monopoly", "possessionary", "apotactite", "chindi", "retain", "mandement van spolie", "bindlestiff", "regain", "afflictio", "pocomania", "bewin", "zar", "responsibility", "crown jewel", "bargain and sale", "future interest", "confiscate", "withheld", "surrender", "relinquish", "status symbol", "perquisite", "control", "possessionlessness", "commission agent", "remainder", "accountability", "ownership", "fall into wrong hands", "occupancy", "search warrant", "possessive determiner", "have all", "possessee", "emptyhandedness", "temporalities", "consumerism", "adorcism", "on side kick", "possessive", "territory", "possesions", "use tax", "private property", "upr", "genitive", "beneficiary", "prepossess", "possessionless", "vest in interest", "heirloom", "custody", "bag and baggage", "possessorship", "wealthiness", "re entry", "possessing", "uti possidetis", "estate", "demo", "ball hawking", "seizor", "seize upon", "swagwikten 3", "possessive adjective", "affluenza", "prepossession", "chaplainship", "tiki taka", "filch", "poor", "hand over", "despoil", "possession is nine tenths of law", "undevil", "acquisitiveness", "secundogeniture", "in commo", "constructive trust", "price", "supernatural", "landed", "covetousness", "hold", "intercept", "encroachment", "stickhandle", "nou", "amotion", "unappropriate", "incumbency", "genitive case", "bailment", "owndom", "purse proud", "deforce", "pass through hands", "mortmain", "nonball", "bag lady", "nominal", "bag", "new france", "possessional", "british crown dependency", "possessions", "discommunity", "gegenpressing", "have", "owned", "my", "toy", "mine", "belong", "wallet", "thing owned", "something owned", "demonic", "demonic control", "degree", "material", "good", "material good", "belonging", "colony", "give", "claim", "of", "ours", "trade"], [], [], ["take", "ground", "t\u00eate de pont", "beachhead", "bridgeheads", "thiaspirane", "fortificatio", "molecule", "paddlane", "obstacle", "atom", "advance", "airhead", "railhead", "defend", "dibridgehead", "foothold", "propellane", "enemy", "secure", "end", "bridge", "area"], [], [], [], [], [], [], [], [], ["take", "hanseatic city", "member", "collectively", "hans", "hanse"], [], [], ["a productive ", "fortunate a ", "undefeated a ", "a undefeated ", "productive a ", "a fortunate ", "golden girl", "work wonders", "up and comer", "take", "starmaker", "successfullyr", "make it", "blockbusting", "nothing succeeds like success", "game over", "megagame", "make something of oneself", "achievement", "smash hit", "strike gold", "do trick", "land on one's feet", "nonsuccessful", "superlawyer", "you snooze lose", "highliner", "tall poppy", "blockbusterish", "hopeless romantic", "unsuccessful", "supershow", "speedful", "bomb ass", "moghul", "match made in heaven", "tall poppy syndrome", "roaring", "tripos", "auspiciousness", "cut it", "presentment of englishry", "thriving", "unsuccessfullyr", "\u00e9clat", "bubble under", "reversal", "make it rain", "bright green", "retrieve", "get penny", "draw blank", "successfulness", "pop star", "fonzie touch", "superschool", "megastar", "megapop", "supergirl", "make grade", "take off", "golden boy", "megaproducer", "asuccess", "superhit", "go great guns", "gangbusters", "marsupialize", "favorite son", "kick ass", "outcompete", "alrightnik", "propitiousness", "zero in on", "whack", "upstreaming", "stones", "megachain", "work like charm", "jiggy", "bandwagoner", "megaband", "megasuccessful", "superteacher", "starmaking", "hack it", "romping good", "supersuccessful", "positive transfer", "success story", "open sesame", "accomplish", "model", "profit", "find"], [], [], [], [], ["shade", "home", "house", "tent", "ark", "airhouse", "shadelesslyr", "rifle pit", "homeless shelter", "vtake", "sheltering", "sheltron", "social insect", "pesthouse", "wiltja", "cardboard city", "adirondack lean to", "crow's nest", "in need", "bus shelter", "leeward", "provide", "sheal", "shroud", "housing", "den", "basha", "under cover", "sheepcote", "embower", "leeside", "yaodong", "stationhouse", "zayat", "kipsy", "shelterest", "spittal", "awning", "wing", "bivvy", "goathouse", "bender tent", "roof over one's head", "have", "sheltereth", "shelterer", "stormhouse", "safe", "unhouse", "pig ark", "scherm", "sentry box", "institutio", "testudo", "stevenson screen", "refuge", "barth", "igloo", "battlement", "survival sex", "sheltersome", "take refuge", "bescreen", "battered", "shelters", "warming center", "hovel", "sap shield", "walled garden", "twigloo", "cyclone cellar", "cabana", "wome", "lunar lifeboat", "insheltering", "vprovide", "pavilion", "hiddle", "bieldy", "cost of living", "temporary", "take cover", "inshelter", "lean to", "hibernaculum", "snowhole", "put up", "lewwikten 2", "salawikten 2", "unharbour", "beild", "spinney", "sheltered", "sheltermate", "three hots and cot", "abri", "unsheltered", "hunker do v", "dugout", "hoverwikten 2", "sheltery", "homeless", "breakwater", "protectio", "people", "house of refuge", "shelterwood", "inhospitable", "storm cellar", "unhive", "cover", "shelterless", "foxhole", "quinzhee", "nest", "protect", "need", "shed", "camp", "tree", "cage", "stable", "lees", "palace", "harbour", "building", "umbrella", "zoo", "ceiling", "farm"], ["bear do v", "propinquate", "run up", "antimethodology", "approaching", "iatromedicine", "draw on", "cap and trade", "glideslope", "appropinquation", "foul line", "approaches", "blindage", "change tack", "hit on", "bear down on", "earth grazing", "multiapproach", "nigh", "approachment", "antidesign", "outguard", "symbolicism", "nighen", "approachless", "beacon", "nouvelle cuisine", "lane", "verge on", "short finals", "draw in", "ride up", "come down pike", "outsentry", "pull in", "total quality management", "estacade", "edge up", "styling", "on right track", "sneak up", "approximate", "bark up wrong tree", "biographism", "advance", "multimethodology", "reaccess", "sneak up on", "productionalization", "approach shot", "approacheth", "reflectivism", "waldorfian", "accede", "come to papa", "edupunk", "observationalism", "initiative", "approachable", "aircraft", "communication mix", "draw near", "avenue", "trou de loup", "shy", "vocationalism", "entanglement", "near", "preventionism", "accessibility", "cosmeticism", "cavin", "touch", "instrument landing system", "bear in with", "disciplinism", "multilogism", "epsilontics", "overture", "continuous delivery", "reggio emilia", "take", "approachability", "approached", "infinity", "stand", "tapping up", "reapproach", "abord", "disruptionism", "route", "appulse", "double handed", "asymptotic", "productionalize", "tap up", "carefront", "counterapproach", "change horses in midstream", "toran", "apophatism", "lateralism", "approacht", "tyrant", "oncoming", "approacher", "vergency", "transactionalism", "mob programming", "smatter", "mathematicism", "come up to", "mv", "long way around"]], "/r/UsedFor": [["going to sleep", "hotel room", "hotel", "sleeping", "sleeping at night", "sitting do ", "motel"], [], [], [], [], [], [], ["carrier bag", "holding point", "handle", "vanity case"], [], ["water", "ice", "beer mug", "minibar", "going to pub"], ["restaurant receiving"], ["floor", "feet", "muscle", "passageway", "alley", "shopping mall", "boulevard"], [], [], [], [], [], [], [], ["helium balloo", "channel"], ["store movies", " commercial enterprise creatio", " artifactnegative artifact", " artifactrecord recording", " commercial enterprisemovie communicatio", " artifactfoil artifact", " commercial enterpriserecord recording", " artifact movie", " commercial enterprise movie"], [], [], [], [], [], [], [], [], [], [], [], [], ["gift"], [], [], [], [], [], [], [], [], [], [], [], [], [], [], [], [], [], [], [], [], ["house", "building", "place to stay", "boarding room", "school", "apartment", "interior area", "home"], []], "/r/LocatedAt": [[], [], [], [], [], [], [], [], [], [], [], [], [], [], [], [], [], [], [], [], [], [], [], [], [], [], [], [], [], [], [], [], [], [], [], [], [], [], [], [], [], [], [], [], [], [], [], [], [], [], [], [], [], [], [], []], "/r/FormOf": [["rests", "reest", "resteth", "restest", "resting"], ["bringing", "brought", "broughtest", "brang", "brung", "bringeth"], ["acceptest", "acceptedst", "accepted", "accepts", "accepteth"], [], [], [], [], ["carrying"], ["adopts", "adopted", "adoptest", "adopting", "adopteth"], ["drunk", "drinken", "drunkest", "drinked", "drinketh", "drinks"], ["delivered", "delivering", "deliverest", "delivers", "delivereth", "deliver'd", "deliveredst"], ["walkest", "walketh", "walks", "walkingwikten 2", "ywalked"], [], [], ["tooken", "take", "vtake"], [], ["ingesting", "ingests", "ingested"], [], [], ["views", "viewest", "viewed", "viewing", "vieweth"], ["filming", "films", "filmed"], [], [], ["compositors"], [], [], [], [], [], [], ["crystalise", "crystallizes", "crystallized", "crystallizing"], [], ["catchest", "catches", "caughten", "catcheth", "ycaught", "caughtest"], [], ["possesion", "possessioned", "possessioning", "possessions"], [], [], ["bridgeheads"], [], [], [], [], [], [], [], [], ["hanse"], [], [], [], [], [], [], [], ["shelters", "sheltering", "sheltered"], ["approaching", "approaches", "approacheth", "approachest", "approached"]], "/r/IsA": [["lie in act", "armrest artifact", "bedrest act", "whole rest communication communicatio", " actinactivity act", "chin rest artifact", "quiescence act", " artifactsupport artifact", " communicatiomusical notation music", "half rest communication communicatio", "headrest artifact", "quarter rest communication communicatio", "leisure act", " stateinaction state", " statedeath state", "laziness act"], [], ["esteem"], [], [], [], [], ["portage act", "fireman's carry act", "packing act", "porterage act", " acttransportation act", "piggyback act"], [], ["soda", "screwdriver", "tea", "cappuccino", "pepsi", "lemonade", "hair of dog food", " actintemperance act", "pledge food", "draft food", "ice cream soda food", "whiskey neat food", " objectbody of water river", "shandygaff food", "libation food", "chaser food", "eye opener food", "liquid", "whiskey on rocks food", "syllabub food", "sundowner food", "drinking bout act", "milkshake food", "frappe food", "sangaree food", "stirrup cup food", "fruit punch", " foodhelping food", "nightcap food", "posset food", "alcohol", "csd", "one type of hurricane", "champagne", "ice", "alcoholic drink", "applejuice", "one type of huricane", "smoothie"], [], ["shamble act", "last mile act", " attributecarriage attribute", " actlocomotion act", "moonwalk act", "ambulatory artifact", "hike act", "gait act", "wading act", "march act", " artifactpath artifact", "ambulation act", "skywalk artifact", "turn act", "catwalk artifact", "promenade artifact", "foot act", "perambulation act", "constitutional act", "walkabout act", "amble act", "prowl act", "flagging artifact", " acttravel act", "plodding act", "sleepwalking act", "sidewalk artifact", " actgait act", "boardwalk artifact", "walk through act"], [], [], [], [], ["imbibe"], [], [], ["tableau cognition cognitio", "side view cognition cognitio", " actlook act", " attributeappearance attribute", "background cognition cognitio", " cognitiopurpose cognitio", "middle distance cognition cognitio", "coast cognition cognitio", " locatiorange locatio", " cognitiovisual percept cognitio", "eyeful act", "foreground cognition cognitio", "glimpse cognition cognitio", "exposure cognition cognitio", "find upstairs"], ["movie", "medium", " artifactobject", "reel artifact", "microfilm artifact", " commercial enterprisemedium communicatio", "orthochromatic film artifact", "x ray film artifact", "panchromatic film artifact", "silver screen communication commercial enterprise", " artifactsheet artifact", "artistic expressio", "negative artifact", "shrink wrap artifact", "motion picture film artifact", "positive artifact", "scum artifact", "soap film artifact", "sequence artifact", "roll artifact", " artifactphotographic paper artifact", "footage artifact", "film clip communication artifact", " artifactwrapping artifact", "roll film artifact", "slick artifact", "record of motion and sound", "imaging device", "physical surface", "man who sued god", "finite surface region", "liquid film", "bounded surface", "series of pictures", "another word for movie"], [], [], [" persoprinter perso"], [], ["cut in broadcasting act", " eventchange event", " actdelay act", " tennisscore act", "cut in film act", " actescape act", "fast break basketball act", "interjection act", "heckling act", "breaking off act", " actstroke sport", " eventaccident event", " eventseparation event", " actdash act", "snap event"], [], [], [], [], [], [], ["interception american football act", "latch artifact", " actgame act", "mesh act", "hook artifact", "reception american football act", " acttouch act", "tripper artifact", "hasp artifact", " artifactrestraint artifact", " attributedrawback attribute", "shoestring catch baseball act", " artifactfastener artifact", "fair catch american football act", "pawl artifact", " communicatiomanner of speaking communicatio", "doorstop artifact", " objectobject", "bench hook artifact", "hood latch artifact", " persoadult perso", "rebound act", " quantityindefinite quantity"], ["wpheroestelevision episode"], [" locatiodistrict locatio", "retention act", "transferred property possession ", " actcontrol act", "property possession ", " sportcontrol act", " relation", "constructive possession law act", "treasure possession ", "white elephant possession ", "criminal possession law act", "circumstances possession ", " stateenchantment state", "actual possession law act", "liabilities possession ", "assets possession ", "assetopencycassets possession", "assetopencycassets possessionopencycpossession 483", "asset", "wpbyatt novelbook"], [], [], ["beachhead location locatio", " locatiocombat zone military", " locatiopost locatio", "airhead location locatio", "unnatural thing", "hexalateral object", "tactical area", "outdoor location"], [], [], [], [], [], [], [], [], [], [], [], [], [], [], [], [], ["house", "sconce artifact", "fallout shelter artifact", "loft artifact", "haven artifact", "dugout artifact", "camp artifact", "roost artifact", "hovel artifact", " artifacthousing artifact", "lean to artifact", "storm cellar artifact", "bell cote artifact", "cookhouse artifact", "sentry box artifact", "hut military artifact", "kennel artifact", " artifactprotective covering artifact", "mantelet artifact", "birdhouse artifact", "canopy artifact", "tent artifact", "refuge artifact", " artifactstructure artifact", "cote artifact", "birdhouseopencycshelter constructio", "hut", "animal shelteropencycshelter organizatio", "shelter intended for humansopencycshelter constructio", "opencycshelter constructioshelter providing artifact", "homeless shelteropencycshelter organizatio", "basic necessity for humans", "basic human need", "opencycshelter constructiofacilityopencycfacility generic", "find inside", "tent", "nestopencycshelter constructio", "opencycshelter organizatiolocal organization", "shelter facilityopencycshelter constructio", "opencycshelter constructioman made structure", "doghouseopencycshelter constructio", "opencycshelter organizatioservice organization", "building", "aquariumopencycaquarium containeropencycshelter constructio", "top bar hiveopencycshelter constructio"], ["closing act", " actconceptualization act", "pitch act golf", "access act", " actmotion act", " golfgolf stroke act", " attributesimilarity attribute", "run up act", " attributetiming attribute", "chip golf", " eventmovement event", "avenue act", "landing approach act"]], "/r/PartOf": [[], [], [], [], [], [], [], [], [], ["meal"], [], ["pace act"], [], [], [], [], [], [], [], [], [], [], [], [], [], [" actbilliards act", " actpool act"], [], [], [], [], [], [], [], [], [], [], [], [], [], [], [], [], [], [], [], [], [], [], [], [], [], [], [], [], [], []], "/r/HasA": [[], [], [], [], [], [], [], [], [], [], [], [], [], [], [], [], [], [], [], [], [], [], [], [], [], [], [], [], [], [], [], [], [], [], [], [], [], [], [], [], [], [], [], [], [], [], [], [], [], [], [], [], [], [], [], []], "/r/CapableOf": [["free to think clearly"], [], [], [], [], [], [], ["bag"], [], ["means alcoholic drink"], [], ["animals with legs", "feet", "humans after certain time"], [], [], [], [], [], [], [], [], ["coat surface", "star actor"], [], [], [], [], ["bones", "guns"], [], [], [], [], [], [], ["racoons eat catfish if"], ["create humor and make laugh"], [], [], [], [], [], [], [], [], [], [], [], [], [], [], [], [], [], [], [], [], ["tent", "offer free food"], []], "/r/AtLocation": [[], [], [], [], [], [], [], [], [], ["ca", "cup", "cabinet", "bottle"], [], ["closet in mansio", "closet in house", "closet in master bedroom"], [], [], [], [], [], [], [], ["top of mountai"], ["movie", "drawer"], [], [], [], [], [], [], [], [], [], [], [], [], [], ["house"], [], [], [], [], [], [], [], [], [], [], [], [], [], [], [], [], [], [], [], ["bus stop", "kitte", "house", "tree"], []], "/r/HasProperty": [[], [], [], [], [], [], [], [], [], [], [], [], [], [], [], [], [], [], [], ["relaxing"], ["sensitive to light"], [], [], [], [], [], [], [], [], [], [], [], [], [], [], [], [], [], [], [], [], [], [], [], [], [], [], [], [], ["may considered lucky if", "test", "willing and eager"], [], [], [], [], [], []], "/r/CreatedBy": [[], [], [], [], [], [], [], [], [], [], [], [], [], [], [], [], [], [], [], [], [], [], [], [], [], [], [], [], [], [], [], [], [], [], [], [], [], [], [], [], [], [], [], [], [], [], [], [], [], [], [], [], [], [], [], []], "/r/Synonym": [["eternal rest state", "relaxation act", "repose act", " linkdefremainder linkdef", "sleep state", "v contactperch contact", "repose stative", "v changestay change", "catch one's breath communication communicatio", "reside stative", "quietus state", "eternal sleep state", " timerespite time", "v contactpillow contact", "breathe communication communicatio", "take breather communication communicatio", "ease act", "v stativelie stative", "cradle", "vwikten 2lea", "vwikten 2be", "wikten 1cradle"], ["convey motion motio", "take motion motio", "land change", "get contact", "fetch contact", "play creation creatio", "contribute", "make for creation creatio", "v possessiofetch possessio", "convey contact", "work creation creatio", "v creatioinstitute creatio", "v possessiolend possessio", "wreak creation creatio"], ["take possession possessio", "v possessiotake possessio", "go for communication communicatio", "vadmit", "take on possession possessio", "live with cognition cognitio", "vreceive", "have possession possessio", "swallow cognition cognitio", "vtake", "buy", "take stative", "admit possession possessio", "consent communication communicatio", "v possessiobear possessio", "vagree", "take", "vget", "vacknowledge", "vacquire", "vconstrue", "vapprove", "vonfang", "vassent", "vwithtake", "acquiesce", "vavow", "endure", "vaccede", "vestimate", "vregard", "vacquiesce"], [], [], [], [], ["v socialbehave social", "v contacthold contact", "v possessiostock possessio", "sway social", "v contacttransport contact", "hold consumption consumptio", "take stative", "persuade social", "convey communication communicatio", "v bodyhave bun in oven body", "v sportdribble sport", "extend change", "v possessiopost possessio", "run creation creatio", "pack stative", "v stativehold stative", "express communication communicatio", "v motioconduct motio", "conduct", "take", "vhave", "vtransmit", "vadopt"], ["take up possession possessio", "espouse possession possessio", "v writingdramatize writing", "follow possession possessio", "v changeassume change", "take over possession possessio", "v socialassume social", "borrow possession possessio", "v cognitioespouse cognitio", "take in change", "affect", "vespouse", "vfather", "carry", "vassume", "vavow", "vapprove", "vaffiliate", "vappropriate", "vaccept", "borrow", "vmaintai", "vfoster"], [" actswallow act", "boozing act", "tope consumption consumptio", "v cognitiodrink in cognitio", " foodbeverage food", "booze consumption consumptio", "imbibe consumption consumptio", "drunkenness act", "v consumptiotoast consumptio", "drinking act", "fuddle consumption consumptio", "hit bottle consumption consumptio", "crapulence act", "wikten 2gulp"], ["v possessiosurrender possessio", "save religion religio", "pitch contact", "v possessiohand over possessio", "drive home possession possessio", "redeem religion religio", "v bodygive birth body", "v communicatiorender communicatio", "v socialextradite social", "v socialrescue social", "present communication communicatio", "redeem", "vcome up with goods", "come across", "come up with goods", "vutter", "vfree", "disengage"], ["paseo artifact", " actwalk of life act", "take air motion motio", " baseballbase on balls baseball", "walkway artifact", "walking act", "manner of walking attribute", "vsteal", "footpath", "vstep", "vstroll", "vtrudge", "walk free"], [], [], ["a interpreted "], [], ["v cognitioabsorb cognitio", "v consumptioconsume consumptio", "take"], [], [], ["v perceptiowatch perceptio", "scene cognition cognitio", "look at perception perceptio", " artifactscene artifact", "survey act", "sight act", "eyeshot location locatio", "prospect cognition cognitio", "panorama cognition cognitio", "aspect cognition cognitio", "consider perception perceptio", " attributehorizon attribute", "v cognitiosee cognitio", " cognitioposition cognitio", " communicatioopinion communicatio", " cognitioopinion cognitio", "vista cognition cognitio", "regard", "scene", "perspective", "sight", "inspectio", "appearance"], ["take movie", "photographic film artifact", "celluloid commercial enterprise", "movie", "shoot movie", " communicatiomovie communicatio", "plastic film artifact", "cinema commercial enterprise", "motion picture", "skin"], [], [], ["setter person perso", "typographer person perso", "typesetter person perso", "typesetter"], [], ["snap off contact", " actopen frame act", "break off contact", "separate change", "break away motion motio", " eventinterruption event", "erupt emotion emotio", "v stativeviolate stative", "fall apart contact", "break away social", " geologyfault geology", " statefracture state", "v changefail change", " timepause time", "happy chance event", "v communicatiopause communicatio", "break of serve tennis", " actbreakage act", "v socialtransgress social", "v communicatiodisclose communicatio", "v socialdemote social", "discontinue change", "wear contact", "v changedampen change", "v changecrack change", "v changebreak in change", "v socialseparate social", "get out communication communicatio", "develop change", "v competitiobetter competitio", "v bodyfracture body", "v changeinterrupt change", "jailbreak act", "come apart change", "v motiocollapse motio", "disruption act", "break up contact", "burst emotion emotio", "wear out contact", "get around communication communicatio", "split up change", "bust contact", "break off change", "good luck event", "prisonbreak act", "breakout act", "gap act", "v possessiobankrupt possessio", "v socialbreak in social", "interruption act", "fall apart change", "v motiobreak dance motio", " actrespite act", " eventrupture event", "stop change", "prison breaking act", "break out motion motio", "gaolbreak act"], [], [], [], [], ["crystallise physics", "crystalize physics", "crystalize change", "effloresce change", "crystallise change", "crystalise change", "v cognitioclear cognitio", "crystalise physics", "shed light on"], [], ["v emotiocapture emotio", "take in perception perceptio", "get contact", "v contacthitch contact", "match person perso", "v competitioovertake competitio", "pick up perception perceptio", "haul", "v contactcapture contact", "v perceptiowatch perceptio", "v contactget contact", "stop artifact", "get creation creatio", "grab act", "get perception perceptio", " actapprehension act", "snap act", "haul quantity", "get cognition cognitio", "v cognitiotrip up cognitio", "gimmick attribute", "hitch", "take hold of contact", "grab contact", "snatch act", "arrest contact", "overhear perception perceptio", "snatch", "take", "netwikten 1", "fasten", "stop", "vfang"], ["expected", "accidental", "casual", "surprise", "wpheroeswpheroes"], [" motivemonomania motive", " attributeself control attribute", "ownership act", "owndom", "ight", "floor", "thing", "holding", "wpbyatt novelwpbyatt novel"], [], [], ["foothold location locatio"], [], [], [], [], [], [], [], [], ["hanseatic league"], [], [], ["prosperous", "aefficacious", "atithe"], [], [], [], [], ["sanctuary", " stateprotection state", " possessiotax shelter possessio", "ark", "asylum", "place of refuge", "subumber", "vharbor", "harbor", "dwelling", "harbour"], ["attack act", "approaching act", "come on motion motio", "v stativeborder on stative", "approaching event", "near motion motio", "coming attribute", " artifactaccess artifact", " locatioapproach path locatio", "coming act", "v socialset about social", "approaching attribute", "draw close motion motio", " communicatiooverture communicatio", "go up motion motio", "plan of attack act", "approach shot golf", "come near motion motio", "draw near motion motio", "way", "come along", "coming", "approach shot", "drive", "entrance", "come close", "take", "deal with", "advance", "oncoming", "come closer"]], "/r/LocatedNear": [[], [], [], [], [], [], [], [], [], [], [], [], [], [], [], [], [], [], [], [], [], [], [], [], [], [], [], [], [], [], [], [], [], [], [], [], [], [], [], [], [], [], [], [], [], [], [], [], [], [], [], [], [], [], [], []], "/r/SimilarTo": [["vlie"], [], [], [], [], [], [], [], [], [], ["provide", "procure", "vprocure", "supply", "vfurnish", "yield"], [], [], [], ["affected a ", "a affected "], [], [], [], [], [], [], [], [], [], [], [], [], [], [], [], [], [], [], ["upset a ", "unannounced a ", "a unprovided for ", "unthought of a ", "a unthought of ", "a upset ", "unprovided for a ", "a out of blue ", "a unannounced ", "out of blue a ", "aunforesee"], [], [], [], [], [], [], [], [], [], [], [], [], [], [], [], ["made a ", "productive a ", "a productive ", "a flourishing ", "a no hit baseball", "triple cro a horse racing ", "a boffo ", "a self made ", "a sure fire ", "a triple cro baseball", "a triple cro horse racing", "a victorious ", "in a ", "flourishing a ", "boffo a ", "self made a ", "no hit baseball ", "a in ", "a made ", "sure fire a ", "triple cro a baseball ", "victorious a "], [], [], [], [], [], []], "/r/MadeOf": [[], [], [], [], [], [], [], [], [], [], [], [], [], [], [], [], [], [], [], [], [], [], [], [], [], [], [], [], [], [], [], [], [], [], [], [], [], [], [], [], [], [], [], [], [], [], [], [], [], [], [], [], [], [], [], []], "/r/ReceivesAction": [[], [], [], [], [], [], [], [], [], ["put in containers"], [], [], [], [], ["test", "in bathtub baths", "picture of guitar"], [], [], [], [], [], ["stored on reels"], [], [], [], [], [], [], [], [], [], [], [], [], [], [], [], [], [], [], [], [], [], [], [], [], [], [], [], [], [], [], [], [], [], [], []]}, "/r/UsedFor": {}, "/r/LocatedAt": {}, "/r/FormOf": {"/r/RelatedTo": [["vtake", "take", "cut", "picture", "thermometer", "duck", "possess", "interest"], ["robbery", "napoleon", "caretaking", "distress", "taker", "heedful", "reciprocate", "seizure", "takings", "threadjacking", "business", "handshake", "opioidophobia", "aattractive", "takingness", "receipt", "ontake", "cash", "shop", "receive", "considering", "money", "rescission", "vtake", "gaintaking", "aalluring", "take", "rest", "tax", "adopt", "kill", "risk", "enjoy", "accept", "admit", "stole", "subtractio", "carry", "tur", "adventure", "move", "fraud", "bet", "walk", "camera", "shower", "give", "possess", "conservatio", "breath", "removal", "hand", "control", "picture", "break", "swallow", "abductio", "chance", "register", "shutter", "provide", "steal", "trade", "cheat", "count", "bring", "scale", "murder", "tow", "reach", "eat", "pick", "rush", "claim"], []], "/r/UsedFor": [[], ["drug"], []], "/r/LocatedAt": [[], [], []], "/r/FormOf": [["take", "vtake"], ["takings", "vtake", "take"], ["vtake"]], "/r/IsA": [[], ["impounding", "annexing territory", "takeover", "expropriating", "colonization", "unburdening", "transfer of user rightsopencycgaining rights", "appropriating", "gaining control", "stealing", "performingopencycpurposeful actio", "seizing objective"], []], "/r/PartOf": [[], [], []], "/r/HasA": [[], [], []], "/r/CapableOf": [[], [], []], "/r/AtLocation": [[], [], []], "/r/HasProperty": [[], [], []], "/r/CreatedBy": [[], [], []], "/r/Synonym": [[], [" actpickings act", "a fetching ", "take"], []], "/r/LocatedNear": [[], [], []], "/r/SimilarTo": [[], [], []], "/r/MadeOf": [[], [], []], "/r/ReceivesAction": [[], [], []]}, "/r/IsA": {"/r/RelatedTo": [[], []], "/r/UsedFor": [[], []], "/r/LocatedAt": [[], []], "/r/FormOf": [[], []], "/r/IsA": [[], []], "/r/PartOf": [[], []], "/r/HasA": [[], []], "/r/CapableOf": [[], []], "/r/AtLocation": [[], []], "/r/HasProperty": [[], []], "/r/CreatedBy": [[], []], "/r/Synonym": [[], []], "/r/LocatedNear": [[], []], "/r/SimilarTo": [[], []], "/r/MadeOf": [[], []], "/r/ReceivesAction": [[], []]}, "/r/PartOf": {}, "/r/HasA": {}, "/r/CapableOf": {}, "/r/AtLocation": {}, "/r/HasProperty": {}, "/r/CreatedBy": {}, "/r/Synonym": {"/r/RelatedTo": [[], [], [], [], [], [], [], [], [], [], [], [], [], [], ["take", "acceptance", "acceptable", "receive", "type ii error", "face music", "force feed", "shut door on", "resistinglyr", "unacceptable", "suspend one's disbelief", "reaccept", "transgression", "take things as they come", "vending machine", "vapproval", "hard truth", "conventional wisdom", "welcome", "withsay", "pass current", "take bow", "vacceptance", "go along with", "like it or lump", "table manners", "take on board", "unconventional", "cab rank rule", "acceptingness", "persuade", "take kindly", "take shilling", "reject", "go with", "take it out in", "vassent", "repudiation", "live with", "cotton to", "acceptancy", "take something in stride", "external world", "rosary", "take on faith", "nostrify", "bite off", "tolerance", "lean into", "espouse", "polyprotic", "exclude", "flying bishop", "pill to swallow", "take up", "take no for answer", "vacceptable", "lump it", "pick up tab", "acid", "hard pill to swallow", "nonassumption", "acceptee", "jump at", "belly up to bar", "acceptedlyr", "embracement", "legitimate", "crockard", "tolerant", "acceptor", "dishonour", "acceptinglyr", "take up gauntlet", "sit still", "buy", "nonacceptance", "fall in with", "docile", "eat up", "vendure", "gowikten 1", "postulate", "bite bullet", "persuasiveness", "indigestible", "relinquish", "seize upon", "settle for", "horse pill", "nonaccepter", "acception", "make peace", "vfavour"], [], [], [], [], [], [], [], [], [], [], [], [], [], [], [], [], [], [], [], [], [], [], ["vvessel", "choker", "vup", "overhale", "rehaul", "yardgoat", "haulest", "vhale", "violent", "take", "strike", "drag out", "kedge", "vanswerable", "uphaul", "vsummo", "vox", "haulier", "downhaul", "vheavy", "hauls", "tally on", "vconnotatio", "life car", "vcarry", "horseload", "chockablock", "lug", "janker", "noust", "vdifficult", "vfore", "hauler", "item", "haulable", "haulage", "crotch", "unhauled", "vapart", "hauleth", "vmotor vehicle", "hauled", "inhaul", "puretic power block", "hauling", "carry", "dragging", "take away", "tow", "heavy pull", "heavy", "pull", "drag", "dragging heaving", "heaving"], ["vista", "point of view", "view", "surface", "sense", "standpoint", "perspective glass", "watsonian", "macroperspective", "on plus side", "thought provoking", "scenography", "no matter how one slices it", "multiperspective", "alternative press", "recording", "two dimensional", "mannerism", "real time strategy", "perspicuity", "world", "binocular", "altmanesque", "artwork", "identity politics", "ames room", "aperspectival", "egophoric", "onlook", "perspectivism", "quadraturism", "representing", "self distance", "head hop", "zograscope", "cyclorama", "countertext", "sound", "measure", "outsight", "feminist theology", "scenograph", "perspectival", "vantage point", "standpoint theory", "vanishing point", "ahistorical", "hogel", "object", "nostalgia goggles", "perspectives", "perspectography", "secondary source", "perceive", "depth", "focalization", "normal lens", "perspicuouslyr", "categorize", "cosmorama", "ivory tower", "take", "microperspective", "polyscopic", "perspicuous", "relationism", "whiteout", "perspicacious", "cycloptic", "in eyes of", "educology", "subaltern studies", "doylist", "technique", "appearance", "perspectivation", "pyramidology", "ethnocentrism", "outlook", "axonometric", "codify", "perspicaciouslyr", "any way one slices it", "perspectiveless", "focalizer", "whichever way one slices it", "experience", "timescape", "three dimensional", "perspectivelyr", "myopia", "opinio", "far"], [], [], [], [], [], ["dl", "file", "downloader", "downloads", "vnetwork", "transfer", "downloading", "leecher", "vcomputer", "downloadable", "podcatching", "redownload", "minification", "microconsole", "vupload", "downloaded", "d l", "file sharing", "podfic", "seedbox", "baitware", "downloadables", "vfile", "minify", "vserver", "seeder", "vinstall", "drive by download", "faxback", "complete"]], "/r/UsedFor": [[], [], [], [], [], [], [], [], [], [], [], [], [], [], [], [], [], [], [], [], [], [], [], [], [], [], [], [], [], [], [], [], [], [], [], [], [], ["handcart artifact contact"], [], [], [], [], [], [], []], "/r/LocatedAt": [[], [], [], [], [], [], [], [], [], [], [], [], [], [], [], [], [], [], [], [], [], [], [], [], [], [], [], [], [], [], [], [], [], [], [], [], [], [], [], [], [], [], [], [], []], "/r/FormOf": [[], [], [], [], [], [], [], [], [], [], [], [], [], [], ["acceptest", "acceptedst", "accepted", "accepts", "accepteth"], [], [], [], [], [], [], [], [], [], [], [], [], [], [], [], [], [], [], [], [], [], [], ["hauling", "hauls", "hauled"], ["perspectives"], [], [], [], [], [], ["downloads", "downloading", "downloaded"]], "/r/IsA": [[], [], [], [], [], [], [], [], [], [], [], [], [], [], ["esteem"], [], [], [], [], [], [], [], [], [], [], [], [], [], [], [], [], [], [], [], [], [], [], [], [" attributeappearance attribute", "microperspective", "linear perspective", "metaperspective"], [], [], [], [], [], []], "/r/PartOf": [[], [], [], [], [], [], [], [], [], [], [], [], [], [], [], [], [], [], [], [], [], [], [], [], [], [], [], [], [], [], [], [], [], [], [], [], [], [], ["picture plane shape attribute", "horizon location attribute", "vanishing point attribute"], [], [], [], [], [], []], "/r/HasA": [[], [], [], [], [], [], [], [], [], [], [], [], [], [], [], [], [], [], [], [], [], [], [], [], [], [], [], [], [], [], [], [], [], [], [], [], [], [], [], [], [], [], [], [], []], "/r/CapableOf": [[], [], [], [], [], [], [], [], [], [], [], [], [], [], [], [], [], [], [], [], [], [], [], [], [], [], [], [], [], [], [], [], [], [], [], [], [], [], [], [], [], [], [], [], []], "/r/AtLocation": [[], [], [], [], [], [], [], [], [], [], [], [], [], [], [], [], [], [], [], [], [], [], [], [], [], [], [], [], [], [], [], [], [], [], [], [], [], [], [], [], [], [], [], [], []], "/r/HasProperty": [[], [], [], [], [], [], [], [], [], [], [], [], [], [], [], [], [], [], [], [], [], [], [], [], [], [], [], [], [], [], [], [], [], [], [], [], [], [], ["point of view", "important but not everything"], [], [], [], [], [], []], "/r/CreatedBy": [[], [], [], [], [], [], [], [], [], [], [], [], [], [], [], [], [], [], [], [], [], [], [], [], [], [], [], [], [], [], [], [], [], [], [], [], [], [], [], [], [], [], [], [], []], "/r/Synonym": [[], [], [], [], [], [], [], [], [], [], [], [], [], [], ["take possession possessio", "v possessiotake possessio", "go for communication communicatio", "vadmit", "take on possession possessio", "live with cognition cognitio", "vreceive", "have possession possessio", "swallow cognition cognitio", "vtake", "buy", "take stative", "admit possession possessio", "consent communication communicatio", "v possessiobear possessio", "vagree", "take", "vget", "vacknowledge", "vacquire", "vconstrue", "vapprove", "vonfang", "vassent", "vwithtake", "acquiesce", "vavow", "endure", "vaccede", "vestimate", "vregard", "vacquiesce"], [], [], [], [], [], [], [], [], [], [], [], [], [], [], [], [], [], [], [], [], [], [], ["drag contact", "hale contact", " quantitycatch quantity", "cart contact", "catch", " actdraw act", "schlep", "take", "haul video"], ["linear perspective attribute", " cognitioposition cognitio", "take", "point of view", "view"], [], [], [], [], [], ["vmove", "vtake", "vcopy", "vtransfer", "vdl"]], "/r/LocatedNear": [[], [], [], [], [], [], [], [], [], [], [], [], [], [], [], [], [], [], [], [], [], [], [], [], [], [], [], [], [], [], [], [], [], [], [], [], [], [], [], [], [], [], [], [], []], "/r/SimilarTo": [[], [], [], [], [], [], [], [], [], [], [], [], [], [], [], [], [], [], [], [], [], [], [], [], [], [], [], [], [], [], [], [], [], [], [], [], [], [], ["viewpoint"], [], [], [], [], [], []], "/r/MadeOf": [[], [], [], [], [], [], [], [], [], [], [], [], [], [], [], [], [], [], [], [], [], [], [], [], [], [], [], [], [], [], [], [], [], [], [], [], [], [], [], [], [], [], [], [], []], "/r/ReceivesAction": [[], [], [], [], [], [], [], [], [], [], [], [], [], [], [], [], [], [], [], [], [], [], [], [], [], [], [], [], [], [], [], [], [], [], [], [], [], [], [], [], [], [], [], [], []]}, "/r/LocatedNear": {}, "/r/SimilarTo": {}, "/r/MadeOf": {}, "/r/ReceivesAction": {}}}, "": {"N1": {"/r/RelatedTo": ["windowdoor", "worklabor", "butchermeat", "gallomeasure", "woundgash", "punishmentcrime and", "chickelaying", "thricerthree", "informed educated ", "closed obstructed ", "transpondianrightpondia", "mystifymystery", "audiovisualsaudiovisual"], "/r/UsedFor": ["flash artifactlight physics", "string bassplaying music"], "/r/LocatedAt": [], "/r/FormOf": ["air burstsair burst", "pot belliespot belly", "cross sectionscross sectio"], "/r/IsA": ["suburb locatioresidential district locatio", "western skink animalskink animal", "inertial mass physicsmass attribute", "leading man persoactor perso", "occasion timetime time", "tree toad animalfrog animal", "petaurista animalmammal genus animal", "torch singer persosinger perso", "drop arch artifactpointed artifact", "rottenstone substancelimestone substance", "scorpionfish animalscorpaenid animal", "temporary hookup artifactconnection artifact", "acrylic fiber substanceman made substance", "dependence statestate ", "overhand pitch actpitch baseball", "american spikenard plantsubshrub plant", "hedonist persosensualist perso", "homecoming actreunion act", "aldrovanda plantdicot genus plant", "ambystomatidae animalamphibian family animal", "assist ice hockeymaneuver act", "tithe barn artifactbarn artifact", "hypsometer artifactaltimeter artifact", "papyrus communicatiodocument communicatio", "cacodyl substancegroup chemistry", "penance actsacrament act", "rule of evidence lawrule communicatio", "usherette persousher perso", "hooks bodyhand body", "bilabial communicatiolabial consonant communicatio", "kurdish communicatioiranian communicatio", "theism cognitioreligion cognitio", "aristocrat persoleader perso", "bundesbank groupcentral bank group", "skirtform of female attire", "yardarm artifactend locatio", "supreme court lawfederal group"], "/r/PartOf": ["satachristian myth", "old testament communicatiobible communicatio", "styloid process bodytemporal bone body", "voider artifactbody armor artifact", "tower of london artifactlondon locatio"], "/r/HasA": ["baywater"], "/r/CapableOf": ["blanketscover bed", "chefbone chicke", "authorswrite books"], "/r/AtLocation": ["windowhouse", "dustcarpet", "action figuretoy department", "barbershopmall", "mouselab maze"], "/r/HasProperty": [], "/r/CreatedBy": [], "/r/Synonym": ["hawaiian honeycreeper animalhoneycreeper animal", "thing cognitiomatter cognitio", "dprk locationorth korea locatio", "gas tight air ", "get into possessioget in possessio", "west persocicily isabel fairfield perso", "sapindus drumondii plantwild china tree plant", "abls communicatiobachelor of arts in library science communicatio", "homburg artifactfedora artifact", "choking coil artifactchoke artifact", "sewerage artifactsewer artifact", "fish bowl stategoldfish state", "caddy golfcaddie golf", "moray eel animalmoray animal", "family zygnemataceae animalzygnemataceae animal", "severity attributeaustereness attribute", "hors d oeuvre foodhors food", "chukka artifactchukka boot artifact", "immunise competitioimmunize competitio", "kindling pointautoignition temperature", "corruptlyr corruptedlyr ", "lazy faineant ", "copernicia prunifera plantcarnauba plant", "log z's bodysleep body", "sworn pledged ", "palestine authority grouppalestine national group", "polyodon spathula animalpaddlefish animal", "linnaea borealis americana plantamerican twinflower plant", "stylise artstylize art", "thank youthank you very much", "infirm decrepit ", "uriniferous tubule bodynephron body", "passing actpassage act", "rio nunez coffee plantrobusta plant", "experimentation cognitioexperiment cognitio", "powerful knock do a ", "lichgate artifactlychgate artifact", "take advantage socialtrespass social", "pyrethrum plantpainted daisy plant", "take turns changealternate change", "water level locatiowaterline locatio", "fuddle stateclutter state", "insisting communicatioinsistence communicatio", "vibrate perceptioresonate perceptio", "viridity attributegreen attribute", "yarn dye changeimpress change", "balaenoptera borealis animalsei whale animal", "electron orbit locatioorbit locatio", "lillie persobeatrice perso"], "/r/LocatedNear": [], "/r/SimilarTo": ["large leafed leafy ", "captious critical ", "exaggerated increased ", "effective militaryoperational military", "tasty winey ", "fast breaking news article", "second rate inferior ", "disputatious argumentative ", "private nonpublic ", "coated glazed ", "free clear "], "/r/MadeOf": [], "/r/ReceivesAction": []}, "N2": {}}}