{"throw": {"N1": {"/r/RelatedTo": ["pass", "waste", "marksman", "whip", "hurl", "lobwikten 1", "toolsy", "throwing", "peg", "hang time", "air bounce", "nonthrowing", "heave", "chunk", "vwikten 1pot", "cast", "throw to dogs", "uncentre", "hank", "uchi mata", "clod", "frisbee", "glitter bomb", "cross buttock", "vwikten 1hurl", "rethrow", "whangwikten 1", "overarmr", "huck", "kick wheel", "plunk", "yuko", "rungu", "racket abuse", "hiff", "upsend", "toss", "thro v", "wikten 1distance", "lance", "vwikten 2give birth", "skew", "threw", "ippon", "wangwikten 2", "wrestle", "two throw", "vwikten 1die", "chucker", "skipwikten 1", "pump fake", "vwikten 1displace", "siteswap", "hurtle", "ring toss", "pusher thruster", "topple", "skim", "terve", "unthrowable", "slop out", "nagewaza", "backfall", "forehand", "spinebuster", "discombobulate", "pitch on", "defenestrate", "make it rain", "toss juggling"], "/r/UsedFor": ["basketball", "projectile ball", "disk", "stone"], "/r/LocatedAt": [], "/r/FormOf": ["throws", "throwed", "thro v", "threw", "throwest", "ythrowe", "throweth", "throwing"], "/r/IsA": ["throw in rugby act", "bowling cricket act", "slinging act", "hurl act", "cast act", " actpropulsion act", " actgambling act", " artifactbedclothes artifact", "pass sport act", "fling act", "heave act", "flip act", "outstroke event", " eventmovement event", "pitch baseball act", "pitch act", " stateopportunity state", "instroke event", "ringer quoits act", "leaner quoits act", "shy act", "blanket"], "/r/PartOf": [], "/r/HasA": [], "/r/CapableOf": ["baseball player"], "/r/AtLocation": [], "/r/HasProperty": [], "/r/CreatedBy": [], "/r/Synonym": ["v cognitioconfuse cognitio", "take dive", "switch contact", "v creatioproject creatio", "cam stroke event", "v creatiohold creatio", "v contactshed contact", "v emotiobewilder emotio", "stroke event", "v communicatiohurl communicatio", "v communicatiogive communicatio", "flip contact", "thrust contact", "vwikten 1eject", "vwikten 1bowl", "toss"], "/r/LocatedNear": [], "/r/SimilarTo": [], "/r/MadeOf": [], "/r/ReceivesAction": []}, "N2": {"/r/RelatedTo": {"/r/RelatedTo": [["football", "throw", "butto", "skip", "go", "test", "up", "move", "muck", "sackwikten 1", "pass muster", "sail through", "slip in", "leave behind", "checkdo ", "outpass", "scissors", "layback", "transilluminate", "elapse", "vwikten 1advance", "pass do v", "transfer", "stool softener", "by", "grade", "pick out", "paper house", "kickwikten 1", "multi pass", "matriculation", "flying meet", "tiki taka", "sidetrack", "overpass", "hand off", "fleeting", "ball hog", "hot potato", "wide receiver", "gentleman's c", "bandywikten 1", "quitewikten 2", "passing", "repass", "passless", "shipwikten 1", "overtake", "go by", "lay back", "unpassed", "passholder"], ["garbage", "trash", "rubbish", "refuse", "sewage", "throw", "throw away", "junk", "byproduct", "left", "toxic", "relieve oneself", "gangue", "macroencapsulation", "vegetable leather", "ineconomy", "fly tip", "wikten 1land", "fibroline", "drainpipe", "radioactive waste", "stowing", "time is money", "economize", "cellular debris", "dissipation", "sewer gas", "garbage can", "wasteman", "slattern away", "gobbin", "prat about", "drainage pipe", "goaf", "gnaw", "excreta", "reclaim", "antiwaste", "tailings", "cappadine", "blackwater", "coprocessing", "sinkhole", "slop bucket", "piffle", "prodigence", "blue box", "garbage bag", "rejectamenta", "ocean dumping", "litterless", "soil pipe", "off corn", "wasteful", "dilapidation", "waste one\u2019s time", "cesspipe", "fritter away", "kitchenings", "devastavit", "umbilical cord", "forsloth", "dross", "cartonero", "recrement", "unwastefullyr", "toxics", "knub", "vwikten 3devastate", "mullock", "wikten 1urine", "gobbing", "eliminatory", "mrf", "trifle", "tankage", "microencapsulation", "entropy", "gutter oil", "trash bag", "eliminant", "waste bin", "upcycled", "compost heap", "synroc", "wasting", "stomy", "wikten 1unsaleable", "elimination", "devastation", "trash can", "landspreading", "wasteable", "pollutant", "spurn", "reesk", "throw money away", "vwikten 3idly", "wasteway", "co incineration", "wastes", "fool away", "boondoggle", "save", "wastelessness", "toilet", "wikten 1uninhabited", "fusion torch", "egesta", "wastage", "biocapacity", "anthrosol", "eyebrowing", "uropoetic", "measure twice and cut once", "stoma", "farm runoff", "black bag", "urination", "scattergood", "unwasteable", "environmentalist", "hortic", "wikten 1atrophy", "compactor", "nephrocyte", "wastrel"], ["bow", "bersagliere", "target", "firearm", "sharpshooter", "crack shot", "deadeye", "marksperson", "deadeye dick", "marksmen", "throw", "markswoman", "sniper", "goalscorer"], ["stockwhip", "overwhip", "urumi", "whips", "snakewhip", "braided", "hunting whip", "whank", "vgather", "flogger", "stripe", "whiplike", "whomp", "motorcycles", "ghost ride", "whipcrack", "cut", "vkick", "vthrash", "whip snake", "stingray", "vmix", "switch", "vsmall stuff", "quirt", "litupa", "whipped cream", "knout", "whipmaking", "vtwine", "vunlay", "lashlike", "vurge", "vovercast", "ratta", "baserunner", "vwater", "vthrow", "flagellantism", "whippinglyr", "whipless", "flick", "fouett\u00e9", "lash", "chabuk", "block", "rawhide", "whip in", "flagellate", "strap", "transportatio", "vhit", "coachwhip", "wippe", "unwhipped", "singletail", "purchase", "dogwhip", "vunravel", "falaka", "kurbash", "blacksnake", "plait", "mastigophoric", "rope", "marshmallow", "vrope", "inning", "vskater", "overrun", "whipmaker", "vfish", "whiplash", "whipstock", "vsew", "thong", "party", "vfraying", "flexible", "discipline", "bullwhip", "chicotte", "cat o nine tails", "sjambok", "flagelliform", "whipper", "whipping", "jab", "automobile", "whip scorpion", "whipping boy", "nagyka", "unwhippable", "whiskwikten 1", "vgrai", "whippable", "whipstick", "whipsman", "mechanical advantage", "flagellomania", "vfood", "whipman", "flagellum", "political", "vcast", "feeze", "pitcher", "cartwhip", "pliant", "mp", "statistic", "motorized", "policy", "riding crop", "double cream", "horsewhip", "whipper in", "ghost ride whip", "whipt", "whipper i", "rod", "self flagellation", "cowhide", "cane", "whipped", "cracker", "vdefeat", "scourge", "vote", "leather", "horse", "weapo", "handle", "long", "indiana", "jones", "indiana jones", "beating", "leather weapo", "crop", "horses", "horse control", "control", "cake", "snap", "torture", "device", "torture device", "cord", "long rope", "instrument", "punishment", "horse punishment", "motivator", "faster", "horse motivator", "horses faster", "jockey", "snake", "cat", "cat of", "for horses", "hitting horses", "beat egg", "hurting string", "string", "egg", "beat", "horse beating", "long leather", "hurting", "hitting"], ["hurleth", "skew", "ride", "throw", "vhurling", "elance", "hurling", "clod", "hurls", "sliotar", "hurled", "hurley", "fling", "vthrow", "molotov cocktail", "hurler", "vvomit", "hurlest", "uphurl", "hurtle", "vomit", "squirrel"], [], ["abase", "abatting average", "athrow", "afield", "apower", "atool", "aru"], ["ball", "abisetaoshi", "decathlon", "vthrow", "cook off", "track and field", "chakram", "shy", "elimination", "helepolis", "nonthrowing", "cast", "ceramic", "potter's wheel", "nage waza", "dart", "waste", "juggler", "pass", "arm", "sickness", "archery", "pelt"], ["vpi", "taper pin", "vthrow", "ticktack", "string", "pegylatio", "hatpeg", "currency", "vanal sex", "margaret", "bench dog", "repeg", "coat rack", "bar billiards", "peg do v", "chiemgauer", "pegboard", "protrusio", "winnipeg", "musical instrument", "stake out", "square peg in round hole", "shoepeg", "cunny", "vfaste", "clothes peg", "pegylated", "muggins", "pi", "haptonema", "spigot", "mesiodens", "solitaire", "ring toss", "pegg", "peggable", "pegylation", "pegging", "vpeggable", "stob", "traverse board", "pegs", "tent peg", "peg out", "pegylate", "exchange rate", "pegger", "treenail", "pegged", "vpegged pants", "pivot tooth", "strai", "pin", "vlevel pegging", "vpegging", "diminutive", "peglike", "bretton woods", "wedge", "dutch doll", "vfix", "vdildo", "unpeg", "mushroom", "pegless", "peggy", "piton", "peg tankard", "cone", "polyethylene glycol", "pegamine", "pegyl", "woode", "nail", "wooden nail", "amputations", "wooden pi", "hole", "round hole", "round", "stick", "pirates", "womans name", "womans", "name", "square i", "square"], [], [], ["athrow", "athrowing"], ["heaving", "surge", "vdisplace", "vlift", "heaved", "broken wind", "dislocatio", "heavinglyr", "vthrow", "heavest", "vvomit", "horse", "heaves", "weight", "astayr", "lode", "vutter", "heaveth", "vomit", "metallic", "intersectio", "vraise", "upheaval", "vcast", "pitch", "horizontal", "hove", "careen", "bolk", "hip lock", "upheave", "retch", "vretch", "vpull", "cast"], ["chunks", "cluster", "blim", "piece", "chuck", "frame", "chunklike", "unchunked", "dechunk", "audiovisual", "unitig", "frequency", "vthrow", "chunkable", "block", "part", "prechunk", "vconceptual", "hunk", "lexical bundle", "vbreak", "discrete", "file", "language", "bocconcini", "chunked", "subchunk", "separate", "chunkserver", "stream", "words", "withgott effect", "chunker", "representative", "idiomatic", "rechunk", "media", "bit", "bundle", "nugget", "segment", "tiling", "chunking", "sequence", "chunkification", "sentoid", "performance", "lump", "chunklet", "year", "hour"], [], ["vspread out", "bronzefounder", "exuviae", "downcast", "hawk", "articulator", "musical", "forthcast", "casts", "remains", "vprematurely", "chamber play", "e voting", "pig bed", "hieldwikten 1", "immobilising", "vaside", "shell", "cast fossil", "knife money", "hull splash", "vshed", "throw to dogs", "fly fishing", "vcircle", "castworthy", "mend", "monkey metal", "bewitch", "umbecast", "feature", "visual", "spellwork", "typecast", "bone", "charmwork", "vvariable", "tritovum", "supportive", "castable", "vthrow", "throw to wolves", "jinx", "brassfounder", "recast", "cucoloris", "vinteger", "vchange", "castmember", "casted", "vski", "perform", "vmould", "spotface", "uncastable", "plastotype", "horse", "underwrap", "foundry", "polytype", "leaf casting", "vreal", "wandwork", "vassig", "excrete", "lance", "spellthief", "umbriferouslyr", "jaculator", "castful", "vlead", "vbow", "project", "gypsoplast", "ejectment", "manganese steel", "vplay", "space", "vfur", "spellcasting", "blooming", "play", "vascertai", "beshadow", "vperformance", "backcast", "vcolum", "aftercast", "vpreponderate", "matrix", "vfishing line", "premiere", "vpour", "vmiscarry", "vdepth", "inoculant", "vset", "vline", "vwitch", "casting", "vhair", "vrole", "heave", "pitching", "uphurl", "plaster of paris", "procedure", "vcoat", "vheadsail", "pig lead", "bronzefounding", "plunge", "castless", "throwing", "spellcraft", "garden nail", "brassfounding", "enchant", "vfigures", "physiognomy", "vheave", "vspell", "film crew", "vdeposit", "vlie do ", "vwater", "cast away", "plaster", "polling station", "sundial", "regurgitated", "upthrow", "pitchwikten 2", "dispersed", "device", "vcalculate", "precast", "apotelesmatic", "sidecast", "forwerp", "vnet", "actor proof", "vdirect", "applicative", "upcast", "bethrow", "vanchor", "vsailing ship", "vtwist", "vsearch", "gesso duro", "mould", "poppet", "uncasted", "lingot", "stagione", "run", "linecaster", "bellfounding", "tell against", "rise"], [], ["vthrow", "vcentre"], ["doubt", "selvagee", "staysail", "difficulty", "ring", "shackle", "throw", "vrope", "reel", "hanks", "vgate", "stay", "rope", "yar", "coil", "joh", "dogshank", "mess", "tangle", "yarn", "twine", "hanki", "sheepshank", "withe", "vfaste", "hesp", "loop", "name", "player", "baseball player", "baseball", "aaro", "tom surname", "surname", "tom", "group", "woole", "woolen group"], [], ["lump", "beef", "vpelt", "cloddish", "cloddy", "vviolent", "clods", "neck", "vthrow", "unclodded", "clodcrusher", "clay", "dolt", "stupid", "earth", "clotty", "shoulder", "clodded", "vhurl"], ["plate", "record", "glide", "vthrow", "disk", "pull", "boomerang", "turf", "pie"], [], [], [], ["rethrows", "rethro v", "vexceptio", "vthrow", "rethrowing"], [], [], ["huckle", "hucker", "vthrow", "field", "hud", "vwaterfall", "vhaggle", "hucks", "vchuck", "hucking", "vboof", "hip"], [], ["vpitch", "vrelease", "vtruant", "vbatter", "plunked", "vplump", "vland", "vthrow", "vheavily", "vdrop", "thud", "plunking", "vcroak", "plunks", "vpluck", "plunketh", "plunkest"], ["opponent", "side", "score", "throw", "ippon"], ["language", "ethnic", "woode", "tanzania", "club", "bato", "throw", "borneo"], [], ["vthrow"], ["undersend", "vascend", "vsend", "vsubmit", "vcast", "deliverable", "vclimb up", "vdeliver", "vthrow"], ["vstir", "bedrive", "vflip", "uptoss", "betoss", "vsalad", "vsearch", "vmasturbate", "blanketing", "agitatio", "underhand", "lob", "vgulp", "tossy", "blanket", "vpeak", "vtoss out", "throw", "toss up", "pitch and toss", "caber", "vdrink", "coi", "tossing", "cair", "tossable", "tossed salad", "vmix", "jot", "sprat", "vdraught", "betossed", "penney's game", "tossed", "dungfork", "traf", "retoss", "winnow", "rice"], [], [], ["vlancet", "rod", "mold", "impact", "fill", "xyston", "morne", "steel", "atgar", "jousting", "iro", "combustible", "brog", "pike", "harpoo", "arm", "pavon", "lancet", "uhlan", "passegarde", "horseme", "armour", "opposing", "lancer", "compositio", "woode", "war", "cast", "lanceless", "figure", "heavy cavalry", "vthrow", "blade", "unlanced", "home", "vlanch", "lanceolate", "javeli", "lancelike", "ordnance", "mark", "core", "lancelot", "spear", "instrument", "demilance", "whaler", "convey", "soldier", "joust", "paper", "elance", "lancinate", "weapo", "charge", "case", "tilt", "pennon", "vpierce", "vmanner", "consist", "hollow", "glaive", "lancepesade", "tiltr", "knight", "force", "lanciform", "shaft", "lancely", "head", "desig", "vope", "fisherme", "handle", "suspend", "shatter", "outline", "ahlspiess", "shell"], [], ["component", "phenomeno", "skews", "vbias", "aright angles", "robliquely", "skewable", "kosovorotka", "slant", "oblique bridge", "skewing", "rawry", "system", "line of striction", "gable", "bent", "aperpendicular", "vform", "skewed", "bias", "aline", "digital", "aparallel", "deskew", "skewness", "vhurl", "buttress", "vthrow", "distortio", "synchronous", "throw off", "aarch", "circuit", "opposite", "raskew", "vskewness", "voblique", "vshape", "vaside", "computer", "endless screw", "vshy", "vstart", "vdistort"], ["throwed", "vthrow", "blue"], ["judo", "waza ari", "throw", "yuko", "impetus"], [], ["wrestler", "vstruggle", "wrestling", "wrestled", "vgrappling", "vcontend", "vthrow", "steel cage match", "struggle", "wrestles", "vimmobilize", "vmove", "vmatch", "vdepending", "vdefeat", "scruffle", "vcontest", "vdifficulty", "vstrive", "mud wrestling", "wrestleth", "vcalf", "vlift", "agonize", "vopponent", "vrule", "vbrand", "vattempting", "vwrestling", "wrestlest", "warple", "bout"], [], [], ["chuck", "throw", "bowler", "thrower", "bowl"], [], [], [], ["juggling", "notatio", "patterns", "directio", "height", "throw", "numerical"], ["vviolence", "hurtling", "clattering", "literal", "vresound", "hurtled", "figurative", "vpush", "vsound", "vrapidly", "vjostle", "hurtles", "vhurl", "vviolently", "hurtlest", "hurtleth", "vthrow", "vshock", "vfling", "vcontrol"], [], [], ["toppling", "toppler", "vpush", "lay low", "toppled", "topples", "vthrow", "vover", "totter", "vlea", "vtotter", "toppleth", "topplest", "voverthrow", "top heavy", "vfall", "blow over", "top", "rombergism", "tumble do v", "vovertur", "fall"], ["vcream", "skimming", "vpayment card", "vfraudulent", "skims", "skimmy", "alower", "nutella", "vthrow", "skirr", "vscrape", "vsurreptitiously", "hydroplane", "afat", "cursory", "bingogate", "acontent", "skud", "vplaster", "vmilk", "vwater", "reading", "vskip", "scud", "vricochet", "vsurface", "vremove", "reskim", "skimmed", "lebanese loop", "skim milk", "jillick", "skimmable", "vbounce", "peruse", "pattinsonize", "skimminglyr", "parsemage", "milk", "read"], ["vfall", "vtur", "vover", "vcast", "vfold", "vdash", "voverthrow", "vtopsyturvy", "vthrow", "vroll", "vovertur"], ["athrow"], [], ["judo", "technique", "throw"], ["lever", "coupler", "throw", "orga", "fall", "back"], ["fore handed", "forehands", "palm", "baseball", "inside out", "rider", "run around", "squash shot", "sidearm", "fore handedr", "forehander", "throw", "forehandedr", "forehanded", "groundstroke", "horse", "hand", "disc", "stroke", "middle finger"], ["slam", "throw", "wrestling", "waist"], ["discombobulating", "vconfusio", "vperplex", "discombobulateth", "vstate", "confuse", "recombobulation", "discombobulated", "discombobulator", "vthrow", "vbefuddle", "mess up", "discombobulates", "discombobulatest", "discombobulatinglyr"], [], ["transfenestrate", "voperating system", "infenestrate", "vwindow", "defenestration", "vthrow out", "veject", "defenestrator", "vthrow", "vtransfenestrate", "defenestrates", "defenestrating"], [], []], "/r/UsedFor": [[], ["toilet", "garbage"], [], [], [], [], [], ["ball", "projectile", "confetti", "stone", "toy ball", "egg", "frisbee", "basketball", "rock", "beanbag", "projectile ball", "pebble", "sports bat"], [], [], [], [], [], [], [], [], [], [], [], [], [], ["having fu", "catching", "playing catch", "ultimate frisbee", "entertain dog", "catch and throw back", "playing frisbee golf", "play with dog", "park", "keep flies out of lemonade", "recreatio", "throwing", "beach", "play", "have fu", "play catch"], [], [], [], [], [], [], [], [], [], [], [], [], [], [], ["pebble", "beanie baby"], [], [], [], [], [], [], [], [], [], [], [], [], [], [], [], [], [], [], [], [], [], [], [], [], [], [], [], [], [], [], [], [], []], "/r/LocatedAt": [[], [], [], [], [], [], [], [], [], [], [], [], [], [], [], [], [], [], [], [], [], [], [], [], [], [], [], [], [], [], [], [], [], [], [], [], [], [], [], [], [], [], [], [], [], [], [], [], [], [], [], [], [], [], [], [], [], [], [], [], [], [], [], [], [], [], [], [], [], []], "/r/FormOf": [[], ["wasteth", "wastes", "wasting"], ["marksmen"], ["whips", "whept", "whipped", "whipt", "whipping", "whippeth", "whippest"], ["hurls", "hurlest", "hurling", "hurleth", "hurled", "hurl'd"], [], ["toolsiest", "toolsier"], ["throwings", "throw", "vthrow"], ["pegs", "pegged", "pegging"], [], [], [], ["heaves", "heaved", "heavest", "heavedst", "heaveth", "heaving"], ["chunks", "chunking", "chunked"], [], ["casts", "casteth", "castedst", "casten", "castest"], [], ["uncenter", "uncentres", "uncentring"], ["hanks", "hanked", "hanking"], [], ["clodded", "clods", "clodding"], ["frisbees", "frisbeeing", "frisbeed"], [], [], [], ["rethro v", "rethrows", "rethrew", "rethrowing"], [], [], ["hucks", "hucking", "hucked"], [], ["plunking", "plunks", "plunked"], ["yukos"], ["rungus"], [], ["hiffing", "hiffs", "hiffed"], ["upsent", "upsending", "upsends"], ["tosses", "tossed", "tosseth", "tossing", "tossest", "ytost"], [], [], ["lancing", "lances", "lanceth", "lanced"], [], ["skews", "skewing", "skewed"], ["vthrow", "throw"], ["ippons"], [], ["wrestles", "wrestling", "wrestled"], [], [], ["chuckers"], [], [], [], ["siteswaps"], ["hurtling", "hurtled", "hurtles"], [], [], ["toppled", "topples", "toppling"], ["skimmeth", "skims", "skimmest", "skimmed", "skimming"], [], [], [], [], ["backfalls"], ["forehands", "forehanding"], ["spinebusters"], ["discombobulated", "discomboberate", "discombobulating", "discombobulates"], [], ["defenestrated", "defenestrating", "defenestrates"], [], []], "/r/IsA": [["boarding card communication communicatio", "defile object", " american footballfootball play football", "forward pass act american football", "desperate straits state", "spot pass act american football", " communicatioticket communicatio", " actflight act", " militaryleave time", " statesituation state", " eventjuncture event", "col object", "safe conduct communication communicatio", "ticket of leave communication communicatio", " objectlocation", "hall pass communication communicatio", " sportthrow act", " computercycle event", "centering american football sport", "lateral pass act american football", " communicatiopermission communicatio", " militarylicense law", "saddleback object"], ["waste of effort act", "toxic waste substance", "exhaust substance", " actactivity act", "garbage substance", "filth substance", " lawact", "effluent substance", "body waste substance", "boondoggle act", "rubbish substance", "squandering act", "impurity substance", "slop substance", "waste of time act", " substancematerial substance", "waste of material act", "extravagance act", "pollutant substance", "waste of money act", "sewage substance", "unuseful to people", "bodily waste", "ore", "watching tv all time"], [" persoshot perso", "rifleman person perso", "deadeye person perso", "sniper person perso", "franc tireur person perso", "person", "film"], [" fooddessert food", "horsewhip artifact", "quirt artifact", "knout artifact", "strap artifact", " golfflexibility attribute", "cat o nine tails artifact", " actblow act", "cowhide artifact", " artifactinstrument artifact", "prune whip food", " persolegislator law", "riding crop artifact", "scourge artifact", "bullwhip", "single user device", "coachwhip", "stockwhip", "snakewhip", "user powered device", "user guided device", "dogwhip", "horsewhip"], [" actthrow act"], [], [], ["stickball delivery", "skipping stone", "throwing discus", "dwarf tossing", "propelling object", "casting fishing line", "beaning", "pitching", "throwing die", "voluntary body movement", "human throwing", "throwing spear", "throwing flowers", "movementopencycmovement event"], [" artifactholder artifact", " artifactregulator artifact", " artifactprosthesis artifact", " artifactpin artifact", "tent peg artifact", "treenail artifact", "tee artifact", " communicatiomarker communicatio"], [], [], [], [" eventrise event", " actrise act", " actthrow act", " geologymovement event", " actspasm pathology"], [" quantitylarge indefinite quantity"], [], [" actthrow act", "death mask artifact", "engine block artifact", "natural craps act", "life mask artifact", " artifactcopy artifact", " shapesolid shape", " artifactbandage artifact", "ensemble group", " groupgathering group"], [], [], ["skein artifact", " artifactcoil artifact", "criminal", "electrical wire"], [], [], ["fun sport", "aerodynamic toy disc", "round flying disc", "toy throw", "toy", "game", "plastic disk"], [], [], [], [], [], [], [" artifacttoweling artifact"], [], [" baseballhit act", " eventsound event"], [], [], [], [], [], [" actmotion act"], [], [], [], [], [], [], [], [], [" actstruggle act"], [], [], [], [], [], [], [], [], [], [], [], [" communicatioreading cognitio", " objectcovering object"], [], [], [], [], [], [" badmintoreturn act"], [], [], [], [], [], []], "/r/PartOf": [[" objectrange object"], [], [], ["crop artifact", "stock artifact", "lash artifact"], [], [], [], [], [" artifactstringed instrument artifact", " artifactdinghy artifact"], [], [], [], [], [], [], [" actcraps act"], [], [], [], [], [], [], [], [], [], [], [], [], [], [], [], [], [], [], [], [], [], [], [], [], [], [], [], [], [], [], [], [], [], [], [], [], [], [], [], [], [], [], [], [], [], [], [], [], [], [], [], [], [], []], "/r/HasA": [[], [], [], [], [], [], [], [], [], [], [], [], [], [], [], [], [], [], [], [], [], [], [], [], [], [], [], [], [], [], [], [], [], [], [], [], [], [], [], [], [], [], [], [], [], [], [], [], [], [], [], [], [], [], [], [], [], [], [], [], [], [], [], [], [], [], [], [], [], []], "/r/CapableOf": [[], [], [], [], [], [], [], [], ["hold coat"], [], [], [], [], [], [], [], [], [], [], [], [], ["descend slowly by hovering", "fly"], [], [], [], [], [], [], [], [], [], [], [], [], [], [], [], [], [], [], [], [], [], [], [], ["wrestler"], [], [], [], [], [], [], [], [], [], [], [], [], [], [], [], [], [], [], [], [], [], [], [], []], "/r/AtLocation": [[], ["waste bi", "trash"], [], [], [], [], [], [], [], [], [], [], [], [], [], [], [], [], [], [], [], ["park", "air", "deadhead's va", "tree", "toy chest", "roof", "frisbee golf course"], [], [], [], [], [], [], [], [], [], [], [], [], [], [], [], [], [], [], [], [], [], [], [], [], [], [], [], [], [], [], [], [], [], [], [], [], [], [], [], [], [], [], [], [], [], [], [], []], "/r/HasProperty": [[], ["used paper"], [], [], [], [], [], [], [], [], [], [], [], [], [], [], [], [], [], [], [], ["round"], [], [], [], [], [], [], [], [], [], [], [], [], [], [], [], [], [], [], [], [], [], [], [], [], [], [], [], [], [], [], [], [], [], [], [], [], [], [], [], [], [], [], [], [], [], [], [], []], "/r/CreatedBy": [[], [], [], [], [], [], [], [], [], [], [], [], [], [], [], [], [], [], [], [], [], [], [], [], [], [], [], [], [], [], [], [], [], [], [], [], [], [], [], [], [], [], [], [], [], [], [], [], [], [], [], [], [], [], [], [], [], [], [], [], [], [], [], [], [], [], [], [], [], []], "/r/Synonym": [["v stativeexceed stative", " actcrack act", "v bodyexcrete body", "reach possession possessio", "v stativespend stative", "v contactguide contact", "a footballpassing football", "laissez passer communication communicatio", "strait state", "straits state", "passing american football", "head event", "passport communication communicatio", "v motiotravel by motio", "give possession possessio", "v motiosink motio", "flip sport", "v motioelapse motio", "overhaul motion motio", "v changehappen change", "v possessiofall possessio", " baseballbase on balls baseball", "clear social", "v sociallegislate social", "hand possession possessio", "pass on possession possessio", "passing game american football", "v changedie change", "mountain pass object", " communicatiobye communicatio", "make it social", "turn over possession possessio", "straits event", "v communicatiocommunicate communicatio", "toss sport", "passing play american football", "liberty chit military", "v changeevanesce change", " actpassing act", "v communicatioauthorize communicatio", "v stativerun stative", "overtake motion motio", "make pass motion motio", "notch object", "road", "plight", "conditio"], ["rot body", "wastefulness act", " locatiobarren locatio", "run off motion motio", "blow possession possessio", "waste material substance", "squander possession possessio", "waste product substance", "v contactneutralize contact", "permissive waste law", "v changepine away change", "v changelay waste to change", " attributethriftlessness attribute", "a godforsaken ", "emaciate change", "dissipation act", "squander", "macerate change", "v consumptioconsume consumptio", "waste matter substance", "desolate", "use", "litter", "wasteland", "desert", "garbage", "refuse", "devastation", "trashy"], ["sharpshooter person perso", "crack shot person perso", "sharpshooter", "shooter", ""], ["v contactflog contact", "v communicatioblister communicatio", "party whip", "v cookingwhisk cooking", "v competitioworst competitio", "whiplash act", "lash contact", "lash act", "party whip person perso", "cat", "vlash", "vthrash", "vthresh", "wippen", "flagellate", "vflog", "flagellum", "whip up", "vflail", "crop"], ["hurtle contact", "cast contact", "cast act", "throw communication communicatio", "v motiolunge motio"], [], [], [], ["thole artifact", "pin communication communicatio", "v socialnail do social", "pin artifact", " bodypin body", "pegleg artifact", "peg do v contact", "oarlock artifact", "wooden leg artifact", "rowlock artifact", "leg artifact", "nog artifact", "tholepin artifact", "polyethylene glycol", "cotter pin", "plug", "winnipeg", "shot", "stake", "snifter", "pin"], [], [], [], ["heave up contact", "heft contact", " actlift act", "v bodypant body", "v bodygag body", "buckle change", "heaving act", "retch act", "heaving event", "v motiobillow motio", "warp change", "heft up contact", "huzzah"], [" groupball group", "v cognitiocollocate cognitio", "v contactlump contact", "bloc", "hunk", "polyword"], [], ["v creatioproject creatio", "v contactshed contact", "roll act", "stamp shape", "dramatis personae group", "v contacthurl contact", " artifactmold artifact", "mould shape", "cast of characters group", "v communicatioframe communicatio", " actcasting act", "v competitiodraw competitio", "plaster cast artifact", "mold shape", " acthurl act", " attributeform attribute", "mould creation creatio", "casting artifact", "plaster bandage artifact", "v motioroll motio", "mold creation creatio", "v bodyvomit body", "vtypecast", "typecast", "project", "plaster cast", "vpay off", "vfall off"], [], [], [], [], [" persolout perso", " groupball group", "bab", "earth"], [], [], [], [], [], [], [], ["huckaback artifact"], [], ["plopr r ", "v contactpluck contact", "v perceptioclop perceptio", "plunker baseball", "v contactplank contact", "v motiodive motio", "flump"], [], [], [], [], [], [" actflip act", "v motioflip motio", "v contactflip contact", "v motioconvulse motio", "v contactchuck contact", "v possessiodiscard possessio", " sportpass sport", "wank", "shitcan", "vthrow", "vfling", "throw", "roshambo"], [], [], [" artifactlancet artifact", " artifactspear artifact", "knife"], [], ["a skewed "], [], [], [], ["wrestling act", "grappling act", "hand to struggle act", "v motiowrithe motio", "grapple act"], [], [], [], [], [], [], ["siteswap notation", "siteswap notatio"], ["v motiolunge motio", "v contacthurl contact", "bucket"], [], [], ["tumble motion motio", "v motiotumble motio", "tip motion motio", "fall over", "overthrow"], ["cream off contact", "skim over cognition cognitio", "a skimmed ", "skimming communication communicatio", "v motioplane motio", "cream contact", "v contactskim over contact", "skip contact", "skitter contact", "v perceptioscan perceptio", "skim off contact", "vremove", "voverfly", "skim read", "hydroplane", "leaf through"], [], [], [], [], [], ["a ", "forehand shot badminton badminto", "forehanded a ", "forehand stroke badminton badminto", "flick"], [], ["v emotiobewilder emotio", "v cognitioconfuse cognitio"], [], [], [], []], "/r/LocatedNear": [[], [], [], [], [], [], [], [], [], [], [], [], [], [], [], [], [], [], [], [], [], [], [], [], [], [], [], [], [], [], [], [], [], [], [], [], [], [], [], [], [], [], [], [], [], [], [], [], [], [], [], [], [], [], [], [], [], [], [], [], [], [], [], [], [], [], [], [], [], []], "/r/SimilarTo": [[], [], [], ["lash"], [], [], [], [], [], [], [], [], [], ["lump", "hunk"], [], [], [], [], [], [], [], [], [], [], [], [], [], [], [], [], [], [], [], [], [], [], [], [], [], [], [], [], [], [], [], [], [], [], [], [], [], [], [], [], [], [], [], [], [], [], [], [], [], [], [], [], [], [], [], []], "/r/MadeOf": [[], ["pee", "poop"], [], [], [], [], [], [], [], [], [], [], [], [], [], [], [], [], [], [], [], [], [], [], [], [], [], [], [], [], [], [], [], [], [], [], [], [], [], [], [], [], [], [], [], [], [], [], [], [], [], [], [], [], [], [], [], [], [], [], [], [], [], [], [], [], [], [], [], []], "/r/ReceivesAction": [[], ["reused by recycling", "put in bi"], [], [], [], [], [], [], [], [], [], [], [], [], [], ["iro", "bell"], [], [], [], [], [], [], [], [], [], [], [], [], [], [], [], [], [], [], [], [], [], [], [], [], [], [], [], [], [], [], [], [], [], [], [], [], [], [], [], [], [], [], [], [], [], [], [], [], [], [], [], [], [], []]}, "/r/UsedFor": {"/r/RelatedTo": [["court", "streetball", "basketball player", "antibasketball", "ballhandling", "phenom", "pato", "ballplayer", "hoops", "nonbasketball", "baller", "sodagate", "roundballer", "iso", "basketballs", "bucketball", "five", "b ball", "roundball", "sport", "basketball court", "basketballer", "cager", "flopwikten 1", "springfield", "shelltoes", "eurostep", "boomers", "ball", "one and done", "wedgie", "basketeer", "boardsman", "wheelchair basketball", "ballwikten 1", "slamball", "chip shot", "tall blacks", "bank shot", "netball", "basketballing", "cagebelle", "national basketball association", "dirty dozen", "opals", "ball player", "hook", "wheelchair rugby", "knockout", "linsanity", "hoop", "basket", "endcourt", "jump ball", "cherry pick", "pass", "college basketball", "heat", "game", "foul", "pisto", "guard", "march", "gym", "head", "jump", "associatio", "jersey", "rim", "net"], [], ["record", "plate", "minidisc", "cd rom", "naid", "disky", "roundlet", "microdisk", "compressible", "flexplate", "decompression bomb", "file shredder", "zip disk", "clustered index", "murasugi sum", "disdiaclast", "baren", "piston", "floscularian", "ebbinghaus illusion", "transit", "cd", "stone money", "discous", "superfloppy", "flippy disk", "butterfly valve", "stame", "rai stone", "coin belt", "vharrow", "reference counting", "phaistos disc", "bootblock", "trash", "obturator", "flower", "unformat", "dropout", "ms dos", "trundlehead", "solid torus", "pseudofile", "fragmentation", "horodisk", "thi", "shunt", "frisbee", "photodrome", "virus", "dumbbell", "circle", "sync", "write", "cylinder", "dvd", "file allocation table", "b tree", "defragmentation", "biwikten 2", "storage", "companion", "dial", "bit nibbler", "barge", "autoloader", "haken", "uncommitted", "diskspace", "kickback", "hard disk", "eccentric", "tower of hanoi", "gramophone", "clipeus", "hyperbolic plane", "ram disk", "receptacle", "rockstop", "flat", "whirling table", "haematoblast", "swap file", "hubcap", "hard disk drive", "subdisk", "object", "pseudodirectory", "troll plate", "disklike", "nummular", "planchet", "discophorous", "disc brake", "antitruncation", "bootable", "supershell", "umbo", "bel paese", "dog tag", "annular eclipse", "epiclinal", "washer", "disks", "essential", "absolute address", "dirty", "musical box", "webspace", "phonograph", "data set", "resembling", "reflector", "placentiform", "drive", "restripe", "secchi disk", "chromatrope", "bloatware", "music box", "ovary", "nectar", "holodisk", "discal", "save", "nanodisk", "diskette", "disc", "vinyl", "starwheel", "circular", "subumbrella", "multidisk", "floppy disk", "discoid", "boot disk", "cottabus", "printwheel", "intervertebral disc", "harrow", "towers of hanoi", "su", "coi", "cookie", "puck", "weight"], ["rock", "statue", "pebble", "hard", "small", "small rock", "jade", "rolling", "castle", "gem", "material", "rock pebble", "emerald", "appendix:colors", "lapilliform", "fall", "hunger stone", "perpender", "trackway", "damwikten 1", "nidge", "unstoned", "pseph", "boulderstone", "baetulus", "murrhine", "ratchel", "tilestone", "jewel", "petrean", "stoning", "tracery", "rubblestone", "stonify", "lithobilic acid", "draw", "stonedresser", "heishe", "molcajete", "loganwikten 1", "stonewashed", "grey", "litholatry", "fruit", "anvil", "deposit", "caschrom", "miliolite", "orthostat", "pound", "scabling", "hardscape", "foundation stone", "vintoxicate", "dutchman", "missouri", "palaeotemperature", "lithophone", "mass", "plug and feather", "petrobolos", "urolith", "debitage", "aggregate", "oldowan", "stonewalled", "entrochal", "sling cart", "autography", "clapper bridge", "england", "carton pierre", "petrous", "grizzly", "ventifact", "geofact", "grinding stone", "petroglyphy", "cystolithic", "lithoid", "bladelet", "polypyrenous", "wrenning", "geolithological", "stonecraft", "hammerstone", "market to ", "horn slate", "earthe", "monopyrenous", "macadamize", "doorstone", "boondie", "ragstone", "bullaun", "pachamanca", "crowstone", "obelisk", "woodford", "liberty", "anti bumping granule", "lapidarious", "thunderstone", "hearthstone", "burrel shot", "forbuy", "out turn", "lapidescence", "polymnite", "apleasure", "panel", "sidescraper", "microlithiasis", "petrescent", "millstone", "whitestone", "hog line", "sweep", "petrifact", "cystolithiasis", "lithostathine", "lithophagy", "stone fruit", "quoit", "granolith", "fieldstone", "curling stick", "cornish hedge", "backgammo", "backgammon", "tower house", "seed", "stonebreaker", "unpetrify", "via munita", "pierre perdu", "padstone", "pietra dura", "moai", "bedstone", "endocarp", "firestone", "clingstone", "flagstone", "rai stone", "lithoclast", "vlapping", "grey hen", "yorkshire grit", "enrockment", "hadrian's wall", "cabochon", "triple", "california", "petrosphere", "delivery", "medicine wheel", "lithophilia", "roman dodecahedron", "ureterolith", "lavalier", "montoir", "pitching", "gigantolith", "mullerwikten 1", "bondstone", "datestone", "stonecutting", "lithogeochemistry", "stone tape theory", "huwasi", "sea scurf", "kernel", "takeout", "sarcocarp", "abeige", "belgian block", "vpelt", "stone mulching", "petrary", "gloucestershire", "samian stone", "tombstone", "split house", "beige", "brinny", "imposing stone", "stonefall", "pyrenous", "freestone", "go", "alectoria", "runestone", "scorpion", "fabrile", "stonelayer", "aerosiderolite", "asphalt concrete", "rabsolutely", "calyon"]], "/r/UsedFor": [["throw", "bounc", "spin on finger", "passing", "bouncing", "bouncing around court", "making basket", "throwing through hoop or basket", "dribbling", "basketball court", "shooting basket", "throwing", "getting team more points", "smash windows not recommended", "net"], [], ["store computer data", "storing data", "throw", "computer to store data", "make toy", "storing files", "storage", "saving information from computer", "data storage", "storing informatio"], ["throwing", "measuring", "making will durable", "break open clam", "keep papers from blowing away", "pave floors", "crushing scissors"]], "/r/LocatedAt": [[], [], [], []], "/r/FormOf": [["basketballs", "basket ball"], [], ["disks", "disked", "disking"], ["stoning", "stones", "stane", "stonest", "stoned"]], "/r/IsA": [["subset of sports", "fast and physically demanding sport", "fast moving game", " artifactball artifact", "team game", "professional basketball act", " artifactbasketball equipment basketball", " actcourt game act", "form of exercise", "popular sport", "opencycbasketball ballball", "very good sport", "fast moving sport", "round object", "one way to relax after work", "opencycbasketball ballinflatable object", "indoor sport", "form or aerobic exercise", "form of aerobic exercise", "physical contest", "good example of sphere", "aerobic exercise", "fun game", "opencycbasketball ballsports equipment", "ball game", "passtime", "sport"], [], ["token artifact", "brake disk artifact", " shaperound shape", "intervertebral disc body shape", "puck artifact", "deadeye seafaring artifact", "discus artifact", "planchet artifact", " artifactcircle artifact", "acetate disk artifact", "diaphragm artifact", "point shape", " artifactplate artifact", "sauceropencycdiscus", "contact lens", "way of saving informatio", "hubcap", "intervertebral disk", "hockey puck", "flat object", "slice of tube", "storage medium for computer", "data storage disc", "cylinder", "circular object", "washer", "cisterna"], ["another word for rock", "small rock", "marble", "garnet", " quantityavoirdupois unit quantity", "gravestone artifact", "stele artifact", "whetstone artifact", "diamond", "granite", "capstone artifact", " plantpericarp plant", " artifactbuilding material substance", "hearthstone artifact", "ashlar artifact", "monolith artifact", "springer artifact", "tourqouise", "paving stone artifact", "foundation stone artifact", "grindstone artifact", "saphire", "rock", "cherry stone plant", "millstone artifact", " attributecoldness attribute", "peach pit plant", "cornerstone artifact", "emeralds", "suisekiopencycstone object natural", "stronger than wood", "igneous rockopencycstone stuff", "pebbleopencycstone object natural", "opencycstone object naturalnatural inanimate thing", "alabaster", "opencycstone stuffsolid object", "meteoriteopencycstone object natural", "agate", "gem", "meteorite", "sand particleopencycstone object natural", "emerald", "opencycstone object naturalpileable", "rocky planetary bodyopencycstone object natural"]], "/r/PartOf": [["basketball shot act", "rebound act", "half time act", "basketball play act", "tip off act"], [], [], ["pound quantity", " quantityquarter quantity"]], "/r/HasA": [[], [], [], []], "/r/CapableOf": [[], [], ["record data"], ["unit of measurment"]], "/r/AtLocation": [["basketball game", "basketball court", "sporting goods store", "boundary", "park", "boys hands", "gymnasium", "store"], [], ["computer", "cd player", "hard drive", "computer hard drive", "disk drive", "computer store"], ["river", "creek bed", "shoe", "brook", "bird's gizzard", "gallbladder", "stream", "riverbed", "nature", "mine", "driveway"]], "/r/HasProperty": [["round", "one form of exercise", "full of air", "orange in color and round", "popular in america", "bounced up and do ", "very popular with western childre", "punctured", "big and orange"], [], ["round", "flat", "circular", "round and flat"], ["opaque"]], "/r/CreatedBy": [[], [], [], []], "/r/Synonym": [["basketball game act", "hoops", "hoops act", "basket", "b ball", ""], [], ["v farmingharrow farming", "disc artifact", "disc shape", " artifactphonograph record artifact", "saucer shape", " computer sciencemagnetic disk science", "album", "diskette", "floppy disk"], ["vlapidate", " substancerock substance", " persoedward durell stone perso", " persoharlan fiske stone perso", " persoisidor feinstein stone perso", "lapidate contact", " substancegem substance", "lapidate", " persoharlan fisk stone perso", " persolucy stone perso", "pit plant", "v changepit change", "endocarp plant", " persooliver stone perso", " objectrock object", "vdaydream", "astone"]], "/r/LocatedNear": [[], [], [], []], "/r/SimilarTo": [[], [], [], ["a chromatic ", "chromatic a ", "rock"]], "/r/MadeOf": [[], [], [], ["table", "statues"]], "/r/ReceivesAction": [["filled with air", "dominated by black players", "played on court", "played by tall me", "played by many people", "used when playing basketball", "gripped by hand", "played by teams"], [], [], ["crushed", "carved", "thro ", "painted"]]}, "/r/LocatedAt": {}, "/r/FormOf": {"/r/RelatedTo": [["throw", "vthrow"], ["vthro ", "vthrew"], [], ["throwed", "vthrow", "blue"], ["vthrow"], [], [], ["ball", "abisetaoshi", "decathlon", "vthrow", "cook off", "track and field", "chakram", "shy", "elimination", "helepolis", "nonthrowing", "cast", "ceramic", "potter's wheel", "nage waza", "dart", "waste", "juggler", "pass", "arm", "sickness", "archery", "pelt"]], "/r/UsedFor": [[], [], [], [], [], [], [], ["ball", "projectile", "confetti", "stone", "toy ball", "egg", "frisbee", "basketball", "rock", "beanbag", "projectile ball", "pebble", "sports bat"]], "/r/LocatedAt": [[], [], [], [], [], [], [], []], "/r/FormOf": [["vthrow", "throw"], ["vthrow"], [], ["vthrow", "throw"], ["vthrow"], ["vthrow"], ["vthrow"], ["throwings", "throw", "vthrow"]], "/r/IsA": [[], [], [], [], [], [], [], ["stickball delivery", "skipping stone", "throwing discus", "dwarf tossing", "propelling object", "casting fishing line", "beaning", "pitching", "throwing die", "voluntary body movement", "human throwing", "throwing spear", "throwing flowers", "movementopencycmovement event"]], "/r/PartOf": [[], [], [], [], [], [], [], []], "/r/HasA": [[], [], [], [], [], [], [], []], "/r/CapableOf": [[], [], [], [], [], [], [], []], "/r/AtLocation": [[], [], [], [], [], [], [], []], "/r/HasProperty": [[], [], [], [], [], [], [], []], "/r/CreatedBy": [[], [], [], [], [], [], [], []], "/r/Synonym": [[], [], [], [], [], [], [], []], "/r/LocatedNear": [[], [], [], [], [], [], [], []], "/r/SimilarTo": [[], [], [], [], [], [], [], []], "/r/MadeOf": [[], [], [], [], [], [], [], []], "/r/ReceivesAction": [[], [], [], [], [], [], [], []]}, "/r/IsA": {"/r/RelatedTo": [[], [], [], [], [], [], [], [], [], [], [], [], [], [], [], [], [], [], [], [], [], ["cover", "quilt", "bed", "korsi", "california blanket", "blanket party", "blanket stitch", "kaross", "blankets", "vpunishment", "blanketed", "tuck up", "vsail", "rug", "bedclothes", "vcomplete", "hospital corner", "whale", "stroud", "rugging", "top sheet", "vtoss", "afghan", "woobie", "swaddler", "vwind", "duvet", "make bed", "sleeping", "belted plaid", "blubber", "vtraverse", "patchwork", "bedding", "blankie", "saddle blanket", "blanketless", "blanketlyr", "counterpane", "bluey", "bedspread", "plate", "mackinaw", "snuggie", "streak", "blanketing", "baba", "wholesale", "on blanket", "slanket", "vwindward", "aencompassing", "saddlecloth", "serape", "quillow", "tarpaulin", "doona", "sleepsack", "unblanketed", "layer", "kapton", "electric blanket", "receiving blanket", "comforter", "cotta", "carpet", "capote", "railway wrapper", "blanketywikten 2", "vthorough", "pillow fort", "vcover", "glass fiber insulation", "mattress", "blanketlike", "security blanket", "coverlet", "biliblanket", "offset", "warmth", "laprobe", "ageneral", "covering", "warm", "sail", "bed cover", "bed covering", "keeping warm", "keeping", "napki", "sheet", "sleeping under", "under", "bed thing", "atmosphere", "bedroom", "provides", "provides warmth", "people", "sleeping people", "pillow", "sheets", "warm covering"]], "/r/UsedFor": [[], [], [], [], [], [], [], [], [], [], [], [], [], [], [], [], [], [], [], [], [], ["sleeping under", "covering bed", "warmth", "stay warm", "cover up", "providing comfort", "softening rough surfaces", "keep warm at football game", "protection from elements", "covering things", "snuggling under", "keeping warm when sleeping", "staying warm", "getting warm", "warmth and comfort", "sitting on during picnic", "lie on beach", "masking noise", "covering up at night", "add warmth", "cover bed", "keeping person warm", "providing warmth"]], "/r/LocatedAt": [[], [], [], [], [], [], [], [], [], [], [], [], [], [], [], [], [], [], [], [], [], []], "/r/FormOf": [[], [], [], [], [], [], [], [], [], [], [], [], [], [], [], [], [], [], [], [], [], ["blankets", "blanketed", "blanketing"]], "/r/IsA": [[], [], [], [], [], [], [], [], [], [], [], [], [], [], [], [], [], [], [], [], [], ["comforter", "electric blanket artifact", "mackinaw artifact", "manta artifact", "afghan artifact", "security blanket artifact", " objectcovering object", " artifactlayer artifact", " artifactbedclothes artifact", "cover", "textile", "throw", "beddingopencycbed covering", "rectangular piece of fabric", "electric blanket", "quilt", "large piece of cloth", "good coverage"]], "/r/PartOf": [[], [], [], [], [], [], [], [], [], [], [], [], [], [], [], [], [], [], [], [], [], [" artifactbreeder reactor artifact"]], "/r/HasA": [[], [], [], [], [], [], [], [], [], [], [], [], [], [], [], [], [], [], [], [], [], []], "/r/CapableOf": [[], [], [], [], [], [], [], [], [], [], [], [], [], [], [], [], [], [], [], [], [], ["warm perso", "cover bed", "covering bed", "keep warm", "put out fire", "cover head", "warm cold perso", "keep person warm", "cover two naked people"]], "/r/AtLocation": [[], [], [], [], [], [], [], [], [], [], [], [], [], [], [], [], [], [], [], [], [], ["bedroom", "bath store", "backpack", "wal mart", "hospital", "michiga", "linen closet", "closet"]], "/r/HasProperty": [[], [], [], [], [], [], [], [], [], [], [], [], [], [], [], [], [], [], [], [], [], ["dark"]], "/r/CreatedBy": [[], [], [], [], [], [], [], [], [], [], [], [], [], [], [], [], [], [], [], [], [], []], "/r/Synonym": [[], [], [], [], [], [], [], [], [], [], [], [], [], [], [], [], [], [], [], [], [], ["mantle object", "a across board ", "cover artifact", "sheet", "fullscale", ""]], "/r/LocatedNear": [[], [], [], [], [], [], [], [], [], [], [], [], [], [], [], [], [], [], [], [], [], []], "/r/SimilarTo": [[], [], [], [], [], [], [], [], [], [], [], [], [], [], [], [], [], [], [], [], [], []], "/r/MadeOf": [[], [], [], [], [], [], [], [], [], [], [], [], [], [], [], [], [], [], [], [], [], []], "/r/ReceivesAction": [[], [], [], [], [], [], [], [], [], [], [], [], [], [], [], [], [], [], [], [], [], ["found on bed", "associated with bed"]]}, "/r/PartOf": {}, "/r/HasA": {}, "/r/CapableOf": {"/r/RelatedTo": [[]], "/r/UsedFor": [[]], "/r/LocatedAt": [[]], "/r/FormOf": [[]], "/r/IsA": [[]], "/r/PartOf": [[]], "/r/HasA": [[]], "/r/CapableOf": [[]], "/r/AtLocation": [[]], "/r/HasProperty": [[]], "/r/CreatedBy": [[]], "/r/Synonym": [[]], "/r/LocatedNear": [[]], "/r/SimilarTo": [[]], "/r/MadeOf": [[]], "/r/ReceivesAction": [[]]}, "/r/AtLocation": {}, "/r/HasProperty": {}, "/r/CreatedBy": {}, "/r/Synonym": {"/r/RelatedTo": [[], [], [], [], [], [], [], [], [], [], [], [], [], [], [], ["vstir", "bedrive", "vflip", "uptoss", "betoss", "vsalad", "vsearch", "vmasturbate", "blanketing", "agitatio", "underhand", "lob", "vgulp", "tossy", "blanket", "vpeak", "vtoss out", "throw", "toss up", "pitch and toss", "caber", "vdrink", "coi", "tossing", "cair", "tossable", "tossed salad", "vmix", "jot", "sprat", "vdraught", "betossed", "penney's game", "tossed", "dungfork", "traf", "retoss", "winnow", "rice"]], "/r/UsedFor": [[], [], [], [], [], [], [], [], [], [], [], [], [], [], [], ["pebble", "beanie baby"]], "/r/LocatedAt": [[], [], [], [], [], [], [], [], [], [], [], [], [], [], [], []], "/r/FormOf": [[], [], [], [], [], [], [], [], [], [], [], [], [], [], [], ["tosses", "tossed", "tosseth", "tossing", "tossest", "ytost"]], "/r/IsA": [[], [], [], [], [], [], [], [], [], [], [], [], [], [], [], [" actmotion act"]], "/r/PartOf": [[], [], [], [], [], [], [], [], [], [], [], [], [], [], [], []], "/r/HasA": [[], [], [], [], [], [], [], [], [], [], [], [], [], [], [], []], "/r/CapableOf": [[], [], [], [], [], [], [], [], [], [], [], [], [], [], [], []], "/r/AtLocation": [[], [], [], [], [], [], [], [], [], [], [], [], [], [], [], []], "/r/HasProperty": [[], [], [], [], [], [], [], [], [], [], [], [], [], [], [], []], "/r/CreatedBy": [[], [], [], [], [], [], [], [], [], [], [], [], [], [], [], []], "/r/Synonym": [[], [], [], [], [], [], [], [], [], [], [], [], [], [], [], [" actflip act", "v motioflip motio", "v contactflip contact", "v motioconvulse motio", "v contactchuck contact", "v possessiodiscard possessio", " sportpass sport", "wank", "shitcan", "vthrow", "vfling", "throw", "roshambo"]], "/r/LocatedNear": [[], [], [], [], [], [], [], [], [], [], [], [], [], [], [], []], "/r/SimilarTo": [[], [], [], [], [], [], [], [], [], [], [], [], [], [], [], []], "/r/MadeOf": [[], [], [], [], [], [], [], [], [], [], [], [], [], [], [], []], "/r/ReceivesAction": [[], [], [], [], [], [], [], [], [], [], [], [], [], [], [], []]}, "/r/LocatedNear": {}, "/r/SimilarTo": {}, "/r/MadeOf": {}, "/r/ReceivesAction": {}}}, "": {"N1": {"/r/RelatedTo": ["windowdoor", "worklabor", "butchermeat", "gallomeasure", "woundgash", "punishmentcrime and", "chickelaying", "thricerthree", "informed educated ", "closed obstructed ", "transpondianrightpondia", "mystifymystery", "audiovisualsaudiovisual"], "/r/UsedFor": ["flash artifactlight physics", "string bassplaying music"], "/r/LocatedAt": [], "/r/FormOf": ["air burstsair burst", "pot belliespot belly", "cross sectionscross sectio"], "/r/IsA": ["suburb locatioresidential district locatio", "western skink animalskink animal", "inertial mass physicsmass attribute", "leading man persoactor perso", "occasion timetime time", "tree toad animalfrog animal", "petaurista animalmammal genus animal", "torch singer persosinger perso", "drop arch artifactpointed artifact", "rottenstone substancelimestone substance", "scorpionfish animalscorpaenid animal", "temporary hookup artifactconnection artifact", "acrylic fiber substanceman made substance", "dependence statestate ", "overhand pitch actpitch baseball", "american spikenard plantsubshrub plant", "hedonist persosensualist perso", "homecoming actreunion act", "aldrovanda plantdicot genus plant", "ambystomatidae animalamphibian family animal", "assist ice hockeymaneuver act", "tithe barn artifactbarn artifact", "hypsometer artifactaltimeter artifact", "papyrus communicatiodocument communicatio", "cacodyl substancegroup chemistry", "penance actsacrament act", "rule of evidence lawrule communicatio", "usherette persousher perso", "hooks bodyhand body", "bilabial communicatiolabial consonant communicatio", "kurdish communicatioiranian communicatio", "theism cognitioreligion cognitio", "aristocrat persoleader perso", "bundesbank groupcentral bank group", "skirtform of female attire", "yardarm artifactend locatio", "supreme court lawfederal group"], "/r/PartOf": ["satachristian myth", "old testament communicatiobible communicatio", "styloid process bodytemporal bone body", "voider artifactbody armor artifact", "tower of london artifactlondon locatio"], "/r/HasA": ["baywater"], "/r/CapableOf": ["blanketscover bed", "chefbone chicke", "authorswrite books"], "/r/AtLocation": ["windowhouse", "dustcarpet", "action figuretoy department", "barbershopmall", "mouselab maze"], "/r/HasProperty": [], "/r/CreatedBy": [], "/r/Synonym": ["hawaiian honeycreeper animalhoneycreeper animal", "thing cognitiomatter cognitio", "dprk locationorth korea locatio", "gas tight air ", "get into possessioget in possessio", "west persocicily isabel fairfield perso", "sapindus drumondii plantwild china tree plant", "abls communicatiobachelor of arts in library science communicatio", "homburg artifactfedora artifact", "choking coil artifactchoke artifact", "sewerage artifactsewer artifact", "fish bowl stategoldfish state", "caddy golfcaddie golf", "moray eel animalmoray animal", "family zygnemataceae animalzygnemataceae animal", "severity attributeaustereness attribute", "hors d oeuvre foodhors food", "chukka artifactchukka boot artifact", "immunise competitioimmunize competitio", "kindling pointautoignition temperature", "corruptlyr corruptedlyr ", "lazy faineant ", "copernicia prunifera plantcarnauba plant", "log z's bodysleep body", "sworn pledged ", "palestine authority grouppalestine national group", "polyodon spathula animalpaddlefish animal", "linnaea borealis americana plantamerican twinflower plant", "stylise artstylize art", "thank youthank you very much", "infirm decrepit ", "uriniferous tubule bodynephron body", "passing actpassage act", "rio nunez coffee plantrobusta plant", "experimentation cognitioexperiment cognitio", "powerful knock do a ", "lichgate artifactlychgate artifact", "take advantage socialtrespass social", "pyrethrum plantpainted daisy plant", "take turns changealternate change", "water level locatiowaterline locatio", "fuddle stateclutter state", "insisting communicatioinsistence communicatio", "vibrate perceptioresonate perceptio", "viridity attributegreen attribute", "yarn dye changeimpress change", "balaenoptera borealis animalsei whale animal", "electron orbit locatioorbit locatio", "lillie persobeatrice perso"], "/r/LocatedNear": [], "/r/SimilarTo": ["large leafed leafy ", "captious critical ", "exaggerated increased ", "effective militaryoperational military", "tasty winey ", "fast breaking news article", "second rate inferior ", "disputatious argumentative ", "private nonpublic ", "coated glazed ", "free clear "], "/r/MadeOf": [], "/r/ReceivesAction": []}, "N2": {}}}