{"turnOn": {"N1": {"/r/RelatedTo": ["vtur", "bring up", "vrebel", "voperatio", "switch", "vstart", "varouse", "vflow", "vo", "encourage", "vintoxicate", "vpleasure", "eat one's o v", "power on", "vdepend", "vactivate", "vru", "turned on", "turnkey", "vdrug", "turns on", "light someone's fire", "vto", "vturn against", "attract", "vvalve", "vpower up", "pleasure", "turning on", "vtap", "vhallucinoge", "turn against", "vrotate", "heat"], "/r/UsedFor": [], "/r/LocatedAt": [], "/r/FormOf": ["turns on", "turning on", "turnon", "turned on", "turn ons"], "/r/IsA": [" cognitiostimulation cognitio"], "/r/PartOf": [], "/r/HasA": [], "/r/CapableOf": ["radio", "switch"], "/r/AtLocation": [], "/r/HasProperty": [], "/r/CreatedBy": [], "/r/Synonym": ["v emotioagitate emotio", "v contactswitch on contact", "v stativedepend on stative", "v consumptiotrip consumptio", "v emotioarouse emotio", "switch on", "activate"], "/r/LocatedNear": [], "/r/SimilarTo": [], "/r/MadeOf": [], "/r/ReceivesAction": []}, "N2": {"/r/RelatedTo": {"/r/RelatedTo": [[], [], [], [], ["lamp artifact", "microswitch", "jute", "vplace", "turn o", "vtask", "thermionic valve", "stackable", "unswitched", "thyratron", "vexchange", "cut out", "turn off", "krytron", "programming", "vtrim", "reed switch", "corporal punishment", "josephson junction", "dom", "knob", "photoswitch", "virtual desktop", "switch o", "switchless", "thomson's lamp", "overtravel", "pretravel", "versatile", "knife switch", "tress", "switchover", "current", "churn", "relay", "badine", "hub", "core switch", "circuit breaker", "switched", "dimmer", "switches", "off", "block signal", "vangry", "blowout coil", "turn out", "coupstick", "rod", "vchange", "construct", "twiddle", "head hop", "smartmodem", "value", "interchange", "antenna switch", "target", "sway", "hair", "switchyard", "dipswitch", "switchbox", "flasher", "headchair", "double crossover", "cli", "inverse", "cryotron", "buttonwikten 1", "whip", "wye switch", "towerman", "switch keeper", "vsuddenly", "venraged", "keyer", "detector bar", "expressio", "slicking", "switch off", "commutator", "vhit", "switchback", "toggle", "mercury switch", "turing switch", "switchplate", "swish", "switchable", "solenoid", "pointsman", "pass transistor", "photoswitchable", "vstate", "footswitch", "common crossing", "vunreasonably", "line lock", "sidetrack", "spelk", "switchlike", "dead man's switch", "device", "actuator", "trigatron", "kawarimi", "switchman", "thyristor", "point", "vwhip", "optical switch", "crossover", "push button", "disconnect", "debounce", "baroswitch", "change", "switching", "vcircuit", "toggle switch", "versatilist", "nanoswitch", "chess clock", "light switch", "railroad", "bitflip", "sub", "nonswitch", "vquickly", "switchability", "track", "electric", "cross", "switch on", "trade", "exchange", "light", "o", "lamp", "stick", "move", "plug", "tur"], [], [], [], [], ["vcourage", "encouragement", "abet", "foment", "pressure", "hearten", "promising", "cheerleader", "babify", "kensho", "gee up", "reinforce", "encourages", "vfoster", "vhelp", "recommend", "encouraged", "inspiring", "vspur o", "encouraging", "gateway drug", "put words in someone's mouth", "selective breeding", "egg on", "psych verb", "further", "nurture", "activate", "inheart", "lead on", "turn on", "unencouraged", "sustain", "advocate", "flea circus", "reencourage", "prelatize", "conducive", "promote", "overencourage", "incentive", "enhearten", "prodwikten 1", "prompting", "cocker up", "strengthen", "stimulate", "enabler", "encourageable", "embolden", "fosterment", "ert", "vmotivate", "conversation piece", "sool", "urge on", "vpatronage", "spirit", "proselytize", "vsupport", "lobbyist", "incentivelyr", "remoralize", "give them inch and they'll take mile", "exhortative", "fosterage", "buck up", "put up to", "pump someone's tires", "motivate", "drum up", "lovemonger", "catalyst", "goad", "incentivize", "push factor", "affirm", "come to papa", "howay", "chivvy", "nourish", "hortatory", "point"], [], [], [], [], [], [], [], [], ["aturn o", "warder", "jailer", "turnkeying", "asupplied", "keeper", "aoperate", "turnkeys", "aassembly", "vassemble", "aready", "priso", "epc", "turnkeyed", "astate", "aoutsource", "gaoler", "atest", "key"], [], [], [], [], [], ["attraction", "attractive", "vallure", "ahoy", "parthenophile", "make splash", "unattraction", "tempt", "seduce", "pull", "attracteth", "dinge queen", "vinfluence", "infatuated", "prebait", "magnetize", "badge bunny", "worm charming", "attractancy", "unattracted", "payao", "attractee", "appeal", "honeypot", "enchant", "sembling", "illecebrous", "reattract", "fatal attraction", "noteless", "allicient", "attractile", "ungravity", "ovitrap", "attractional", "vtouching", "vtoward", "transfan", "attracticide", "nonattracting", "catch eye", "insectocutor", "take to", "vinterest", "vsexual", "structure", "attractant", "fanny magnet", "vdraw", "vote catching", "chubby chaser", "hygroscopy", "babe magnet", "engage", "turn someone's head", "attractor", "coand\u0103 effect", "attract mode", "attractivelyr", "allure", "attractest", "attracts", "outdraw", "varouse", "pitcher plant", "purchase funnel", "unattractive", "vpull", "electronegative", "vwithout", "demiromantic", "catch", "attracted", "eye catching", "vengage", "glaringlyr", "tractor beam", "magnetic", "captivate", "fancy", "entice", "barnumize", "mating call", "crowd art", "nonattracted", "vemotional", "electricity", "pulling power", "actinidiolide", "invitinglyr", "turn on", "crowd puller", "electronegativity", "bombykol", "attrahent", "attracting", "vmind", "size queen", "vfix", "vmoral", "come on", "draw", "draw in", "vattentio", "transromantic", "vinvite", "power wall", "spamvertising", "magnet", "call", "lure"], [], [], ["enjoy", "music", "antireward", "hedonistic", "pleasuring", "bhoy", "hedone", "desire", "dinghy", "delightful", "orgasm", "mixoscopy", "exhilarant", "plead", "goody", "sex toy", "self pleasing", "voyeur", "hyperhedonic", "aah", "shoegasm", "stimulation", "bittersweet", "stone", "take cash and let credit go", "get rise", "ecky thump", "epicurean", "comfort eating", "satisfaction", "ecstasy", "enjoy oneself", "unpleasure", "debaucherous", "guilty pleasure", "boy", "entertainment", "sensualize", "beer and skittles", "kama sutra", "pleasant", "chariot", "please", "eargasm", "cyrenaicism", "get charge out of", "cause", "playgirl", "playboy", "preference", "wow", "mechaieh", "state", "cruise", "volante", "perso", "pleasurableness", "pillow princess", "tourist", "hedonometer", "sportfishingwikten 1", "goodie", "voluptas", "cruisewear", "live and let", "savourer", "delectation", "chikan", "hedonophobia", "hedonism", "delight", "acceptable", "qadeshtu", "pleasurist", "village cart", "husband stitch", "hedonic", "sacrilicious", "overindulgence", "moan", "admire", "activity", "eyegasm", "mouthgasm", "ascetic", "pleasurelessness", "pleasuresome", "pleasureth", "pleasurest", "lounge lizard", "pleased to meet you", "stoneness", "sybarite", "enjoyable", "delection", "geekgasm", "zoosadism", "utility", "algedonic", "scatophilia", "listenability", "cruelty", "vacation", "thing", "felicific calculus", "pleasureful", "hedon", "whee", "pleasurability", "will", "chariotee", "plea", "aphrodisiomania", "get off on", "gallivant", "nirvana", "outing", "excursion steamer", "rapture", "distress purchase", "pleasureless", "retail therapy", "promenade", "fool", "gratification", "sex aid", "enjoyment", "algolagnia", "puritan", "my", "hedonics", "get one's jollies", "algophilia", "pleasurable", "anhedonia", "smile", "globe trot", "antipleasure", "bondage", "congratulate", "peeping tom", "merry go round", "self pleasure", "for kicks", "turn on", "dissipated", "pleasingness", "fun", "sensuality", "tallyho", "amygdala", "mountaineer", "pleasured", "pleasures", "pleasurize", "fun loving", "contentment", "gloat"], [], [], [], [], [], ["fire", "temperature", "warmth", "warm", "energy", "hot", "su", "hotness", "degree", "bur", "steam", "furnace", "output", "summer", "thermal", "sensatio", "high", "high temperature", "warming", "from su", "weather", "radiator", "hot temperature", "cold", "product", "ovenproof", "commingler", "thermophore", "einstein refrigerator", "endergonic", "diathermic", "cold dra a", "heat of reaction", "erythema ab igne", "hotlyr", "ladle furnace", "thermocautery", "imponderable", "convector", "pressurized water reactor", "thermoception", "lithophosphoric", "bakelite", "thermomagnetism", "photothermic", "tummo", "radiation fog", "boiling", "thermotolerant", "thermogenics", "absorption refrigerator", "thermogenic", "amidin", "seebeck effect", "bakeout", "pyrognostics", "caramelize", "thermotransduction", "digestion", "shear steel", "dissipation", "power car", "thermolysis", "underheat", "diathermous", "refrigerative", "thermovinification", "sterilizer", "repechage", "chase dragon", "pyrogenic", "heat detector", "endothermy", "outflush", "underfire", "hot wind", "hot water heater", "oestruation", "butyrone", "radiant", "thermocurrent", "preheat", "heatless", "volcanization", "hot pepper", "conductor", "deflagrate", "magnetothermal", "anneal", "thermo", "recovery boiler", "ultraheat", "barocaloric", "metallurgy", "thermoelectromotive", "pillaring", "fusion", "acritude", "thermogenesis", "ultrapasteurization", "volcanic", "chocolatize", "diathermal", "quinicine", "intranscalent", "hydronic", "ergon", "calorifere", "thermomolecular", "thermomixer", "hot flash", "munitio", "forgewikten 1", "electrothermy", "anidrosis", "reverberatory furnace", "forced convection", "transcalent", "pyrophane", "soak", "thermal conductivity", "evaporator", "chirori", "nonshivering thermogenesis", "thermotropic", "heated", "firing", "dry distillation", "hotbar", "biothermal", "salmon", "overheatedlyr", "thermotherapy", "thermotics", "geothermal energy", "thermocontroller", "thermophylic", "stovewikten 1", "thermoacidophile", "generator", "thermoreflective", "scorch", "thermotank", "jalfrezi", "thermodynamic equilibrium", "caloriduct", "plutonism", "hot seal", "otheoscope", "electrical resistance", "pyrology", "microcalorimeter", "thermoactivated", "thermology", "conductivity", "thermoelectricity", "thermoprotection", "overheat", "thermomechanics", "thermantidote", "internal energy", "insulated", "incoercible", "vitrification", "calenture", "radiative forcing", "thermohardening", "brazing", "brew", "invisible ink", "therm", "joule's law", "cooking", "high explosive", "radioreceptor", "charcoal", "otto cycle", "borosilicate glass", "heat shrink", "afterheat", "water plate", "turn up", "vulcanize", "athermal", "diathermy", "chemitypy", "heats", "thermy", "at", "exothermicity", "craze", "volcanize", "allothermal", "refractory", "titanium aluminide", "convective current", "ricci flow", "vitrifiable", "calorificient", "trigeneration", "heliothermic", "pulse glass", "thermotic", "dissociation", "fervor", "thermocoagulation", "thermoresistance", "dissipation function", "cleading", "mechanocaloric", "cryobot", "pyrolysis", "joule", "heaten", "effusivity", "thermanesthesia", "heatlessness", "pot boiler", "calorimotor", "kasher", "caloritronics", "burning mirror", "cauma", "refrigeration", "nanocarpet", "thermal paper", "sinter", "calorist", "hot short", "ardor", "albuminone", "infrared radiation", "lewwikten 2"]], "/r/UsedFor": [[], [], [], [], [], [], [], [], [], [], [], [], [], [], [], [], [], [], [], [], [], [], [], [], ["aquarium artifact emotio"], [], [], ["marijuana", "music", "flying kite", "cannabis", "visiting other countries", "eating apple", "having food", "going on vacatio", "copulating", "tasting sweet", "attending classical concert", "having bath", "reading", "going for walk", "reading book", "playing games", "seeing art", "giving gift", "going see play", "becoming scuba diver", "doing crossword puzzle", "riding bicycle", "going for drive", "spending money", "eating breakfast in bed", "entertaining", "surfing web", "relaxing", "seeing people play game", "food", "surfing", "walking", "painting picture", "riding horse", "lip", "pleasure garde", "walking dog", "literature", "watching tv", "getting drunk", "sex", "smoking marijuana", "diving", "pai", "playing", "hearing singing", "eating ice cream", "skating", "playing violi", "hearing music", "flying in airplane", "swimming", "seeing old things", "having conversatio", "bathing", "playing piano", "seeing exciting story", "having fu", "writing", "having shower", "wrestling", "getting physical activity", "buying small", "buying", "playing cards", "procreating", "playing game with friends", "hurting else", "acting in play", "creating music", "chatting with friends", "skiing", "watching musician perform", "running", "dancing", "cooking meal", "giving assistance"], [], [], [], [], [], ["su", "laser artifact phenomeno", "heater"]], "/r/LocatedAt": [[], [], [], [], [], [], [], [], [], [], [], [], [], [], [], [], [], [], [], [], [], [], [], [], [], [], [], [], [], [], [], [], [], []], "/r/FormOf": [[], [], [], [], ["switches", "switched", "switching"], [], [], [], ["vos"], ["encourages", "encouragest", "encouraging", "encouraged", "encourageth"], [], [], [], [], [], [], [], [], ["turnkeys", "turn key", "turnkeying", "turnkeyed"], [], [], [], [], [], ["attracts", "attractest", "attracting", "attracted", "attracteth"], [], [], ["pleasures", "pleasuring", "pleasurest", "pleasured", "pleasureth"], [], [], [], [], [], ["heatest", "heateth", "heats", "heated"]], "/r/IsA": [[], [], [], [], ["three way switch artifact", " artifactrailroad track artifact", "commutator artifact", "birch artifact", "selector artifact", "toggle switch artifact", " actbasketball play act", "ferule artifact", "rattan artifact", "ignition switch artifact", "switcheroo act", "cutout artifact", " artifactcontrol artifact", "time switch artifact", " actchange act", " artifacthairpiece artifact", "push button artifact", " artifactinstrument of punishment artifact", "cane artifact", "opencycelectrical switchcoupler", "opencycswitch networkelectronic device", "electrical relayopencycelectrical switch", "opencycelectrical switchelectrical component", "safety switchopencycelectrical switch", "light switchopencycelectrical switch", "electrical buttonopencycelectrical switch", "opencycswitch networkcomputer", "opencycswitch networknetworking hardware", "opencycelectrical switchportal", "opencycelectrical switchcontrol device", "control structure", "pbx consoleopencycswitch network", "dimmeropencycelectrical switch"], [], [], [], [], ["another way to say encouraging"], [], [], [], [], [], [], [], [], [], [], [], [], [], [], [], [], [], ["comfort feeling", " actsexual activity act", " cognitiochoice cognitio", "sexual pleasure feeling", " feelingfeeling", "enjoyment feeling", "luxuriation act", "pleasantness feeling", " actactivity act", "delight feeling", "feeling of satisfaction or joy", "feeling of satisfactio", "sex", "good play", "seeing", "delight", "feeling good"], [], [], [], [], [], ["energy", "form of energy", " phenomenoenergy physics", "specific heat phenomenon phenomeno", "geothermal energy phenomenon phenomeno", "fieriness attribute", "heat of dissociation phenomenon phenomeno", " eventrace event", " attributeemotionality attribute", "heat of solution phenomenon phenomeno", " cognitiotemperature cognitio", "heat of formation phenomenon phenomeno", "latent heat phenomenon phenomeno"]], "/r/PartOf": [[], [], [], [], ["electrical circuit"], [], [], [], [], [], [], [], [], [], [], [], [], [], [], [], [], [], [], [], [], [], [], [], [], [], [], [], [], []], "/r/HasA": [[], [], [], [], [], [], [], [], [], [], [], [], [], [], [], [], [], [], [], [], [], [], [], [], [], [], [], [], [], [], [], [], [], []], "/r/CapableOf": [[], [], [], [], ["set to o", "arm weapo", "turn o", "turn on light"], [], [], [], [], ["teacher"], [], [], [], [], [], [], [], [], [], [], [], [], [], [], [], [], [], ["man's greastest downfall"], [], [], [], [], [], ["sterilize", "kill bacteria", "produce gas from wood", "cause perspiratio", "make sweat", "increase temperature", "dry wet thing", "fire"]], "/r/AtLocation": [[], [], [], [], [], [], [], [], [], [], [], [], [], [], [], [], [], [], [], [], [], [], [], [], [], [], [], [], [], [], [], [], [], ["ove", "cat", "heifer"]], "/r/HasProperty": [[], [], [], [], [], [], [], [], [], [], [], [], [], [], [], [], [], [], [], [], [], [], [], [], [], [], [], ["four of cups", "enjoyable"], [], [], [], [], [], []], "/r/CreatedBy": [[], [], [], [], [], [], [], [], [], [], [], [], [], [], [], [], [], [], [], [], [], [], [], [], [], [], [], [], [], [], [], [], [], ["melting"]], "/r/Synonym": [[], [], [], [], ["electrical switch artifact", "v changeswitch over change", " eventsubstitution event", "shift act", "switching act", "points", "v possessiotrade possessio", "v contactthrow contact", "change over", "v changeinterchange change", "electric switch artifact", "shift change", "change", "scissors", "flag", "vinterchange", "crop", "cane", ""], [], [], [], [""], ["v socialpromote social", "urge", "vembolde", "incentify", "buoy", "vbield", "reinforce", "comfort", "stimulate", "motivate", "nurture", "nerve"], [], [], [], [], [], [], [], [], [" persoprison guard perso", "corrections officer", "jailer"], [], [], [], [], [], ["draw contact", "appeal emotion emotio", "vallure", "draw in contact", "pull contact", "pull in contact", "allure", "draw", "suck", "arrest", "canvass"], [], [], ["pleasance feeling", " cognitiojoy cognitio", "happiness", "nice to meet you", "satisfaction", "enjoyment", "delight", "discretio", "fun", "desire", "relish", "pleasure to meet you", "satisfactio"], [], [], [], [], [], ["hot up change", "warmth cognition cognitio", "v emotioinflame emotio", "heat up change", " stateestrus state", "heat energy phenomenon phenomeno", " artifactheating system artifact", "passion attribute", "warmth attribute", " attributehotness attribute", "vehemence", "ardour", "torridity", "earnestness", "warmth", "glow", "frenzy", "caloricity", "exasperatio"]], "/r/LocatedNear": [[], [], [], [], [], [], [], [], [], [], [], [], [], [], [], [], [], [], [], [], [], [], [], [], [], [], [], [], [], [], [], [], [], []], "/r/SimilarTo": [[], [], [], [], ["regular", "agoofy", "aregular"], [], [], [], [], [], [], [], [], [], [], [], [], [], [], [], [], [], [], [], ["persuade"], [], [], ["enjoyable", "amusing", "entertaining"], [], [], [], [], [], []], "/r/MadeOf": [[], [], [], [], [], [], [], [], [], [], [], [], [], [], [], [], [], [], [], [], [], [], [], [], [], [], [], [], [], [], [], [], [], []], "/r/ReceivesAction": [[], [], [], [], [], [], [], [], [], [], [], [], [], [], [], [], [], [], [], [], [], [], [], [], [], [], [], [], [], [], [], [], [], ["measured in calories", "produced by heating"]]}, "/r/UsedFor": {}, "/r/LocatedAt": {}, "/r/FormOf": {"/r/RelatedTo": [[], [], [], [], []], "/r/UsedFor": [[], [], [], [], []], "/r/LocatedAt": [[], [], [], [], []], "/r/FormOf": [[], [], ["turnons", "turn o"], [], []], "/r/IsA": [[], [], [], [], []], "/r/PartOf": [[], [], [], [], []], "/r/HasA": [[], [], [], [], []], "/r/CapableOf": [[], [], [], [], []], "/r/AtLocation": [[], [], [], [], []], "/r/HasProperty": [[], [], [], [], []], "/r/CreatedBy": [[], [], [], [], []], "/r/Synonym": [[], [], [], [], []], "/r/LocatedNear": [[], [], [], [], []], "/r/SimilarTo": [[], [], [], [], []], "/r/MadeOf": [[], [], [], [], []], "/r/ReceivesAction": [[], [], [], [], []]}, "/r/IsA": {"/r/RelatedTo": [[]], "/r/UsedFor": [[]], "/r/LocatedAt": [[]], "/r/FormOf": [[]], "/r/IsA": [[]], "/r/PartOf": [[]], "/r/HasA": [[]], "/r/CapableOf": [[]], "/r/AtLocation": [[]], "/r/HasProperty": [[]], "/r/CreatedBy": [[]], "/r/Synonym": [[]], "/r/LocatedNear": [[]], "/r/SimilarTo": [[]], "/r/MadeOf": [[]], "/r/ReceivesAction": [[]]}, "/r/PartOf": {}, "/r/HasA": {}, "/r/CapableOf": {"/r/RelatedTo": [["music", "rediffusion", "transistor radio", "s meter", "satellite navigation system", "squawker", "drama", "transverter", "pianist", "video", "intercept", "dxing", "oat burner", "cbs", "sonobuoy", "studio", "superregenerative", "sign on", "forward link", "sferics", "radio drama", "acoustic kitty", "counterprogram", "radiomarker", "hyperbolic navigation system", "radiotracker", "reverse link", "airplay", "daypart", "radiosonde", "flight mode", "preselector", "loop antenna", "signal strength", "weathercast", "talk show", "disc jockey", "radiocollar", "radioman", "omnirange", "chairside", "radiopager", "program", "heptode", "cb radio", "radioes", "transcription", "brains trust", "electroanatomical", "sparky", "program guide", "programming", "tropospheric scatter", "pentode", "agony box", "radiosport", "broadcast", "wireless", "radioprobe", "coherer", "mass media", "wireless telegraphy", "regen", "voicetrack", "party political broadcast", "callback", "radiophonic", "distress signal", "dawn chorus", "radiogramophone", "internet", "bimedia", "rebroadcaster", "radius", "reception", "radionovela", "cough button", "radiosuppression", "heterodyne", "chu harrington limit", "radiotelephone", "sstv", "medialect", "valver", "beautiful music", "instrument landing system", "filler", "technology", "dead air", "rolling news", "base station subsystem", "telecourse", "greenwich time signal", "airband", "commercial break", "rubber ducky", "morning zoo", "mediasphere", "radiatio", "decoherer", "call in show", "giant quasar", "sign off", "radiotelecommunication", "foxhunt", "radio telegraphy", "radiotracking", "interferometry", "radio friendly", "nonradio", "signature tune", "regenerative", "airlink", "sound", "editorial", "curtain array", "electromagnetic wave", "wireless telephony", "playout", "marconigram", "coanchor", "facsimile", "absolute altimeter", "radio fix", "horse opera", "closedo ", "public access", "listening station", "hand off", "drive time", "old media", "radiotransmitter", "radiocommunication", "radiopulsar", "ursigram", "freebanding", "morse code", "swling", "british broadcasting corporation", "seiyuu", "ozonesonde", "color commentator", "commercial", "radio halo", "transceiver", "listenership", "alexanderson alternator", "radioacoustics", "garglegate", "radioland", "shadowing", "call in", "wavemeter", "frequency assignment", "vibrator", "radio control", "talk jockey", "radio telemetry", "rician fading", "homeset", "walkie talkie", "newstalk", "begathon", "pentagrid converter", "press kit", "giant radio galaxy", "dramatize", "nbc", "radiomarked", "miniseries", "pulsar", "conelrad", "weather forecast", "guard band", "color man", "console radio", "refarming", "radio station", "aerophore", "coverage", "ball by", "multiconversion", "crystal set", "airtime", "televangelism", "passive radar", "scanner", "monobander", "soap opera", "ultrawideband", "q meter", "yagi uda antenna", "newscaster", "modulatio", "radiobroadcast", "radiate", "radioteletype", "antiradio", "newsreading", "station break", "model aircraft", "gmrt", "listening post", "azon", "bumper music", "mediumwave", "radar", "broadcast delay", "radioloud", "piracy", "stinger", "underneath"], ["lamp artifact", "microswitch", "jute", "vplace", "turn o", "vtask", "thermionic valve", "stackable", "unswitched", "thyratron", "vexchange", "cut out", "turn off", "krytron", "programming", "vtrim", "reed switch", "corporal punishment", "josephson junction", "dom", "knob", "photoswitch", "virtual desktop", "switch o", "switchless", "thomson's lamp", "overtravel", "pretravel", "versatile", "knife switch", "tress", "switchover", "current", "churn", "relay", "badine", "hub", "core switch", "circuit breaker", "switched", "dimmer", "switches", "off", "block signal", "vangry", "blowout coil", "turn out", "coupstick", "rod", "vchange", "construct", "twiddle", "head hop", "smartmodem", "value", "interchange", "antenna switch", "target", "sway", "hair", "switchyard", "dipswitch", "switchbox", "flasher", "headchair", "double crossover", "cli", "inverse", "cryotron", "buttonwikten 1", "whip", "wye switch", "towerman", "switch keeper", "vsuddenly", "venraged", "keyer", "detector bar", "expressio", "slicking", "switch off", "commutator", "vhit", "switchback", "toggle", "mercury switch", "turing switch", "switchplate", "swish", "switchable", "solenoid", "pointsman", "pass transistor", "photoswitchable", "vstate", "footswitch", "common crossing", "vunreasonably", "line lock", "sidetrack", "spelk", "switchlike", "dead man's switch", "device", "actuator", "trigatron", "kawarimi", "switchman", "thyristor", "point", "vwhip", "optical switch", "crossover", "push button", "disconnect", "debounce", "baroswitch", "change", "switching", "vcircuit", "toggle switch", "versatilist", "nanoswitch", "chess clock", "light switch", "railroad", "bitflip", "sub", "nonswitch", "vquickly", "switchability", "track", "electric", "cross", "switch on", "trade", "exchange", "light", "o", "lamp", "stick", "move", "plug", "tur"]], "/r/UsedFor": [["listen to news", "listening news", "hear news", "listening to", "listening to talk shows", "check traffic", "tuning in to radio broadcasts", "hear from around world", "follow business news", "finding out weather", "hear emergency broadcasts", "receiving radio signals", "hear public informatio", "listen to radiostatio", "check weather", "communicatio", "call for help", "listen to talk shows", "put boredom in abeyance", "hear sports", "know what to do in emergencies", "entertain while driving car", "gather informatio", "send message", "call in on talk show", "sending radio signals", "listen to traffic report", "news entertainment and talk shows"], []], "/r/LocatedAt": [[], []], "/r/FormOf": [["radioing", "radios"], ["switches", "switched", "switching"]], "/r/IsA": [["communication device", "radiotelegraph artifact", " artifactcommunication system artifact", "audible media", " communicatiobroadcasting communicatio", "retangular and black", "sound waves", "walkma", "personal radio", "wireless communication device", "clock radio", "television without pictures"], ["three way switch artifact", " artifactrailroad track artifact", "commutator artifact", "birch artifact", "selector artifact", "toggle switch artifact", " actbasketball play act", "ferule artifact", "rattan artifact", "ignition switch artifact", "switcheroo act", "cutout artifact", " artifactcontrol artifact", "time switch artifact", " actchange act", " artifacthairpiece artifact", "push button artifact", " artifactinstrument of punishment artifact", "cane artifact", "opencycelectrical switchcoupler", "opencycswitch networkelectronic device", "electrical relayopencycelectrical switch", "opencycelectrical switchelectrical component", "safety switchopencycelectrical switch", "light switchopencycelectrical switch", "electrical buttonopencycelectrical switch", "opencycswitch networkcomputer", "opencycswitch networknetworking hardware", "opencycelectrical switchportal", "opencycelectrical switchcontrol device", "control structure", "pbx consoleopencycswitch network", "dimmeropencycelectrical switch"]], "/r/PartOf": [["radio receiver artifact", "antenna", "radio transmitter artifact", "license plate", "tuner", "knob"], ["electrical circuit"]], "/r/HasA": [["tuner circuit"], []], "/r/CapableOf": [["play music", "turn o", "blaring"], ["set to o", "arm weapo", "turn o", "turn on light"]], "/r/AtLocation": [["voice", "space shuttle", "every car and house", "trunk", "music", "school", "shop", "led"], []], "/r/HasProperty": [["useful for listening to music"], []], "/r/CreatedBy": [[], []], "/r/Synonym": [["wireless artifact", "radiocommunication communication communicatio", " artifactradio receiver artifact", "wireless communication communicatio", "tuner"], ["electrical switch artifact", "v changeswitch over change", " eventsubstitution event", "shift act", "switching act", "points", "v possessiotrade possessio", "v contactthrow contact", "change over", "v changeinterchange change", "electric switch artifact", "shift change", "change", "scissors", "flag", "vinterchange", "crop", "cane", ""]], "/r/LocatedNear": [[], []], "/r/SimilarTo": [[], ["regular", "agoofy", "aregular"]], "/r/MadeOf": [[], []], "/r/ReceivesAction": [["heard in evening"], []]}, "/r/AtLocation": {}, "/r/HasProperty": {}, "/r/CreatedBy": {}, "/r/Synonym": {"/r/RelatedTo": [[], [], [], [], [], [], ["serial", "perfect binding", "overactivate", "corepressor", "grab handle", "vradioactive", "left click", "t cell", "oncomouse", "venable", "vtrigger", "vset off", "activatable", "toolbar", "pullcord", "vlimitations", "activatest", "vactivity", "wake word", "trigger", "veffective", "vreactio", "vstatio", "nonactivating", "photopheresis", "middle click", "activator", "hyperlink", "stopwatch", "vdecompositio", "act", "bioactivate", "actuate", "vencourage", "vstimulate", "vexcite", "vmechanism", "unsilence", "serial key", "vactuate", "vunit", "photoactivate", "sequencer", "vmolecule", "safe mode", "infinity box", "rollover", "vdevelopment", "activates", "turn on", "tirapazamine", "activating", "preactivate", "immunopoietic", "activable", "pilot", "affector", "ignition", "deactivate", "prosecretin", "vsystem", "vreactive", "right click", "vremove", "cryopyrin", "vunlock", "natural killer cell", "vorganic matter", "hotword", "pushpad", "reactivate", "rollunder", "sonodynamic", "function key", "activase", "activant", "deadenylate", "activated", "vaerate", "vactive", "procolipase", "grandmother cell", "vinjury", "activateth", "derepress", "apoinducer", "vinduce", "vdemoware", "vdevice", "shoot"]], "/r/UsedFor": [[], [], [], [], [], [], []], "/r/LocatedAt": [[], [], [], [], [], [], []], "/r/FormOf": [[], [], [], [], [], [], ["activated", "activating", "activates"]], "/r/IsA": [[], [], [], [], [], [], []], "/r/PartOf": [[], [], [], [], [], [], []], "/r/HasA": [[], [], [], [], [], [], []], "/r/CapableOf": [[], [], [], [], [], [], []], "/r/AtLocation": [[], [], [], [], [], [], []], "/r/HasProperty": [[], [], [], [], [], [], []], "/r/CreatedBy": [[], [], [], [], [], [], []], "/r/Synonym": [[], [], [], [], [], [], ["aerate change", "v creatiotrip creatio", "venable", "switch on", "vset going", "trigger", "vturn o", "vstart", "vset in motio", "vactuate", "vspur"]], "/r/LocatedNear": [[], [], [], [], [], [], []], "/r/SimilarTo": [[], [], [], [], [], [], []], "/r/MadeOf": [[], [], [], [], [], [], []], "/r/ReceivesAction": [[], [], [], [], [], [], []]}, "/r/LocatedNear": {}, "/r/SimilarTo": {}, "/r/MadeOf": {}, "/r/ReceivesAction": {}}}, "":{}}