{"turn": {"N1": {"/r/RelatedTo": ["directio", "left", "twist", "right", "page", "movement", "change", "rotate", "go", "change directio", "left right", "spi", "around", "actio", "driving", "corner", "car", "rotatio", "move", "curve", "bend", "maneuver", "revolve", "right left", "become", "twist and", "torquewikten 1", "querl", "sideslip", "infraduction", "perfectio", "unbit", "underdrift", "jughandle", "revert", "run table", "misturn", "wrick", "tortuous", "introversive", "mousing", "passade", "counterfeit", "batwikten 2", "one's turn in barrel", "transit instrument", "gruppetto", "turnable", "chandelle", "head off", "turn i", "contraversion", "askance", "inverse", "versable", "flype", "head up", "crazy straw", "squint", "turn\u2019d", "midturn", "roguelike", "zig", "tournure", "turning point", "diarization", "alternate", "gatewikten 1", "turnt", "castle", "evert", "turn on", "fill up", "twistilyr", "blanchard lathe"], "/r/UsedFor": ["wheel"], "/r/LocatedAt": [], "/r/FormOf": ["turning"], "/r/IsA": ["lead act game", "bat baseball game", "trick card game", "diversion act", " gameactivity act", "kick turn act", "doamerican football game", "bottom time sport", "version act", "three point turn act", " actchange of direction act", "ruff card game", "move game", "top time sport", "swerve act", " actchange of course act", " actfavor act", "stem turn act", "left act", "telemark act", "attack act game", "start act game", " eventdevelopment event", " actwalk act", "innings act game", "right act", " sportpart cognitio"], "/r/PartOf": [" sportplaying period game"], "/r/HasA": [], "/r/CapableOf": [], "/r/AtLocation": [], "/r/HasProperty": [], "/r/CreatedBy": [], "/r/Synonym": [" eventturning event", "twist event", " communicatioact communicatio", "v communicatiocall on communicatio", "v changechange state change", "v farmingplow farming", "good turn act", " timego time", "move around motion motio", " acttwist act", "v bodytwist body", " shapebend shape", "turn of events event", "v contactflex contact", "turning act", "bout sport", "grow change", "play game", "v changechange by reversal change", "release contact", "v stativebecome stative", "v changesour change", "turn over motion motio", "round sport", "vwikten 1rotate", "bend", "move"], "/r/LocatedNear": [], "/r/SimilarTo": [], "/r/MadeOf": [], "/r/ReceivesAction": []}, "N2": {"/r/RelatedTo": {"/r/RelatedTo": [[], ["tur", "side", "remai", "left handed a ", "liberal a ", "a liberal ", "socialist a ", "a left handed ", "a socialist ", "waste", "syriza", "laevocardia", "hemicolon", "political spectrum", "left footed", "gallock", "footedness", "lefted", "side window", "levorotatory", "lateral", "diagonal", "negative", "nearside", "foramen ovale", "symmetrical balance", "liberal democrats", "destrocardia", "sinistrorse", "leftosphere", "dextrorse", "levo", "leftness", "lateralize", "no longer with us", "dextraposed", "left handed", "leftwardr", "wingspan", "left click", "laevocardiography", "tillage radish", "postorder", "dextrosinistral", "sinistrorsal", "be glad to see back of", "sinistrodextral", "please turn left", "temporolateral", "regular", "lefting", "ambidextral", "levogyrate", "leftward", "mandritta", "others", "left bracket", "sinistroversion", "laevocycloversion", "left bank", "backhanded", "moon boot", "biautomaton", "sinistradr", "wikten 1ensemble", "mitral valve", "mirror image", "sinistral", "parked", "preorder", "pan pot", "hippie punching", "remain", "right handed", "castle", "right footed", "laeotropic", "left drag", "aortic valve", "near", "rule of road", "jughandle", "leg side", "sinistrouslyr", "lefts", "ihram", "laevoelevation", "regressive left", "dextrocular", "upbow", "slipstitch", "sinistrallyr", "leftist", "unbalanced", "cadlag", "pawedness", "caracole", "leftwardsr", "alt left", "sinister", "laevocardiogram", "sinistrocular", "laevoversion", "sinistrous", "odd", "lefty", "vleave", "laevodepression", "antileft", "radish ripper", "biclosed", "antistrophe", "sinistro", "directio", "hand", "middle", "right", "margi", "escape", "leave"], ["dance", "tur", "shout", "and shout", "chubby", "checker", "chubby checker", "double full", "movement", "motio", "turning", "spi", "bendy", "twiddle", "chongake", "road", "wamble", "vtwenty one", "overwind", "torsibility", "gu", "shear centre", "vbendy", "spinning frame", "rotating", "sprai", "altmanesque", "pretzel", "watusi", "vwavy", "wormilyr", "cat's paw", "contortion", "shewfelt", "zigzagging", "fibre", "feeze", "kneck", "gravitomagnetism", "volvulus", "intorsion", "iro", "entwist", "entangle", "amanar", "wingle", "bend", "washout", "squirm", "supinate", "vtwining", "circumvolute", "volution", "spiranthy", "wrick", "yarn", "peel", "tendency", "tale", "untwistable", "twisting", "thread", "reim", "vine staff", "girl", "hardspun", "kinked", "frug", "vwind", "ankle", "atwistr", "triple full", "multitwist", "sliver", "twistful", "unroll", "diving", "strephosymbolia", "gordian", "rotatio", "meander", "serpentining", "swirl", "flat rope", "kirikaeshi", "inclinatio", "vblackjack", "crazy straw", "vknob", "whipcord", "twistout", "zag", "body", "hawser laid rope", "unplat", "vcoax", "wreathe", "bethrow", "twistilyr", "vconvolve", "wramp", "torsionmeter", "curlicue", "convolution", "stress", "dystonia", "vinjure", "screw up", "lemo", "vdeal", "story", "torsive", "flyaway", "fleak", "quirl", "nontwist", "throw crook", "twists", "zigzag", "torquewikten 1", "vbend", "individual", "poloid", "twistgrip", "pronate", "twisted", "disentwine", "querl", "balloon animal", "meaning", "narwhal", "slub", "vining", "volvulate", "spilings", "detortion", "flyer", "steel", "twizzler", "twistable", "torticollis", "vrotate", "twistinglyr", "twistless", "contortionist", "passage", "cocktail", "tweak", "vdistort", "chignon", "damascus barrel"], ["tur", "directio", "correct", "conservative a ", "a good ", "a ethical ", "a proper ", "a right handed ", "a just ", "just a ", "right handed a ", "good a ", "proper a ", "ethical a ", "a conservative ", "current", "side", "present", "now", "rightlyr", "moral", "antirights", "suffragette", "fourth freedom rights", "footedness", "fareworthy", "enjoyment", "peachy keen", "right drag", "dextrosinistral", "playright", "cabotage", "ancient lights", "please turn right", "in all conscience", "miranda rights", "speciesism", "presentation", "easement", "taciturnity", "attorney's lien", "tyranny of majority", "freedom of movement", "pawedness", "temporolateral", "rightist", "birthright citizenship", "muniment", "conscience", "nonright", "freedom of press", "property rights", "patrimony", "right face", "dole meadow", "age of majority", "political spectrum", "off", "co employment", "foramen ovale", "normative ethics", "free roam", "dextrocycloversion", "mirandize", "allocution", "rightdoing", "teleologism", "serf", "udaler", "settlement", "entitled", "freedom of speech", "egalitarian", "droit de suite", "rightsholder", "manor", "fee", "dextrodepression", "symmetrical balance", "extinguishment", "sinoatrial", "charter", "marriage of convenience", "avowee", "jure uxorisr", "opinio", "egalitarianism", "adverse possession", "dextrogram", "disenfranchise", "righthood", "rightdoer", "new left", "emphyteusis", "last word", "right to keep and bear arms", "miranda warning", "right handed", "arrogate", "rightholder", "castle", "inorite", "patronage", "orthoprax", "side window", "dextroelevation", "hanse", "lapse", "lessee", "dextro", "letters close", "rightsome", "righting", "right bank", "negative", "thirlage", "usurpation", "right to be forgotten", "rights", "suffrage", "locus standi", "right footed", "corrigible", "hemicolon", "due", "lord's anointed", "wrongr", "pretendinglyr", "left handed", "conjugal rights", "gross negligence", "usufruct", "consortium", "personism", "set straight", "left footed", "burghership", "soc and sac", "dexter", "categorical imperative", "settlerist", "nikahnama"], ["book", "paper", "sheet", "books", "tur", "part", "leaf", "book part", "writing", "piece", "single", "in book", "in books", "number", "book leaf", "numbered", "book paper", "unit", "book sheet", "paper sheet", "numbers", "white", "single paper", "book unit", "single sheet", "one sheet", "page do v", "pagewise", "overleafr", "pop up", "p", "ternion", "yeoman", "bite", "vwikten 1mark", "from cover to coverr", "boxout", "corflu", "vwikten 2call", "paige", "pages", "videotex", "typehead", "typewheel", "signature", "pagewiser", "pageless", "paginate", "paginated", "paging", "wikten 1leaf", "streamer", "henchboy", "sheet of paper", "wikten 1length", "bubblejet", "single serving site", "viewlet", "deep linking", "black fax", "breadcrumbs", "vwikten 2public address system", "verso", "daisywheel printer", "wikten 1paper", "uncut", "bastard title", "lithotypy", "exercise book", "back page", "speedy delete", "pagemealr", "pagelike", "arizona", "endleaf", "multipage", "recto", "sketchbook", "cropmark", "orphan", "endboard", "pagination", "stephanus number", "header", "jump page", "desktop publishing", "spread", "justified", "18mo", "typeball", "duodecimo", "stub", "ceefax", "page up", "page fault", "twelvemo", "pageful", "double page spread", "textblock", "page wire", "volti", "tear sheet", "dog ear", "reverso", "front page", "interleave", "slide", "tipsheet", "endpaper", "pageboy", "wikten 2snap", "bodkin", "unpaged", "oklahoma", "wikten 2errand", "running headline", "interpage", "foliation", "fat fantasy", "footnote", "paginal", "red link", "wiki markup", "microsite", "yapp", "gatefold", "upmaker", "wikten 1bind", "book of condolence", "widow", "folio", "midpage", "headpiece", "orientation", "memorandum", "pagehood", "column", "dogear", "errata", "mispaging", "north dakota", "footboy", "justify", "frontispiece", "sketch pad", "prepaging", "wikitext", "illuminate", "collate", "portal", "memory page", "nonpaging", "paged", "contents", "flyleaf", "half title", "nebraska", "printwheel", "vwikten 2pager", "flat", "inside", "turning", "cover", "reading", "inside book", "sheet paper", "component", "book component", "part book", "text", "letter", "sectio", "book piece", "writte", "margi", "two", "element", "piece paper", "writing o", "square", "written o", "rectangle", "one", "paper piece", "book element", "numbering", "one paper", "many", "corners", "paragraphs", "turner", "book turner", "sides", "two sides", "leaves", "material", "print", "numbered paper", "book sectio", "flat paper", "book content", "content", "wood", "side", "paper leaf", "writing medium", "medium", "of paper", "one piece", "ingredient", "book ingredient", "white paper", "binders books", "binders", "turned", "refresh", "sheet number", "its numbered", "its", "book slice", "slice", "made", "from book", "book leaves", "piece book", "book parts", "parts", "book compositio", "compositio", "flat white", "thing", "book material", "one two", "making", "making book", "feature", "book feature", "copy", "you tur", "assistant", "papers", "book papers", "sheaf", "junior employee", "employee", "junior", "number of", "individual", "individual paper", "single writing", "servant", "divisio", "knave", "knave servant", "book divisio", "one thing", "guitar zeppeli", "descriptio", "guitar", "zeppeli", "chapter sectio", "within book", "chapter", "book contains", "for writing", "contains", "withi", "rectangular", "bottom", "what", "turning what", "numbers bottom", "next", "like paper", "like", "inside books", "word", "thi", "one i", "has", "guts", "book guts", "book has", "trees", "single book", "many paragraphs", "magazine", "paper side", "documents", "pass", "sheet pulp", "pulp", "square paper", "congressional", "congressional inter", "inter", "one of", "books sectio", "colum", "introductio", "describing", "tree", "from tree", "functio", "product", "lots of", "wood product", "lots", "turn it", "beeper", "beeper functio", "wedding", "wedding boy", "boy", "printed", "landscape", "printed o", "one part", "of book", "written sheet", "mark", "many blanks", "blanks", "each", "each sheet", "read one", "number paper", "read", "paper made", "website", "many of", "jimmy", "one side"], ["dance", "walk", "wave", "flow", "motio", "swim", "shake", "current", "ru", "tur", "step", "drive", "wind", "climb", "leash artifact event", "rub", "fly", "twist", "roll", "exercise", "smile", "wiggle", "stretch", "push", "transport", "nod", "blow", "telotaxis", "translative", "phenomenology", "ecumenical movement", "feminism", "neuromotor", "fahr's syndrome", "stop action", "dopamine", "afterslip", "dysergia", "ghost dance", "dextrodepression", "neofuturism", "kine", "kala kato", "control", "c\u00e9sairean", "manacle", "marching band", "tasimeter", "mitmachen", "dyneme", "anemology", "camera move", "scared stiff", "hairspring", "inter shia", "prepunk", "epeirogenesis", "possibilism", "ecofeminism", "oculomotor", "futurism", "appulse", "swashing", "creeping eruption", "speculative realism", "azonto", "laughter", "barbizonian", "semistationary", "quickening", "pan indianism", "universal joint", "moto", "new romanticism", "kinesics", "scrolling", "cubism", "kinesimeter", "echomimia", "kinesic", "vector", "orff schulwerk", "speed", "venizelism", "jiggle", "lunge", "electrodynamic", "micromovement", "moral panic", "integralism", "itinerance", "kinetogenic", "zef", "futurist", "flatrod", "ocean current", "clear air turbulence", "bodyweight", "pan africanism", "stilting", "radha soami", "visceromotor", "cut", "pentecostalism", "heliotaxis", "muscular christianity", "optokinetic", "kinesophobia", "underground railroad", "mnemotaxis", "knee jerk", "paulicianism", "mass wasting", "enosis", "fixed star", "stereotaxis", "locked in syndrome", "arrhythmokinesis", "body english", "loaded march", "eyetracking", "bates method", "downshoot", "death march", "high priest", "cytodynamics", "aerotaxis", "hyperkinesis", "swaddling clothes", "machine", "karaism", "proselytize", "synkinesis", "anaphoresis", "vaultwikten 2", "nervimotion", "mechanokinetics", "feat", "shoot one's cuffs", "gawky", "vanguardism", "palatograph", "nucleokinesis", "enlightenment", "tailflip", "oculomanual", "tab stop", "headway", "neosocialism", "greenbackism", "whish", "maneuver", "dystonia", "kinesis", "young ireland", "antitaxic", "expressionism", "women's lib", "deobandi", "popovtsy", "vehiculation", "minuet", "lateroduction", "hypokinesis", "new left", "multimovement", "animal liberation", "ribbonism", "cavourian", "kinesi", "microtremor", "decommodification", "pietism", "antirightist", "downstrike", "somatomotor", "aragoto", "putamen", "clampering", "ophthalmotrope", "iridodonesis", "optomotor", "laevoelevation", "allegretto", "prespeech", "pamyat", "audiomotor", "saint simonianism", "motion capture", "nephoscopy", "polowikten 2", "up bow", "ultraism", "carlebachian", "cub scout", "service loop", "allemande", "broad church", "pitch", "diffusion", "one way", "bourbakism", "finger work", "forced march", "qadarite", "no wave", "sabbatianism", "spread betting", "carriage control character", "graceful", "klinotaxis", "photokinesis", "impressionism", "hydrophysical", "lifestylist", "antisaccade", "chemotaxis", "ralstonism", "infrarealism", "transcendentalism", "pan slavism", "phacodonesis", "tachykinesia", "vellicate", "click of death", "kinesiograph", "tropotaxis", "rustle", "amphikinesis", "kinesthesiology", "aircraft", "executionism", "choralography", "kineme", "anticolonialism", "orphism", "motioning", "borborygmus", "hammer break", "ease", "non violent", "autoinfusion", "medium spiny neuron", "bioenergetics", "echopraxia", "affectomotor", "o.g", "tailswing", "antipoetry", "biotaxis", "blackism", "activity", "incyclotorsion", "ethiopianism", "propagation", "hemiballismus", "laestadianism", "death throe", "trophotropism", "move", "haptotropism", "preromantic", "hyperactivity", "phobotaxis", "chartism", "old lighter", "animated cartoon", "new criticism", "bump and grind", "mousing", "wait", "abductive", "in something's way", "muscle reading", "afro baptist", "nonmovement", "seceder", "coda", "resistance", "boogie", "scototaxis", "subpassage", "flight line", "pheromotropic", "marcus gunn phenomenon", "answer helm", "doyen", "laugh", "oxytaxis", "laudianism", "ero guro", "wahhabi", "shift", "english plus", "mechanism", "slow out", "glossograph", "steady handed", "motile", "concretism", "new american", "chronostasis", "barotaxis", "ventrolaterally", "broad strokes", "red letter christian", "ethnopoetics", "peculiar people", "fauvism", "ballismus", "lip sync", "exafference", "oculomotion", "red stick", "lateral line", "flapping hinge", "kinesiology", "sinarquism", "hemodynamics", "transhumance", "nimble", "piezotranslation", "filmology", "ows", "culturism", "stagger", "cultural revolution", "advection", "phonoscope", "open outsourcing", "psychokinesis", "cargo cult", "transverse", "internal passport", "kapa haka", "form", "countermotion", "premovement", "physical", "malleation", "acrocinesia", "plastic flow", "mitgehen", "body mechanics", "black muslim", "sidle", "bumpy", "mosh", "dadaism", "dogme", "synovial fluid", "hyperdynamism", "lettrism", "swaddling", "street parliament", "quickness", "outmaneuver", "postautistic", "countermovement", "reconstructionism", "british israelism", "man\u00e8ge", "protest song", "scouts", "gymnastics", "auto tiering", "pentecostal", "back up", "silverite", "swedenborgianism", "ameboidism", "fogbound", "elegance", "svecoman", "parliament of streets", "metabolism", "metamodernism", "kineto", "progg", "l istesso tempo", "system", "osmotrophy", "chockablock", "modernism", "irruption", "exurbanization", "ferrokinetic", "chronophotography", "vaudois", "mahagujarat", "kinesiatrics", "cardiograph", "geotaxis", "charge", "backup", "chass\u00e9", "antimodernism", "febronianism", "optokinesis", "wristwork", "suffragettism", "age of aquarius", "panislamism", "green fluorescent protein", "overeruption", "statokinetic", "eurasianism", "egomotion", "scrabble", "impressio", "nuwaubian"], ["coins", "money", "move", "tur", "alter", "pocket", "coi", "loose"], ["tur", "disrotatory", "flexography", "laevocycloversion", "excycloduct", "pseudopupil", "rotozoomer", "hamster wheel", "ringworld", "pronation", "yaw", "f stop", "revolvinglyr", "optical activity", "kelly", "lazy susan", "centrifuge", "nonrotation", "feather", "vertiginous", "roller", "abrasive disc", "hyperrotate", "spiral", "joint", "reel mower", "piriformis", "planetary gear", "tumbling mill", "rotates", "nonrotating", "scissor door", "conrotatory", "angular momentum", "table turning", "precess", "incycloduct", "vrota", "twistlock", "turn off", "daisywheel printer", "selsyn", "cone", "rotativity", "kaleidoscope", "servosphere", "turntable", "rotationplasty", "supraduct", "rotational period", "rerotate", "vspi", "convertiplane", "brushbar", "twirl", "cyclotort", "twist", "contrarotating", "cyclophoria", "twist drill", "thirty three", "epicyclic gear", "o'neill cylinder", "underrotate", "gerbil", "turbodrill", "ambigram", "supination", "sidecast", "vadvance", "inverted circumflex", "rolling block", "antivortex", "noisemaker", "turn over", "counterrotate", "rotodome", "shiftwork", "upender", "ellipsoid", "rotation", "turn upside do v", "tiltwing", "rotatable", "cyclarthrosis", "coelostat", "corotate", "chilean mill", "steering wheel", "vtake turns", "rotator", "tiltrotor", "gear do v", "light mill", "unrotated", "windmill", "vrevolve", "n\u00e9el wall", "infraspinatus", "vreplace", "gyrogravitomagnetic", "vrotator", "circumvolutionary", "subscapularis", "rotavator", "weather vane", "shift", "airflare", "roulette wheel", "fire drill", "corotational", "backflip", "van stockum dust", "turn away", "catherine wheel", "infraduct", "overrotate", "frontflip", "spin", "swivel chair", "twizzle", "dextrocycloversion", "plumber's snake", "pronate", "whirl", "rotating", "praxinoscope", "dextrorotatory", "vsequence", "counterrotating", "vtur", "go round", "headwheel", "thixomolding", "slue", "chromatoscope", "rotatability", "helicopter", "levorotatory", "circularly polarized light", "squirrel cage", "axis of rotation", "minigun", "spin round", "turn round", "rotopulsator", "ekman spiral", "spit cake", "wagon wheel effect", "rotodynamic", "rotational speed", "traverse", "kerr geometry", "roundabout", "vtakeoff", "rotated", "turn on"], ["drop", "leave", "tur", "climb", "ready", "enter", "move", "hide", "continue", "rise", "drive", "gree", "away", "light", "green light", "pass", "actio", "bingwikten 2", "vwikten 1navigate", "apass", "vwikten 1space", "precede", "egressor", "aremai", "gov", "went", "goest", "asubgroup", "vwikten 1decay", "vru", "agroup", "got", "outgoer", "hit gas", "vwikten 1pay", "es", "ingoer", "capture", "litigate", "jigo", "going", "vwikten 1foolish", "brazil", "aaddress", "senet", "vwikten 1attend", "wikten 1merriment"], [], [], [], ["tur", "about", "near", "dance", "air", "prepositio", "corner", "ring", "circle", "area", "perimeter", "circumscribe", "circumfulgent", "specified", "umgang", "inside", "circumvolute", "humming top", "circumadjacent", "peri", "aspis", "rpartially", "rrotated", "circum", "point", "close in on", "circumambulate", "skirted", "returning", "circumambulation", "human movement", "beshadow", "semihourly", "circumposition", "skate around", "circumflect", "stalkumentary", "beride", "vicinity", "circumundulate", "perigynous", "squirrel", "aexisting", "rcompletely", "umbe", "bomb around", "with", "various", "brace sharp", "circumgyrate", "rface", "curve", "circumnavigate", "circumjacent", "jazz", "rgenerally", "around world", "engird", "starting", "rdirectio", "round", "aalive", "ropposite", "semihourlyr", "circumpass", "itineration", "orbit", "umcast", "hereawayr", "window frame", "pushchair", "aroundness", "circumvolant", "mile", "twist", "moat", "circular", "lip", "nearby", "local", "play", "directio", "go", "edge", "belt", "drive", "walk", "evening", "moo", "weather", "bone", "frame", "surrounding", "merry go", "merry", "encircling", "pass", "clock", "among", "year", "shake", "island", "rest", "space", "idle", "transport", "guide", "exercise", "su", "atmosphere", "car", "track", "sock", "nomad", "nature", "spinning", "adjective", "gymnastics", "waist", "tire", "company", "tie", "ribbo", "near by", "field", "go about", "adverb", "roughly", "roughly about", "slough", "circling", "circling area", "love", "affair", "bib", "loafer", "cell", "margi", "circumference", "going", "coil", "ride", "medal", "ball", "room", "fly", "mote", "window", "necklace"], ["action"], ["road", "car", "street", "tur", "drive", "drivings", "sportpony", "driver", "gear do v", "headlight", "motoring", "on road", "triaxle", "take spin", "aviolent", "speedfreak", "joy riding", "joyride", "off road", "vdrive", "behind wheel", "motor vehicle", "stop short", "rules of road", "make light", "stringbacks", "ndm", "heel and toe", "mallet", "breathalyzer", "exorcism", "heartbeat", "aforceful", "driftwind", "pushing", "war driving", "wardriving", "blind spot", "speed freak", "astrong", "at wheel", "bootlegger reverse", "permit", "working animalwphorse", "epilepsy", "mile", "sig", "test", "oil", "race", "ride", "bridge", "pass", "stop", "vehicle", "asphalt", "highway", "influence", "fine", "automobile", "transportatio", "express"], ["edge", "walls", "angle", "tur", "meet", "two", "room", "intersectio", "point", "meeting", "around", "walls meet", "four color theorem", "pincushion corner", "dogear", "octangle", "vmanipulate", "vprice", "four poster", "nook", "truncate", "clew", "vdrive", "anti sway bar", "vattempt", "cornerpiece", "perl\u00e8che", "inglenook", "vtrap", "vcurve", "pin do v", "dimpled chad", "pocket", "cantlet", "brake noodle", "quatuordecangle", "dog ear", "doorstep", "sufficient", "interest", "pregnant chad", "three cornered", "quarter", "sharp cornered", "vconfined", "corners", "angulous", "cornering", "turret", "elbowed", "cornerless", "lower mainland", "lazy susan", "cheilosis", "quoin", "cropmark", "point presser", "gunfighter seat", "hirn", "first base", "set square", "polyplet", "angulus", "roundrect", "drift", "neuk", "vertex figure", "vcommand", "coin", "vcommodity", "wroo", "canthopexy", "vhandle", "ring", "wraparound", "chamfer", "crossette", "cornered", "third base", "cobwork", "tricornered", "crow's feet", "pentangular", "cornerlike", "pick corners", "inocular", "corner pub", "cornersome", "sportbike", "rotundate", "crown scab", "coign", "vtur", "extremity", "corner kick", "differential gear", "security", "short corner", "cornerback", "half binding", "strike zone", "end board", "biangular", "squeezer", "crossroad", "ink trap", "secluded", "arraswiser", "cheilion", "bout", "square", "edges", "right", "right angle", "wall", "street", "ninety", "two walls", "bend", "sides", "rooms", "round", "ninety degrees", "degrees", "box", "in room", "square edge", "squares", "two sides", "room edge", "streets", "walls meeting", "junctio", "triangle", "box angle", "together", "road", "turn at", "roads", "street tur", "wall intersectio", "neighborhood shop", "neighborhood", "shop", "variety", "sharpness", "view", "two streets", "stoplight", "ninety angle", "stand i", "stand", "between walls", "betwee", "escape", "side", "her", "edge meeting", "in square", "road junctio", "timeout", "sides meeting", "part", "part room"], ["drive", "vehicle", "motor", "automobile", "wheels", "auto", "seat", "oil", "road", "ride", "driving", "transportatio", "four", "accord", " artifactpassenger boat", "brake artifact", " artifactdriver perso", "tur", "engine", "brake", "four wheels", "wheel", "gas", "wax", "va", "hybrid", "truck", "exhaust", "motor vehicle", "bus", "transport", "compact", "limousine", "wash", "jeep", "toy", "bull mobile", "honk", "wheel well", "dome light", "fog light", "alist", "hotting", "crashmate", "i don't drive", "cut and shut", "hillclimb", "driverside", "beep", "coup\u00e9", "ride bitch", "bitch seat", "rocket car", "trailer hitch", "hitch rack", "ice racing", "people carrier", "cons cell", "automatic", "wikten 1subway", "carbagewikten 3", "raggare", "company car", "flatbed", "body shop", "townsend deprivation index", "bubble car", "fuel economy", "caddr", "grassplot", "motor factor", "mercedes benz", "grain elevator", "battery booster", "c pillar", "valet", "opera window", "gearbox", "glove box", "carless", "nanocar", "d pillar", "carlike", "road iron", "trunk or treat", "aircar", "keycode", "trabby", "muley axle", "slidometer", "platform car", "q car", "avis", "stock car", "undertray", "carcoon", "carcoat", "frunk", "emissions test", "carwasher", "cover", "running board", "minicar", "mot", "waltzer", "wrecking car", "bucket of bolts", "run back", "carplane", "bear bait", "she", "crackerbox", "driving school", "mini", "jam jar", "climate control", "goods van", "windshield time", "head on collision", "robotaxi", "park", "lad mag", "ford", "redbird", "redline", "angle parking", "car lot", "pump car", "tipple", "multiple unit"], [], ["actio", "motio", "dance", "relocate", "change", "transport", "walk", "houses", "changing", "house", "go", "purpose", "locatio", "drive", "shake", "tur", "home", "walking", "advance", "changing houses", "going", "pass", "swim", "gimbal", "movement", "firkwikten 1", "vassembly", "clamper", "whirr", "free roam", "clench", "remove", "moves", "draw away", "vplace", "vagile", "paralyze", "reverse mortgage", "reidemeister move", "countermove", "motivity", "vpositio", "edge up", "drawl", "waltz", "promission", "locomotion", "phonotaxis", "sway", "j adoube", "motif", "sideways", "ride", "budge up", "stubborn", "vresidence", "autokinesis", "opening", "death valley driver", "take", "translate", "pass through", "run", "ball change", "vfeeling", "knight's tour", "vdraw", "gather way", "nematohydrodynamic", "unblockable", "barrel", "hidden", "vcarry", "oscillating", "toke", "schlomp", "vcompassio", "vact", "mashed potato", "mobility", "self activity", "motile", "touch move rule"], ["tur", "upcurve", "witchwikten 1", "headgroup", "tractrix", "isocurve", "ogive", "centroiding", "curves", "taj", "semiparabola", "peak bagging", "sweepy", "continuum", "asymptote", "circle", "inflect", "circumflex", "auxodrome", "space filling curve", "curl", "archivolt", "inbend", "bight", "whaleback", "upcurved", "curved", "catacrotic", "deflex", "stationary point", "quadrisecant", "adunc", "bowleg", "embowed", "conformal", "sigmoidal", "bend", "point of tangency", "curb", "strophoid", "makhaira", "hypercycle", "trochoid", "vbend", "bicorn", "quadrisector", "upsweep", "triskele", "flexuosity", "curvy", "squircle", "monocrotism", "undulating", "critical point", "frey curve", "catacaustic", "koch snowflake", "extrados", "secant", "tendril perversion", "fary milnor theorem", "brachistochrone", "hooked", "hook", "ineunt", "solid", "recurve bow", "staircase", "flexicurve", "menger sponge", "grade on curve", "eigencurve", "curvelessness", "tangent", "sextic", "around", "directrix", "multilobe", "graph", "data smoothing", "osculation", "bean curve", "line", "generatrix", "oversteer", "zariski riemann space", "supershape", "isocost", "complex", "leg", "bissell truck", "generate", "anguinea", "curvelet", "negative ice", "corner", "rubber hose", "curvimeter", "semistable", "branch", "chicane", "hodograph", "anorthopia", "incurved", "tarve", "counterembowed", "aronhold set", "kinetoscope", "equitangential", "subcurve", "rib", "didonia", "pad saw", "lemniscate of bernoulli", "camber beam", "superformula", "bisector", "tricrotism", "branch cut", "rectification", "hubbert curve", "neusis", "superdisk", "gouge", "catenary", "departure", "bitangent", "quartic", "coresidual", "polar", "sagitta", "moir\u00e9 pattern", "intercept", "applicate", "understeer", "recurvate", "horocycle", "spline", "pseudoline", "antipoint", "sinusoid", "predicrotic", "trisector", "bathtub curve", "pedal curve", "periplegmatic", "space", "hypercusp", "elliptic curve", "line integral", "group", "crinkle crankle", "english wheel", "horopter", "long profile", "double point", "superconic", "sierpinski curve", "parametric equation", "anacrotism", "ski jump nose", "continuous map", "inflector", "dimensional", "linestring", "skewed", "deficiency", "ensellure", "hyperbolism", "homomallous", "train track", "sinuate", "straight", "heegner point", "bisecant", "enarched", "semilandmark", "turning number", "point of interest", "curveless", "myogram", "toroid", "binormal", "recurve", "subtangent", "arc", "staystitch", "winding number", "algebraic curve", "curvature", "vertex", "vgrade on curve", "vnormal distributio", "uniruled", "superellipse", "relatio", "meander", "blind curve", "edwards curve", "conchometry", "polynomial", "conformal mapping", "weedless", "contour", "sit up and beg", "slinky", "intrados", "gonality", "multicurve", "involute", "lissajous figure", "evolute", "truncus", "ogee", "clothoid", "amplitude", "fall home", "trident", "hyperflex", "isoentrope", "inverse", "surface of revolution", "undercurve", "crunode", "cruckwikten 1", "flexure", "cutwater", "j curve", "sinuous", "derivative", "ellipse", "halbert", "jigsaw", "spheroconic", "polar equation", "dirac string", "hyperellipse", "glaive", "belyi's theorem", "lissoneoid", "conchoid", "vreject", "point of inflection", "declivity", "angle", "probability paper", "vturn do ", "louis heel", "normalize", "poid", "banana seat", "glissette", "non zero", "loxodromism", "paracentric", "vcrook", "blobject", "biscribed", "paregmenon", "cusp", "curvation", "adjoint", "boatneck", "quadratrix", "tacnode", "excurved", "curvaceous", "evolvent", "dixel", "vbell curve", "de rham curve", "ramer douglas peucker algorithm", "conchospiral", "musk ox", "bitangential", "jordan curve", "chordee", "bell curve", "curving", "acnode", "outcurve", "osculatrix", "knotoid", "isoptic", "node", "gaussoid", "latus rectum", "tailgroup", "folium", "isotrivial", "integraph", "reduplicate", "airy beam", "bell", "wave", "smile", "twist", "shapely", "rounded", "roadway", "rounded roadway", "circles", "round"], ["tur", "bendel", "tehama county", "hook", "missouri", "bendy", "twist", "vtie", "inbend", "vfast", "clinodactyly", "inflexible", "leather", "county seat", "declivity", "honourable", "plank", "bendwiser", "water knot", "second moment of inertia", "dogleg", "adcauline", "glissando", "california", "unbend", "enarched", "windac", "ordinary", "bendeth", "second moment of area", "multiarticulate", "butterfly bend", "sinister base", "upbend", "moulinet", "cranked", "deschutes county", "contortionism", "bend over", "simple simon under", "serpentize", "curve", "devexity", "cottise", "reflex", "bent", "joi", "recline", "inclination", "bendless", "bowing", "intorsion", "curvity", "droop", "clinch", "third", "uncharged", "butt", "vanchor", "genu", "albright knot", "clove hitch", "curb", "urd\u00e9", "genuflect", "vshackle", "spring", "antroverted", "inflexibility", "cow hitch", "charged", "vcurve", "cdp", "vcleat", "elbowed", "vchai", "introflexed", "bending", "sinuate", "vswing", "usa", "conditio", "bend do v", "spurwinged", "sole", "blues scale", "curvilineal", "twistilyr", "ashley's bend", "vstoop", "unyielding", "tarve", "double up", "apheliotropism", "circumflect", "maries county", "keel", "pitch", "marble run", "san saba county", "wingle", "bended", "rebend", "vbow", "bends", "urd\u00e9e", "line", "clay", "sneck bend", "circumflexion", "flex", "ribbon", "meade county", "proneness", "shroud knot", "french fake", "simple simon over", "recurvation", "prebent", "inflexure", "reflect", "offset", "leg curl", "pretzel", "dupuytren's contracture", "knot", "conduit bender", "diagonal", "curvation", "canada", "lithy", "falcation", "bendlet", "wraparound", "vagwikten 3", "tantalus cup", "malanders", "lampasas county", "vchemical", "cutbank", "moment of inertia", "glide", "turn away", "vforce", "vbody"], ["tur", "vplot", "spot", "jockey", "maneuverest", "manoever", "aquabatics", "vmanipulate", "adroit", "rudy", "jigamaree", "layback", "self arrest", "aerobatic", "hedgehog", "dix hallpike test", "artifice", "chivy", "shiphandler", "tugboat", "exercise", "line of battle", "elbow room", "berth", "area of influence", "leg breaker", "gunch", "chin roll", "split", "maneuvers", "crack whip", "vmove", "outflank", "head roll", "come about", "tarmac", "mantel", "vmanage", "vscheme", "maneuvereth", "tactic", "shiphandling", "maneuvering", "snow plow", "movement", "cunning", "vintrigue", "maneuvered", "flying brick", "semiballistic", "wingover", "pull out", "smear", "chandelle", "checkwikten 1", "full court press", "barrel roll", "crash dive", "power play", "manoletina", "extended order drill", "stratagem", "airflare", "parthian shot", "maneuverer", "d\u00e9marche", "mantelshelf", "brace by", "tailslide", "vguide", "touch and go landing", "pinfall", "attack", "chop", "stitch", "hold", "advance", "roll"], ["tur", "wildcat", "revolved", "center", "revolving", "transit", "tympanum", "hour hand", "peristrephic", "rotate", "revolver", "enorthotrope", "reel", "revolvency", "sinistral", "whirl", "circumduct", "revolveth", "circumrotate", "productio", "circumvolutionary", "vorbit", "vrecur", "brush wheel", "vrevolutio", "revolutionary", "revolvest", "theatrical", "turn round", "radiant", "ferris wheel", "barbette", "vponder", "tractricoid", "rotatio", "vertiginous", "technamation", "pernot furnace", "spin", "revolvable", "revolves", "doner kebab", "revolution", "volvation", "scenery", "vreflect", "irrevoluble", "revolvinglyr", "vaxis", "whirling table", "vrevolver", "spin round", "vconsider", "unrevolving", "gyratory", "minute hand", "circumvolve", "gyrate", "twilly", "acg", "revolvement", "imageboard"], [], ["joi", "into", "grow", "turn into", "tur", "be", "modify", "small", "scarcen", "lichenify", "go nuts", "happy", "get cold feet", "turn to", "come true", "coralize", "sweep up", "becoming", "becomed", "dumb do v", "bemoistened", "get used", "enolize", "hear of", "chill", "cool one's jets", "have kittens", "becomer", "wig out", "pandeism", "man do v", "toughen", "go pottywikten 2", "became", "get past oneself", "specialize", "embiggen", "fruiten", "transitional deacon", "grow on", "rise from dead"], [], [], ["vwind", "curl", "vcoil", "twist", "vtur", "vtwirl"], ["vtur", "vaircraft", "vsideways", "vflight", "manoeuvre", "sideways", "tur", "vmanoeuvre", "aircraft", "flight"], ["downward", "eye", "tur"], [], ["vtur", "vbit", "vcable", "vrope"], ["agearing", "explicit", "meaning", "atur", "overdrift", "afloor", "underlying", "amillstone", "abeneath"], ["tur", "jug", "jughandles", "ramp", "right hand", "left", "slip road", "handle"], ["vreverse", "vancestral", "uninform", "unreverted", "religio", "vcontrary", "database", "vcome back", "convert", "vvariable", "recidivistic", "deconvert", "vseries", "reverter", "downgrade", "vtur", "fee simple determinable", "feroxyhyte", "transactio", "unchange", "vturn back", "reversion", "unwrite", "vcause", "revertable", "vretur", "islam", "revert war", "repository", "throw back", "reverted", "revertible", "reverts", "rebarbarization", "vpower", "revertee", "reverting", "escheat", "vreflect", "source control", "life estate", "nonreversion", "vreverberate", "regressive", "vthrow back", "revertive", "vreply", "reversio", "barbarisation", "life estate pur autre vie"], [], ["vpervert", "vtur", "wrong", "tur", "vgo"], ["vtur", "wricks", "vstrai", "wricking", "neck", "muscular", "vwrench", "spasm", "vtwist", "back", "wricked", "wrickest", "wricketh"], ["agemini", "aoblique", "tortuousness", "tortuouslyr", "azodiac", "atur", "acapricor", "atwisted", "meander", "labyrinth seal", "aconvoluted", "twistical"], ["a psychologyunsociable ", "aintrovert", "ainward", "atur", "aintroverted", "introversiveness", "introversivelyr"], ["ratchet", "loom", "yar", "hook", "pounce", "hunt", "point", "clasp", "mouse", "fastening", "tur", "spu", "shank", "movement", "lashing", "parcelling", "metallic", "vmouse", "sister hook"], ["backward", "tur", "horse", "pass", "forward", "thrust", "course"], ["counterfeiting", "artificial a ", "a insincere ", "a artificial ", "unreal a ", "counterfeiter", "a false ", "false a ", "a unreal ", "insincere a ", "coiner", "funny money", "ring changes", "afalse", "vtur", "shove queer", "counterfeitlyr", "uncounterfeited", "intend", "shlenter", "bogus", "crockard", "feigned", "feign", "forgery", "shroff", "counterfeitness", "planchette", "green goods", "palm off", "pollard", "utterwikten 2", "queer", "genuine", "superdollar", "vriver", "ahypocritical", "anticounterfeiting", "play money", "agenuine", "crimen falsi", "factitious", "rosary", "bastard", "paperhanger", "fake", "flatch", "falsify", "palming off", "snide", "id hologram", "spuria", "mitre", "anticounterfeit", "vinvalidate", "sham", "noncounterfeit", "bona fide", "bad penny", "paperhanging", "ainauthentic", "counterfeited", "counterfeits", "fraud"], [], [], [], ["tur", "autobus", "trill", "peloto"], ["atur", "unturnable", "turnability"], ["climb", "aerobatic", "tur", "maneuver"], [], [], ["tur", "contraversive", "opposite", "side", "antistrophe"], ["out of corner one's eye", "rdisapproval", "rsuspicio", "atur", "hairy eyeball", "askantr", "sidewaysr", "rskepticism", "robliquely", "rsideways", "aeye", "aside"], ["adjugate", "elastance", "describe", "premise", "antilipo", "tur", "table", "second", "nilprogression", "antilight", "negative", "inverse semigroup", "quasitopological", "spectrum", "conclusio", "propositio", "groupoid", "antistrophe", "all", "amorphism", "number", "equiregular", "circle of antisimilitude", "parametrix", "ainversive", "left inverse", "process", "invert", "anticanonical", "construct", "element", "biholomorphism", "conjugate", "output", "game", "area", "aleft inverse", "functio", "acircle inversio", "applied", "unranking", "perron's formula", "quasiregular", "curve", "diffeomorphism", "quotient", "point", "preserving", "bi lipschitz", "procedure", "circle inversio", "anticommutation", "contrapositive", "combine", "inverselyr", "unitary", "homeomorphism", "input", "vpoint", "antitransform", "diagonalize", "involutory", "something", "trapdoor", "additive inverse", "divide", "group", "initial", "result", "right inverse", "group object", "dealt", "term", "morphism", "binary", "cyclometric", "vbearing", "such", "initially", "identity element", "operatio", "xnor", "first", "obverse", "pseudoinverse", "covincular", "no", "quasiconcave", "set", "multiplicative inverse", "coup", "negate", "aright inverse", "negating", "ratio", "cubo cubic", "card", "yield", "upside do ", "midcircle", "ainversio", "outcome", "inside out", "semimodule", "consequent", "specifically", "orthogonal matrix", "biregular", "reserve", "reverse", "switch", "inverses", "quefrency", "different", "backward", "birational", "orthogonal", "both", "phillips curve", "rouge et noir", "one", "bet", "quasiconvex", "state", "color", "any", "truth", "singular", "inverse fourier transform", "tiprolisant", "vdistance", "give", "demodulation", "unit", "invertible", "wi", "antecedent", "inversio", "trapdoor function", "areverse", "particularly", "arc", "aopposite", "divisio", "reflectio"], ["versability", "atur"], ["rotatio", "tangle", "vleg", "flap", "vstocking", "vtur", "flypes", "vinside out", "fold", "vfoot", "transformatio", "knot"], [], [], ["squint like bag of nails", "antenna", "squintest", "sken", "vtur", "vdifferent", "squinting", "tropia", "phased array", "strabismus", "squints", "vlook", "quick", "lazy", "squinty", "squinteth", "vsunlight", "vdirectio", "strabotomy", "vsideways", "squinter", "gleyed", "screw up", "gledge", "vpartly", "aaskew", "squint eyed", "boss eyed", "swivel eyed", "transmissio", "vstrabismus", "veye", "look", "hagioscope", "swind", "cross eyed", "vglance", "gimlet eyed", "cockeye", "squintinglyr", "squinny", "squinted", "nonsquinter", "normal", "cast", "vbright", "eyes", "bright", "bright light", "light", "motio", "eye", "eye motio", "expressio", "closed", "almost closed", "almost", "narrowed eyes", "squeeze eyes", "narrowed", "squeeze", "peek"], ["vtur"], ["tur"], ["quylthulg", "god mode", "roguelikes", "environment", "gameplay", "role playing games", "teleportitis", "tur", "primitive", "random number god", "extinctionist", "wizard mode", "extinctionism", "rogue lite", "yasd", "polymorphitis", "randomised", "generatio", "rothe", "hack and slash", "tile", "band", "text", "computer", "permadeath"], ["tur", "zigging", "zag", "zigs", "zigged", "directio", "zigzag"], ["bustle", "figure", "contour", "tur"], [], ["conversatio", "tur", "segment", "input", "homogeneous", "partitio", "audio", "stream", "voice recognitio", "speaker", "identity"], ["alternative", "alternating", "alternatelyr", "antidirected", "figure", "alternity", "geometrid", "alternacy", "alternateth", "variant", "preces", "counter paly", "retractor", "sidetrack", "trihexagonal", "araeosystyle", "reciprocation", "alternateness", "mesomeric effect", "interlinear", "metagenesis", "alternativelyr", "alternates", "deuterozooid", "gas engine", "zigzag", "toggle", "vicissitude", "fourball", "valternatio", "doberge cake", "fartlek", "biautomaton", "tag team", "alternation", "duobinary", "benzene", "ambivalent", "antiphonal", "ar", "torose", "flemish bond", "interplant", "intercrop", "greater", "interline", "toothing", "vsuccessio", "meta", "candy striped", "astral projection", "alternated", "subopposite", "at", "every second", "means", "heteroclitic", "systaltic", "bilocal", "spellwikten 3", "smurf account", "checkwork", "alternifoliate", "vvertex", "diplobiont", "switch off", "alternant", "call and response", "litany", "greensome", "aalternative", "aother", "block chain", "interlayered", "square wave", "and fro", "yo mode", "vpolytope", "chalcedonyx", "alternatest", "vtessellatio", "tur", "sinuous", "seed stitch", "antiphony", "quadrature", "scalloped oyster", "substitute", "decussate", "garter stitch", "interchange", "rugate", "headmate", "tincture", "pap", "vtur", "heteracanth", "vvary", "proportio", "polyalternating", "alias", "proxy"], [], ["adrug", "aenergetic", "vtur", "ahappy", "aalcohol", "aexcite"], ["building", "house", "kings", "moat", "palace", "home", "fortress", "medieval", "kings home", "old", "stone", "king", "mansio", "royal", "cathedral", "luft", "vcheck", "vmust", "vfull", "vyorker", "constable", "vlength", "sally port", "castlet", "ch\u00e2teau", "tower", "qasr", "defence", "vprotect", "vvacant", "arrowslit", "battlemented", "vright", "castile", "peelhouse", "vtur", "vbatsma", "vspecial", "chatelain", "keep", "balgonie", "vsimilar", "siege warfare", "barbican", "vnearest", "keeper", "massymore", "castlingwikten 2", "vcastling", "vfar", "appendix:chess pieces", "gatehouse", "vside", "vrule", "becastled", "castellany", "bailey", "chemin de ronde", "caernarfon", "vseveral", "vrook", "rook", "vsame", "vkeep", "garderobe", "castling", "gwr", "castle guard", "vjapanese chess", "vbowl", "vend", "castles", "castled", "castlery", "vneither", "vstumps", "vhouse", "motte and bailey", "minstrels gallery", "vgo", "noblema", "donjon", "castlingwiktfr 1", "base court", "ravelin", "vnow", "castlelike", "ringwork", "vking", "vknock over", "bouncing castle", "castellations", "vhave", "vmove", "castleless", "swarf penny", "sandcastle", "ice palace", "fortified", "vseparate", "vmay", "burgrave", "castellology", "vsuch that", "vleft", "drawing room", "castlebuilding", "castellation", "vdefensive", "vhas", "forebuilding", "castellan", "dungeon", "chess", "starosty", "vcreate", "vcannot", "vpiece", "bartisan", "balmoral", "vsquare", "vpositio", "curtain wall", "vway", "gormenghastian", "boyer", "vball", "turret", "dwelling", "big", "kings house", "turrets", "knights", "towers", "medieval building", "stone building", "has", "has moat", "residence", "large", "fort", "king house", "rui", "mote", "princesses", "princess", "structure", "queens", "old building", "siege", "spai", "ancient", "royal home", "moats", "walls", "sand", "medieval structure", "old mansio", "queens house", "royalty", "rock", "rock building", "grand", "england", "historic mansio", "historic", "royal palace", "drawbridge", "moat drawbridge", "knight house", "knight", "kings residence", "live", "stronghold", "dungeons", "knights home", "giant", "large building", "giant house", "king home"], ["eversion", "versus", "everts", "eversive", "starfish", "vtur", "eversible", "evaginate", "vpocket", "hemipenis", "everting", "veversio", "vinside out", "vemptied"], [], [], [], []], "/r/UsedFor": [[], [], [], [], ["writing", "holding printed informatio", "presenting information in newspaper", "indexing contents of book", "print words o", "reading", "write o", "presenting information in book", "holding informatio"], ["foot"], ["makeup artifact change", "makeup artifact phenomeno"], [], [], [], [], [], [], [], ["turnpike", "lane", "state highway", "parkway", "moving car", "control of vehicle", "toll road", "expressway", "interstate highway", "getting to destinatio", "travelling to places", "motorway", "going in car", "getting to work", "street", "thruway", "superhighway", "parking lot", "who have license", "kings highway", "who licensed", "highway", "who can see", "getting places far away", "freeway", "getting where you're going", "national interstate highway", "getting somewhere", "getting from here to there", "who know how to drive", "reaching destinatio", "people who have permissio", "traveling long distances", "forklift", "long distance golf shots", "getiing around to ", "getting around", "controlling vehicle", "getting to someplace"], [], ["fu", "driveway", " artifacttransport motio", " artifactdrive motio", "getting to work", "get home", "having fu", "pull wago", "getting to places", "getting around", "wheel", "getting to school", "skylight"], [], ["muscle", "mouse artifact motio", "moving walkway"], [], [], [], [], [], [], [], [], [], [], [], [], [], [], [], [], [], [], [], [], [], [], [], [], [], [], [], [], [], [], [], [], [], [], [], [], [], [], [], [], [], [], [], [], [], [], [], [], [], [], ["enhancing prestige", "housing prince", "exploring", "important building in historical times", "housing king", "guarding against people", "king's home", "shelter during battle", "fairy tale place", "housing princess", "kings", "touring", "protected dwelling", "fu", "capturing pa ", "housing quee"], [], [], [], [], []], "/r/LocatedAt": [[], [], [], [], [], [], [], [], [], [], [], [], [], [], [], [], [], [], [], [], [], [], [], [], [], [], [], [], [], [], [], [], [], [], [], [], [], [], [], [], [], [], [], [], [], [], [], [], [], [], [], [], [], [], [], [], [], [], [], [], [], [], [], [], [], [], [], [], [], [], [], [], [], [], []], "/r/FormOf": [[], ["lefter", "lefts", "leave", "leftest"], ["twisted", "twists", "twisting", "twisteth", "twistest"], ["righteth", "rights"], ["pages", "paging", "paged"], ["movements"], [], ["rotated", "rotates", "rotating"], ["ywent", "goest", "yode", "gone", "ygone"], [], [], [], [], [], ["drive", "vdrive", "drivings"], ["corners", "cornering", "cornered"], [], [], ["moving", "moves"], ["curves", "curving", "curved"], ["bends", "bentest", "bent", "bendeth", "bending", "bended"], ["manouver", "manoeuver", "maneuvers", "manoeuvre", "man\u0153uvre", "maneuvre", "maneuvering", "maneuvered"], ["revolves", "revolveth", "revolved", "revolvest", "revolving"], [], ["becometh", "became", "becoming"], [], [], ["querling", "querled", "querls"], ["side slip", "sideslipped", "sideslips", "sideslipping"], ["infraductions"], [], ["unbits", "vunbite", "unbitting"], ["underdrifts"], ["jughandles"], ["reverts", "reverting", "reverted", "reverteth"], [], ["misturns"], ["wricked", "wricks", "wricking"], [], [], ["mousings", "vmouse"], ["passades", "passado"], ["counterfeits", "counterfeited", "counterfeitest", "counterfeiteth", "counterfeiting"], [], [], [], ["groupetto", "gruppetti", "gruppettos"], [], ["chandelles", "chandelling", "chandelled"], [], [], ["contraversions"], ["askancing", "askanced", "askances"], ["inversed", "inverses", "inversing"], [], ["flyped", "flypes", "flipe", "flyping"], [], [], ["squintest", "squints", "squinted", "squinting", "squinteth"], [], [], ["roguelikes"], ["zigs", "zigged", "zigging"], ["tournures"], [], ["diarisation"], ["alternated", "alternating", "alternates"], [], [], ["castles", "castled"], ["everted", "everting", "everts"], [], [], [], []], "/r/IsA": [[], [" groupfaction group", " bodyhand body", " actturn act", "stage left location locatio", " locatioposition locatio", "wpgermanypolitical party"], [" actsocial dancing act", " eventmovement event", " actrotation act", "twiddle act"], [" attributeabstraction cognitio", "preemption attribute", "water right attribute", "stage right location locatio", "right of action attribute", " bodyhand body", "entree attribute", "representation attribute", "voting right attribute", " groupfaction group", "grant attribute", "due attribute", "cabotage attribute", "right of search attribute", "prerogative attribute", "floor attribute", " actturn act", "hard right group", "access attribute", " locatioposition locatio", "religious right group", "states rights attribute", " attributejustice attribute", "right of way attribute", " possessiointerest law", "human right law attribute", "privilege law attribute", "claim attribute", "advowson law attribute", "legal right attribute", "civil rightopencycentitlement", "opencycrights abstractabstract thing", "opencycsituation type by user rightsfirst order collection", "privilegeopencycentitlement"], ["sports page communication communicatio", " communicatioleaf communicatio", "half title communication communicatio", "recto communication communicatio", "verso communication communicatio", "foldout communication communicatio", "half page communication communicatio", "full page communication communicatio", "title page communication communicatio", " persomessenger boy perso", "spread communication communicatio", " persoattendant perso", "home page", "opencyccomputer display frame pagecomputer screen region", "clippingopencycpage of paper ibo", "small section of book", "title page", "opencycpage of paper ibosheet", "web page", "blue pageopencycpage of paper ibo"], ["jitter event", "religious movement group", "seek computer science event", "wave physics event", "transplant act", "wobble event", "approach event", "reform movement group", "bending event", "change of location event", "troop movement military act", "transportation act", " actchange act", "displacement act", "political movement group", "whirl event", "zionism group", " groupsocial group", "boy scouts group", "cultural movement group", "insertion act", "falun gong group", "brownian movement phenomenon event", "oecumenism group", "heave geology event", "intermezzo communication communicatio", "civil rights movement group", "lowering act", "artistic movement group", "free french world war ii group", "crustal movement geology event", "recoil event", "deflection event", "scherzo communication communicatio", "turning event", "wave event", " eventhappening event", " artifactaction artifact", "undulation event", "twist event", "common front group", "squeeze event", "periodic motion event", " communicatiomusical composition communicatio", "throw event", "passing event", "periodic movementopencycmovement event", "animation in it's purest form", "military maneuveropencycmovement event", "rotatingopencycmovement event", "shooting using missile launcheropencycmovement event", "moving involuntarilyopencycmovement event", "movement processopencycmovement process", "locomotion processopencycmovement event", "crashingopencycmoving while crashingopencycmovement event", "impellingopencycmovement event", "droppingopencycmovement event", "missile launchopencycmovement event", "wavingopencycmovement event", "cuttingopencycstriking with ones fistopencycmovement event", "water intake in plantsopencycmovement process", "anaphaseopencycmovement event", "opencycmovement processopencycmovement event", "flow", "sorptionopencycmovement process", "phagocytosisopencycmovement event", "translocatingopencyctranslocationopencycmovement event", "panning cameraopencycmovement event", "transmittingopencycmovement event", "fallingopencycmovement event", "carryingopencyccarrying while locomotingopencycmovement event", "shufflingopencycmovement event", "rhythmic movementopencycmovement event", "tactical movementopencycmovement process", "walking"], ["diversification act", " phenomenoconsequence phenomeno", "transformation event", "decimalization act", " eventhappening event", "change of integrity act", "gradient linkdef", "conversion event", "entail act", "about face act", "difference linkdef", "transmutation physics event", "loss of consciousness event", "sublimation psychology event", "downshift act", "surprise event", "birth event", "promotion act", "secularization act", "rollover act", "break event", "nationalization act", "movement act", "development event", "mutation genetics event", "metrification act", "conversion act", "updating act", " possessiocash possessio", "switch act", "deceleration attribute event", "move act", "change of state act", "communization act", "demotion act", "avulsion event", "filtration act", "acceleration attribute event", "change of magnitude act", "destabilization aircraft event", "flux act", "depolarization phenomenon phenomeno", "variation event", "change of direction act", "mutation event", "substitution act", "reduction act", "change of shape act"], ["spin"], [" actboard game act", " timeshift time"], [], [], [], [], [], ["motoring act", " actsteering act", " acttravel act", "bicyclingopencyctransport involving driver", "opencyctransport involving driverintelligent agent activity", "motoringopencyctransport involving driver", "opencycrelentlessly coercing agentdragooningopencyccoercing agent", "parking road vehicleopencyctransport involving driver", "commute driveopencyctransport involving driver", "opencyctransport involving drivertransportation of people", "opencyctransport involving driverpartially mental event", "commercial transportationopencyctransport involving driver", "way to travel medium distances", "parkingopencyctransport involving driver", "drunk drivingopencyctransport involving driver", "faster than biking", "actio"], [" architecturestructure artifact", "chimney corner artifact", " artifactintersection artifact", " artifactarea artifact", " locatiopoint locatio", "blind corner artifact", "amen corner artifact", " locatioarea locatio", " objectpart object", " statemonopoly economics", "canthus body locatio", " statepredicament state", "two dimensional corneropencyccorner on object", "three dimensional corneropencyccorner on object", "opencyccorner on objecttangible thing", "opencycfootball cornerbackfootball defensive back"], ["volvo", "oldsmobile", "honda", "motor vehicle", "vehicle", "volkswage", "bmw", "loaner artifact", "handcar artifact", "mail car artifact", "minivan artifact", "coupe artifact", "passenger car artifact", "hot rod artifact", "beach wagon artifact", "bus artifact", "van artifact", "sport utility artifact", "sports car artifact", "gas guzzler artifact", "subcompact artifact", "freight car artifact", "cruiser artifact", "slip coach artifact", "tender artifact", "hatchback artifact", "another word for automobile", "ambulance artifact", " artifactcompartment artifact", "sedan artifact", "limousine artifact", "guard's van artifact", "stock car artifact", "electric artifact", "secondhand car artifact", "roadster artifact", "racer artifact", "cabin car artifact", " artifactwheeled vehicle artifact", "hot rod", "baggage car artifact", "machine", "pace car auto racing artifact", "compact artifact", "club car artifact", "another name for automobile", "minicar artifact", "touring car artifact", "hardtop artifact", "convertible artifact", "horseless carriage artifact", "cab artifact", " artifactmotor vehicle artifact", "jeep artifact", "seda", "yugoslavian car", "vehicle for personal transportatio", "rolling stock", "mitsubishi lancer evolution", "cadillac ct", "sports car", "heavier than horse", "taxi", "packard", "english car", "luxury automobile", "fiat", "hillman automobile", "jensen healey", "toyota automobile", "police car", "citroen", "compact car", "swedish car", "kia car", "rc car", "opel", "faster than bicycle", "subcompact car", "rental car", "austin car", "nissan gt r", "four wheel drive", "dodge dart", "gm automobile", "daihatsu", "sport utility vehicle", "american car", "find outside", "wheeled vehicle", "lada", "saturn", "electric car", "object with high cost", "people mover", "peugeot", "off road car", "popular word", "audi", "restaurant car", "lancia", "amc gremlin", "amc concord", "mini cooper", "classic auto", "rear window", "simca", "dragster"], [], ["chess move act game", "demarche act", " gameturn game", "flit act", " actdecision act", "overspill group act", "maneuver act", " actchange act"], ["perversion shape", "scallop shape", "regression line statistics communicatio", "arch shape", "cupid's bow shape", "spiral shape", "meander object shape", "envelope shape", "intrados shape", "catenary shape", "s shape", "extrados shape", "bow shape", "quadric shape", "helix shape", "spiral", "wave shape", "roulette shape", "hook shape", "closed curve shape", "bell shape", "lemniscate geometry shape", "sinuosity shape", "crescent shape", "arc shape", " shapeline shape", " actpitch baseball", " communicatioline shape", "normal curve statistics shape", "gooseneck shape", "bend shape", "catenary", "wpmagazinemagazine"], [" shapecurve shape", "bight shape", "elbow artifact river", " riversection artifact", " artifactordinary heraldry", "blind curve artifact river", "hairpin bend artifact river", "one type of bow", "natural thing"], ["stroke sport act", " militaryoperation military", "ball hawking act", "mousetrap american football act", "straight arm american football act", "jugglery act", "flight maneuver act", "assist ice hockey act", "footwork act", " actmotion act", " actevasion act", "baseball play act", "figure act", " actmove act", "icing ice hockey act", "measure act", "obstruction act", "device act", "feint act", "ploy act", "takeaway act", "safety blitz american football act", "clinch boxing act", "completion american football act", "parking act", "ruse act"], ["spin"], [], [], [], [], [], [], [], [], [], [], [], [], [], [], [], [], [], [], ["wpriverriver"], [" artifactimitation artifact"], [], [], [], [], [], [" actflight maneuver act"], [], [], [], [], [" linkdefopposition linkdef", "additive inverse mathematics linkdef", "multiplicative inverse mathematics linkdef", "left inverse"], [], [], [], [], [" actlook act"], [], [], [], [], [], [], [], [], [], [], ["large richly decorated building", " actchess move act", " artifactfortification artifact", " chesschessman artifact", "large building", "keep", "shelter intended for humans", "fancy", "home", "where king stays", "for many people home", "piece", "dwelling", "very large house", "wpnovelbook"], [], [], [], [], []], "/r/PartOf": [[], [], [], [], ["book", "dog ear communication communicatio", "margin communication communicatio", "pagination communication communicatio", "manuscript", "paragraph"], [" artifactwatch artifact", " artifactclock artifact", " communicatiosonata communicatio"], [], [], [], [], [], [], [], [], [], [" artifactbuilding artifact", " architecturebuilding artifact"], ["tire", "bumper", "engine", "hor", "wheels", "car seat artifact", "hood artifact", "running board artifact", "floorboard artifact", "boot artifact", "high gear artifact", "car door artifact", "roof artifact", "carburator", "grille artifact", "glove compartment artifact", "stabilizer bar artifact", "car mirror artifact", " artifactelevator artifact", "radiator", "automobile horn artifact", "first gear artifact", "tail fin artifact", " artifactairship artifact", "bumper artifact", "reverse artifact", "accelerator artifact", "car window artifact", "car hor", "clutch", "sunroof artifact", "fender artifact", "window artifact", "auto accessory artifact", "wheel", "gasoline engine artifact", "buffer artifact", "third gear artifact", "suspension artifact", "automobile engine artifact", "rear window artifact", "air bag artifact", "fuel tankwiktfr 1", "windshield wiperwiktfr 1", "trunkwiktfr 1", "starter"], [], [], [" communicatiograph communicatio"], [" riverroad artifact", " locatiooregon locatio"], [" militarymilitary training military", " actathletic game act"], [], [], [], [], [], [], [], [], [], [], [], [], [], [], [], [], [], [], [], [], [], [], [], [], [], [], [], [], [], [], [], [], [], [], [], [], [], [], [], [], [], [], [], [], [], [], [], ["keep artifact", "turret artifact"], [], [], [], [], []], "/r/HasA": [[], [], [], [], ["text", "print"], [], [], [], [], [], [], [], [], [], [], [], ["seats", "seat", "windows", "headlights to increase visibility", "engine", "at least one engine", "filter", "more wheels than engines", "good to", "four wheels", "many people in texas", "many systems"], [], [], [], [], [], [], [], [], [], [], [], [], [], [], [], [], [], [], [], [], [], [], [], [], [], [], [], [], [], [], [], [], [], [], [], [], [], [], [], [], [], [], [], [], [], [], [], [], [], [], [], [], [], [], [], [], [], []], "/r/CapableOf": [[], [], [], ["right wrong"], ["secretary"], [], ["humans"], ["earth"], [], [], [], [], [], [], [], ["bully"], ["go fast", "crash", "roll over", "slow do ", "cost lot of money", "enter garage", "pass another car", "roll downhill", "need petrol", "pass other car", "come up drive", "cost money", "rush through traffic", "pass bus", "move quickly", "head north", "move perso", "heading north", "turn around", "start running", "kill perso", "get flat tire", "carry few persons", "back up", "travel down road", "kill cat", "slow near schools", "pull car", "travel over bridge", "last several years", "seat riders", "corner", "start if it's working", "hit wall", "fail to start", "set off", "tail another car", "move on road", "seat people", "bottom out", "drive over cat", "drive up street", "kill people", "serve to transport"], [], ["living things"], [], ["humans", "fingers"], [], ["earth"], [], [], [], [], [], [], [], [], [], [], [], [], [], [], [], [], [], [], [], [], [], [], [], [], [], [], [], [], [], [], [], [], [], [], [], [], [], [], [], [], [], [], [], [], [], [], [], [], [], [], [], []], "/r/AtLocation": [[], [], [], [], ["newspaper", "title"], [], ["jar", "pocket"], [], [], [], [], [], [], [], [], ["dust", "right angle", "spider web", "dunce", "corner shop", "corner cabinet", "shelf", "chess rook", "naughty child", "cabinet", "lamp", "walls", "table", "little jack horner", "stool", "ficus", "child with time out", "bad boy", "intersection of two walls", "floor boards", "intersection of three planes", "trash receptacle", "dennis menace", "news vendor", "chair", "bored child", "spider webs", "bad child", "cobb webs", "dust bunnies", "toys", "street corner", "wall", "dirt", "trash ca", "punished child", "sign post"], ["city", "parking lot", "repair shop", "road", "freeway", "stereo", "race track", "car show", "garage", "trunk", "passengers", "umbrella", "car dealership", "mirror", "brake artifact", "seatbelt", "riders", "petrol", "hor", "car seat belts", "battery artifact", "neighbor's house", "car key", "radiator", "baggage trunk", "show", "driveway", "car park", "clock", "door", "childre", "firebomb", "bee", "hairbrush", "land", "cat", "flat", "highway", "metal", "cooling device", "petrol tank", "vinyl", "leather interior", "fuel", "dashboard"], [], [], [], [], [], [], [], [], [], [], [], [], [], [], [], [], [], [], [], [], [], [], [], [], [], [], [], [], [], [], [], [], [], [], [], [], [], [], [], [], [], [], [], [], [], [], [], [], [], [], [], [], ["europe", "knight", "germany", "quee", "king", "prince", "england", "fairy tale", "edinburgh", "tower", "rook", "passageway", "salo", "cellar", "doorway", "tapestry", "jolly ol england", "front courtyard"], [], [], [], [], []], "/r/HasProperty": [[], [], [], [], ["similar to squire"], [], [], [], [], [], [], [], [], [], ["dangerous", "deadly", "fu", "stressful", "harder when weather bad"], [], ["red", "heavy", "turning into driveway", "opaque", "expensive", "new", "one kind of vehicle", "slow", "big and blue"], [], [], ["smooth"], [], [], [], [], [], [], [], [], [], [], [], [], [], [], [], [], [], [], ["winding road"], [], [], [], [], [], [], [], [], [], [], [], [], [], [], [], [], [], [], [], [], [], [], [], [], [], [], [], [], [], [], ["cold and damp"], [], [], [], [], []], "/r/CreatedBy": [[], [], [], [], [], [], [], [], [], [], [], [], [], [], [], [], [], [], [], [], [], [], [], [], [], [], [], [], [], [], [], [], [], [], [], [], [], [], [], [], [], [], [], [], [], [], [], [], [], [], [], [], [], [], [], [], [], [], [], [], [], [], [], [], [], [], [], [], [], [], [], [], [], [], []], "/r/Synonym": [[], [" artifactleft field artifact", "a unexpended ", "a left hand ", "left wing group", "left hand body", "remaining", "larboard", "rleftward", "wpgermanywpgermany"], [" communicatioconstruction communicatio", "distort contact", "v motiowrithe motio", "v stativewind stative", "convolute communication communicatio", "twist around communication communicatio", " shapekink shape", "turn act", " eventturn event", "sophisticate communication communicatio", "wrench body", "rick body", " statewrench state", " shapebend shape", " actspin act", "turn body", " bodybraid body", "sprain body", "pervert communication communicatio", "v contactwrench contact", " actdevice act", "wrench event", "twine contact", " eventeddy event", "v contactflex contact", " actwind act", "wrick body", "contort", "coup de th\u00e9\u00e2tre"], ["r justlyr ", "redress social", "v changecorrect change", "ripe a ", "compensate social", "r mightilyr ", "one a ", " artifactright field artifact", "good a ", "r right or ", "r correctlyr ", "a proper ", "r altogetherr ", "right wing group", "correct a ", "a correct ", "flopr r ", "a veracious ", "correct social", "rightfulness attribute", "right hand body", "r decentlyr ", "a right hand ", "awikten 1dexter", "justwikten 1", "just"], [" persosir frederick handley page perso", "v communicatiofoliate communicatio", " persothomas nelson page perso", "varlet person perso", "pageboy person perso", "wikten 1account", "wikten 2page boy", "wikten 2boy", "sheet", "wpservantwpservant", "wpcomputer memorywpcomputer memory"], ["social movement group", " actmotion act", " processbowel movement process", " actcampaign act", " phenomenoapparent motion phenomeno", "motion event", "front group", " cognitiodrift cognitio", "incursion", "motion"], ["convert change", "v motiotransfer motio", "alteration event", " attributevariety attribute", "v possessioexchange possessio", "exchange change", "alter change", "modification event"], ["v motiorevolve motio", "circumvolve motion motio", "v motioturn out motio", "swivel"], ["v contactrifle contact", "v consumptiorun low consumptio", "v contactfunction contact", "v stativeblend stative", "v cognitioplump cognitio", "v changedie change", "v competitiomove competitio", "v motiotravel motio", "v changebecome change", "v stativerun stative", "v stativesurvive stative", " actcrack act", "tour time", "v stativefit stative", "v changeproceed change", "v changemove change", "go game act", "turn time", "go away motion motio", "proceed social", " artifactadam artifact", "v stativebelong stative", "depart motion motio", "lead stative", "move social", "spell time", "v perceptiosound perceptio", "v changefail change", "v motiostart motio", "vcalled", "wikten 1green light", "vleave"], [], [], [], ["aboutr r ", "roundr r ", "r approximatelyr ", "approximatelyr", "about", "in front of"], [], [" actdrive act", "a impulsive ", "wphorsewphorse"], ["quoin architecture", "turning point artifact", "tree motion motio", "box state", "nook artifact", "street corner artifact", " shaperecess shape", "hideaway", "her", "cranny", "recess", "cornerman", "monopolize", "nook", "angle", "bend", "corner kick", "hir"], ["railcar artifact", "machine artifact", "railway car artifact", " artifactcable car artifact", "elevator car artifact", "gondola artifact", "motorcar artifact", "railroad car artifact", "auto artifact", "automobile artifact", "motorcar", "wiktfr 1automobile", "wiktfr 1carriage", "rail car", "motor car", "wiktfr 1auto", "car nicobarese", "railroad car"], [], ["v socialact social", "v bodybe active body", "go competition competitio", "go change", " actmotion act", "displace motion motio", "run change", "v emotioaffect emotio", "v creatiomotivate creatio", "make motion communication communicatio", "relocation act", "v socialgo social", "v motiotravel motio", "dislodge", "vprompt", "instigate", "vimpel", "recommend", "relocation", "impel", "bring round", "agitate"], ["curved shape", "v stativewind stative", "breaking ball act", "v changecurl change", "v motioarch motio", " attributecurvature attribute", "v motioswerve motio", "curve ball act", " riverbend river", "v motiocrook motio", "bender act", "curl", "curveball", "arc", "wpmagazinewpmagazine", ""], ["crook shape", " eventbending event", "twist shape", " shapefold shape", "v contactflex contact", "bend dexter artifact", "curve river", "turn shape", "v motiodeflect motio", "v motiocrouch motio", "flex motion motio", "turn", "fold", "compel", "give"], ["manoeuver social", "simulated military operation", "play act", "manoeuvre social", "manoeuvre act", "evasive action act", "v competitiomanoeuver competitio", "v motiosteer motio", " cognitiotactic cognitio", "manoeuvre military", "tactical manoeuvre act", "tactical maneuver act", "ploy"], ["v motioorbit motio", "v motioroll motio", "rotate motion motio", "go around motion motio", "turn round", "turn around"], [], ["suit stative", "get change", "turn stative", "go change", "shape up", "vbefit", "broaden", "fall pregnant", "turn into"], [], [], [], [" actslip act", " actskid act"], [], [], [], [], [], ["regress change", "turn back change", "return change", "retrovert change", "get back to", "follow up", "downgrade"], [], [], [" statecrick state", "v bodytwist body", "vdistort", "crick", "vsprai", "vcontort", "vwring", "vwarp", "vwrest", "distort"], ["a twisting ", "a convoluted "], ["introvertive psychology"], [], ["wpriverwpriver"], ["v creatioforge creatio", "forgery artifact", "imitative a ", "afraudulent", "asimulated", "copy", "spurious", "vforge", "amock", "vimitate", "sham", "falsify", "amake believe", "forgery", "bootleg", "asham", "vfeig", "vcopy", "pretend", "aspurious", "aput o", "vsimulate", "aforged", "afalse", "ahypocritical", "assume", "vsham", "afeigned", "vpretend", "pirate", "phony", "dissemble", "phoney", ""], [], [], [], ["autobus"], ["arotatable"], [], [], [], [], ["a sidelong ", "rskeptically", "aoblique", "robliquely", "out of corner one's eye"], ["reverse a ", "opposite linkdef", "multiplicative", "inverse matrix", "point", "compositional", "additive"], [], [], [], [], ["a sidelong ", "squinch body", " statestrabismus state", "strabismus", "vskelly"], [], [], [], [" shapezigzag shape"], [], [], [], ["v cognitiounderstudy cognitio", "a alternative ", "v changeinterchange change", " persosurrogate perso", "take turns change", "jump change", "a alternating ", "other", "fallback", "take turns"], [], [], ["castling act", "rook chess", " artifactpalace artifact", "vcastellate", "rook", "castellatewikten 1", "vfortify", "fortress", "wpnovelwpnovel", ""], [" persochristine marie evert perso"], [], [], [], []], "/r/LocatedNear": [[], [], [], [], [], [], [], [], [], [], [], [], [], [], [], [], [], [], [], [], [], [], [], [], [], [], [], [], [], [], [], [], [], [], [], [], [], [], [], [], [], [], [], [], [], [], [], [], [], [], [], [], [], [], [], [], [], [], [], [], [], [], [], [], [], [], [], [], [], [], [], [], [], [], []], "/r/SimilarTo": [[], ["a left hand ", "nigh a ", "left hand a ", "a left of center ", "liberal a ", "a larboard ", "leftish a ", "a liberal ", "left of center a ", "leftmost a ", "a leftish ", "far left a ", "a nigh ", "a far left ", "larboard a ", "a leftmost "], ["kink"], ["a geometryperpendicular ", "a extraordinary ", "outside a ", "a right hand ", "a far ", "opportune a ", "a rightmost ", "a satisfactory ", "reactionist a ", "honourable a ", "a reactionist ", "rightmost a ", "a honourable ", "perpendicular a geometry", "a rightish ", "a outside ", "satisfactory a ", "right hand a ", "extraordinary a ", "right minded a ", "a right wing ", "a oldline ", "conservative a ", "a starboard ", "a conservative ", "far a ", "rightish a ", "a opportune ", "oldline a ", "a right minded ", "right wing a ", "starboard a "], [], [], [], [], ["a okay ", "okay a "], [], [], [], [], [], ["energetic a ", "a energetic ", "motoring"], [], [], [], [], [], [], [], [], [], [], [], [], [], [], [], [], [], [], [], [], [], [], [], ["indirect a ", "a indirect "], ["a psychologyintrovertish ", "introvertish a psychology"], [], [], ["inauthentic a ", "forged a ", "a fictitious ", "ostensible a ", "a pinchbeck ", "a ostensible ", "a synthetic ", "phoney a ", "pseudo a ", "a forged ", "a base ", "base a ", "a inauthentic ", "a phoney ", "synthetic a ", "a pseudo ", "a mock ", "mock a ", "fictitious a ", "pinchbeck a "], [], [], [], [], [], [], [], [], [], [], ["reciprocal a mathematics", "backward a ", "a mathematicsreciprocal ", "a backward "], [], [], [], [], [], [], [], [], [], [], [], [], ["cyclic a ", "a cyclic "], [], [], ["castella"], [], [], [], [], []], "/r/MadeOf": [[], [], [], [], ["paper with words o"], [], [], [], [], [], [], [], [], [], [], [], ["metal"], [], [], [], [], [], [], [], [], [], [], [], [], [], [], [], [], [], [], [], [], [], [], [], [], [], [], [], [], [], [], [], [], [], [], [], [], [], [], [], [], [], [], [], [], [], [], [], [], [], [], [], [], [], [], [], [], [], []], "/r/ReceivesAction": [[], ["where cars"], [], [], ["printed on paper", "found in book"], [], [], [], [], [], [], [], [], [], [], [], ["stored in garage", "parked in garage", "driven on street", "sold at car dealership"], [], [], [], [], [], [], [], [], [], [], [], [], [], [], [], [], [], [], [], [], [], [], [], [], [], [], [], [], [], [], [], [], [], [], [], [], [], [], [], [], [], [], [], [], [], [], [], [], [], [], [], [], [], [], [], [], [], []]}, "/r/UsedFor": {"/r/RelatedTo": [["wheel of fortune", "car", "tire", "fortune", "round", "circle", "spoke", "wheelbench", "bevel gear", "wheeled", "torque converter", "wheelwright", "celeripede", "trocho", "wheelslip", "turf ski", "colour wheel", "spokewikten 1", "track", "superuser", "scoopwheel", "typewheel", "slood", "mud flap", "mag wheel", "detector bar", "denver boot", "middelmannetjie", "penny farthing", "rudder", "wheelwork", "wheeler", "drum brake", "birotate", "pacific", "universal lever", "guard", "snow chain", "wheellike", "hopperdozer", "lug nut", "eccentric", "amphidisc", "whyte notation", "pivotman", "truing", "breaking wheel", "punishment", "rail head", "vpivot", "nonwheeled", "archibald wheel", "crankset", "suradanni", "cut glass", "wheel bug", "three wheeler", "heelies", "janker", "firework", "landing gear", "slipper", "wheel arch", "rotifer", "rotative", "kick wheel", "power", "fellywikten 1", "training wheels", "photodrome", "kickstool", "pulley", "torture", "treadwheel", "poitrinal", "felloe", "endless screw", "multicycle", "connecting rod", "wheels", "telemotor", "rolly", "trochometer", "wheelrim", "windwheel", "splasher", "pastry wheel", "rollerblade", "rotelle", "straight", "autobrake", "pivot", "spokewise", "flange lubricator", "semi trailer", "gripe", "bicycle tire", "wheelset", "big wheel", "chilean mill", "wheelchair", "idler", "union", "axis", "panmelodion", "koneke", "pelton wheel", "all wheel drive", "circumgyrate", "ponce wheel", "roller", "trailing truck", "turning circle", "vwheeled", "coup", "mudguard", "turret", "turingery", "kingpin", "influence", "push mower", "operameter", "brake drum", "wheeleth", "pedrail", "skateboard", "drivetrain", "backlash", "trochilics", "peirameter", "trindle", "dharmachakra", "trucklewikten 1", "tailwheel", "trundle", "trailing axle", "toe", "vtransport", "trackwheel", "shimmy", "grindstone", "thumbwheel", "pastille", "mobile", "lugnut", "quad bike", "in line skate", "escape wheel", "hubometer", "vroll", "leading truck", "peritrochium", "paddlewheel", "wheeltapper", "trochite", "traction", "wheelcraft", "steering wheel", "skibob", "jackshaft", "berkshire", "hindley's screw", "nose bonk", "wheelless", "hubcap", "vwhirl", "nosewheel", "bead", "mudflap", "wheelest", "roller shoe", "trundle wheel", "trochal", "pizza cutter", "break on wheel", "locking differential", "barrel roll", "hutch", "caterpillar track", "equirotal", "mikado", "tarantass", "kebbuck", "differential gear", "poker", "change wheel", "segway", "baby buggy", "tormentor", "unwheeled", "traverse table", "spare tire", "stairclimber", "carruca", "throwwikten 1", "snowboard", "trolley jack", "gin block", "monowheel", "power slide", "coachwheel", "quad skate", "horn drum", "rouet", "whirling table", "wheeling", "wheelband", "final drive", "spinning wheel", "brush wheel", "bogey", "trailing wheel", "spole", "tie rod", "car replacer", "wheelable", "camber", "bogie", "cogset", "hub", "wagon wheel effect", "twenty niner", "bucketwheel", "firewheel", "rear wheel drive", "front wheel drive"]], "/r/UsedFor": [["rolling", "tur", "low resistance movement", "going around and", "car", "make vehicle move smoothly", "drive car", "being on axle", "tires", "holding tire", "allowing vechicle to move", "making pottery", "machinery"]], "/r/LocatedAt": [[]], "/r/FormOf": [["wheeled", "wheelest", "wheels", "wheeling", "wheeleth"]], "/r/IsA": [["nosewheel artifact", "grinding wheel artifact", "driving wheel artifact", "roulette artifact", "rowel artifact", "gear artifact", "pinwheel artifact", "cartwheel artifact", "balance wheel artifact", "handwheel artifact", " artifactmachine artifact", "paddlewheel artifact", "wagon wheel artifact", "trundle artifact", "waterwheel artifact", "daisy print wheel artifact", " attributeforce attribute", " artifacthelm artifact", "bicycle wheel artifact", "ratchet wheel artifact", "potter's wheel artifact", "car wheel artifact", "buffing wheel artifact", "roller artifact", "sprocket artifact", "tire", "circular object", "wheel and tire composite", "partopencycphysical part of object", "paddle wheel", "round and can spi", "gyroscope", "flywheel", "bicycle", "radial thing", "scoopwheel", "gear", "part of car", "cogwheel", "wheel shaped"]], "/r/PartOf": [["bicycle", "felloe artifact", "rim artifact", " artifactwheeled vehicle artifact", "vehicle", "car", "wago", "hubcap", "motorcyle", "spoke", "skateboard"]], "/r/HasA": [[]], "/r/CapableOf": [["circle when moving"]], "/r/AtLocation": [["ball bearing", "bicycle shop", "auto parts store", "trunk of car", "boat", "tire store", "michiga", "trunk"]], "/r/HasProperty": [["circular", "one of basic simple machines"]], "/r/CreatedBy": [[]], "/r/Synonym": [["v motiobicycle motio", "wheel around motion motio", "roll motion motio", " artifactroulette wheel artifact", " artifactbicycle artifact", " artifactsteering wheel artifact", " artifactrack artifact", "handlebar", "rim", "turn round", "breaking wheel"]], "/r/LocatedNear": [[]], "/r/SimilarTo": [[]], "/r/MadeOf": [["metal"]], "/r/ReceivesAction": [["found on car"]]}, "/r/LocatedAt": {}, "/r/FormOf": {"/r/RelatedTo": [["twist", "right handed", "volution", "twizzle", "tropism", "tropic", "vtur", "straight", "tur", "belay", "wood", "tropo", "turnabout", "zigzagging", "rotation", "lathe", "volta", "shaping", "circumflexion", "gainturning", "pirouette", "right face", "unlock", "thigmatropism", "woodturning", "gainturn", "intravolution", "course", "vivarta", "voluble", "wandering", "deviatio", "butterfly nut", "shavings", "heliotropism", "wing nut", "turnings", "dysversion", "metal", "vergence", "introverting", "page", "roll", "reading", "neck", "rotatio", "fa", "axle", "fall", "signal", "crank", "corner"]], "/r/UsedFor": [["turnpike", "crossroads", "screw", "wheel"]], "/r/LocatedAt": [[]], "/r/FormOf": [["turnings", "vtur"]], "/r/IsA": [[" objectparing object", " eventmovement event", "reversal event", "volution event", "return event", " actchange act", "yaw event", " actformation act", " artifactend product artifact", "rotation event", "rotation non periodic", "partial rotation", "precession", "opencycturning into elsebecoming"]], "/r/PartOf": [[]], "/r/HasA": [[]], "/r/CapableOf": [[]], "/r/AtLocation": [[]], "/r/HasProperty": [[]], "/r/CreatedBy": [[]], "/r/Synonym": [[" actturn act", "turn event", "rotation", "swarf", ""]], "/r/LocatedNear": [[]], "/r/SimilarTo": [[]], "/r/MadeOf": [[]], "/r/ReceivesAction": [[]]}, "/r/IsA": {"/r/RelatedTo": [[], [], [], [], [], [], [], [], [], [], [], [], [], [], [], [], [], [], [], [], [], [], [], [], [], [], []], "/r/UsedFor": [[], [], [], [], [], [], [], [], [], [], [], [], [], [], [], [], [], [], [], [], [], [], [], [], [], [], []], "/r/LocatedAt": [[], [], [], [], [], [], [], [], [], [], [], [], [], [], [], [], [], [], [], [], [], [], [], [], [], [], []], "/r/FormOf": [[], [], [], [], [], [], [], [], [], [], [], [], [], [], [], [], [], [], [], [], [], [], [], [], [], [], []], "/r/IsA": [[], [], [], [], [], [], [], [], [], [], [], [], [], [], [], [], [], [], [], [], [], [], [], [], [], [], []], "/r/PartOf": [[], [], [], [], [], [], [], [], [], [], [], [], [], [], [], [], [], [], [], [], [], [], [], [], [], [], []], "/r/HasA": [[], [], [], [], [], [], [], [], [], [], [], [], [], [], [], [], [], [], [], [], [], [], [], [], [], [], []], "/r/CapableOf": [[], [], [], [], [], [], [], [], [], [], [], [], [], [], [], [], [], [], [], [], [], [], [], [], [], [], []], "/r/AtLocation": [[], [], [], [], [], [], [], [], [], [], [], [], [], [], [], [], [], [], [], [], [], [], [], [], [], [], []], "/r/HasProperty": [[], [], [], [], [], [], [], [], [], [], [], [], [], [], [], [], [], [], [], [], [], [], [], [], [], [], []], "/r/CreatedBy": [[], [], [], [], [], [], [], [], [], [], [], [], [], [], [], [], [], [], [], [], [], [], [], [], [], [], []], "/r/Synonym": [[], [], [], [], [], [], [], [], [], [], [], [], [], [], [], [], [], [], [], [], [], [], [], [], [], [], []], "/r/LocatedNear": [[], [], [], [], [], [], [], [], [], [], [], [], [], [], [], [], [], [], [], [], [], [], [], [], [], [], []], "/r/SimilarTo": [[], [], [], [], [], [], [], [], [], [], [], [], [], [], [], [], [], [], [], [], [], [], [], [], [], [], []], "/r/MadeOf": [[], [], [], [], [], [], [], [], [], [], [], [], [], [], [], [], [], [], [], [], [], [], [], [], [], [], []], "/r/ReceivesAction": [[], [], [], [], [], [], [], [], [], [], [], [], [], [], [], [], [], [], [], [], [], [], [], [], [], [], []]}, "/r/PartOf": {"/r/RelatedTo": [[]], "/r/UsedFor": [[]], "/r/LocatedAt": [[]], "/r/FormOf": [[]], "/r/IsA": [[]], "/r/PartOf": [[]], "/r/HasA": [[]], "/r/CapableOf": [[]], "/r/AtLocation": [[]], "/r/HasProperty": [[]], "/r/CreatedBy": [[]], "/r/Synonym": [[]], "/r/LocatedNear": [[]], "/r/SimilarTo": [[]], "/r/MadeOf": [[]], "/r/ReceivesAction": [[]]}, "/r/HasA": {}, "/r/CapableOf": {}, "/r/AtLocation": {}, "/r/HasProperty": {}, "/r/CreatedBy": {}, "/r/Synonym": {"/r/RelatedTo": [[], [], [], [], [], [], [], [], [], [], [], [], [], [], [], [], [], [], [], [], [], [], [], [], [], ["tur", "bendel", "tehama county", "hook", "missouri", "bendy", "twist", "vtie", "inbend", "vfast", "clinodactyly", "inflexible", "leather", "county seat", "declivity", "honourable", "plank", "bendwiser", "water knot", "second moment of inertia", "dogleg", "adcauline", "glissando", "california", "unbend", "enarched", "windac", "ordinary", "bendeth", "second moment of area", "multiarticulate", "butterfly bend", "sinister base", "upbend", "moulinet", "cranked", "deschutes county", "contortionism", "bend over", "simple simon under", "serpentize", "curve", "devexity", "cottise", "reflex", "bent", "joi", "recline", "inclination", "bendless", "bowing", "intorsion", "curvity", "droop", "clinch", "third", "uncharged", "butt", "vanchor", "genu", "albright knot", "clove hitch", "curb", "urd\u00e9", "genuflect", "vshackle", "spring", "antroverted", "inflexibility", "cow hitch", "charged", "vcurve", "cdp", "vcleat", "elbowed", "vchai", "introflexed", "bending", "sinuate", "vswing", "usa", "conditio", "bend do v", "spurwinged", "sole", "blues scale", "curvilineal", "twistilyr", "ashley's bend", "vstoop", "unyielding", "tarve", "double up", "apheliotropism", "circumflect", "maries county", "keel", "pitch", "marble run", "san saba county", "wingle", "bended", "rebend", "vbow", "bends", "urd\u00e9e", "line", "clay", "sneck bend", "circumflexion", "flex", "ribbon", "meade county", "proneness", "shroud knot", "french fake", "simple simon over", "recurvation", "prebent", "inflexure", "reflect", "offset", "leg curl", "pretzel", "dupuytren's contracture", "knot", "conduit bender", "diagonal", "curvation", "canada", "lithy", "falcation", "bendlet", "wraparound", "vagwikten 3", "tantalus cup", "malanders", "lampasas county", "vchemical", "cutbank", "moment of inertia", "glide", "turn away", "vforce", "vbody"], ["actio", "motio", "dance", "relocate", "change", "transport", "walk", "houses", "changing", "house", "go", "purpose", "locatio", "drive", "shake", "tur", "home", "walking", "advance", "changing houses", "going", "pass", "swim", "gimbal", "movement", "firkwikten 1", "vassembly", "clamper", "whirr", "free roam", "clench", "remove", "moves", "draw away", "vplace", "vagile", "paralyze", "reverse mortgage", "reidemeister move", "countermove", "motivity", "vpositio", "edge up", "drawl", "waltz", "promission", "locomotion", "phonotaxis", "sway", "j adoube", "motif", "sideways", "ride", "budge up", "stubborn", "vresidence", "autokinesis", "opening", "death valley driver", "take", "translate", "pass through", "run", "ball change", "vfeeling", "knight's tour", "vdraw", "gather way", "nematohydrodynamic", "unblockable", "barrel", "hidden", "vcarry", "oscillating", "toke", "schlomp", "vcompassio", "vact", "mashed potato", "mobility", "self activity", "motile", "touch move rule"]], "/r/UsedFor": [[], [], [], [], [], [], [], [], [], [], [], [], [], [], [], [], [], [], [], [], [], [], [], [], [], [], ["muscle", "mouse artifact motio", "moving walkway"]], "/r/LocatedAt": [[], [], [], [], [], [], [], [], [], [], [], [], [], [], [], [], [], [], [], [], [], [], [], [], [], [], []], "/r/FormOf": [[], [], [], [], [], [], [], [], [], [], [], [], [], [], [], [], [], [], [], [], [], [], [], [], [], ["bends", "bentest", "bent", "bendeth", "bending", "bended"], ["moving", "moves"]], "/r/IsA": [[], [], [], [], [], [], [], [], [], [], [], [], [], [], [], [], [], [], [], [], [], [], [], [], [], [" shapecurve shape", "bight shape", "elbow artifact river", " riversection artifact", " artifactordinary heraldry", "blind curve artifact river", "hairpin bend artifact river", "one type of bow", "natural thing"], ["chess move act game", "demarche act", " gameturn game", "flit act", " actdecision act", "overspill group act", "maneuver act", " actchange act"]], "/r/PartOf": [[], [], [], [], [], [], [], [], [], [], [], [], [], [], [], [], [], [], [], [], [], [], [], [], [], [" riverroad artifact", " locatiooregon locatio"], []], "/r/HasA": [[], [], [], [], [], [], [], [], [], [], [], [], [], [], [], [], [], [], [], [], [], [], [], [], [], [], []], "/r/CapableOf": [[], [], [], [], [], [], [], [], [], [], [], [], [], [], [], [], [], [], [], [], [], [], [], [], [], ["humans", "fingers"], ["living things"]], "/r/AtLocation": [[], [], [], [], [], [], [], [], [], [], [], [], [], [], [], [], [], [], [], [], [], [], [], [], [], [], []], "/r/HasProperty": [[], [], [], [], [], [], [], [], [], [], [], [], [], [], [], [], [], [], [], [], [], [], [], [], [], [], []], "/r/CreatedBy": [[], [], [], [], [], [], [], [], [], [], [], [], [], [], [], [], [], [], [], [], [], [], [], [], [], [], []], "/r/Synonym": [[], [], [], [], [], [], [], [], [], [], [], [], [], [], [], [], [], [], [], [], [], [], [], [], [], ["crook shape", " eventbending event", "twist shape", " shapefold shape", "v contactflex contact", "bend dexter artifact", "curve river", "turn shape", "v motiodeflect motio", "v motiocrouch motio", "flex motion motio", "turn", "fold", "compel", "give"], ["v socialact social", "v bodybe active body", "go competition competitio", "go change", " actmotion act", "displace motion motio", "run change", "v emotioaffect emotio", "v creatiomotivate creatio", "make motion communication communicatio", "relocation act", "v socialgo social", "v motiotravel motio", "dislodge", "vprompt", "instigate", "vimpel", "recommend", "relocation", "impel", "bring round", "agitate"]], "/r/LocatedNear": [[], [], [], [], [], [], [], [], [], [], [], [], [], [], [], [], [], [], [], [], [], [], [], [], [], [], []], "/r/SimilarTo": [[], [], [], [], [], [], [], [], [], [], [], [], [], [], [], [], [], [], [], [], [], [], [], [], [], [], []], "/r/MadeOf": [[], [], [], [], [], [], [], [], [], [], [], [], [], [], [], [], [], [], [], [], [], [], [], [], [], [], []], "/r/ReceivesAction": [[], [], [], [], [], [], [], [], [], [], [], [], [], [], [], [], [], [], [], [], [], [], [], [], [], [], []]}, "/r/LocatedNear": {}, "/r/SimilarTo": {}, "/r/MadeOf": {}, "/r/ReceivesAction": {}}},"":{}}