{"turnΟff": {"N1": {"/r/RelatedTo": ["vinterrupt", "disgust", "shut do v", "vexit", "exit", "turn out", "vvalve", "gross out", "motorway", "repulse", "key off", "vrotate", "vtur", "switch", "vroad", "kick off", "shutoff", "unturnoffable", "shut off", "power off", "turns off", "voutflow", "discourage", "cut off", "turning off", "vdiscourage", "vstop", "vrepulse", "lights out", "road", "voff", "vtap", "vdisgust", "turned off"], "/r/UsedFor": [], "/r/LocatedAt": [], "/r/FormOf": ["turned off", "turns off", "turning off", "turn offs"], "/r/IsA": [], "/r/PartOf": [], "/r/HasA": [], "/r/CapableOf": [], "/r/AtLocation": [], "/r/HasProperty": [], "/r/CreatedBy": [], "/r/Synonym": ["v contactswitch off contact", "put off emotion emotio", "vshut off", "switch off"], "/r/LocatedNear": [], "/r/SimilarTo": [], "/r/MadeOf": [], "/r/ReceivesAction": []}, "N2": {"/r/RelatedTo": {"/r/RelatedTo": [[], ["disgusted", "sleaze", "disgusting", "ew", "christ alive", "cacozelia", "disgustology", "hatred", "good grief", "gag maggot", "scunner", "nope out", "ugh", "chuffing hell", "disgusts", "loathe worthy", "edible", "facepalm", "sticker shock", "abominate", "disgustest", "disgusteth", "hell and tommy", "abomination", "yech", "jesus harold christ", "make someone's skin crawl", "gordon bennett", "yechy", "eurgh", "obscene", "misophonia", "feh", "disgustfullyr", "dislike", "detestable", "repel", "holy moses", "nauseate", "revulsion", "it's too late for sorry", "chagri", "huff", "faugh", "christ on stick", "bleah", "pah", "nauseating", "horse hockey", "turn off", "yucky", "vintense", "fie", "phew", "my foot", "aagh", "sickening", "nausea", "pshaw", "blech", "ick", "pukefest", "sod", "turn in one's grave", "steups", "displease", "disgustful", "squick", "splurt", "vdislike", "my ass", "gracious", "bloody hell", "skeeve out", "squirmage", "holy mother", "squig out", "christ almighty", "heavens", "repugnant", "jeremiah", "loathing", "poh", "squicky", "sod it", "flaming nora", "accloy", "indignation", "detestation", "cringe", "recoil", "skeeve"], [], [], ["door", "leave", "escape", "back out", "toku dawara", "impasse", "exitlessness", "stage directio", "detrain", "exit stage left", "box canyon", "deboard", "reexit", "sakoku", "collector lane", "bail out", "vleave", "outgang", "core lane", "emergency exit", "outflux", "revolving door", "show someone door", "get out of", "way out", "d\u00e9bouch\u00e9", "exeunt", "vdie", "exiting", "exitless", "burst", "vomitorium", "exoneme", "bailout", "exited", "firetrap", "turn off", "trapdoor", "manet", "peter witt", "cloverleaf interchange", "duck out", "step out", "exits", "boogie", "local lane", "come and go", "fafiate", "outgoing", "exiter", "vgo out", "chimney cap", "out", "window", "discharge", "enter", "maze", "sig"], [], [], [], ["contraflow", "on slip", "expressway", "hard shoulder", "reservation", "highway", "off slip", "vehicle", "autostrada", "freeway", "access road", "turn off", "autoroute", "traffic", "trunk road", "speed", "high", "msa", "type", "slip road", "permitted", "e road", "broad", "motorways", "restrictio"], ["repulsion", "repulsive", "repel", "setback", "repellent", "cross buttock", "turn off", "vrevulsio", "vreject", "vrepulsive", "rejectio", "unrepulsable", "repulses", "repulsed", "pulse", "refusal", "repulsio", "rebut", "vrepel", "repulsing", "vrebuff", "skeeved out", "vrepulsio", "repulser", "skeeve out"], [], [], [], ["lamp artifact", "microswitch", "jute", "vplace", "turn o", "vtask", "thermionic valve", "stackable", "unswitched", "thyratron", "vexchange", "cut out", "turn off", "krytron", "programming", "vtrim", "reed switch", "corporal punishment", "josephson junction", "dom", "knob", "photoswitch", "virtual desktop", "switch o", "switchless", "thomson's lamp", "overtravel", "pretravel", "versatile", "knife switch", "tress", "switchover", "current", "churn", "relay", "badine", "hub", "core switch", "circuit breaker", "switched", "dimmer", "switches", "off", "block signal", "vangry", "blowout coil", "turn out", "coupstick", "rod", "vchange", "construct", "twiddle", "head hop", "smartmodem", "value", "interchange", "antenna switch", "target", "sway", "hair", "switchyard", "dipswitch", "switchbox", "flasher", "headchair", "double crossover", "cli", "inverse", "cryotron", "buttonwikten 1", "whip", "wye switch", "towerman", "switch keeper", "vsuddenly", "venraged", "keyer", "detector bar", "expressio", "slicking", "switch off", "commutator", "vhit", "switchback", "toggle", "mercury switch", "turing switch", "switchplate", "swish", "switchable", "solenoid", "pointsman", "pass transistor", "photoswitchable", "vstate", "footswitch", "common crossing", "vunreasonably", "line lock", "sidetrack", "spelk", "switchlike", "dead man's switch", "device", "actuator", "trigatron", "kawarimi", "switchman", "thyristor", "point", "vwhip", "optical switch", "crossover", "push button", "disconnect", "debounce", "baroswitch", "change", "switching", "vcircuit", "toggle switch", "versatilist", "nanoswitch", "chess clock", "light switch", "railroad", "bitflip", "sub", "nonswitch", "vquickly", "switchability", "track", "electric", "cross", "switch on", "trade", "exchange", "light", "o", "lamp", "stick", "move", "plug", "tur"], [], [], ["valve", "turn off", "shut off", "shutoffs"], ["acompelling", "aturn off"], [], [], [], [], ["discouraging", "vpersuade", "discouragement", "pavisade", "rain on someone's parade", "discouragest", "disincentivize", "discourageable", "daunt", "discourageth", "vconfidence", "discountenance", "deter", "vcourage", "carbon tax", "undiscouraged", "discouraged", "vdishearte", "outlaugh", "vextinguish", "discourager", "welsh not", "luxury tax", "down in mouth", "turn off", "vdeject", "piss on someone's bonfire", "welfare trap", "dishearten", "quiet coach", "take wind out of someone's sails", "discourages", "punishment"], [], [], [], [], [], [], ["street", "path", "sig", "cars", "highway", "bridge", "driving", "car", "surface", "avenue", "paved", "pavement", "roads", "drive", "pathway", "way", "asphalt", "lane", "street avenue", "lanes", "car path", "like", "country", "black", "tar", "tarmac", "lines", "driving surface", "like street", "skid mark", "sidewalk", "cat's eye", "traffic jam", "acompetitor", "guideboard", "nonintersection", "embankment", "road race", "skidmark", "playstreet", "passenger car", "city", "laned", "corniche", "metal", "civil engineering", "roadmender", "checkpoint", "lengthman", "slip road", "side street", "roadworn", "controlled access highway", "roadstead", "ballast", "peirameter", "rat run", "rotunda", "road racing", "byway", "roadgeek", "multivious", "single yellow line", "jinny road", "cartroad", "bar ditch", "belisha beacon", "overbridge", "suicide lane", "hill", "road car", "travel", "semi highway", "hairpin bend", "pull off", "on roader", "roadman", "road accident", "twist", "roadable", "road gang", "thoroughfare", "underbridge", "all way stop", "overpass", "road metal", "carfax", "via munita", "roadcut", "hardpack", "passing place", "truckway", "filter in turn", "streetology", "b road", "resection", "crossroads", "aon road", "frog and toad", "roadster", "metalling", "pedrail", "expressway", "take up", "concrete", "clearway", "concession road", "trunk road", "britai", "back road", "telford", "tractor unit", "rd", "foredraft", "bottleneck", "high road", "dirt road", "unroadworthy", "as crow fliesr", "sneck bend", "highwayman", "loke", "roadgoing", "linehaul", "turnout", "single point urban interchange", "roadkill", "roadworker", "turn off", "tote road", "potholewikten 1", "bowtie", "sheltered", "steamroller", "roadlike", "bifurcation", "wheelbase", "roadmaker", "footbridge", "vessel", "erp", "city titty", "traffic", "impasse", "byroad", "speed bump", "turn out", "boreen", "passway", "anchor", "supermoto", "asphalt concrete", "carriageway", "driveway", "junction", "crossing", "peutingerian", "nearside", "woodway", "laterite", "nanoroad", "traffic beam", "route", "come across", "offside", "highway code", "rollover", "railroad", "hodonymy", "contraflow", "flyunder", "roaded", "by turning", "holloway", "tunnel", "roadkilled", "roadway", "toll bar", "gravel", "roadside bomb", "career", "tourist highway", "macadamizer", "viatecture", "fosseway", "supermotard", "gytrash", "causeway", "wildlife crossing", "pirameter", "culture", "gentle annie", "gravel bike", "underpass", "barricade", "roading", "blocklayer", "driftway", "rumble strip", "crash barrier", "car mileage", "rechannelization", "penalty point", "roundabout", "life", "anti sway bar"], [], [], [], []], "/r/UsedFor": [[], [], [], [], ["exiting", "leave someplace", "door"], [], [], [], ["drive", "drive faster", "driving", "drive upo", "travel", "transport"], [], [], [], [], [], [], [], [], [], [], [], [], [], [], [], [], [], [], [], [], ["travelers", "walking alongside", "recognizing route", "find road signs", "reach destinatio", "travel by car", "find way"], [], [], [], []], "/r/LocatedAt": [[], [], [], [], [], [], [], [], [], [], [], [], [], [], [], [], [], [], [], [], [], [], [], [], [], [], [], [], [], [], [], [], [], []], "/r/FormOf": [[], ["disgusted", "disgusting", "disgusts"], [], [], ["exited", "exits", "exiting"], [], [], [], ["motorways"], ["repulsing", "repulses", "repulsed"], [], [], [], ["switches", "switched", "switching"], [], [], ["shut off", "shutoffs"], [], [], [], [], [], ["discouragest", "discourages", "discouraged", "discouraging", "discourageth"], [], [], [], [], [], [], ["roads"], [], [], [], []], "/r/IsA": [[], ["emotio", "repugnance feeling", " feelingdislike feeling", "nausea feeling", "abhorrence feeling", "one common emotio", "abhorence", "mould", "dislike"], [], [], ["outfall artifact", " artifactopening artifact", " actdeparture act", "portal", "door", "emergency exit"], [], [], [], ["avenue along", "road for vehicles", "wide long fast road", "way", "highway"], [], [], [], [], ["three way switch artifact", " artifactrailroad track artifact", "commutator artifact", "birch artifact", "selector artifact", "toggle switch artifact", " actbasketball play act", "ferule artifact", "rattan artifact", "ignition switch artifact", "switcheroo act", "cutout artifact", " artifactcontrol artifact", "time switch artifact", " actchange act", " artifacthairpiece artifact", "push button artifact", " artifactinstrument of punishment artifact", "cane artifact", "opencycelectrical switchcoupler", "opencycswitch networkelectronic device", "electrical relayopencycelectrical switch", "opencycelectrical switchelectrical component", "safety switchopencycelectrical switch", "light switchopencycelectrical switch", "electrical buttonopencycelectrical switch", "opencycswitch networkcomputer", "opencycswitch networknetworking hardware", "opencycelectrical switchportal", "opencycelectrical switchcontrol device", "control structure", "pbx consoleopencycswitch network", "dimmeropencycelectrical switch"], [], [], [], [], [], [], [], [], [], [], [], [], [], [], [], ["highway", "freeway", "parkway", "thoroughfare artifact", "clearway artifact", "access road artifact", "roadway artifact", "line artifact", "post road artifact", "highway artifact", " artifactway artifact", "driveway artifact", "byway artifact", "shortcut artifact", "side road artifact", "corduroy artifact", "detour artifact", " actmeans act", "skid road artifact", "royal road act", "drive artifact", "turnoff artifact", "track artifact", "surface", "causeway artifact", "speedway artifact", "natchez trace", "wide path", "another word for street", "street", "avenue", "place where vehicles travel", "flyover", "county highway", "state highway", "kings highway"], [], [], [], []], "/r/PartOf": [[], [], [], [], [], [], [], [], [], [], [], [], [], ["electrical circuit"], [], [], [], [], [], [], [], [], [], [], [], [], [], [], [], ["turnaround artifact", "croartifact", "turnout artifact", "traffic circle artifact", "shoulder artifact", "bend river artifact", "intersection artifact", "roadbed artifact", "turnpike"], [], [], [], []], "/r/HasA": [[], [], [], [], [], [], [], [], [], [], [], [], [], [], [], [], [], [], [], [], [], [], [], [], [], [], [], [], [], [], [], [], [], []], "/r/CapableOf": [[], [], [], [], [], [], [], [], [], [], [], [], [], ["set to o", "arm weapo", "turn o", "turn on light"], [], [], [], [], [], [], [], [], [], [], [], [], [], [], [], ["branch off in different directions"], [], [], [], []], "/r/AtLocation": [[], [], [], [], ["end of line"], [], [], [], ["city", "technologically advanced society", "england", "driveway", "race track", "daytona", "new jersey", "europe", "racing arena", "indiana"], [], [], [], [], [], [], [], [], [], [], [], [], [], [], [], [], [], [], [], [], ["car", "to ", "intersectio", "fork", "automobiles", "bus artifact", "truck", "texas", "toll road", "lane", "valley", "orego", "parking zone", "maps"], [], [], [], []], "/r/HasProperty": [[], [], [], [], [], [], [], [], [], [], [], [], [], [], [], [], [], [], [], [], [], [], [], [], [], [], [], [], [], [], [], [], [], []], "/r/CreatedBy": [[], [], [], [], [], [], [], [], [], [], [], [], [], [], [], [], [], [], [], [], [], [], [], [], [], [], [], [], [], [], [], [], [], []], "/r/Synonym": [[], ["repel perception perceptio", "nauseate emotion emotio", "revolt emotion emotio", "gross out perception perceptio", "churn up emotion emotio", "revolt perception perceptio", "sicken emotion emotio", "disrelish", "loathing", "distaste", "horror", "vdetest", "revulsio", "vabominate", "vnauseate", "abominatio", "antipathy", "abomination", "offend", "repugnance", "vdisplease", "vrepel", "disgustedness", "detestatio", "repel", "nauseate", "dislike", "abhorrence", "vrepulse", "vrevolt", "voffend", ""], [], [], ["get out motion motio", "way out artifact", "leave motion motio", "v changedie change", " eventpassing event", "outlet artifact", "issue artifact", "go out motion motio", "egress", "go out", "get out"], [], [], [], [" artifactexpressway artifact", "freeway", "controlled access highway", "parkway", "highway"], ["v emotiorepel emotio", " communicatiorebuff communicatio", "v contactrepel contact", "v competitiorepel competitio", "disgust", "nauseate"], [], [], [], ["electrical switch artifact", "v changeswitch over change", " eventsubstitution event", "shift act", "switching act", "points", "v possessiotrade possessio", "v contactthrow contact", "change over", "v changeinterchange change", "electric switch artifact", "shift change", "change", "scissors", "flag", "vinterchange", "crop", "cane", ""], [], [], [], ["unswitchoffable", "aunswitchoffable"], [], [], [], [], ["v communicatiodeter communicatio", "v communicatiowarn communicatio", "dishearten", "cow", "vbecourage", "cowardliness", "dismay", "vdissuade", "vdeter"], [], [], [], [], [], [], ["route artifact", "way", "pass"], [], [], [], []], "/r/LocatedNear": [[], [], [], [], [], [], [], [], [], [], [], [], [], [], [], [], [], [], [], [], [], [], [], [], [], [], [], [], [], [], [], [], [], []], "/r/SimilarTo": [[], [], [], [], ["manet"], [], [], [], ["autoroute"], [], [], [], [], ["regular", "agoofy", "aregular"], [], [], [], [], [], [], [], [], [], [], [], [], [], [], [], [], [], [], [], []], "/r/MadeOf": [[], [], [], [], [], [], [], [], [], [], [], [], [], [], [], [], [], [], [], [], [], [], [], [], [], [], [], [], [], [], [], [], [], []], "/r/ReceivesAction": [[], [], [], [], [], [], [], [], [], [], [], [], [], [], [], [], [], [], [], [], [], [], [], [], [], [], [], [], [], ["paved"], [], [], [], []]}, "/r/UsedFor": {}, "/r/LocatedAt": {}, "/r/FormOf": {"/r/RelatedTo": [[], [], [], []], "/r/UsedFor": [[], [], [], []], "/r/LocatedAt": [[], [], [], []], "/r/FormOf": [[], [], [], []], "/r/IsA": [[], [], [], []], "/r/PartOf": [[], [], [], []], "/r/HasA": [[], [], [], []], "/r/CapableOf": [[], [], [], []], "/r/AtLocation": [[], [], [], []], "/r/HasProperty": [[], [], [], []], "/r/CreatedBy": [[], [], [], []], "/r/Synonym": [[], [], [], []], "/r/LocatedNear": [[], [], [], []], "/r/SimilarTo": [[], [], [], []], "/r/MadeOf": [[], [], [], []], "/r/ReceivesAction": [[], [], [], []]}, "/r/IsA": {}, "/r/PartOf": {}, "/r/HasA": {}, "/r/CapableOf": {}, "/r/AtLocation": {}, "/r/HasProperty": {}, "/r/CreatedBy": {}, "/r/Synonym": {"/r/RelatedTo": [[], [], [], []], "/r/UsedFor": [[], [], [], []], "/r/LocatedAt": [[], [], [], []], "/r/FormOf": [[], [], [], []], "/r/IsA": [[], [], [], []], "/r/PartOf": [[], [], [], []], "/r/HasA": [[], [], [], []], "/r/CapableOf": [[], [], [], []], "/r/AtLocation": [[], [], [], []], "/r/HasProperty": [[], [], [], []], "/r/CreatedBy": [[], [], [], []], "/r/Synonym": [[], [], [], []], "/r/LocatedNear": [[], [], [], []], "/r/SimilarTo": [[], [], [], []], "/r/MadeOf": [[], [], [], []], "/r/ReceivesAction": [[], [], [], []]}, "/r/LocatedNear": {}, "/r/SimilarTo": {}, "/r/MadeOf": {}, "/r/ReceivesAction": {}}}, "":{}}