{"unfold": {"N1": {"/r/RelatedTo": ["frondesce", "sofa bed", "alternate universe", "unfoldase", "outroll", "vdevelop", "functional programming", "shooting stick", "unfolding", "unfoldest", "unfurl", "higher order functio", "explication", "vhappe", "unfolds", "vreveal", "frondescence", "unfoldedness", "post rock", "unclew", "unroll", "unfolder", "unfoldinglyr", "unwad", "vpe", "unfoldeth", "unfolded", "undouble", "unplat", "vfold", "fold", "vfolding", "uncrinkle", "let chips fall where they may", "way of world", "vturn out", "disinvolve", "unscroll", "anamorphism", "foldon", "conspiracism", "slow march"], "/r/UsedFor": [], "/r/LocatedAt": [], "/r/FormOf": ["unfoldest", "unfoldeth", "unfolding", "unfolds", "unfolded"], "/r/IsA": [], "/r/PartOf": [], "/r/HasA": [], "/r/CapableOf": [], "/r/AtLocation": [], "/r/HasProperty": [], "/r/CreatedBy": [], "/r/Synonym": ["spread out contact", "spread contact", "stretch out motion motio", "extend motion motio", "v changeblossom change", "stretch motion motio", "open contact", "reveal"], "/r/LocatedNear": [], "/r/SimilarTo": [], "/r/MadeOf": [], "/r/ReceivesAction": []}, "N2": {"/r/RelatedTo": {"/r/RelatedTo": [["vplant", "vunfold", "vleaf"], [], [], ["unfold", "foldase", "unfoldases", "catalyze", "enzyme"], ["vroll", "voutward", "vunroll", "vunfold"], [], [], [], ["unfoldment", "vunfold"], ["vunfold"], ["unfurlest", "unfurled", "unfurleth", "vunroll", "unroll", "vprogress", "vsail", "vdebut", "vturn out", "unfurling", "vflag", "vroll out", "vunfold", "vroll up", "unfurls", "vevolve", "shake out", "vrelease"], [], ["explicate", "explicit", "unfold", "expositor", "misexplication", "brute fact", "explicator", "explai", "explanatio", "opening", "explicative", "explicatory"], [], ["vunfold"], [], ["plant", "unfold", "leaf"], ["unfold"], [], ["vundo", "vunwind", "vunfold", "vrui", "vuntie"], ["vstraighte", "vapparent", "unrolled", "vtwist", "vsequence", "vemerge", "reroll", "vinstructio", "vloop", "unroller", "voptimizatio", "vrepetitive", "vprogram", "unrollest", "unrolling", "disinvolve", "unrolleth", "unfurl", "vunfurl", "makimono", "unrollable", "unrolls", "vreveal", "vunfold", "outroll", "vcurl", "vroll"], ["unfold"], [], ["vunfold", "vwad"], [], ["vunfold"], ["vunfold", "mandarin collar"], ["vsingle", "vunfold"], ["vunwreathe", "vunfold", "vtwist", "vfold"], [], ["wallet", "catstitch", "foldable", "watteau back", "antecrochet", "flexagon", "foldless", "vigesimo quarto", "unfold", "wikten 1scrolling", "foldeth", "plait", "folding", "jack knife", "plical", "wattle", "webfoot", "pucker", "turn back", "fold equity", "murphy bed", "dog ear", "mountain fold", "adipometer", "m ratio", "hand pie", "pachydermatocele", "conjunctivochalasis", "foldaway", "scapulet", "catamorphism", "vwikten 1material", "labia majora", "glomus", "times", "paracoxite", "wikten 1data structure", "mesorectum", "dead money", "throw in", "campstool", "folds", "circumflexion", "greater omentum", "pleurodirous", "smooth call", "stellwikten 2", "step stool", "folder", "adenoid", "foldedness", "anticlinorium", "folded", "magazine", "crease", "deerfold", "swedge", "pot committed", "mesoarium", "wingle", "clitoral hood", "go belly up", "doubling", "overfold", "foldase", "valley fold", "infold", "valve", "crumple up", "epiglottopharyngeal", "dogear", "falx", "convolute", "omentum", "crumpled", "electroglottograph", "vwikten 1crush", "syncline", "inflexure", "epicanthus", "flype", "flexure", "plicate", "microfolding", "wrap up", "plication", "typhlosole", "wikten 1bend", "tubax", "nanofold", "foolscap", "anglepoise", "misfold", "fold away", "polyfold", "plex", "collop", "polyplicate", "legal cap", "aryepiglotticus", "aryepiglottal", "foldon", "superfold", "headfold", "card table", "drapey", "cootie catcher", "pencil test", "lappet", "wikten 2christ", "enfold", "phrenicosplenic ligament", "saddle stitch", "abolla", "oxysome", "chalazoderma", "greeting card", "noshi", "interfold", "mesocaecum", "vocal cords", "quadrivalve", "hinge", "mesocyst", "x stool", "gubernaculum", "biplicity", "foldout", "uniplicate", "taco", "nictitating membrane", "mesogaster", "drapery", "refold", "plica", "gastroplication", "synclinal", "voluminous", "plicature", "broad ligament", "flat call", "sit out", "pseudolabium", "nascent protein", "corrugate", "muck", "foldest", "unplat", "signature", "scoring", "billfold", "epicanthoplasty", "duplicature", "printer's hat", "prefoldin", "airstair", "crumple"], [], ["vunfold", "vcrinkled"], [], [], [], ["vdisentangle", "vunfold", "vuncover", "vunroll"], ["vope", "vunfold", "vscroll"], ["unfold", "generalizatio", "coalgebra", "anamorphic", "anamorphisms", "anamorphous", "abstract data type", "catamorphism", "hylomorphism", "functional programming"], ["fold", "unfold", "protei"], ["worldview", "conspiracy theory", "unfold", "history"], []], "/r/UsedFor": [[], [], [], [], [], [], [], [], [], [], [], [], [], [], [], [], [], [], [], [], [], [], [], [], [], [], [], [], [], [], ["machine"], [], [], [], [], [], [], [], [], [], [], []], "/r/LocatedAt": [[], [], [], [], [], [], [], [], [], [], [], [], [], [], [], [], [], [], [], [], [], [], [], [], [], [], [], [], [], [], [], [], [], [], [], [], [], [], [], [], [], []], "/r/FormOf": [["frondesced", "frondesces", "frondescing"], [], [], ["unfoldases"], ["outrolling", "outrolled", "outrolls"], [], [], [], ["vunfold", "unfoldings"], ["vunfold"], ["unfurled", "unfurling", "unfurls"], [], ["explications"], [], ["vunfold"], [], [], [], [], ["unclewed", "unclews", "unclewing"], ["unrolled", "unrolling", "unrolls"], ["unfolders"], [], ["unwadded", "unwads", "unwadding"], [], ["vunfold"], ["vunfold"], ["undoubles", "undoubling"], ["unplatted", "unplats", "unplatting"], [], ["folded", "foldest", "folds", "folden", "foldeth", "folding"], [], ["uncrinkled", "uncrinkles", "uncrinkling"], [], [], [], ["disinvolving", "disinvolves", "disinvolved"], ["unscrolled", "unscrolling"], ["anamorphisms"], ["foldons"], [], []], "/r/IsA": [[], [], [], [], [], [], [], [], [" processdevelopment process"], [], [], [], [" communicatioexplanation communicatio"], [], [], [], [], [], [], [], [], [], [], [], [], [], [], [], [], [], [" bodystructure body", " artifactpen artifact", "plication act", "epicanthus body", " shapeangular shape", "vocal cord body", "ruga anatomy body", "pucker shape", " groupgroup", " actchange of shape act", "tentorium anatomy body", "kink shape", "pleat artifact shape"], [], [], [], [], [], [], [], [" processmetamorphism process"], [], [], []], "/r/PartOf": [[], [], [], [], [], [], [], [], [], [], [], [], [], [], [], [], [], [], [], [], [], [], [], [], [], [], [], [], [], [], [], [], [], [], [], [], [], [], [], [], [], []], "/r/HasA": [[], [], [], [], [], [], [], [], [], [], [], [], [], [], [], [], [], [], [], [], [], [], [], [], [], [], [], [], [], [], [], [], [], [], [], [], [], [], [], [], [], []], "/r/CapableOf": [[], [], [], [], [], [], [], [], [], [], [], [], [], [], [], [], [], [], [], [], [], [], [], [], [], [], [], [], [], [], [], [], [], [], [], [], [], [], [], [], [], []], "/r/AtLocation": [[], [], [], [], [], [], [], [], [], [], [], [], [], [], [], [], [], [], [], [], [], [], [], [], [], [], [], [], [], [], [], [], [], [], [], [], [], [], [], [], [], []], "/r/HasProperty": [[], [], [], [], [], [], [], [], [], [], [], [], [], [], [], [], [], [], [], [], [], [], [], [], [], [], [], [], [], [], [], [], [], [], [], [], [], [], [], [], [], []], "/r/CreatedBy": [[], [], [], [], [], [], [], [], [], [], [], [], [], [], [], [], [], [], [], [], [], [], [], [], [], [], [], [], [], [], [], [], [], [], [], [], [], [], [], [], [], []], "/r/Synonym": [[], [], [], [], [], [], [], [], ["flowering process", "development"], [], ["unroll change"], [], ["development"], [], [], [], [], [], [], [], ["v changeunfurl change", "v contactunwind contact"], [], [], [], [], [], [], [], [], [], ["plication shape", "bend shape", "fold up contact", "v socialclose social", "sheepcote artifact", "turn up contact", "v contactpen up contact", "plica body", "flexure shape", "crimp shape", "crease shape", "fold up change", "sheep pen artifact", " groupflock group", "folding act", "sheepfold artifact", " processfolding process", "bend", "wikten 2enclosure", "turn back", "vbend", "crease", "vwikten 1bend", "wikten 1flock", "wikten 1congregatio"], [], [], [], [], [], ["disentangle stative", "disembroil stative"], [], [" processanamorphosis process", " artifactanamorphosis artifact"], [], [], []], "/r/LocatedNear": [[], [], [], [], [], [], [], [], [], [], [], [], [], [], [], [], [], [], [], [], [], [], [], [], [], [], [], [], [], [], [], [], [], [], [], [], [], [], [], [], [], []], "/r/SimilarTo": [[], [], [], [], [], [], [], [], [], [], [], [], [], [], [], [], [], [], [], [], [], [], [], [], [], [], [], [], [], [], [], [], [], [], [], [], [], [], [], [], [], []], "/r/MadeOf": [[], [], [], [], [], [], [], [], [], [], [], [], [], [], [], [], [], [], [], [], [], [], [], [], [], [], [], [], [], [], [], [], [], [], [], [], [], [], [], [], [], []], "/r/ReceivesAction": [[], [], [], [], [], [], [], [], [], [], [], [], [], [], [], [], [], [], [], [], [], [], [], [], [], [], [], [], [], [], [], [], [], [], [], [], [], [], [], [], [], []]}, "/r/UsedFor": {}, "/r/LocatedAt": {}, "/r/FormOf": {"/r/RelatedTo": [["vunfold"], ["vunfold"], ["unfoldment", "vunfold"], ["vunfold"], ["vunfold", "mandarin collar"]], "/r/UsedFor": [[], [], [], [], []], "/r/LocatedAt": [[], [], [], [], []], "/r/FormOf": [["vunfold"], ["vunfold"], ["vunfold", "unfoldings"], ["vunfold"], ["vunfold"]], "/r/IsA": [[], [], [" processdevelopment process"], [], []], "/r/PartOf": [[], [], [], [], []], "/r/HasA": [[], [], [], [], []], "/r/CapableOf": [[], [], [], [], []], "/r/AtLocation": [[], [], [], [], []], "/r/HasProperty": [[], [], [], [], []], "/r/CreatedBy": [[], [], [], [], []], "/r/Synonym": [[], [], ["flowering process", "development"], [], []], "/r/LocatedNear": [[], [], [], [], []], "/r/SimilarTo": [[], [], [], [], []], "/r/MadeOf": [[], [], [], [], []], "/r/ReceivesAction": [[], [], [], [], []]}, "/r/IsA": {}, "/r/PartOf": {}, "/r/HasA": {}, "/r/CapableOf": {}, "/r/AtLocation": {}, "/r/HasProperty": {}, "/r/CreatedBy": {}, "/r/Synonym": {"/r/RelatedTo": [[], [], [], [], [], [], [], ["revelation", "scratch card", "put one's cards on table", "telltale", "frame", "leak out", "tell all", "betray", "blind item", "outer", "vsupernatural", "unscreen", "revealing", "vdisplay", "vinstructio", "come to light", "unconceal", "unhide", "unlock", "unfold", "door", "namefag", "keep one's cards close to chest", "muck", "shit stirrer", "side", "vuncover", "discover", "irrevealable", "unveil", "spill beans", "lay bare", "revealer", "jamb", "open up", "fantasy collapse", "confess", "show cloven foot", "peekaboo", "babble", "vdivine", "revealed", "bust out", "open kimono", "vcommunicate", "kithe", "revealee", "too much informatio", "show ankle", "take something to grave", "show one's cards", "drop hint", "unmask", "revealest", "uncover", "leprechaun", "let something slip", "disguise", "window", "revealeth", "underboob", "betrayer", "descry", "dead men tell no tales", "drop bomb", "lay open", "semicovering", "revelator", "anacrisis", "unroll", "soliloquy", "betrayinglyr", "speak truth to power", "muhammad", "undelve", "give away", "reveals", "revelatio", "vshow", "uncurtain", "unvisor", "let on", "expose", "forthspeak", "tip one's hand", "vrevelatio", "find", "show"]], "/r/UsedFor": [[], [], [], [], [], [], [], []], "/r/LocatedAt": [[], [], [], [], [], [], [], []], "/r/FormOf": [[], [], [], [], [], [], [], ["reveals", "revealest", "revealeth", "revealing", "revealed"]], "/r/IsA": [[], [], [], [], [], [], [], []], "/r/PartOf": [[], [], [], [], [], [], [], []], "/r/HasA": [[], [], [], [], [], [], [], []], "/r/CapableOf": [[], [], [], [], [], [], [], []], "/r/AtLocation": [[], [], [], [], [], [], [], []], "/r/HasProperty": [[], [], [], [], [], [], [], []], "/r/CreatedBy": [[], [], [], [], [], [], [], []], "/r/Synonym": [[], [], [], [], [], [], [], ["v communicatiodisclose communicatio", "vdivulge", "unveil perception perceptio", "bring out perception perceptio", "divulge", "transpire", "publish", "vdisclose", "vuncover", "vope", "detect", "vcommunicate", "vshow", "vbewray", "make kno v", "vunveil", "vunfold", "vimpart", "revel", "vdiscover", "jamb"]], "/r/LocatedNear": [[], [], [], [], [], [], [], []], "/r/SimilarTo": [[], [], [], [], [], [], [], ["let know"]], "/r/MadeOf": [[], [], [], [], [], [], [], []], "/r/ReceivesAction": [[], [], [], [], [], [], [], []]}, "/r/LocatedNear": {}, "/r/SimilarTo": {}, "/r/MadeOf": {}, "/r/ReceivesAction": {}}}, "": {"N1": {"/r/RelatedTo": ["windowdoor", "worklabor", "butchermeat", "gallomeasure", "woundgash", "punishmentcrime and", "chickelaying", "thricerthree", "informed educated ", "closed obstructed ", "transpondianrightpondia", "mystifymystery", "audiovisualsaudiovisual"], "/r/UsedFor": ["flash artifactlight physics", "string bassplaying music"], "/r/LocatedAt": [], "/r/FormOf": ["air burstsair burst", "pot belliespot belly", "cross sectionscross sectio"], "/r/IsA": ["suburb locatioresidential district locatio", "western skink animalskink animal", "inertial mass physicsmass attribute", "leading man persoactor perso", "occasion timetime time", "tree toad animalfrog animal", "petaurista animalmammal genus animal", "torch singer persosinger perso", "drop arch artifactpointed artifact", "rottenstone substancelimestone substance", "scorpionfish animalscorpaenid animal", "temporary hookup artifactconnection artifact", "acrylic fiber substanceman made substance", "dependence statestate ", "overhand pitch actpitch baseball", "american spikenard plantsubshrub plant", "hedonist persosensualist perso", "homecoming actreunion act", "aldrovanda plantdicot genus plant", "ambystomatidae animalamphibian family animal", "assist ice hockeymaneuver act", "tithe barn artifactbarn artifact", "hypsometer artifactaltimeter artifact", "papyrus communicatiodocument communicatio", "cacodyl substancegroup chemistry", "penance actsacrament act", "rule of evidence lawrule communicatio", "usherette persousher perso", "hooks bodyhand body", "bilabial communicatiolabial consonant communicatio", "kurdish communicatioiranian communicatio", "theism cognitioreligion cognitio", "aristocrat persoleader perso", "bundesbank groupcentral bank group", "skirtform of female attire", "yardarm artifactend locatio", "supreme court lawfederal group"], "/r/PartOf": ["satachristian myth", "old testament communicatiobible communicatio", "styloid process bodytemporal bone body", "voider artifactbody armor artifact", "tower of london artifactlondon locatio"], "/r/HasA": ["baywater"], "/r/CapableOf": ["blanketscover bed", "chefbone chicke", "authorswrite books"], "/r/AtLocation": ["windowhouse", "dustcarpet", "action figuretoy department", "barbershopmall", "mouselab maze"], "/r/HasProperty": [], "/r/CreatedBy": [], "/r/Synonym": ["hawaiian honeycreeper animalhoneycreeper animal", "thing cognitiomatter cognitio", "dprk locationorth korea locatio", "gas tight air ", "get into possessioget in possessio", "west persocicily isabel fairfield perso", "sapindus drumondii plantwild china tree plant", "abls communicatiobachelor of arts in library science communicatio", "homburg artifactfedora artifact", "choking coil artifactchoke artifact", "sewerage artifactsewer artifact", "fish bowl stategoldfish state", "caddy golfcaddie golf", "moray eel animalmoray animal", "family zygnemataceae animalzygnemataceae animal", "severity attributeaustereness attribute", "hors d oeuvre foodhors food", "chukka artifactchukka boot artifact", "immunise competitioimmunize competitio", "kindling pointautoignition temperature", "corruptlyr corruptedlyr ", "lazy faineant ", "copernicia prunifera plantcarnauba plant", "log z's bodysleep body", "sworn pledged ", "palestine authority grouppalestine national group", "polyodon spathula animalpaddlefish animal", "linnaea borealis americana plantamerican twinflower plant", "stylise artstylize art", "thank youthank you very much", "infirm decrepit ", "uriniferous tubule bodynephron body", "passing actpassage act", "rio nunez coffee plantrobusta plant", "experimentation cognitioexperiment cognitio", "powerful knock do a ", "lichgate artifactlychgate artifact", "take advantage socialtrespass social", "pyrethrum plantpainted daisy plant", "take turns changealternate change", "water level locatiowaterline locatio", "fuddle stateclutter state", "insisting communicatioinsistence communicatio", "vibrate perceptioresonate perceptio", "viridity attributegreen attribute", "yarn dye changeimpress change", "balaenoptera borealis animalsei whale animal", "electron orbit locatioorbit locatio", "lillie persobeatrice perso"], "/r/LocatedNear": [], "/r/SimilarTo": ["large leafed leafy ", "captious critical ", "exaggerated increased ", "effective militaryoperational military", "tasty winey ", "fast breaking news article", "second rate inferior ", "disputatious argumentative ", "private nonpublic ", "coated glazed ", "free clear "], "/r/MadeOf": [], "/r/ReceivesAction": []}, "N2": {}}}