{"vacant": {"N1": {"/r/RelatedTo": ["vacancy", "avoidance", "provide", "castle", "sedes vacans", "by election", "leadership spill", "zombie out", "aoccupied", "byelection", "ghost home", "avacate", "aempty", "aintelligence", "dead eyed", "zombied out", "vacate", "nonvacant", "ainterest", "electron hole", "vacuous", "empty", "intervacuum", "siege perilous", "vacantlyr", "provision", "unoccupied", "hole state", "antiwarehousing", "listless", "vague", "lot"], "/r/UsedFor": [], "/r/LocatedAt": [], "/r/FormOf": [], "/r/IsA": [], "/r/PartOf": [], "/r/HasA": [], "/r/CapableOf": [], "/r/AtLocation": [], "/r/HasProperty": [], "/r/CreatedBy": [], "/r/Synonym": ["avacuous", "aavailable"], "/r/LocatedNear": [], "/r/SimilarTo": ["a empty ", "empty a ", "afree", "aunoccupied"], "/r/MadeOf": [], "/r/ReceivesAction": []}, "N2": {"/r/RelatedTo": {"/r/RelatedTo": [["vacant", "crystal", "lattice", "staff up", "unoccupied", "vacate", "divacancy", "vacivity", "intercessor", "multivacancy", "atom", "available", "empty", "trivacancy", "lacuna", "vacancies", "absence", "defect", "nothing"], ["ocnophil", "shu", "duck out", "opt in", "chastity", "reticence", "tax evasion", "avoiding", "quitting", "annulment", "survival", "anti avoidance", "under counter", "abience", "withdrawal", "cop out", "avoided", "femophobia", "wide berth", "mohatra", "dismissing", "removal", "careless", "photoavoidance", "evasive", "annulling", "shunning", "avoid", "avoidant", "vacant", "escape", "denial", "lazy"], ["give", "provider", "support", "beshield", "douceur", "rib", "redundancy", "liberal arts", "rhematic", "unprovidedlyr", "reseat", "monopoly", "sustain", "endow", "avail", "supplement", "overprovision", "battery powered", "incentify", "pound of flesh", "vocational school", "supergrass", "self sustaining", "vfurnish", "vecclesiastical", "drive", "fit out", "outfit", "bowsprit", "pay rent", "purvey", "shelter", "proviso", "afford", "pay bills", "advance", "guidant", "complement", "improvident", "exclusionary rule", "give away store", "offer up", "fix up", "bulwark", "steam", "cong\u00e9", "dinner", "provided", "vnecessities", "caterer", "speak for oneself", "ventilate", "reequip", "provisory", "cable", "tuft", "self supply", "wardrobe", "beholden", "foot rest", "illuminating", "profile", "provision", "standard fare", "nonsupport", "be there", "vmake", "justify", "meal ticket", "ventilation", "vbenefice", "umbrella", "fadeaway", "serve up", "providing", "hand on plate", "ghosting", "vneed", "beslipper", "provisor", "indulgence", "preprovide", "apothecary", "breakwater", "creed", "shunt", "victual", "put up", "jurat", "undergird", "koha", "lay on", "providable", "vvacant", "unproviding", "smoke up", "husband", "atomic age", "vprepare", "illustrate", "cloister", "underprovision", "ballast", "vprovisio", "subumber", "advantage", "besee", "enable", "vact", "exemplary", "vprovisor", "provident", "working mass", "vstipulate", "underprovide", "giving", "deliver", "supply", "shade", "feed", "furnish", "care", "give to", "care for", "make", "make available", "available", "capital", "family", "support family", "service", "actio", "employ", "important", "facility", "give facility", "entertai", "offer", "food", "bring", "bring food", "sharing", "taking", "taking care", "supplying", "charity", "families", "protect", "lead"], ["building", "house", "kings", "moat", "palace", "home", "fortress", "medieval", "kings home", "old", "stone", "king", "mansio", "royal", "cathedral", "luft", "vcheck", "vmust", "vfull", "vyorker", "constable", "vlength", "sally port", "castlet", "ch\u00e2teau", "tower", "qasr", "defence", "vprotect", "vvacant", "arrowslit", "battlemented", "vright", "castile", "peelhouse", "vtur", "vbatsma", "vspecial", "chatelain", "keep", "balgonie", "vsimilar", "siege warfare", "barbican", "vnearest", "keeper", "massymore", "castlingwikten 2", "vcastling", "vfar", "appendix:chess pieces", "gatehouse", "vside", "vrule", "becastled", "castellany", "bailey", "chemin de ronde", "caernarfon", "vseveral", "vrook", "rook", "vsame", "vkeep", "garderobe", "castling", "gwr", "castle guard", "vjapanese chess", "vbowl", "vend", "castles", "castled", "castlery", "vneither", "vstumps", "vhouse", "motte and bailey", "minstrels gallery", "vgo", "noblema", "donjon", "castlingwiktfr 1", "base court", "ravelin", "vnow", "castlelike", "ringwork", "vking", "vknock over", "bouncing castle", "castellations", "vhave", "vmove", "castleless", "swarf penny", "sandcastle", "ice palace", "fortified", "vseparate", "vmay", "burgrave", "castellology", "vsuch that", "vleft", "drawing room", "castlebuilding", "castellation", "vdefensive", "vhas", "forebuilding", "castellan", "dungeon", "chess", "starosty", "vcreate", "vcannot", "vpiece", "bartisan", "balmoral", "vsquare", "vpositio", "curtain wall", "vway", "gormenghastian", "boyer", "vball", "turret", "dwelling", "big", "kings house", "turrets", "knights", "towers", "medieval building", "stone building", "has", "has moat", "residence", "large", "fort", "king house", "rui", "mote", "princesses", "princess", "structure", "queens", "old building", "siege", "spai", "ancient", "royal home", "moats", "walls", "sand", "medieval structure", "old mansio", "queens house", "royalty", "rock", "rock building", "grand", "england", "historic mansio", "historic", "royal palace", "drawbridge", "moat drawbridge", "knight house", "knight", "kings residence", "live", "stronghold", "dungeons", "knights home", "giant", "large building", "giant house", "king home"], [], [], [], [], [], ["electio", "byelections", "vacant", "political"], [], [], [], [], [], [], ["vacation", "vcourt", "vpositio", "vriot", "vpublic authority", "vacated", "vdwelling", "vacatable", "move out", "vacancy", "checkout", "vacuate", "unvacated", "vvacant", "evacuate", "vnatural disaster", "varea", "voffice", "vorder", "vacatio", "vchoice", "vevictio", "vevacuate", "vmove out", "vacant", "vvacatio", "vannul", "vleave", "vjudgement", "vset aside"], ["avacant", "aoccupied"], [], [], ["vacuousness", "vacuouslyr", "midinette", "avacuousness", "essex girl", "aintelligence", "alack", "athought", "fluffhead", "avacuously", "acontent", "marshmallowy", "ecobabble", "wastoid", "bubbleheaded", "avacant", "avacuity", "vacuity", "vacuate"], ["space", "hollow a ", "nothing", "inanition", "helly family", "emptying", "vvoid", "message in bottle", "nightman", "emptyish", "vacuate", "unemptied", "vacuity", "dispeople", "gassing", "hydraulic belt", "dumpcart", "cartooney", "suck air out of", "evacuate", "emptilyr", "wishkah", "astring", "adevoid", "exsufflicate", "nullness", "overempty", "dead soldier", "dunny man", "all mouth and trousers", "aarray", "cockalorum", "grogging", "inane", "clean out", "jinny road", "zilde", "concave", "wood family", "emptiness", "arnk", "braggadocious", "cashed", "hot air", "area", "kerr geometry", "freehanded", "memberless", "jejune", "vacuous truth", "gasbag", "vacant", "terra nullius", "exinanition", "unemptiable", "unfill", "anull", "empties", "flummery", "shitless", "bag", "prittle prattle", "emptied", "emptiable", "holiday speeches", "vacancy", "devoid", "vaporsome", "odontostyle", "avacant", "vacuation", "lyndon word", "caked", "empty out", "rid out", "clear out", "dry riser", "free handed", "bottle rocket", "chao phraya", "lick clean", "clean", "aelement", "kicked", "rathole"], ["space", "vacant", "intervene", "avacuum", "interval"], [], [], ["vground provisions", "terce", "acceleration clause", "patro", "provisionment", "cates", "sutlering", "bibcock", "benefice", "providore", "nominatio", "reprovision", "provisioning", "nondisclosure agreement", "vresource", "video dial tone", "hijack", "presentatio", "manciple", "creditor's rights", "chandler", "collatio", "inductio", "vprovisional", "well covered", "contra", "devil is in details", "cookmaid", "food stamp", "overprovision", "provisioner", "installatio", "disincentivization", "passporting", "provide", "social welfare", "provisionless", "cognovit clause", "provisions", "vprovide", "pope", "room service", "vsystem", "transitional provision", "tanky", "unprovide", "caterer", "good", "self supply", "table board", "vaccount", "right of first refusal", "underprovision", "provident", "noncompete clause", "rhematic", "bill of store", "provisor", "sutler", "provisioned", "vdirect provisio", "providing", "supplies", "company store", "proviso", "victual", "victualling", "freedom of panorama", "bewist", "rider", "drayage", "sunset clause", "vdeprovisio", "contradistinction", "vprovisionings", "vacant", "vuser", "pro", "supply"], ["untenanted", "vacancy", "ainhabited", "aterritory", "lumo", "aidle", "atask", "aused", "atenant", "inoccupancy", "aoccupied", "dead freight", "aemployed", "tenantless", "avacant", "afree"], [], ["atenant", "aowner", "avacant", "abuilding", "arent"], ["listlessness", "deadhearted", "athoughtless", "listlesslyr", "dull", "aliveliness", "aapathetic", "aheedless", "acareless", "poppied", "thewless", "aenergy", "alanguid", "dowf", "asupine", "languor", "anemic", "avacant", "zombie out", "toneless", "ainattentive", "zombied out", "aenthusiasm", "supine", "aimpassive"], ["vaguelyr", "impression", "generic", "indeterminant", "penumbrous", "adumbrate", "fuzzword", "vstray", "angst", "vaguish", "catch one's drift", "nonvague", "indeterminate", "vagueish", "aslight", "indefinite", "passing", "asubconscious", "prefiguration", "aindistinct", "woolly minded", "avaguely", "ambiguous", "squishy", "avagrant", "avagabond", "fuzzy", "unvague", "avagueness", "ambagious", "out of sorts", "expanse", "vroam", "pareidolia", "ahazy", "vaguery", "handwaving", "fudge", "sophisticate", "chartless", "disclarity", "aindefinite", "nonanswer", "eventology", "vagueness", "buffyspeak", "vwander", "adumbration", "glimmeringlyr", "avacant", "motherhood statement", "misteous", "indistinct", "hand waving", "ring bell", "imperspicuous", "don't do anything i wouldn't", "hinterland", "abstract", "away", "unclear", "nonspecific", "concept", "general", "obtuse directions", "obtuse", "directions"], ["much", "parking", "many", "crowd", "lottery", "lots", "land", "most", "property", "area", "bunch", "house", "space", "abraham", "sortition", "quite bitr", "lotto", "milesr", "great deal", "allot", "vsort", "vreckon o", "alternat", "weight", "d\u00e9partement", "unit", "alotta", "decimate", "vallot", "mansionization", "homeowner association", "lotless", "heap", "nephew", "rextent", "decimation", "like sound of one's own voice", "pound", "moab", "lotted", "plot", "blank", "quite few", "europea", "concession", "parcel", "damn sightr", "allotment", "cahors", "fuck sight", "damn sight", "lot of bitr", "good deal", "demarchy", "beaucoup", "multilot", "subdivider", "chatty cathy", "france", "lord of misrule", "jingbang", "fuck sightr", "great dealr", "vapportio", "tons", "mostr", "erfwikten 2", "sandlot", "urim and thummim", "for days", "thing or two", "forty leven", "melee", "lot number", "everything", "boodle", "concession road", "lot of", "lotholder", "rfrequently", "morer", "midi pyr\u00e9n\u00e9es", "rofte", "middle ages", "portion", "vcount o", "heapsr", "good dealr", "empty", "ofte", "abundance", "place", "parking area", "cars", "vacant", "quantity", "very", "plenty", "land parcel"]], "/r/UsedFor": [[], [], [], ["enhancing prestige", "housing prince", "exploring", "important building in historical times", "housing king", "guarding against people", "king's home", "shelter during battle", "fairy tale place", "housing princess", "kings", "touring", "protected dwelling", "fu", "capturing pa ", "housing quee"], [], [], [], [], [], [], [], [], [], [], [], [], [], [], [], [], [], [], [], [], [], [], [], [], [], [], [], []], "/r/LocatedAt": [[], [], [], [], [], [], [], [], [], [], [], [], [], [], [], [], [], [], [], [], [], [], [], [], [], [], [], [], [], [], [], []], "/r/FormOf": [["vacancies"], ["avoidances"], ["providing", "provideth", "provides", "provided", "providest"], ["castles", "castled"], [], [], [], [], [], ["byelections"], [], [], [], [], [], [], ["vacates", "vacating", "vacated"], [], [], [], [], ["emptying", "emptied", "empties", "emptier", "emptieth"], ["intervacua"], [], [], ["provisions", "provisioned", "provisioning"], [], [], [], [], ["vagued", "vagues", "vaguer", "vaguing", "vaguest"], ["lotting", "lots", "alot", "alotr", "lotted"]], "/r/IsA": [[" stateemptiness state", "situation"], [" actrejection act", "near thing act", "aversion act", "escape act"], [], ["large richly decorated building", " actchess move act", " artifactfortification artifact", " chesschessman artifact", "large building", "keep", "shelter intended for humans", "fancy", "home", "where king stays", "for many people home", "piece", "dwelling", "very large house", "wpnovelbook"], [], [], [], [], [], [], [], [], [], [], [], [], [], [], [], [], [], [" artifactcontainer artifact"], [], [], [], ["subvention act", " communicatiocondition communicatio", " actactivity act", "purveyance act", "feeding act", "issue act", "logistics act", "stocking act", "fueling act", "irrigation act", "healthcare delivery act", " possessiostore possessio", "fuelingopencycprovision 273", "opencycprovisionssupply", "propositional information"], [], [], [], [], [], [" locatiotract locatio", "parking lot location locatio", "vacant lot location locatio", "wpriverriver"]], "/r/PartOf": [[], [], [], ["keep artifact", "turret artifact"], [], [], [], [], [], [], [], [], [], [], [], [], [], [], [], [], [], [], [], [], [], [], [], [], [], [], [], []], "/r/HasA": [[], [], [], [], [], [], [], [], [], [], [], [], [], [], [], [], [], [], [], [], [], [], [], [], [], [], [], [], [], [], [], []], "/r/CapableOf": [[], [], [], [], [], [], [], [], [], [], [], [], [], [], [], [], [], [], [], [], [], ["bladder"], [], [], [], [], [], [], [], [], [], ["happen behind closed doors", "piece of land", "large number of"]], "/r/AtLocation": [[], [], [], ["europe", "knight", "germany", "quee", "king", "prince", "england", "fairy tale", "edinburgh", "tower", "rook", "passageway", "salo", "cellar", "doorway", "tapestry", "jolly ol england", "front courtyard"], [], [], [], [], [], [], [], [], [], [], [], [], [], [], [], [], [], [], [], [], [], [], [], [], [], [], [], []], "/r/HasProperty": [[], [], [], ["cold and damp"], [], [], [], [], [], [], [], [], [], [], [], [], [], [], [], [], [], ["space", "night table", "when person dies body", "houses", "salad bowl", "piggy bank", "glass", "liquor glass"], [], [], [], [], [], [], [], [], ["implied rules"], []], "/r/CreatedBy": [[], [], [], [], [], [], [], [], [], [], [], [], [], [], [], [], [], [], [], [], [], [], [], [], [], [], [], [], [], [], [], []], "/r/Synonym": [[" shapevoid shape"], ["turning away act", "shunning act", "dodging act"], ["bring home bacon possession possessio", "ply consumption consumptio", "v possessiosupply possessio", "supply consumption consumptio", "v stativeleave stative", "v socialput up social", "cater consumption consumptio", "vshare", "contribute", "cater"], ["castling act", "rook chess", " artifactpalace artifact", "vcastellate", "rook", "castellatewikten 1", "vfortify", "fortress", "wpnovelwpnovel", ""], [], [], [], [], [], [], [], [], [], [], [], [], ["give up social", "v communicatiorevoke communicatio", "renounce social", "empty motion motio", "resign social", "abandon motion motio", "vwithdraw", "abandon", "abdicate", "invalidate"], [], [], [], ["empty a ", "a mindless ", "hollow a ", "insipid", "vacant"], ["discharge change", "a vacuous ", "v motiovacate motio", "a empty bellied ", "v bodyevacuate body", "aunoccupied", "evacuate", "pour out", "airy"], [], [], [], [" cognitioplanning cognitio", "purvey possession possessio", "supply act", "supplying act", "proviso communication communicatio", "vsupply", "vvictual"], ["a untenanted ", "empty"], [], [], ["a dispirited ", "lackadaisical"], ["a undefined ", "a shadowy ", "aimprecise", "obscure a ", "aobscure", "aambiguous", "weak", "imprecise"], [" groupset group", " statefortune state", " groupbunch group", "v possessiodistribute possessio", "rloads", " artifactdraw artifact", "very muchr", "loadsr", "r great dealr ", " quantitybatch quantity", "tons", "crowd", "lotsr", "plot", "allotment", "batch", "much", "rtons", "many", "fate", "prize", "beat bandr", "vastlyr", "rlots", "rvery much", "ofter", "destiny", "load", "muchr", "thing or two", "wpbiblical personwpbiblical perso"]], "/r/LocatedNear": [[], [], [], [], [], [], [], [], [], [], [], [], [], [], [], [], [], [], [], [], [], [], [], [], [], [], [], [], [], [], [], []], "/r/SimilarTo": [[], ["minced oath"], ["vdeliver", "vprocure", "vfurnish", "vequip", "vpurvey"], ["castella"], [], [], [], [], [], [], [], [], [], [], [], [], [], [], [], [], ["meaningless a ", "a meaningless ", "a empty ", "empty a "], ["a blank ", "a vacant ", "plundered a ", "a glassy ", "blank a ", "a stripped ", "a empty handed ", "drained a ", "a lifeless ", "a vacuous ", "a void ", "empty handed a ", "lifeless a ", "vacant a ", "vacuous a ", "glassy a ", "a plundered ", "void a ", "stripped a ", "a drained "], [], [], [], ["proviso"], ["a relinquished ", "spare a ", "relinquished a ", "a spare ", "a free ", "free a ", "vacant", "afree"], [], [], ["lethargic a ", "a lethargic "], ["unclear a ", "a unclear ", "afuzzy", "aobscure"], []], "/r/MadeOf": [[], [], [], [], [], [], [], [], [], [], [], [], [], [], [], [], [], [], [], [], [], [], [], [], [], [], [], [], [], [], [], []], "/r/ReceivesAction": [[], [], [], [], [], [], [], [], [], [], [], [], [], [], [], [], [], [], [], [], [], [], [], [], [], [], [], [], [], [], [], ["considered share of", "considered measurement"]]}, "/r/UsedFor": {}, "/r/LocatedAt": {}, "/r/FormOf": {}, "/r/IsA": {}, "/r/PartOf": {}, "/r/HasA": {}, "/r/CapableOf": {}, "/r/AtLocation": {}, "/r/HasProperty": {}, "/r/CreatedBy": {}, "/r/Synonym": {"/r/RelatedTo": [[], []], "/r/UsedFor": [[], []], "/r/LocatedAt": [[], []], "/r/FormOf": [[], []], "/r/IsA": [[], []], "/r/PartOf": [[], []], "/r/HasA": [[], []], "/r/CapableOf": [[], []], "/r/AtLocation": [[], []], "/r/HasProperty": [[], []], "/r/CreatedBy": [[], []], "/r/Synonym": [[], []], "/r/LocatedNear": [[], []], "/r/SimilarTo": [[], []], "/r/MadeOf": [[], []], "/r/ReceivesAction": [[], []]}, "/r/LocatedNear": {}, "/r/SimilarTo": {"/r/RelatedTo": [[], [], [], []], "/r/UsedFor": [[], [], [], []], "/r/LocatedAt": [[], [], [], []], "/r/FormOf": [[], [], [], []], "/r/IsA": [[], [], [], []], "/r/PartOf": [[], [], [], []], "/r/HasA": [[], [], [], []], "/r/CapableOf": [[], [], [], []], "/r/AtLocation": [[], [], [], []], "/r/HasProperty": [[], [], [], []], "/r/CreatedBy": [[], [], [], []], "/r/Synonym": [[], [], [], []], "/r/LocatedNear": [[], [], [], []], "/r/SimilarTo": [[], [], [], []], "/r/MadeOf": [[], [], [], []], "/r/ReceivesAction": [[], [], [], []]}, "/r/MadeOf": {}, "/r/ReceivesAction": {}}}, "": {"N1": {"/r/RelatedTo": ["windowdoor", "worklabor", "butchermeat", "gallomeasure", "woundgash", "punishmentcrime and", "chickelaying", "thricerthree", "informed educated ", "closed obstructed ", "transpondianrightpondia", "mystifymystery", "audiovisualsaudiovisual"], "/r/UsedFor": ["flash artifactlight physics", "string bassplaying music"], "/r/LocatedAt": [], "/r/FormOf": ["air burstsair burst", "pot belliespot belly", "cross sectionscross sectio"], "/r/IsA": ["suburb locatioresidential district locatio", "western skink animalskink animal", "inertial mass physicsmass attribute", "leading man persoactor perso", "occasion timetime time", "tree toad animalfrog animal", "petaurista animalmammal genus animal", "torch singer persosinger perso", "drop arch artifactpointed artifact", "rottenstone substancelimestone substance", "scorpionfish animalscorpaenid animal", "temporary hookup artifactconnection artifact", "acrylic fiber substanceman made substance", "dependence statestate ", "overhand pitch actpitch baseball", "american spikenard plantsubshrub plant", "hedonist persosensualist perso", "homecoming actreunion act", "aldrovanda plantdicot genus plant", "ambystomatidae animalamphibian family animal", "assist ice hockeymaneuver act", "tithe barn artifactbarn artifact", "hypsometer artifactaltimeter artifact", "papyrus communicatiodocument communicatio", "cacodyl substancegroup chemistry", "penance actsacrament act", "rule of evidence lawrule communicatio", "usherette persousher perso", "hooks bodyhand body", "bilabial communicatiolabial consonant communicatio", "kurdish communicatioiranian communicatio", "theism cognitioreligion cognitio", "aristocrat persoleader perso", "bundesbank groupcentral bank group", "skirtform of female attire", "yardarm artifactend locatio", "supreme court lawfederal group"], "/r/PartOf": ["satachristian myth", "old testament communicatiobible communicatio", "styloid process bodytemporal bone body", "voider artifactbody armor artifact", "tower of london artifactlondon locatio"], "/r/HasA": ["baywater"], "/r/CapableOf": ["blanketscover bed", "chefbone chicke", "authorswrite books"], "/r/AtLocation": ["windowhouse", "dustcarpet", "action figuretoy department", "barbershopmall", "mouselab maze"], "/r/HasProperty": [], "/r/CreatedBy": [], "/r/Synonym": ["hawaiian honeycreeper animalhoneycreeper animal", "thing cognitiomatter cognitio", "dprk locationorth korea locatio", "gas tight air ", "get into possessioget in possessio", "west persocicily isabel fairfield perso", "sapindus drumondii plantwild china tree plant", "abls communicatiobachelor of arts in library science communicatio", "homburg artifactfedora artifact", "choking coil artifactchoke artifact", "sewerage artifactsewer artifact", "fish bowl stategoldfish state", "caddy golfcaddie golf", "moray eel animalmoray animal", "family zygnemataceae animalzygnemataceae animal", "severity attributeaustereness attribute", "hors d oeuvre foodhors food", "chukka artifactchukka boot artifact", "immunise competitioimmunize competitio", "kindling pointautoignition temperature", "corruptlyr corruptedlyr ", "lazy faineant ", "copernicia prunifera plantcarnauba plant", "log z's bodysleep body", "sworn pledged ", "palestine authority grouppalestine national group", "polyodon spathula animalpaddlefish animal", "linnaea borealis americana plantamerican twinflower plant", "stylise artstylize art", "thank youthank you very much", "infirm decrepit ", "uriniferous tubule bodynephron body", "passing actpassage act", "rio nunez coffee plantrobusta plant", "experimentation cognitioexperiment cognitio", "powerful knock do a ", "lichgate artifactlychgate artifact", "take advantage socialtrespass social", "pyrethrum plantpainted daisy plant", "take turns changealternate change", "water level locatiowaterline locatio", "fuddle stateclutter state", "insisting communicatioinsistence communicatio", "vibrate perceptioresonate perceptio", "viridity attributegreen attribute", "yarn dye changeimpress change", "balaenoptera borealis animalsei whale animal", "electron orbit locatioorbit locatio", "lillie persobeatrice perso"], "/r/LocatedNear": [], "/r/SimilarTo": ["large leafed leafy ", "captious critical ", "exaggerated increased ", "effective militaryoperational military", "tasty winey ", "fast breaking news article", "second rate inferior ", "disputatious argumentative ", "private nonpublic ", "coated glazed ", "free clear "], "/r/MadeOf": [], "/r/ReceivesAction": []}, "N2": {}}}