{"watermelon": {"N1": {"/r/RelatedTo": ["communist", "pinkish", "watermelons", "citrullus lanatus", "makataan", "melo", "melon ball scooper", "colour", "citrulline", "pip", "head", "seed"], "/r/UsedFor": []}, "N2": {"/r/RelatedTo": {"/r/RelatedTo": [["communism", "communists", "komsomol", "princeling", "vietcong", "councilism", "people's army", "saturdaying", "red", "red ragger", "duna gate", "panda hugger", "redbait", "presidium", "philosophy", "beefsteak nazi", "red baiting", "acommunism", "femmunist", "warsaw pact", "red under bed", "trotskyan", "li sanism", "communist bandit", "east germany", "unavailable", "noncommunist", "ub", "pinko", "free world", "communize", "dictatorship of proletariat", "red diaper baby", "khmer rouge", "pathet lao", "socialist", "stalinism", "trotskyite", "commune", "subversive", "trotskyism", "better dead than red", "splittism", "soviet bloc", "comrade", "eastern bloc", "marxism leninism", "brezhnevian", "dekulakization", "viet minh", "cryptocommunist", "agitprop", "great leap forward", "comsymp", "marxism", "revolutionary", "brezhnevite", "bolshie", "leninist", "castrist", "hard left", "community", "bolshevik", "digger", "naxalite", "fellow traveller", "hsien", "watermelon", "dekulakize", "warsaw treaty organization", "councilist", "communist party", "comintern", "chicom", "red chinese", "bamboo curtain", "kropotkinian", "radical", "postcommunism", "china"], ["floral white", "snow banner", "fibrokeratoma", "apink", "mountbatten pink", "pinkishlyr", "partially defatted pork fatty tissue", "salmon coloured", "crushed strawberry", "spodumene", "salmon", "belt of venus", "carnation", "watermelon", "strawberry", "pink up", "ashes of rose", "pinkishness"], ["watermelo"], [], ["watermelo"], ["city", "cerro largo", "music"], [], ["blue", "paint", "red", "gree", "black", "hue", "technicolor", "red blue", "british", "yellow", "colour in", "heather mixture", "bath bomb", "false colour", "gynochrome", "sanguine", "motley", "wine gum", "rainbowlike", "forecolour", "neon lamp", "buoyage", "becolour", "clashy", "cream", "reflectin", "chromometer", "dark haired", "chromolithography", "neutral", "chemical clock", "biodot", "clouding", "knife coloured", "renditioning", "mantis", "endpoint", "mustard", "polychrome", "trichroism", "spatiochromatic", "black letter", "auburn", "caf\u00e9 au lait", "chromonychia", "chrome", "neon sign", "verdigris", "colour television", "beige", "self colour", "hyacinthine", "metachrosis", "copperbar", "trichrome", "allochromatic", "optical spectrum", "oligochromatic", "walnut", "achromatopia", "sky blue pink", "eucalyptus", "fusiform gyrus", "eyewikten 1", "plashy", "chromatopsia", "xonotlite", "hazel", "metrochrome", "drabber", "fuchsia", "metachromasia", "suffulted", "burgundy", "point", "monography", "jasmine", "madder lake", "greenness", "bichrome", "mahogany", "kamagraphy", "idiochromatic", "uncolored", "isochromatic", "chiaroscurist", "white light", "verdant", "solvatofluorochromism", "nigella", "kromskop", "untinctured", "chorochromatic", "amethyst", "sapphire", "chromogen", "coral", "colourless", "yellowishness", "pseudocolouring", "monocolour", "chromaticity", "antigreen", "solferino", "heterochromatic", "gunmetal grey", "dichromic", "spongeware", "cyan", "heterochlamydeous", "hueless", "normochromatic", "clear", "chestnut", "melatonin", "show globe", "pansharpening", "coral bleaching", "trichromatic", "chromography", "chroma dot", "plainwikten 1", "osascomp", "decoloured", "orange", "torrent bow", "double dyed", "balayage", "tumbleweed", "chromameter", "voxel", "tinctumutation", "snarkwikten 2", "alabaster", "superpixel", "chromotrope", "darken", "chromatology", "chromatrope", "aquamarine", "chromoxylograph", "blueberry", "white", "concolorate", "fiery", "kinemacolor", "apple green", "trichromic", "flame test", "manatee", "achromic", "oil paint", "chromometry", "panchromatic", "mechanochromism", "tonewikten 1", "wagon wheel", "photochromy", "ermined", "sienna", "particoloured", "coloured", "camaieu", "smoky", "subtractive", "indigo", "color space", "polychromatic", "alpha channel", "alpha blending", "sweet pea", "piezochromism", "peridot", "sable", "ensign", "dubonnet", "benedict's solution", "aubergine", "semenogram", "rose coloured", "majolica", "night mode", "chartreuse", "allochromasia", "lemon", "shadelesslyr", "prisoner's cinema", "indian corn", "flavescin", "chromascope", "silk screen printing", "washed out", "canary", "almond", "dirty blond", "artichoke", "chromatogenous", "love in mist", "monochrome", "gouraud shading", "brown bread", "acid base indicator", "ganzfeld effect", "carmine", "chemochromic", "cone cell", "carnation", "aqua", "tincture", "rosewikten 1", "pentachromic", "bicoloured", "manila", "hyperchromatism", "colours", "oligochrome", "rosaniline", "pickled pine", "lemony", "saturation", "pistachio", "patina", "brassen", "vermilion", "chemical indicator", "chromatoptometer", "awareness ribbon", "lightish", "tinct", "fair isle", "chromatics", "colorpuncture", "pigmentate", "electrochromism", "day glo", "ultraviolet", "allochroic", "lime green", "dyed", "amethystine", "celadon", "coloristic", "undertone", "heat map", "tinty", "colorimetry", "metallochromy", "two tone", "decolour", "bannerman", "areolation", "black rice", "isabella", "albic", "interchromatic", "trophy money", "stripe", "solvatochromism", "ebony", "british racing green", "bicolour", "khaki green", "flag", "bainin", "supervoxel", "bit depth", "halochromism", "hydrochromic", "hueful", "grape", "amaranthine", "tobiano", "food colouring", "paget process", "mulberry", "plaga", "multishade", "colouring", "borax bead test", "orthochromatic", "kaleidoscope", "yellow green", "chromophore", "charcoal", "tint", "taupe", "coloureth", "primrose", "tricolored", "subluminous", "chromophotography", "london smoke", "anticolour", "houndstooth", "sombre", "decolourize", "colourest", "colourfast", "symphony", "monochroic", "painting by numbers", "heliochromy", "erythrophobia", "leucoscope", "watermelon", "chinese lantern", "palette", "multicolours", "hertzsprung russell diagram", "green", "palettize", "piezochromic", "component video", "choropleth map", "whitefin", "chromomagnetism", "suffuse", "licorice", "saffron", "regio", "colour code", "fluorite", "dandelion", "depaint", "thermochromism", "irisated", "violet", "homochromy", "bronze", "shade", "shadeset", "flood fill", "variegation", "bendy", "blossom", "tardis blue", "achromatize", "achromatous", "miscoloured", "chrominance", "cyano", "acidochromism", "undyed", "brownish", "trichopathophobia", "monocoloured"], ["citrullinemia", "deimination", "citrullination", "amino acid", "urea cycle", "hypocitrullinemia", "ornithine transcarbamylase", "peptidylcitrulline", "citrullinated", "intermediate", "watermelo", "citrullinate"], ["wikten 3dormant", "pipper", "wikten 1malaise", "seven", "wikten 2stone", "wikten 3firema", "three", "vwikten 4chirp", "quatre", "wikten 6increment", "pipsqueak", "pipped", "vwikten 3hit", "pip at post", "pips", "pipless", "refait", "diminutive", "wikten 1birds", "pop", "wikten 2orange", "give pip", "phillip", "sancho pedro", "given name", "wikten 6currency", "nine", "wikten 2pit", "wikten 2apple", "single", "wikten 3shoot", "pip to post", "pippy", "watermelon", "philippa", "pipping", "minor arcana", "double", "beep", "combine", "wikten 5time", "playing card", "cinq", "two", "philip", "grape stone", "wikten 3playing card", "seed"], ["cro ", "neck", "body", "brai", "chief", "top", "face", "eye", "part", "eyes", "body part", "captai", "above", "shoulders", "skull", "above neck", "ears", "on neck", "on shoulders", "nod", "mouth", "hair", "round", "nose", "helmet", "head firstr", "headache", "head scratcher", "bicoid", "mind", "hat", "ball", "body top", "president", "top body", "holder", "capital", "thinking", "has", "container", "on top", "melo", "above shoulders", "brains", "brain holder", "brain container", "noggi", "lice", "pillow", "hammer", "holds", "holds brai", "doll", "eyes ears", "contains", "eyes nose", "cranium", "crisis", "multicipital", "bullen nail", "web", "headmistress", "unstrike", "tap bolt", "anthodium", "noll", "greater trochanter", "preceptor", "nonhead", "slickhead", "mukhtar", "bobblehead", "headhunt", "renverse", "cylinder head sector", "horn", "rattail", "humphead", "jefe", "knobheaded", "wedge salad", "three headed", "behead", "borsholder", "clinocephaly", "drizzler", "statokinetic", "toppiece", "knowledge box", "life jacket", "backball", "zero marking", "fishhead", "cephalon", "acephalopodia", "swirl flap", "rimshot", "clevis pin", "croze", "niddle noddle", "redout", "leave", "beanball", "manaia", "shirshasana", "pickaxe", "headrest", "pikehead", "supratentorial", "dyscephalia", "craterization", "headbolt", "noddle", "leader", "craniadr", "actuator", "chanceryr", "cephalic", "donkey punch", "cephalopolysyndactyly", "vignette", "bol'shak", "khoja", "subdural hematoma", "escutcheon pin", "vine staff", "bra ", "cephalization", "cuphead", "fluid", "make tracks for", "cunnilingus", "mobled", "bonnet piece", "obturaculum", "headtracking", "toilet", "rigolette", "tadpole", "dicephalic", "cephalopelvic", "blowhole", "rachis", "bilateral symmetry", "flower", "foot", "cephalomere", "tonsure", "headprint", "fa"], ["plant", "plants", "baby", "growing", "beginning", "small", "baby plant", "planting", "grai", "nut", "embryo", "fruit", "egg", "plant beginning", "pod", "starter", "plant embryo", "plant baby", "flower", "grow", "acor", "plant egg", "growing plants", "plant starter", "tiny", "shell", "reproductio", "origi", "ground", "food", "tree", "germinatio", "planted", "part", "thermopriming", "dibwikten 1", "naked seed", "tanoak", "pyxidium", "oligospermous", "pseudocereal", "croton oil", "soya bean", "spiricle", "sabadilla", "palaeophytic", "heartseed", "seedful", "loukaniko", "birdseed", "evening primrose oil", "jequirity", "head", "bisexual", "seminiform", "synaptospermy", "apple seed", "calophyllolide", "abernethy biscuit", "seedly", "ramtil", "niopo", "retinaculum", "gymnosperm", "phanerogam", "rattlebox", "african nutmeg", "sprout", "myxospermy", "indutive", "propagule", "gurt", "seed vault", "bindi", "dibber", "st ignatius bean", "hilum", "resow", "stock do v", "deadheading", "cosmozoa", "calabar bean", "pepita", "bitter almond", "silicle", "gymnospermous", "niblet", "allyl isothiocyanate", "wattleseed", "overseed", "niger", "chaulmoogric acid", "hydroseed", "sesamoid", "ornithochory", "coleorhiza", "seedline", "seedhouse", "monospermous", "monoembryony", "sesame", "acrospire", "macadamia nut", "seedeating", "kitniyot", "thistledo ", "jarina", "cicatricle", "podosperm", "therophyte", "cocoa bean", "seedless", "seedeater", "furikake", "seedest", "samaroid", "saurochory", "operculum", "fern", "reseed", "chawanmushi", "carpology", "endozoochorous", "allochory", "betel nut", "spermatophorous", "betel", "kayamb", "pumpkinseed", "endosperm", "grapestone", "galactin", "monospermal", "linseed oil", "oilpresser", "sunflower seeds", "lovebead", "seminiferous", "fern seed", "taxine", "apricot", "petroselinic acid", "ricinine", "hayseed", "ben oil", "gorli oil", "animated oat", "nucamentaceous", "aniseed", "germinate", "caulicle", "pteridophyte", "myrmecochorous", "laburnine", "seedbox", "birdfeed", "cryptogam", "aril", "graminivorous", "saunf", "hydrochoric", "seedcase", "seedhead", "hydrochory", "fruitification", "stickweed", "seeds", "seedpod", "microseeding", "go to seed", "dragon's beard candy", "nutmeggy", "cydonin", "granivorous", "polychorous", "unseeded", "viviparous", "bittersweet", "mustard oil", "malabar nut", "vasculiferous", "funiculus", "seedborne", "agamospermy", "chlorospermous", "carvone", "cacoon", "candlenut", "pappus", "vseeding", "jojoba", "achiote", "true to seed", "biopriming", "horse chestnut", "lentil", "pentaspermous", "pichurim bean", "hotbed", "seedbearing", "pigeon pea", "diamond square algorithm", "starch", "deseed", "mahwa tree", "mesocotyl", "aigrette", "sarcobasis", "pejibaye", "fava", "pignolia", "photoblastic", "ornithochore", "blowball", "harmala alkaloid", "xanthoxylene", "egusi", "peritropal", "sinapine", "mast seeding", "twinberry", "polyembryo", "quaker buttons", "lariciresinol", "rapeseed", "octospermous", "uva", "germination", "disperser", "seedling", "multiseed", "jatrophic", "murumuru", "zoochory", "corngate", "seed plant", "annonin", "warharmi", "lupinin", "fenugreek", "diszoochory", "herb", "oilseed radish", "polypyrenous", "sumbala", "vseedless", "caraway", "dorsiferous", "topsetting", "annatto", "pepo", "limonin", "grape stone", "seedlike", "episperm", "seedzone", "buckeye", "areca nut", "hypocotyl", "seedcorn", "seedbed", "sesame oil", "oilseed cake", "preformation", "spermato", "coronule", "dukkah", "cotyledon", "endopleura", "karanjin", "black bean", "ornithochorous", "multisiliquous", "miliary", "chiropterochory", "ant rice", "fennel", "ovule", "asili", "angiospermous", "apple core", "reseedable", "rattlepod", "oat", "physic nut", "finch", "diplochorous", "chichling", "y fenni", "cotton gin", "polycotyledon", "caytonialean", "pine nut", "agrovet", "vseedling", "kernel", "ololiuhqui", "spermatophyte", "medullosalean", "preemergent", "brown bagging", "allseed", "fruitify", "kalonji", "erucic acid", "octolocular", "mustard plaster", "red rice", "broad bean", "carpolite", "myronic acid", "xanthospermous"]], "/r/UsedFor": [[], [], [], [], [], [], [], [], [], [], ["bang on wall", "think", "go to bathroom i", "hats", "go to bathroom", "beginning", "receive hammer's blow", "froth on beer"], []]}, "/r/UsedFor": {}}, "N3": [["communist", ["/r/RelatedTo", "/r/RelatedTo", "/r/RelatedTo"]], ["commune", ["/r/RelatedTo", "/r/RelatedTo", "/r/RelatedTo"]], ["arbitrary", ["/r/RelatedTo", "/r/RelatedTo", "/r/RelatedTo"]], ["jewish bolshevism", ["/r/RelatedTo", "/r/RelatedTo", "/r/RelatedTo"]], ["precommunist", ["/r/RelatedTo", "/r/RelatedTo", "/r/RelatedTo"]], ["solidarity", ["/r/RelatedTo", "/r/RelatedTo", "/r/RelatedTo"]], ["communistic", ["/r/RelatedTo", "/r/RelatedTo", "/r/RelatedTo"]], ["noncommunism", ["/r/RelatedTo", "/r/RelatedTo", "/r/RelatedTo"]], ["islamocommunism", ["/r/RelatedTo", "/r/RelatedTo", "/r/RelatedTo"]], ["liberalism", ["/r/RelatedTo", "/r/RelatedTo", "/r/RelatedTo"]], ["statism", ["/r/RelatedTo", "/r/RelatedTo", "/r/RelatedTo"]], ["political spectrum", ["/r/RelatedTo", "/r/RelatedTo", "/r/RelatedTo"]], ["communalism", ["/r/RelatedTo", "/r/RelatedTo", "/r/RelatedTo"]], ["hammer and sickle", ["/r/RelatedTo", "/r/RelatedTo", "/r/RelatedTo"]], ["deviationism", ["/r/RelatedTo", "/r/RelatedTo", "/r/RelatedTo"]], ["capitalism", ["/r/RelatedTo", "/r/RelatedTo", "/r/RelatedTo"]], ["anticommunist", ["/r/RelatedTo", "/r/RelatedTo", "/r/RelatedTo"]], ["communisms", ["/r/RelatedTo", "/r/RelatedTo", "/r/RelatedTo"]], ["anticommunism", ["/r/RelatedTo", "/r/RelatedTo", "/r/RelatedTo"]], ["socialism", ["/r/RelatedTo", "/r/RelatedTo", "/r/RelatedTo"]], ["mccarthyism", ["/r/RelatedTo", "/r/RelatedTo", "/r/RelatedTo"]], ["postcommunist", ["/r/RelatedTo", "/r/RelatedTo", "/r/RelatedTo"]], ["community", ["/r/RelatedTo", "/r/RelatedTo", "/r/RelatedTo"]], ["philosophy", ["/r/RelatedTo", "/r/RelatedTo", "/r/RelatedTo"]], ["ideology", ["/r/RelatedTo", "/r/RelatedTo", "/r/RelatedTo"]], ["maoism", ["/r/RelatedTo", "/r/RelatedTo", "/r/RelatedTo"]], ["state capitalism", ["/r/RelatedTo", "/r/RelatedTo", "/r/RelatedTo"]], ["communistically", ["/r/RelatedTo", "/r/RelatedTo", "/r/RelatedTo"]], ["leninist", ["/r/RelatedTo", "/r/RelatedTo", "/r/RelatedTo"]], ["totalitarianism", ["/r/RelatedTo", "/r/RelatedTo", "/r/RelatedTo"]], ["third position", ["/r/RelatedTo", "/r/RelatedTo", "/r/RelatedTo"]], ["leftism", ["/r/RelatedTo", "/r/RelatedTo", "/r/RelatedTo"]], ["anticommunistic", ["/r/RelatedTo", "/r/RelatedTo", "/r/RelatedTo"]], ["red scare", ["/r/RelatedTo", "/r/RelatedTo", "/r/RelatedTo"]], ["collectivism", ["/r/RelatedTo", "/r/RelatedTo", "/r/RelatedTo"]], ["oppressive", ["/r/RelatedTo", "/r/RelatedTo", "/r/RelatedTo"]], ["commie", ["/r/RelatedTo", "/r/RelatedTo", "/r/RelatedTo"]], ["decommunize", ["/r/RelatedTo", "/r/RelatedTo", "/r/RelatedTo"]], ["communal", ["/r/RelatedTo", "/r/RelatedTo", "/r/RelatedTo"]], ["marxism", ["/r/RelatedTo", "/r/RelatedTo", "/r/RelatedTo"]], ["productio", ["/r/RelatedTo", "/r/RelatedTo", "/r/RelatedTo"]], ["political", ["/r/RelatedTo", "/r/RelatedTo", "/r/RelatedTo"]], ["zyuganovism", ["/r/RelatedTo", "/r/RelatedTo", "/r/RelatedTo"]], ["trotskyism", ["/r/RelatedTo", "/r/RelatedTo", "/r/RelatedTo"]], ["domino effect", ["/r/RelatedTo", "/r/RelatedTo", "/r/RelatedTo"]], ["collectively", ["/r/RelatedTo", "/r/RelatedTo", "/r/RelatedTo"]], ["domino theory", ["/r/RelatedTo", "/r/RelatedTo", "/r/RelatedTo"]], ["stalinism", ["/r/RelatedTo", "/r/RelatedTo", "/r/RelatedTo"]], ["procommunism", ["/r/RelatedTo", "/r/RelatedTo", "/r/RelatedTo"]], ["deviationist", ["/r/RelatedTo", "/r/RelatedTo", "/r/RelatedTo"]], ["procommunist", ["/r/RelatedTo", "/r/RelatedTo", "/r/RelatedTo"]], ["communistical", ["/r/RelatedTo", "/r/RelatedTo", "/r/RelatedTo"]], ["red diaper baby", ["/r/RelatedTo", "/r/RelatedTo", "/r/RelatedTo"]], ["marxist", ["/r/RelatedTo", "/r/RelatedTo", "/r/RelatedTo"]], ["feudalism", ["/r/RelatedTo", "/r/RelatedTo", "/r/RelatedTo"]], ["brezhnev doctrine", ["/r/RelatedTo", "/r/RelatedTo", "/r/RelatedTo"]], ["stagism", ["/r/RelatedTo", "/r/RelatedTo", "/r/RelatedTo"]], ["totalitaria", ["/r/RelatedTo", "/r/RelatedTo", "/r/RelatedTo"]], ["leninism", ["/r/RelatedTo", "/r/RelatedTo", "/r/RelatedTo"]], ["authoritarianism", ["/r/RelatedTo", "/r/RelatedTo", "/r/RelatedTo"]], ["cryptocommunism", ["/r/RelatedTo", "/r/RelatedTo", "/r/RelatedTo"]], ["west sumatra", ["/r/RelatedTo", "/r/RelatedTo", "/r/RelatedTo"]], ["china", ["/r/RelatedTo", "/r/RelatedTo", "/r/RelatedTo"]], ["committee", ["/r/RelatedTo", "/r/RelatedTo", "/r/RelatedTo"]], ["red", ["/r/RelatedTo", "/r/RelatedTo", "/r/RelatedTo"]]]}, "break": {"N1": {"/r/RelatedTo": ["rest", "smash", "snap", "escape", "fracture", "broke", "pause", "destroy", "time", "shatter", "fall change"], "/r/UsedFor": []}, "N2": {"/r/RelatedTo": {"/r/RelatedTo": [["sleep", "nap", "break", "relax", "relaxatio", "sleeping", "take", "bed", "do ", "relaxing", "time", "stop", "work", "easy", "like", "lay", "take break", "short", "actio", "take easy", "activity", "energy", "lying", "sleep nap", "pause", "and relaxatio", "lying do ", "pedallyr", "newton's first law", "sixteenth rest", "well rested", "take it easy", "overrested", "restlessness", "r and", "vwikten 2trial", "restful", "allay", "jubilee", "wikten 1motio", "tithewikten 1", "remainder", "repose", "catch one's breath", "rested", "home", "breather", "swearwikten 3", "vwikten 2lie", "resting", "r", "wikten 1cue", "chevalet", "wikten 1absence", "rack time", "nauheim treatment", "breakwikten 1", "vwikten 2end", "setwikten 1", "vacation", "electrooculography", "requiescant in pace", "coffee break", "eighth rest", "varrest", "wikten 1annoyance", "wikten 1quiet", "adirondack chair", "ride", "sleeper cab", "muskoka chair", "unrestinglyr", "footboard", "downlying", "reposure", "nonresting", "pull in", "wikten 1tranquility"], ["break", "crush", "destroy", "actio", "hit", "breaking", "hulk", "pumpkins", "hitting", "voverwhelming", "smashed", "smashproof", "smashing", "unsmashable", "overhead", "wham", "vsexual intercourse", "smasher", "shatter", "bankruptcy", "smash up", "blooter", "squish", "hard", "crash", "squash", "destructio", "like", "flatte", "demolish", "beginning", "tennis", "pieces", "violent", "hit hard", "break something", "car", "violent actio", "mashing", "apart", "smithereens", "pulverize", "band", "pumpkins band", "breaking things", "movement", "punching", "pound", "crush destroy", "stuff", "dropping", "instant potato", "potato", "instant", "up", "break up", "break apart", "wreck", "violently", "glass", "break glass", "cans", "destructive", "break pieces", "pumpki", "tiny", "tiny pieces", "crushing", "loud", "like squash", "like crash", "accident", "car accident", "hitting club", "club", "knock together", "knock", "together", "hitting something", "bash", "like bash", "incredible hulk", "incredible", "like crush", "hitting hard", "destroying", "hulk activity", "activity", "clobber", "onomatopoeia", "violently break", "smooch", "painful", "forcefully", "breaking stuff", "break forcefully", "event", "hit break", "punching actio", "hitting event", "breaking plates", "term", "hulk actio", "big", "car wreck", "big hit", "wreck destroy", "tennis term", "plates", "hulk break", "flatten cans", "grab", "stroke", "hammer break", "tennis stroke", "hammer", "and grab", "tennis serve", "serve", "mashing pumpkins", "shatter break", "like pumpkins", "blanking", "blanking pumpkins", "crash heavily", "stomp crush", "stomp", "heavily", "hit something", "blow", "hard blow", "hand", "hand actio", "violence", "tennis shot", "shot", "mushing", "flat", "flat stuff", "mushing things", "mashing apart", "breaking actio", "records", "hit records", "potatoes", "little", "little pieces", "squashed", "killing bugs", "killing", "bugs", "hit song", "song", "car crash", "wreck break", "pounding", "collisio", "over", "run over", "ru", "break violently", "sledgehammer", "dropped", "breaking pumpkins", "windows", "breaking windows", "flattening cans", "onomatopoeic", "crushing onomatopoeic", "flattening", "forced", "forced breakage", "breakage"], ["break", "fingers", "neutral zone infraction", "rivet", "circlip", "vbreak", "slap bass", "football", "snap bea", "seize", "vphotograph", "positio", "visual", "energy", "snapper", "faste", "drop back", "snappish", "yardsnap", "brittle", "back", "time", "pressure", "crack", "release", "vabruptly", "vsuddenly", "vigour", "snap shot", "vhike", "decisio", "vcenter", "vbowl", "lunch", "pop", "vmental", "yieldable", "firearm", "vsnappish", "vbatsma", "pistol", "unsnap", "phaseolus vulgaris", "quarterback", "bite", "thumb", "effortless", "scrimmage", "hike", "attack", "snapless", "wildcat", "deflagrable", "vfracture", "snack", "palm", "snappable", "vloose", "snapping turtle", "vmisfire", "man in motion", "unsnappable", "snapback", "snapsuit", "jounce", "keeper", "snapshot", "double take", "postsnap", "vbreakdo ", "pistol shrimp", "twang", "crackle", "tensio", "vsnick", "facetious", "easy", "vback", "embellishment", "grab", "chalk line", "snapping", "boom bap", "finger", "snap beetle", "vpop", "slapjack", "center", "scrapbook", "briskness", "presnap", "meal", "vsharply", "play", "crackback", "vtake", "shot", "vflash", "noise", "fingers noise", "finger noise", "crackle pop", "crackle and", "bend", "breaking", "break half", "half", "whip", "two", "two fingers", "cookie", "ginger", "cookie ginger", "longer", "longer nap", "nap", "finger movement", "movement"], ["break", "jail", "priso", "get away", "out", "ru", "getting", "run away", "prison break", "jail break", "flee", "getting away", "getaway", "exit", "running", "running away", "escapes", "character", "oil spill", "struggle", "light out", "snooker", "surround", "get out", "duck out", "utopiate", "breakaway", "vcontext", "go to ground", "houdini", "bust out", "backslash", "hexadecimal", "slip through cracks", "escapable", "nonescape", "estray", "water maze", "bolt hole", "vprogram", "run mile", "escaped", "evasive", "fly coop", "dodge bullet", "table of death", "bolthole", "escapist", "velude", "evade", "irredeemable", "effervesce", "scove", "steam", "cut and run", "escapeless", "beat rap", "spring out", "microdot", "outflow", "loophole", "leakage", "exhaust valve", "go underground", "liquid", "apophyge", "vcombinatio", "inextricable", "electric current", "scarper", "unescape", "chemical peritonitis", "weeping spring", "way out", "singing", "escape room", "elude", "fire escape", "manufacturing", "outlet", "umbeschew", "save one's skin", "break out", "vulvaless", "vavoid", "slip someone's mind", "sere", "vstring", "do bunk", "run for it", "fugacity", "shun", "do disappearing act", "escapement", "escapism", "scapegoat", "leak", "escapee", "text", "outleap", "abscondment", "vcharacter", "effervescence", "jailbreak", "antihorizon", "make run for it", "break loose", "emissary"], ["break", "maisonneuve fracture", "hot tearing", "fractio", "k\u00fcntscher nail", "clase", "impact resistance", "ductility", "hot tear", "breakage", "fracted", "gliding plane", "osteoporosis", "rock", "crisp", "diaplasis", "microfracture", "reduce", "bone", "fractal", "nonfracture", "fragment", "ilizarov apparatus", "hydrofracture", "arachnoid", "trap rock", "hydraulic fracturing", "contrafissure", "callus", "osteosynthesis", "bone density", "multifracture", "rhegma", "kyphoplasty", "holstein lewis fracture", "solution of continuity", "knit", "osteopsathyrosis", "fracturable", "yttrialite", "osteoclasis", "vbreak", "nonfracturing", "joint", "osteoclasy", "effraction", "refracture", "microfracture surgery", "laddering", "frangent", "broke", "frail", "fault", "dystomic", "fraction", "infractible", "breaking", "antifracture", "ultimate tensile strength", "greenstick fracture", "macrotrauma", "snap", "toughness", "fractography", "nightstick fracture", "zoledronic acid", "ligamentotaxis", "reduction", "crack", "fragile", "osteogenesis imperfecta", "diastasis", "cryofracture", "pseudarthrosis", "postfracture", "leptoclase", "lisfranc fracture", "geologic joint", "ordonezite", "cartilage", "unfractured", "counterextension", "mono fracture", "boulder opal", "peridynamics", "fractoluminescence", "fat pad sign", "fractural", "impact energy"], ["awikten 1broke", "broked", "vbreak", "skint", "awikten 1any", "shillingless", "brokeness", "dimeless", "tapped out", "awikten 1deprived", "hammer break", "vwikten 3business", "broken", "awikten 1money", "shatting on one's uppers", "awikten 1bankrupt", "pok kai", "lose one's shirt", "adjective", "fractured", "bone", "poor", "break"], ["break", "rest", "stop", "caesura", "interpause", "bass drop", "regroup", "breathing space", "pausing", "album track", "postpausal", "pauses", "unpausing", "macrosegment", "stoppage", "suicide", "chronostasis", "prepausal", "resume", "pauser", "run on", "breath", "note", "pregnant pause", "dialefe", "autopause", "take breather", "sig", "snooze", "pausinglyr", "slow roll", "speech disfluency", "hesitancy", "continuance", "intermissionless", "paused", "pausable", "micropause", "pauseful", "unpause", "clean and jerk", "latching", "postpausallyr", "diapause", "showstopper", "prepausallyr", "letup", "haltless", "unpausinglyr", "layover", "breakwikten 1", "samprosa", "vplayback", "pauseless", "lapse", "computer", "flatfootedr", "quadral", "butto", "video game", "dwell", "predisagreement", "quiesce", "minibreak", "incessantlyr", "dvd", "enjambed", "straightr", "hiatus", "angel passes", "recess", "incessant", "forbearwikten 1", "vplay", "hesitatio", "hold", "wait", "vcr", "stopping", "nearly stop", "nearly", "hesitate", "temporary", "vcr actio", "actio", "stop temporarily", "temporarily", "play", "recorder butto", "recorder", "remote command", "remote", "command", "musical rest", "musical", "stop play", "interruptio", "quotes", "video", "video rest", "possible", "vcr butto", "stop awhile", "awhile", "momentary wait", "momentary", "temporary stop", "halt", "temporary halt"], ["smash", "rui", "break", "vdestructio", "destruction", "destroyer", "demolish", "wreck", "ravage", "bomb out", "kill", "gut", "banjax", "ruin", "weedkiller", "totalled", "buster", "biocide", "destructivism", "hunt do v", "backup", "third degree burn", "shipkiller", "nanobee", "hypertumor", "redestroy", "make shit of", "thalamotomy", "eat", "autodestruct", "eviscerate", "hollywood ending", "biblioclastic", "autodestructive", "nondestruction", "cripple", "islamocommunism", "unprinciple", "overkill", "burn one's bridges", "forspill", "dr strangelove", "egocidal", "tear apart", "antiballistic", "overwrite", "annihilable", "biodestructible", "pull do v", "wipe out", "ligniperdous", "destroyability", "overturn", "vrui", "take gilt off gingerbread", "conservation of energy", "shoah", "account for", "lay waste", "wastewikten 3", "go for burton", "destroyed", "ruination", "blow sky high", "eradicate", "liberticidal", "material breach", "cane", "starve", "forbreak", "biblioclast", "rip up", "forburn", "hand someone his head", "destructive", "brain", "uncreate", "wash away", "corncob", "doomsday weapon", "trypanolytic", "blow to kingdom come", "suffocate", "self destroyer", "lost in action", "suck all air out of", "vuse", "perempt", "sacrifice", "chump blocker", "vsoundly", "obliterate", "cryosurgery", "antisatellite", "demoralize", "indestructible", "antibiotic", "deconstruction", "uglify", "destroyinglyr", "vdestructive", "shatter", "take do v", "abolish", "inexpugnable", "unmake", "fragile", "in for kill", "corrosive", "totaled", "rome wasn't burned in day", "irradiate", "vdata", "ruffle up", "vproperty", "invincible", "sweep away", "dissunder", "withering", "autodestruction", "cultbuster", "dambuster", "reduce to rubble", "destructionist", "devour", "dash", "herbicidal", "destroying", "autothysis", "denaturalisation", "bebreak", "demolition", "unbreed", "denaturalization", "self destruct", "destructible", "abash"], ["minute", "hour", "clock", "watch", "morning", "evening", "minutes", "hours", "year", "always", "month", "century", "seconds", "day", "measurement", "week", "clocks", "age", "ago", "measure", "now", "moment", "party", "passing", "dimensio", "hours minutes", "past", "break", "present", "measures", "stitch", "night", "alarm clock artifact ", "clock artifact ", "rest", "recent", "whe", "temporal", "future", "seconds minutes", "tells", "chronological", "late", "clock measures", "fourth dimensio", "fourth", "minutes seconds", "after", "minutes hours", "story", "current", "play", "birthday", "sleep", "calendar", "passage", "clock tells", "watches", "hour minute", "due", "tell", "second", "days", "motion", "hartle hawking state", "anachronism", "timely", "presentless", "proper time", "check out time", "midtime", "spit bath", "contemporaneouslyr", "chronon", "alreadyr", "ther", "timeweighted", "time detector", "paleomagnetism", "megasecond", "dusktime", "overnightr", "when", "compile time", "hithertor", "correlation function", "tour of duty", "frame dragging", "plastochron", "naptime", "bedtime", "perpetual", "life expectancy", "laggard", "timed", "circumduce", "harvest break", "jerkmeter", "wheneverr", "sothic year", "take up", "yeartime", "repeatedlyr", "momentless", "punctual", "yottasecond", "ripelyr", "dimpsey", "carryover", "sidereal year", "timestream", "cockcrow", "convenience", "infinite monkey theorem", "flowtime", "time of departure", "yester morrow", "proleptical", "nativity", "unconformity", "exposure", "seismic risk", "nontime", "kuaiji", "lightlike", "absolute time", "clock watcher", "approximation algorithm", "heartbeat", "termination", "chronophobia", "clocking", "tick past", "timework", "classical period", "temporarilyr", "omnitemporal", "ttt", "way back wher", "late night", "paropamisus", "breathing space", "alarm clock", "antichronical", "chronograph", "bit interval", "chronomancy", "panchronic", "moodsetter", "chronos", "henceforwardr", "rag puck", "music", "boarder", "present perfect", "idle", "headway", "sands", "somewhere along liner", "rapid fire", "golf widow", "ahead of time", "thenceforwardr", "spend time", "chronokinesis", "civil year", "yestertide", "rhenish palatinate", "markov jump process", "previous", "pray", "operating time", "response time", "attoclock", "yesteryear", "as of", "give of oneself", "impersonal subject", "coagulometer", "agelong", "yore", "presentness", "course of time", "sexy time", "double kill", "chronemics", "chronal", "watchman's clock", "hang with", "ages", "cyclostationary", "datalogger", "chronologize", "tonnage", "synchronous", "chronoscope", "chronosequence", "baroque period", "workload", "earthly branch"], ["break", "bologna bottle", "vdefeat", "unshattered", "brisant", "hammer", "shatterer", "vviolently", "shattereth", "fragment", "antishatter", "crush", "vdispirit", "brisance", "vtiny", "vemotionally", "glass delusion", "shattered", "vdestroy", "shatterest", "shattering", "forburst", "bebreak", "unshatter", "vbreak", "shatters", "vdisable", "vsmash", "shatterable", "lance", "unshatterable", "smash", "glass"], []], "/r/UsedFor": [["going to sleep", "hotel room", "hotel", "sleeping", "sleeping at night", "sitting do ", "motel"], [], [], ["listening to music", "becoming inebriated", "watching movie", "going to film", "jumping out of window"], [], [], [], ["mine"], ["watch", "doing enjoyable things"], [], []]}, "/r/UsedFor": {}}, "N3": [["bed", ["/r/RelatedTo", "/r/RelatedTo", "/r/RelatedTo"]], ["dream", ["/r/RelatedTo", "/r/RelatedTo", "/r/RelatedTo"]], ["rest", ["/r/RelatedTo", "/r/RelatedTo", "/r/RelatedTo"]], ["night", ["/r/RelatedTo", "/r/RelatedTo", "/r/RelatedTo"]], ["activity", ["/r/RelatedTo", "/r/RelatedTo", "/r/RelatedTo"]], ["resting", ["/r/RelatedTo", "/r/RelatedTo", "/r/RelatedTo"]], ["actio", ["/r/RelatedTo", "/r/RelatedTo", "/r/RelatedTo"]], ["camp", ["/r/RelatedTo", "/r/RelatedTo", "/r/RelatedTo"]], ["nighttime", ["/r/RelatedTo", "/r/RelatedTo", "/r/RelatedTo"]], ["slumber", ["/r/RelatedTo", "/r/RelatedTo", "/r/RelatedTo"]], ["dreams", ["/r/RelatedTo", "/r/RelatedTo", "/r/RelatedTo"]], ["asleep", ["/r/RelatedTo", "/r/RelatedTo", "/r/RelatedTo"]], ["nap", ["/r/RelatedTo", "/r/RelatedTo", "/r/RelatedTo"]], ["eyes", ["/r/RelatedTo", "/r/RelatedTo", "/r/RelatedTo"]], ["closed", ["/r/RelatedTo", "/r/RelatedTo", "/r/RelatedTo"]], ["in bed", ["/r/RelatedTo", "/r/RelatedTo", "/r/RelatedTo"]], ["night activity", ["/r/RelatedTo", "/r/RelatedTo", "/r/RelatedTo"]], ["time", ["/r/RelatedTo", "/r/RelatedTo", "/r/RelatedTo"]], ["at night", ["/r/RelatedTo", "/r/RelatedTo", "/r/RelatedTo"]], ["snooze", ["/r/RelatedTo", "/r/RelatedTo", "/r/RelatedTo"]], ["night rest", ["/r/RelatedTo", "/r/RelatedTo", "/r/RelatedTo"]], ["snore", ["/r/RelatedTo", "/r/RelatedTo", "/r/RelatedTo"]], ["somno", ["/r/RelatedTo", "/r/RelatedTo", "/r/RelatedTo"]], ["conk out", ["/r/RelatedTo", "/r/RelatedTo", "/r/RelatedTo"]], ["sleep debt", ["/r/RelatedTo", "/r/RelatedTo", "/r/RelatedTo"]], ["sandman", ["/r/RelatedTo", "/r/RelatedTo", "/r/RelatedTo"]], ["hypnogram", ["/r/RelatedTo", "/r/RelatedTo", "/r/RelatedTo"]], ["hypnology", ["/r/RelatedTo", "/r/RelatedTo", "/r/RelatedTo"]], ["outsleep", ["/r/RelatedTo", "/r/RelatedTo", "/r/RelatedTo"]], ["somnus", ["/r/RelatedTo", "/r/RelatedTo", "/r/RelatedTo"]], ["opiate", ["/r/RelatedTo", "/r/RelatedTo", "/r/RelatedTo"]], ["bundling", ["/r/RelatedTo", "/r/RelatedTo", "/r/RelatedTo"]], ["zed", ["/r/RelatedTo", "/r/RelatedTo", "/r/RelatedTo"]], ["cosleep", ["/r/RelatedTo", "/r/RelatedTo", "/r/RelatedTo"]], ["zee", ["/r/RelatedTo", "/r/RelatedTo", "/r/RelatedTo"]], ["sleeplike", ["/r/RelatedTo", "/r/RelatedTo", "/r/RelatedTo"]], ["waken", ["/r/RelatedTo", "/r/RelatedTo", "/r/RelatedTo"]], ["somniferous", ["/r/RelatedTo", "/r/RelatedTo", "/r/RelatedTo"]], ["good night", ["/r/RelatedTo", "/r/RelatedTo", "/r/RelatedTo"]], ["jack nod", ["/r/RelatedTo", "/r/RelatedTo", "/r/RelatedTo"]], ["saw logs", ["/r/RelatedTo", "/r/RelatedTo", "/r/RelatedTo"]], ["nonsleeping", ["/r/RelatedTo", "/r/RelatedTo", "/r/RelatedTo"]], ["butabarbital", ["/r/RelatedTo", "/r/RelatedTo", "/r/RelatedTo"]], ["kip do v", ["/r/RelatedTo", "/r/RelatedTo", "/r/RelatedTo"]], ["kleine levin syndrome", ["/r/RelatedTo", "/r/RelatedTo", "/r/RelatedTo"]], ["sedate", ["/r/RelatedTo", "/r/RelatedTo", "/r/RelatedTo"]], ["rem sleep", ["/r/RelatedTo", "/r/RelatedTo", "/r/RelatedTo"]], ["somnolism", ["/r/RelatedTo", "/r/RelatedTo", "/r/RelatedTo"]], ["nightguard", ["/r/RelatedTo", "/r/RelatedTo", "/r/RelatedTo"]], ["veronal", ["/r/RelatedTo", "/r/RelatedTo", "/r/RelatedTo"]], ["call it night", ["/r/RelatedTo", "/r/RelatedTo", "/r/RelatedTo"]], ["sleep hygiene", ["/r/RelatedTo", "/r/RelatedTo", "/r/RelatedTo"]], ["sleepwardr", ["/r/RelatedTo", "/r/RelatedTo", "/r/RelatedTo"]], ["bleary eyed", ["/r/RelatedTo", "/r/RelatedTo", "/r/RelatedTo"]], ["hypnosophy", ["/r/RelatedTo", "/r/RelatedTo", "/r/RelatedTo"]], ["oneirodynia", ["/r/RelatedTo", "/r/RelatedTo", "/r/RelatedTo"]], ["doss do v", ["/r/RelatedTo", "/r/RelatedTo", "/r/RelatedTo"]], ["somnology", ["/r/RelatedTo", "/r/RelatedTo", "/r/RelatedTo"]], ["nightdream", ["/r/RelatedTo", "/r/RelatedTo", "/r/RelatedTo"]], ["alarm clock headache", ["/r/RelatedTo", "/r/RelatedTo", "/r/RelatedTo"]], ["actigraph", ["/r/RelatedTo", "/r/RelatedTo", "/r/RelatedTo"]], ["nocturnal penile tumescence", ["/r/RelatedTo", "/r/RelatedTo", "/r/RelatedTo"]], ["erotocomatose", ["/r/RelatedTo", "/r/RelatedTo", "/r/RelatedTo"]], ["doss", ["/r/RelatedTo", "/r/RelatedTo", "/r/RelatedTo"]], ["soporific", ["/r/RelatedTo", "/r/RelatedTo", "/r/RelatedTo"]], ["narco", ["/r/RelatedTo", "/r/RelatedTo", "/r/RelatedTo"]], ["lodge", ["/r/RelatedTo", "/r/RelatedTo", "/r/RelatedTo"]], ["unslept", ["/r/RelatedTo", "/r/RelatedTo", "/r/RelatedTo"]], ["dogsleep", ["/r/RelatedTo", "/r/RelatedTo", "/r/RelatedTo"]], ["hypnogenous", ["/r/RelatedTo", "/r/RelatedTo", "/r/RelatedTo"]], ["twenty winks", ["/r/RelatedTo", "/r/RelatedTo", "/r/RelatedTo"]], ["jigglypuff", ["/r/RelatedTo", "/r/RelatedTo", "/r/RelatedTo"]], ["somnolite", ["/r/RelatedTo", "/r/RelatedTo", "/r/RelatedTo"]], ["somnolescent", ["/r/RelatedTo", "/r/RelatedTo", "/r/RelatedTo"]], ["narcotic", ["/r/RelatedTo", "/r/RelatedTo", "/r/RelatedTo"]], ["insomnia", ["/r/RelatedTo", "/r/RelatedTo", "/r/RelatedTo"]], ["sleeping", ["/r/RelatedTo", "/r/RelatedTo", "/r/RelatedTo"]], ["turn in", ["/r/RelatedTo", "/r/RelatedTo", "/r/RelatedTo"]], ["sleeps", ["/r/RelatedTo", "/r/RelatedTo", "/r/RelatedTo"]], ["well rested", ["/r/RelatedTo", "/r/RelatedTo", "/r/RelatedTo"]], ["doze", ["/r/RelatedTo", "/r/RelatedTo", "/r/RelatedTo"]], ["catch", ["/r/RelatedTo", "/r/RelatedTo", "/r/RelatedTo"]], ["dreambound", ["/r/RelatedTo", "/r/RelatedTo", "/r/RelatedTo"]], ["sleepy sand", ["/r/RelatedTo", "/r/RelatedTo", "/r/RelatedTo"]], ["slumberful", ["/r/RelatedTo", "/r/RelatedTo", "/r/RelatedTo"]], ["diurnation", ["/r/RelatedTo", "/r/RelatedTo", "/r/RelatedTo"]], ["somniloquist", ["/r/RelatedTo", "/r/RelatedTo", "/r/RelatedTo"]], ["somnambulate", ["/r/RelatedTo", "/r/RelatedTo", "/r/RelatedTo"]], ["incubus", ["/r/RelatedTo", "/r/RelatedTo", "/r/RelatedTo"]], ["sleepytime", ["/r/RelatedTo", "/r/RelatedTo", "/r/RelatedTo"]], ["turn into pumpkin", ["/r/RelatedTo", "/r/RelatedTo", "/r/RelatedTo"]], ["hypno", ["/r/RelatedTo", "/r/RelatedTo", "/r/RelatedTo"]], ["morphetic", ["/r/RelatedTo", "/r/RelatedTo", "/r/RelatedTo"]], ["ferber method", ["/r/RelatedTo", "/r/RelatedTo", "/r/RelatedTo"]], ["morning sleep", ["/r/RelatedTo", "/r/RelatedTo", "/r/RelatedTo"]], ["hypnoid", ["/r/RelatedTo", "/r/RelatedTo", "/r/RelatedTo"]], ["papaverous", ["/r/RelatedTo", "/r/RelatedTo", "/r/RelatedTo"]], ["circle", ["/r/RelatedTo", "/r/RelatedTo", "/r/RelatedTo"]], ["somniloquy", ["/r/RelatedTo", "/r/RelatedTo", "/r/RelatedTo"]], ["wikten 2state", ["/r/RelatedTo", "/r/RelatedTo", "/r/RelatedTo"]], ["microarousal", ["/r/RelatedTo", "/r/RelatedTo", "/r/RelatedTo"]], ["sleepwaker", ["/r/RelatedTo", "/r/RelatedTo", "/r/RelatedTo"]], ["unsleepable", ["/r/RelatedTo", "/r/RelatedTo", "/r/RelatedTo"]], ["power nap", ["/r/RelatedTo", "/r/RelatedTo", "/r/RelatedTo"]], ["sleepless", ["/r/RelatedTo", "/r/RelatedTo", "/r/RelatedTo"]], ["hypnagogic", ["/r/RelatedTo", "/r/RelatedTo", "/r/RelatedTo"]], ["somnologist", ["/r/RelatedTo", "/r/RelatedTo", "/r/RelatedTo"]], ["zizz", ["/r/RelatedTo", "/r/RelatedTo", "/r/RelatedTo"]], ["sofabed", ["/r/RelatedTo", "/r/RelatedTo", "/r/UsedFor"]], ["bed artifact stative", ["/r/RelatedTo", "/r/RelatedTo", "/r/UsedFor"]], ["hotel", ["/r/RelatedTo", "/r/RelatedTo", "/r/UsedFor"]], ["duvet", ["/r/RelatedTo", "/r/RelatedTo", "/r/UsedFor"]], ["room", ["/r/RelatedTo", "/r/RelatedTo", "/r/UsedFor"]], ["master bedroom", ["/r/RelatedTo", "/r/RelatedTo", "/r/UsedFor"]], ["home", ["/r/RelatedTo", "/r/RelatedTo", "/r/UsedFor"]], ["theater seat", ["/r/RelatedTo", "/r/RelatedTo", "/r/UsedFor"]]]}}