{"wipe": {"N1": {"/r/RelatedTo": ["napki", "wiped", "mop", "wipeable", "clean", "feminine hygiene", "wiping", "rewipe", "napkin", "drywipe", "obliviate", "unwiped", "tersion", "washwipe", "wype", "nuke and pave", "blow one's nose", "weepwikten 2", "skid mark", "wikten 1film", "vwikten 1deperm", "wipe off", "wiper", "wipes", "snot", "scrub", "rub", "clea", "mat", "wash", "polish", "exterminatio", "handkerchief"], "/r/UsedFor": ["toilet paper"], "/r/LocatedAt": [], "/r/FormOf": ["wipes", "wipeth", "wipest", "wiped", "wiping"], "/r/IsA": ["visual ibt transition"], "/r/PartOf": [], "/r/HasA": [], "/r/CapableOf": [], "/r/AtLocation": [], "/r/HasProperty": [], "/r/CreatedBy": [], "/r/Synonym": ["pass over contact", " actrub act", "wipe off"], "/r/LocatedNear": [], "/r/SimilarTo": [], "/r/MadeOf": [], "/r/ReceivesAction": []}, "N2": {"/r/RelatedTo": {"/r/RelatedTo": [[], ["vwipe", "clean slate", "dry erase"], ["moppet", "sponge", "animal", "squeegee mop", "floors", "vclea", "vwipe", "handle", "vmouth", "thrums", "yar", "moplike", "swab", "mopstick", "mophandle", "mopper", "washing", "mop water", "malkin", "dishmop", "mopping", "vscrub", "moppable", "vrub", "moab", "hair", "remop", "young", "scovel", "mop bucket", "ugly stick", "mopsy", "vwry", "grimace", "coarse", "janitor", "broom"], ["awipe"], ["wash", "soap", "tidy", "a religion ", "antiseptic a ", "a religiopure ", "a decent ", "a tidy ", "pure a religio", "tidy a ", "a antiseptic ", "decent a ", "polish", "napki", "spotless", "neat", "air cleaner", "nonclean", "jet machine", "vrock", "purge", "housecleaner", "pressurewash", "dry erase", "spongeable", "ultraclean", "get out", "aalcohol", "detergent", "cleanaholic", "vneat", "clean as hound's tooth", "fluffer", "vdirectory", "do out", "clean slate", "aural toilet", "irrigate", "charlady", "vline", "saddle soap", "boot catcher", "scavenger", "polishing snake", "preeming", "vsweep", "aprotrusio", "overclean", "community service", "scrub up", "vbrush", "washen", "sponge out", "grunge", "antiseptic", "handwipe", "cleanup", "rfully", "snake", "ablutomania", "aimpurity", "sweep up", "hoewikten 1", "afall", "gold finder", "decrassify", "tomb sweeping day", "acool", "auninterrupted", "sweep", "swabber", "screenwash", "way cleaner", "aunmarked", "asexually transmitted disease", "catharize", "bust dust", "vwash", "vclear", "fullery", "clean and jerk", "put one's house in order", "mouthwash", "clean up", "tidy up", "sponge", "sincere", "vsca", "deterge", "purification", "scratchbrush", "cleaned", "vice", "self cleaning", "adamage", "apure", "pot walloper", "rub off", "adrug", "scrubdo ", "swab", "brush", "palimpsest", "renovated butter", "scouring", "bottlebrush", "cleanerwikten 1", "martinize", "asmooth"], [], ["napki", "vwipe", "abstersion", "thrashing", "mat", "handkerchief"], ["vwipe"], ["paper", "cloth", "dinner", "mouth", "table", "wiping", "wipe", "towel", "serviette", "wiper", "face", "cleaning", "square", "tissue", "lap", "food", "paper towel", "line", "white", "wipe mouth", "eating", "clea", "wiping mouth", "setting", "mouth wiper", "dinner table", "tables", "cleaner", "handkerchief", "wipe face", "christia", "sudary", "nappy", "maniple", "modesty", "table linen", "hippin", "goody bag", "diaper", "sanitary napki", "church", "purificator", "roman catholic", "piece", "hands", "napkin ring", "eat", "napkinned", "rectangular", "napkinless", "napkins", "sudarium", "cleanliness", "dinner cloth", "hand", "tablecloth", "wiping face", "face wiper", "fabric", "paper cloth", "table line", "restaurants", "folded", "on table", "table setting", "mouth wipe", "dinner paper", "product", "small", "cleaning cloth", "table cloth", "bib", "restaurant", "plate", "dining", "meal", "usually", "at table", "wiping cloth", "cloth wiper", "meals", "cloth paper", "white paper", "paper cleaner", "sanitary", "lap cloth", "wiping hands", "paper product", "paper wipe", "dinner fabric", "white square", "at dinner", "nice", "kitche", "tableware", "dinner setting", "dinner towel", "small towel", "usually paper", "tool", "paper tissue", "clean mouth", "on lap", "silverware", "device", "item", "for wiping", "wiping food", "table paper", "folds", "dirty", "cleaning mouth", "used", "cleaning hands", "lap line", "utensil", "cloth towel", "stains", "flat", "dinner tissue", "lap tissue", "paper square", "paper bib", "food wiper", "small tablecloth", "dinner accessory", "accessory", "utensils", "like", "covering", "lap covering", "restaurant serviette", "toilet paper", "toilet", "clothe", "lips", "wipe lips", "dinner blanket", "blanket", "place setting", "paper wiper", "place", "for cleaning", "dinner tables", "in lap", "on tables", "cleaning device", "lap towel", "face cleaner", "cleaning face", "eating tool", "put", "you put", "sheet", "color", "white color", "folded cloth", "hand towel", "times", "meal times", "for mouth", "used wiping", "dinner cleaner", "hand cloth", "mouth cloth", "food paper", "cloth square", "linen square", "four corners", "corners", "four", "thing", "fork knife", "knife", "fork", "dining paper", "face wipe", "clean eating", "mannerly item", "mannerly", "with tablecloth", "dining room", "room", "dinner ware", "ware", "small cloth", "implement", "cleaning implement", "sanitary cloth", "forks", "softness", "neatness", "mealtimes", "matches tablecloth", "matches", "paper thing", "hand wiping", "restaurant cloth", "picnic baskets", "baskets", "picnic", "material", "equipment", "hand kerchief", "material serviette", "kerchief", "table towel", "for face", "sanitary equipment", "cloth dinner", "dinner item", "diners towel", "cloth handkerchief", "diners", "table wipe", "hand wiper", "plates utensils", "like tissue", "plates", "eating out", "textile", "out", "meal wipe", "feminine", "feminine product", "rag", "eating cloth", "hankie", "lap cover", "table hankie", "cover", "cleans", "cleans food", "foot", "square foot", "it o", "cleaning paper", "table dressing", "dressing", "bbq", "cleaning bbq", "together", "tissue paper", "ofte", "often white", "clears food", "clears", "aide", "cleaning thing", "eating aide", "paper folded", "tables food", "neck", "you neck", "wiping paper", "fold", "fancy", "fancy fold", "after", "hanky", "wiping device", "after eating", "paper object", "object", "weave", "sometimes cloth", "sometimes", "dirt", "dinner wipe", "dinner piece", "cleaning tissue", "laps", "folded line", "on laps", "pocket", "inside", "patterns", "inside pocket", "dining tables", "food stains", "munchki", "service", "table service", "ring", "mess", "at restaurants", "rectangular shape", "shape", "clothes", "protecting clothes", "protecting", "usually white", "mouth wiping", "instrument", "mopping", "wiping instrument", "mopping face", "square fabric", "while", "while you", "with", "dirty faces", "faces", "nap", "nap relative", "relative", "sanitary use", "use", "cold", "with utensils", "food tissue", "used cleaning", "like serviette", "mouth tissue"], ["awipe"], ["vforget", "voblivio", "vexistence", "vwipe"], ["awipe"], ["wipe", "terse"], ["vehicle", "device", "wipe", "windscree", "water", "jet", "headlight", "wash"], ["lapwing", "wipe"], [], [], [], [], [], [], [], ["napki", "wipers", "electric", "device", "wiperless", "machinery", "contact", "movable", "ship", "designed", "towel", "tilt hammer", "trippet", "oiler", "wipe", "windscreen wiper", "mat"], ["wipe"], ["snivel", "snotlike", "snot green", "child", "snotted", "mucus", "vsniff", "snotty", "vclear", "snottery", "nose", "running", "vsnivel", "snotting", "snots", "contemptible", "morveux", "vwipe", "vblow", "sneeze", "handkerchief", "soup"], ["vwikten 2correct", "chenier", "bescrub", "renosterveld", "underwood", "veliminate", "wikten 2cancellatio", "wikten 2exfoliant", "soapstone", "vforget about", "vsponge", "wasteland", "push broom", "scrubdo ", "maquis", "vwikten 2cancel", "bushwhacking", "back scrubber", "thicket", "scrubbed", "vwikten 2rub", "vsweep", "vrepeal", "bushveld", "scrubs", "vrecall", "vforget", "vwikten 2multitouch", "wet work", "scrubbing", "vwipe", "whitestone", "bushwhack", "holystone", "mop", "vwash", "vbrush", "nailbrush", "scrubby", "vcleanse", "unscrubbed", "phrygana", "scrubboard", "wrentit", "scrubbable", "scrub up", "debushing", "desert", "vrevoke", "clea", "wash"], ["massage", "actio", "touch", "stroke", "polish", "frictio", "chafe", "hand", "back", "movement", "motio", "erase", "caress", "pestle", "rubylation", "allergic salute", "chikan", "flannel", "rubbinglyr", "anatripsis", "protei", "problem", "rub up", "illinition", "knuckle", "allorubbing", "rubbing", "risp", "rubs", "electricity", "verrophone", "rub up on", "difficulty", "grinding", "crown green bowls", "rubstone", "unrubbed", "mop", "ubiquiti", "mortar", "princeton rub", "frot", "rubbed", "gnod", "glass harp", "rerub", "brushed", "magic lamp", "powder", "scetavajasse", "whet", "eskimo kiss", "dermatothlasia", "rub do v", "chub rub", "embrocate", "scratch", "touching", "contact", "back massage", "massage actio", "soothing", "hard", "massages", "hands", "like", "push", "bur", "massage movement", "hand actio", "ski", "circular", "applying", "lamp", "hand movement", "wipe", "neck", "seasoning", "hand motio", "massage touch", "pressure", "bur backwards", "backwards", "sunscree", "applying sunscree", "effects", "soothing effects", "cleaning", "circular motio", "gesture", "anagram", "anagram bur", "sensual", "push i", "stroke hard", "touch circular", "muscles", "like massage", "lotio", "lotion actio", "applying lotio", "buffing", "polishing", "bodily", "like polishing", "bodily actio", "foot massage", "foot", "eraser actio", "activity", "eraser", "touch eyes", "eyes", "genie", "genie lamp", "for soothing", "friction contact", "liniment", "soft", "wax", "magic", "hand contact", "feel", "physic contact", "physic", "morning", "ritual", "morning ritual", "relieving", "relieving tensio", "tensio", "gentle pressure", "gentle", "steak", "on steak", "massage stroke", "vigorously", "erasing", "touch vigorously", "applicatio", "hand pressure", "pat", "hard caress", "pat caress", "massage erase", "push o", "push slide", "slide", "like stroke", "wipe hard", "good", "hands o", "touch good", "animal", "petting animal", "petting", "ointment", "massage motio", "wrong", "wrong touch", "meat", "meat seasoning", "back forth", "forth", "sore muscles", "sore", "skin massage", "neck back", "pressing", "back neck", "lotions", "with hands", "muscle kneading", "muscle", "kneading", "backs", "static electricity", "static", "alcohol", "massage activity", "caressing", "friction movement", "in massages", "hands together", "together", "genies lamp", "sensual actio", "pushing", "abrasive actio", "genies", "feeling actio", "abrasive", "feeling", "massage ski", "make disappear", "make", "with fingers", "disappear", "stroking ski", "fingers", "soothing muscles", "hand gesture", "stroking", "soft matter", "type", "massage hard", "spice", "matter", "motion type", "stroke massage", "blend", "massage type", "caress ski", "massage part", "part", "abrade", "spice blend", "intimacy", "relaxatio", "soft scratch", "wash", "oil", "touch gently", "hand wash", "back soothing", "caress oil", "gently"], [], ["door", "dustmat", "vin santo", "felter", "prematted", "cocomat", "chink", "modified bitumen", "chokeslam", "bunchgrass", "jenny greenteeth", "wikten 1wove", "piledriver", "mkeka", "wigwam", "matmaking", "tumbling mat", "wikten 2copper", "softgoods", "numdah", "wikten 1material", "playmat", "sword mat", "pixie moss", "folkstyle", "place mat", "floormat", "matthew", "matless", "fox", "matted", "parawai", "filtermat", "twister", "water slide", "matting", "tattywikten 3", "wikten 1surface", "mats", "diminutive", "fall", "wikten 1floor", "mihrab", "makisu", "matmaker", "wikten 1frame", "wikten 1paper", "starweed", "pinfall", "given name", "yoga mat", "fleece", "matlike", "wikten 1knit", "beer mat", "balter", "pin do v", "doormat", "fascine", "rug", "bed", "welcome", "feet", "floor", "wiping feet", "wiping", "front", "yoga", "carpet", "wipe feet", "wipe", "floor cloth", "cloth", "cushio", "welcome cushio", "door welcome", "door rug", "front door", "material", "tatami", "hall", "front hall", "on floor", "yoga equipment", "equipment", "texture", "walking", "walking o", "plate", "steamer", "wrestling surface", "wrestling", "surface", "stepping", "shoe cleaner", "cleaner", "shoe", "sig", "doors", "floor cover", "welcome item", "under doors", "cover", "under", "item", "welcome sig", "wiper", "door wiper", "stepped o", "stepped"], ["clea", "cleaning", "soap", "water", "actio", "clothes", "laundry", "cleanse", "vpurify", "bath", "hands", "dry", "bathe", "make clea", "make", "activity", "dishes", "launder", "bathing", "before", "rinse", "car", "shower", "soap water", "cleansing", "use", "before dry", "bushel", "washman", "frame", "welland", "washable", "handhole", "shampooer", "wash up", "backwasher", "steamie", "maundy", "washing day", "vliquid", "hairwashing", "spirit", "garden hose", "pope's head", "tramble", "tumbler washer", "scummings", "sperge", "batlet", "england", "washcloth", "nondrying", "washpan", "diaper pail", "ferment", "rewash", "clean sweep", "krupp process", "ablutomania", "shampoo", "bog", "washed", "face cloth", "hutch", "member", "dolly", "tying", "bluewash", "machine wash", "handwash", "hygienic", "dunder", "buddle", "freshen up", "lighting", "drainer", "bell process", "wince", "washbasin", "dish rack", "washing", "ghusl", "scrub up", "washer", "vmolte", "bottlewasher", "clean", "estuary", "car wash", "wort", "low wine", "awash", "lavage", "sluice", "nipter", "blade", "machine washable", "coat", "effect", "carpet washer", "laundrywoman", "wash dishes", "outscouring", "mandi", "metal", "scrub", "blanket bath", "cast up", "facecloth", "vwater", "washroom", "elute", "spit bath", "tin frame", "washes", "dishcloth", "washload", "mouthwash", "lavatory", "paintbrush", "beauty", "attack", "wake", "washbowl", "carwashing", "vsoluble", "rainwash", "lavement", "vrinse", "cowash", "vpig iro", "marsh", "sloosh", "lotion", "vdephosphorizatio", "overwash", "sheep silver", "molasses", "washday", "vconstituent", "do laundry", "cantharus", "litholapaxy", "have bath", "eyewater", "dishmop", "retrojection", "washproof", "singling", "rainwashed", "washt", "preservatio", "sinkroom"], ["shine", "shiny", "shoes", "shoe", "shining", "wax", "nail", "make", "nationality", "cleaning", "rub", "furniture", "silver", "polite", "nails", "poland", "clea", "make shiny", "from poland", "cleaner", "buff", "warsaw", "paint", "sausage", "shoe shine", "shiner", "dyngus day", "malinowskian", "tripoli powder", "lechitic", "sand do v", "rouge", "ceresin", "dzierzynszczyzna", "glacial polish", "varnish polish", "refinement", "vpolish up", "rub up", "polished", "putty powder", "jeweller's rouge", "polishness", "cleanliness", "french polish", "sleek", "rabot", "burnish", "nail polish", "shoeshine boy", "polglish", "heelball", "wa\u0142\u0119sa", "\u0142ukasiewiczian", "carnauba", "repolish", "low prussian", "spodik", "polishability", "sejm", "tripoli", "polish up", "substance", "shoeshine girl", "diamond wheel", "unpolished", "vshine", "ozocerite", "re polonizing", "carnauba wax", "micropolish", "golabki", "furniture polish", "wharp", "locative case", "shoe polish", "polonized", "vocative case", "leather", "polonization", "spit and polish", "mazurka", "shoeblack", "unpolish", "marchlewszczyzna", "brush wheel", "polissoir", "vapply", "polishing slate", "rabat", "polishment", "polisht", "upper silesia", "paczki", "polonaise", "conradian", "grosz", "simonize", "pole", "samian stone", "polander", "yorkshire grit", "levigate", "inelegance", "vpolite", "lower silesian", "language", "mazurzenie", "uhlan", "speculum metal", "wikibooks:polish", "krakowiak", "krzyzaniak", "chinese magic mirror", "szlachcic", "overpolish", "emery", "polishing", "furbish", "bush hammer", "vshoe polish", "instrumental case", "roll latten", "znanieckian", "varsovienne", "starost", "glass", "vsmooth", "pan polish", "polonism", "goldwasser", "limation", "vernicose", "chinese wax", "chrusciki", "golumpki", "polishable", "vinterpolish", "abramsky", "lapidary", "vpolish off", "polishes", "supermirror", "polonize", "accomplish", "stove polish", "nugget", "placki", "plate powder", "executionism", "rywingate", "refine", "apoland", "beeswax", "grypsera", "polish remover"], [], ["cloth", "nose", "square", "blowing", "pocket", "napki", "tissue", "hankie", "foulard", "handkerchief code", "mouchoir", "pullicate", "handkerchiefless", "morris dance", "bandana", "neckatee", "dove tree", "neckerchief", "able whackets", "handkerchiefs", "rumal", "pocket square", "abandannaad", "handcloth", "snotrag", "sudarium", "flying handkerchief", "snot rag", "neckcloth", "chatelaine", "pocket handkerchief", "handkerchief tree", "sudary", "handkerchieves", "square cloth", "nose blowing", "cloth tissue", "cloth kleenex", "kleenex", "fabric", "blowing nose", "rectangle", "hand", "noses", "blow nose", "blow", "sneezing", "wiping", "rag", "snot", "nose cloth", "cleaning nose", "cleaning", "pockets", "in pockets", "material", "cloth napki", "mall", "mall cloth", "fancy tissue", "line", "fancy", "pocket line", "small cloth", "small", "blowing noses", "carried", "in pocket", "cloth article", "article", "tissue replacement", "replacement", "wiping nose", "ones pocket", "ones", "embroidered sometimes", "embroidered", "sometimes", "mans", "mans pocket", "before", "eye before", "eye", "breast", "breast pocket", "wipe", "wipe nose", "wiping tears", "tears"]], "/r/UsedFor": [[], [], [], [], ["cloth", "soap", "vent brush"], [], ["cloth", "towel", "counter"], [], [], [], [], [], [], [], [], [], [], [], [], [], [], [], [], [], [], [], [], [], ["wipe feet o", "wrestle o", "wiping one's feet", "wipe muddy feet", "jiu jitsu", "keeping floor clea", "resting shoes upo", "exercise o", "sleep", "picture frame", "judo", "wiping feet", "wipe shoes clea", "welcome guests", "exercise", "protection floor", "protect"], ["water", "bath shower", "stream"], ["file artifact contact", "cloth", "cleaning"], [], ["mop brow", "wipe nose"]], "/r/LocatedAt": [[], [], [], [], [], [], [], [], [], [], [], [], [], [], [], [], [], [], [], [], [], [], [], [], [], [], [], [], [], [], [], [], []], "/r/FormOf": [[], ["vwipe"], ["mopping", "mopped"], ["wipable"], ["cleans", "cleanest", "cleaning"], [], ["wipings", "vwipe"], ["rewipes", "rewiping", "rewiped"], ["napkins"], [], ["obliviates", "obliviating", "obliviated"], [], [], ["washwipes"], ["wypes"], [], [], [], [], [], [], [], ["wipers"], ["wipe", "vwipe"], ["snotting", "snotted", "snots"], ["scrubs", "scrubbed", "scrubbing"], ["rubbing", "rubbed", "rubs", "rubbeth", "rubbest"], [], ["mats", "matted", "matting", "matt"], ["washes", "washest", "washen", "washing", "washed", "washedst", "washeth", "warsh"], ["polishest", "polishing", "polishes", "polished"], [], ["handkerchieves", "handkerchiefs"]], "/r/IsA": [[], [], ["cleaning implement", "industrial equipment", "household cleaning tool"], [], ["opencyccleaning uo component semiconductor processingcleaning tool", "opencyccleaning uo component semiconductor processingsemiconductor processing tool chamber", "scrubberopencyccleaning uo component semiconductor processing", "dry cleanopencycdry cleaning uo component semiconductor processingopencyccleaning processing"], [], ["rubbing"], [], ["dinner napkin artifact", "tea napkin artifact", "bib artifact", " artifacttable linen artifact", "cleaning tool", "foldable thing", "user powered device", "user guided device"], [], [], [], [], [], [], [], [], [], [], [], [], [], [" artifactcontact electronics", " persoworker perso"], [], [" bodymucus body"], ["swabbing act", " actcleaning act", " groupvegetation plant", "resistant", "clothing", "clothes", "phrasal verb", "toiletry", "apparel", "fire", "scrub brush", "facial"], ["scuff act", " actcontact act"], [], ["doormat artifact", " artifactsports equipment artifact", " artifactfloor cover artifact", "drip mat artifact", " artifactmounting artifact", "mousepad artifact", "canvas artifact", " artifactpad artifact", " objectmass object", "wrestling mat artifact", "place mat artifact", "textile floor covering", "doormat", "flat floor covering", "rug", "usually on floor", "small carpet", "find downstairs", "wpriverriver"], ["washing up act", "calcimine artifact", "rinse act", "laundering act", " objectstreambed object", " artifactwater base paint artifact", " actwork act", "whitewash artifact", "window washing act", "color wash artifact", "blackwash artifact", " actbusiness activity act", "soak act", "ablution act", " artifactwatercolor artifact", "dishwashing act", "washup act"], [" attributeradiance attribute", "language", " attributesmoothness attribute", "glaze attribute", " stateperfection state", " substanceformulation substance", " communicatioslavic communicatio", "french polish attribute", "shoe polish substance", "polish person", "person"], [], ["pocket handkerchief artifact", " artifactpiece of cloth artifact", "bandanna artifact", "accessory", "kerchief"]], "/r/PartOf": [[], [], [], [], [], [], [], [], [], [], [], [], [], [], [], [], [], [], [], [], [], [], [" artifactselector artifact", " artifactrheostat artifact"], [], [], [], [], [], [], ["rinse act"], [], [], []], "/r/HasA": [[], [], [], [], [], [], [], [], [], [], [], [], [], [], [], [], [], [], [], [], [], [], [], [], [], [], [], [], [], [], [], [], []], "/r/CapableOf": [[], [], ["clean floor"], [], ["hand sanitizer"], [], [], [], [], [], [], [], [], [], [], [], [], [], [], [], [], [], [], [], [], [], [], [], [], [], ["shine metal", "perfect carving"], [], []], "/r/AtLocation": [[], [], ["apartment"], [], [], [], [], [], ["table", "fork"], [], [], [], [], [], [], [], [], [], [], [], [], [], [], [], ["nose"], [], ["table"], [], ["bathroom", "house", "doorway", "gym", "frame", "living room", "school", "store", "yoga studio", "yoga classs", "floors"], [], ["shoe", "table", "garage"], [], ["purse"]], "/r/HasProperty": [[], [], [], [], ["glass", "first class seating areas", "chalk board", "if wash hands"], [], [], [], [], [], [], [], [], [], [], [], [], [], [], [], [], [], [], [], ["tasty"], [], [], [], ["flat"], [], [], [], []], "/r/CreatedBy": [[], [], [], [], [], [], [], [], [], [], [], [], [], [], [], [], [], [], [], [], [], [], [], [], [], [], [], [], [], [], [], [], []], "/r/Synonym": [[], [], ["v contactwipe up contact", " artifactswab artifact", "v bodypout body", "vscrub"], [], ["r fairlyr ", "pick change", "uncontaminating a ", "a clean living ", "v contacthouseclean contact", "a sportsmanlike ", "strip contact", "plumr r ", "plumbr r ", "fair a ", "a blank ", " actclean and jerk act", "a uninfected ", "make clean contact", "v bodycleanse body", "a unclouded ", "unobjectionable a ", "clear a ", "fresh a ", "a neat ", "v chemistryscavenge chemistry", "legible", "athesaurus:clea"], [], [], [], ["diaper", "table napkin artifact", "serviette artifact", " artifactdiaper artifact", "serviette", "nappy"], [], ["forget"], [], [], [], [], [], [], [], [], [], [], [], ["wiper arm artifact", " artifactwindshield wiper artifact", "contact arm artifact"], [], ["booger", " persosnob perso"], ["scour contact", "chaparral group", "v socialcancel social", "bush group", "scrubbing act", "scrub up body", "scouring act", "peewee", "shrubland", "deadbeat", "mongrel", "vjettiso", "heathland", "dud", "vcall off", "vscour", "vdiscontinue", "dwarf", "pushover", "vput end to", "vdelete", "surgical go ", "failure", "vthrow out", "midget", "vtake away", "wimp", "vrub", "bush", "runt", "vswab", "go ", "vscrap", "chaparral", "vdo away with", "vdiscard", "verase", "vdrop", "vgive up", "undergrowth", "brush", "scrubland", "vcry off", "crossbreed", "mop"], ["chafe contact", "scratch contact", "itch perception perceptio", "scratch perception perceptio", " cognitiohang up cognitio", "fret contact", "fray contact", "wipe act", "scrub", "hitch"], [], ["gym mat artifact", " artifactraft foundation artifact", "v changefelt change", " communicatiomaster of arts in teaching communicatio", "a matt ", "matting artifact", " attributeflatness attribute", "v contactentangle contact", "wpriverwpriver"], ["dry wash object", "wash off change", "wash away change", "washing act", "v changelave change", "rinse contact", "lavation act", " phenomenoslipstream phenomeno", "lave body", "v changemoisten change", " artifactlaundry artifact", " locatiowashington locatio", "wash out change", " processwashout process", "wash drawing artifact", "launder contact"], ["refinement state", "smoothen contact", "brush up change", "class", "wax", "round off change", "glossiness attribute", "fine tune change", "finish state", "do v change", "burnish attribute", "smooth contact", "polish up change", "culture state", "gloss attribute", "refine change", "round change", "shine contact", "cultivation state", "vhone", "pole", "refinement", "elegance", "panache", "finish", "vwax", "work over", "glosswikten 1"], [], ["hankie artifact", "hanky artifact", "hankey artifact", "hanky", "pocket handkerchief", "kerchief"]], "/r/LocatedNear": [[], [], [], [], [], [], [], [], [], [], [], [], [], [], [], [], [], [], [], [], [], [], [], [], [], [], [], [], [], [], [], [], []], "/r/SimilarTo": [[], [], ["daisycutter", "daisy cutter"], [], ["a pristine ", "unaddicted a ", "a unqualified ", "a perfect ", "water washed a ", "scrubbed a ", "a complete ", "pure a ", "a water washed ", "dry cleaned a ", "a scrubbed ", "a antiseptic ", "halal islam religio", "pristine a ", "a cleanly ", "a easy ", "a legible ", "easy a ", "a pure ", "a unaddicted ", "cosher judaism religio", "a spick and span ", "a religiohalal islam", "unspotted a ", "a unused ", "a unspotted ", "a cleanable ", "perfect a ", "complete a ", "antiseptic a ", "unused a ", "a unarmed military", "cleanable a ", "spick and span a ", "unarmed military ", "a religiocosher judaism", "unsullied a ", "unqualified a ", "a dry cleaned ", "legible a ", "a unsullied ", "cleanly a "], [], [], [], [], [], [], [], [], [], [], [], [], [], [], [], [], [], [], [], [], ["a unimproved ", "unimproved a "], [], [], [], [], [], [], []], "/r/MadeOf": [[], [], [], [], [], [], [], [], [], [], [], [], [], [], [], [], [], [], [], [], [], [], [], [], [], [], [], [], [], [], [], [], []], "/r/ReceivesAction": [[], [], [], [], [], [], [], [], [], [], [], [], [], [], [], [], [], [], [], [], [], [], [], [], [], [], [], [], ["found in car"], [], [], [], []]}, "/r/UsedFor": {"/r/RelatedTo": [[]], "/r/UsedFor": [[]], "/r/LocatedAt": [[]], "/r/FormOf": [[]], "/r/IsA": [[]], "/r/PartOf": [[]], "/r/HasA": [[]], "/r/CapableOf": [[]], "/r/AtLocation": [[]], "/r/HasProperty": [[]], "/r/CreatedBy": [[]], "/r/Synonym": [[]], "/r/LocatedNear": [[]], "/r/SimilarTo": [[]], "/r/MadeOf": [[]], "/r/ReceivesAction": [[]]}, "/r/LocatedAt": {}, "/r/FormOf": {"/r/RelatedTo": [["wipe"], [], [], ["vwipe", "clean slate", "dry erase"], ["napki", "vwipe", "abstersion", "thrashing", "mat", "handkerchief"]], "/r/UsedFor": [[], [], [], [], ["cloth", "towel", "counter"]], "/r/LocatedAt": [[], [], [], [], []], "/r/FormOf": [["wipe", "vwipe"], ["vwipe"], ["vwipe"], ["vwipe"], ["wipings", "vwipe"]], "/r/IsA": [[], [], [], [], ["rubbing"]], "/r/PartOf": [[], [], [], [], []], "/r/HasA": [[], [], [], [], []], "/r/CapableOf": [[], [], [], [], []], "/r/AtLocation": [[], [], [], [], []], "/r/HasProperty": [[], [], [], [], []], "/r/CreatedBy": [[], [], [], [], []], "/r/Synonym": [[], [], [], [], []], "/r/LocatedNear": [[], [], [], [], []], "/r/SimilarTo": [[], [], [], [], []], "/r/MadeOf": [[], [], [], [], []], "/r/ReceivesAction": [[], [], [], [], []]}, "/r/IsA": {"/r/RelatedTo": [[]], "/r/UsedFor": [[]], "/r/LocatedAt": [[]], "/r/FormOf": [[]], "/r/IsA": [[]], "/r/PartOf": [[]], "/r/HasA": [[]], "/r/CapableOf": [[]], "/r/AtLocation": [[]], "/r/HasProperty": [[]], "/r/CreatedBy": [[]], "/r/Synonym": [[]], "/r/LocatedNear": [[]], "/r/SimilarTo": [[]], "/r/MadeOf": [[]], "/r/ReceivesAction": [[]]}, "/r/PartOf": {}, "/r/HasA": {}, "/r/CapableOf": {}, "/r/AtLocation": {}, "/r/HasProperty": {}, "/r/CreatedBy": {}, "/r/Synonym": {"/r/RelatedTo": [[], [], []], "/r/UsedFor": [[], [], []], "/r/LocatedAt": [[], [], []], "/r/FormOf": [[], [], []], "/r/IsA": [[], [], []], "/r/PartOf": [[], [], []], "/r/HasA": [[], [], []], "/r/CapableOf": [[], [], []], "/r/AtLocation": [[], [], []], "/r/HasProperty": [[], [], []], "/r/CreatedBy": [[], [], []], "/r/Synonym": [[], [], []], "/r/LocatedNear": [[], [], []], "/r/SimilarTo": [[], [], []], "/r/MadeOf": [[], [], []], "/r/ReceivesAction": [[], [], []]}, "/r/LocatedNear": {}, "/r/SimilarTo": {}, "/r/MadeOf": {}, "/r/ReceivesAction": {}}}, "": {"N1": {"/r/RelatedTo": ["windowdoor", "worklabor", "butchermeat", "gallomeasure", "woundgash", "punishmentcrime and", "chickelaying", "thricerthree", "informed educated ", "closed obstructed ", "transpondianrightpondia", "mystifymystery", "audiovisualsaudiovisual"], "/r/UsedFor": ["flash artifactlight physics", "string bassplaying music"], "/r/LocatedAt": [], "/r/FormOf": ["air burstsair burst", "pot belliespot belly", "cross sectionscross sectio"], "/r/IsA": ["suburb locatioresidential district locatio", "western skink animalskink animal", "inertial mass physicsmass attribute", "leading man persoactor perso", "occasion timetime time", "tree toad animalfrog animal", "petaurista animalmammal genus animal", "torch singer persosinger perso", "drop arch artifactpointed artifact", "rottenstone substancelimestone substance", "scorpionfish animalscorpaenid animal", "temporary hookup artifactconnection artifact", "acrylic fiber substanceman made substance", "dependence statestate ", "overhand pitch actpitch baseball", "american spikenard plantsubshrub plant", "hedonist persosensualist perso", "homecoming actreunion act", "aldrovanda plantdicot genus plant", "ambystomatidae animalamphibian family animal", "assist ice hockeymaneuver act", "tithe barn artifactbarn artifact", "hypsometer artifactaltimeter artifact", "papyrus communicatiodocument communicatio", "cacodyl substancegroup chemistry", "penance actsacrament act", "rule of evidence lawrule communicatio", "usherette persousher perso", "hooks bodyhand body", "bilabial communicatiolabial consonant communicatio", "kurdish communicatioiranian communicatio", "theism cognitioreligion cognitio", "aristocrat persoleader perso", "bundesbank groupcentral bank group", "skirtform of female attire", "yardarm artifactend locatio", "supreme court lawfederal group"], "/r/PartOf": ["satachristian myth", "old testament communicatiobible communicatio", "styloid process bodytemporal bone body", "voider artifactbody armor artifact", "tower of london artifactlondon locatio"], "/r/HasA": ["baywater"], "/r/CapableOf": ["blanketscover bed", "chefbone chicke", "authorswrite books"], "/r/AtLocation": ["windowhouse", "dustcarpet", "action figuretoy department", "barbershopmall", "mouselab maze"], "/r/HasProperty": [], "/r/CreatedBy": [], "/r/Synonym": ["hawaiian honeycreeper animalhoneycreeper animal", "thing cognitiomatter cognitio", "dprk locationorth korea locatio", "gas tight air ", "get into possessioget in possessio", "west persocicily isabel fairfield perso", "sapindus drumondii plantwild china tree plant", "abls communicatiobachelor of arts in library science communicatio", "homburg artifactfedora artifact", "choking coil artifactchoke artifact", "sewerage artifactsewer artifact", "fish bowl stategoldfish state", "caddy golfcaddie golf", "moray eel animalmoray animal", "family zygnemataceae animalzygnemataceae animal", "severity attributeaustereness attribute", "hors d oeuvre foodhors food", "chukka artifactchukka boot artifact", "immunise competitioimmunize competitio", "kindling pointautoignition temperature", "corruptlyr corruptedlyr ", "lazy faineant ", "copernicia prunifera plantcarnauba plant", "log z's bodysleep body", "sworn pledged ", "palestine authority grouppalestine national group", "polyodon spathula animalpaddlefish animal", "linnaea borealis americana plantamerican twinflower plant", "stylise artstylize art", "thank youthank you very much", "infirm decrepit ", "uriniferous tubule bodynephron body", "passing actpassage act", "rio nunez coffee plantrobusta plant", "experimentation cognitioexperiment cognitio", "powerful knock do a ", "lichgate artifactlychgate artifact", "take advantage socialtrespass social", "pyrethrum plantpainted daisy plant", "take turns changealternate change", "water level locatiowaterline locatio", "fuddle stateclutter state", "insisting communicatioinsistence communicatio", "vibrate perceptioresonate perceptio", "viridity attributegreen attribute", "yarn dye changeimpress change", "balaenoptera borealis animalsei whale animal", "electron orbit locatioorbit locatio", "lillie persobeatrice perso"], "/r/LocatedNear": [], "/r/SimilarTo": ["large leafed leafy ", "captious critical ", "exaggerated increased ", "effective militaryoperational military", "tasty winey ", "fast breaking news article", "second rate inferior ", "disputatious argumentative ", "private nonpublic ", "coated glazed ", "free clear "], "/r/MadeOf": [], "/r/ReceivesAction": []}, "N2": {}}}