{"box": {"sameAs": ["Bedna", "Kasten (Beh\u00e4lter)", "\u039a\u03bf\u03c5\u03c4\u03af", "Caja", "Kaxa", "Bo\u00eete (objet)", "Kotak", "Scatola", "\u7bb1", "\uc0c1\uc790", "Doos", "Skrzynia (opakowanie)", "Q188075"], "wikiPageWikiLink": ["Gift", "Globalization", "Set-top box", "Wood", "Lid (container)", "Black box", "Decorative box", "Carton", "Ballot box", "Letter box", "Fuse box", "Corrugated fiberboard", "Paperboard", "Pandora's box", "American English", "British English", "Category:Containers", "Category:Paper products", "Christmas", "Circle", "Gemstone", "Leather", "Metal", "Post office", "Coach (carriage)", "Ludlow wall box", "Mitre box", "Crate", "Hope chest", "Toolbox", "Penalty box", "Post box", "Safe", "Singing bird box", "Call box", "Shipping container", "Pattress", "Bulk box", "Circuit breaker", "Handle (grip)", "Junction box", "Plural", "Match", "Rectangle", "Buxus", "Satin", "Fastener", "Event data recorder", "Wooden box", "Lock (security device)", "Mail carrier", "Personal computer", "Ammunition box", "Hinge", "Police box", "Humidor", "Abdomen", "Dunnage", "Lamp box", "Wall box", "Dispatch box", "Corrugated box", "Cross section (geometry)", "Squeezebox", "Category:Shipping containers", "Packaging", "Carriage", "Pallet", "Lunch box", "Nest box", "Telephone box", "Gift wrapping", "Pillar box", "Jack-in-the-box", "Objet d'art", "K\u014dbako", "First aid box", "Intermodal shipping container", "Electrical outlets", "Corrugated box design", "Square (geometry)", "Signal box", "Post office box", "Check box", "Wikt:trinket", "File:Snuffbox (Metropolitan, 18th c).jpg", "File:MOVINGBOX.JPG", "File:Bibliobox Trnava.jpg", "File:Elaborate wood box Tom Tanaka.JPG", "File:Satura cake box.jpg", "File:Vegeterian pizza.jpg", "File:Haitians voting in the 2006 elections.jpeg", "U.S. Venture Partners", "Julius Maske", "Coffin", "Apple box", "Mar\u00edmbula", "Biological pest control", "Data structure diagram", "Shrink wrap", "Tori (wrestler)", "Tsing Yi Bridge", "Cardboard", "Cardboard box", "Soapbox", "Houphou\u00ebt-Boigny Bridge", "Psi wheel", "Kenny Clayton", "Leader head", "Box (disambiguation)", "Flocking (texture)", "IBM", "The Box (King Missile song)", "Drawer (furniture)", "Food packaging", "Shoebox", "Unboxed", "Flower box", "Index of molecular biology articles", "Taro Nohashi", "Azendoo", "C\u00e9sar C\u00f3rdoba", "Marlborough, Massachusetts", "Pannier", "Channel Umptee-3", "List of companies headquartered in Moncton", "Mugen Puchipuchi", "Green Screen Adventures", "Uline", "Noodle and Doodle", "Remixed (Smilers album)", "Window box", "Birch bark", "Glossary of cycling", "Wiigwaasabak", "ZeroPC", "Bulk cargo", "Container", "Improvised explosive device", "Storage device", "Cecropia", "Data model", "Pie", "Willow", "Abbey House Gardens", "Austrian Parliament Building", "Bible box", "Box wine", "Break bulk cargo", "Second Street (Hong Kong)", "Storage of wine", "Autodesk 3ds Max", "Bangor and Aroostook Railroad", "Case", "Case (goods)", "Closure (container)", "Distribution center", "Geometric primitive", "JT (visualization format)", "Jug wine", "Lemonade stand", "New Enterprise Associates", "Room", "Surprise (1991 film)", "Rousham House", "List of Horrid Henry characters", "Crazy Balloon", "Pizza box", "Mechanical bank", "TI-HI", "Arts and crafts of Himachal Pradesh", "Cake box", "Cuboid", "Samepage", "DriveHQ", "Eve Sleep", "Paper Mart", "Cigar box", "Finnish profanity", "Abies veitchii", "F.N. Burt Company Factory", "Boxcab", "Milk crate", "Suggestion box", "UberConference", "SaneBox", "Parcel (consignment)", "Paraplacodus", "Boxor", "The Taill of the Uponlandis Mous and the Burges Mous", "Tunnel finisher", "OnlyOffice", "The People's Library", "List of words having different meanings in American and British English: A\u2013L", "Christian Topography", "Packaging and labeling", "Adhesive tape", "Boxy", "Crosswordese", "World Builder (film)", "Pakistani cricket team in the West Indies in 2005", "Box truck", "Wilkins lumber", "Chinese boxes", "Tin box", "Boxes", "Radical 13", "Radical 22", "Bald arch", "List of SpongeBob SquarePants characters", "Lotus Mark III", "Culture of Himachal Pradesh", "Serbo-Croatian words of Greek origin", "WVLC (paper)", "List of Kirby characters", "Timeline of United States inventions (before 1890)", "Shleppers Moving & Storage", "Dutch profanity", "Self-storage box", "List of Running Man missions in 2010", "Boxfile"], "differentFrom": ["Box and Cox", "Box, Gloucestershire", "Box, Wiltshire", "Cox and Box"], "wikiPageRedirects": ["Cake box", "Boxor", "Boxes", "Boxfile"], "wikiPageDisambiguates": ["Box (disambiguation)"], "product": ["Uline", "Paper Mart"], "hypernym": ["V", "Carry On (Stephen Stills album)", "Crossroads (Eric Clapton album)", "Crossroads 2: Live in the Seventies", "Ikons", "Live in Europe 1993", "Monolith (Death Cube K album)", "Naked City: The Complete Studio Recordings", "Nidec Sankyo", "The Black Box", "The Collection: Simon & Garfunkel", "The Collection (Boney M. box set)", "The Collection (Michael Jackson album)", "The Collection (Toto box set)", "The Collection (Whitney Houston album)", "The Collection (Yanni album)", "The Platinum Collection (Alicia Keys album)", "The Platinum Collection (Enigma album)", "The Platinum Collection (Phil Collins album)", "The Platinum Collection (Queen album)", "The Platinum Collection (Sandra album)", "Contemporary Works I", "Contemporary Works II", "Eurovox", "Gotan Object", "Historic Edition", "Sakis Rouvas (2001 album)", "Silver Edition", "The Live Anthology", "The Metallica Collection", "The Singles Collection Volume 1", "The Singles Collection Volume 2", "Ultimate Collection (No Angels album)", "Collected (Black 'n Blue album)", "Hudd", "Into the Pit (Fight album)", "Lady Day: The Complete Billie Holiday on Columbia 1933\u20131944", "Matchbox", "Tommy and Quadrophenia Live", "Slipcase", "Naepan Station", "Seochang Station", "Complete (News from Babel album)", "The Complete Hank Williams", "43 Songs", "All Killer, No Filler: The Anthology", "Collecter's Edition Slipcase", "Henry Cow Box", "Plug Me In", "The Heavy Metal Box", "The Psychedelic World of the 13th Floor Elevators", "Best Regards (Buckethead album)", "The Complete Elvis Presley Masters", "The Original Mono Recordings", "The Vinyl Conflict", "West Coast Seattle Boy: The Jimi Hendrix Anthology", "Balikbayan box", "Boxette", "Fatty container", "Rarities/Revelations", "The Little David Years (1971\u20131977)", "Beaucoup Fish Singles", "Citizen Steely Dan", "Coffin", "Carton", "Florentine tower of Buire", "Crystal Days: 1979\u20131999", "Timehunter", "Musta laatikko", "Original Single Kollektion", "Early Stages", "Goth N' Roll", "Metalvelodrome", "On the Rural Route 7609", "The Complete Blue Note and Roost Recordings", "The Man in Black 1959\u20131962", "Gold box (phreaking)", "Agnetha F\u00e4ltskog De F\u00f6rsta \u00c5ren", "Box of the Wicked", "Magic Hollow (album)", "Dizzcography", "Michael Jackson's Vision", "50th Anniversary: The Singles Collection 1961\u20131969", "Bo\u00eete \u00e0 Bonbons", "Clarke, Hicks & Nash Years: The Complete Hollies April 1963 \u2013 October 1968", "Discovery (Pink Floyd box set)", "Nevermind: The Singles", "Singles Club", "Themes \u2013 Volume 5: March 91\u2013September 92", "20 (2nd Chapter of Acts album)", "Afterglow (Electric Light Orchestra album)", "Alert dialog box", "All Good Things: Jerry Garcia Studio Sessions", "Duo (Merzbow album)", "Minimum bounding box", "Playback (Tom Petty and the Heartbreakers album)", "Shine On (Pink Floyd album)", "Stages (Jimi Hendrix album)", "Concepts (album)", "Eagles (box set)", "Mythology (Bee Gees album)", "Souvenir: The Ultimate Collection", "Steppin' Out with the Grateful Dead: England '72", "The Song Is You (album)", "The Supremes (2000 album)", "The Solo Collection", "A Lazarus Taxon", "B.O.X: Best of X", "Creedence Clearwater Revival: Box Set", "Fruit Tree (album)", "Have a Nice Decade: The 70s Pop Culture Box", "I.R.I.S. 4Motion", "Start Together", "The Business \u2013 the Definitive Singles Collection", "The Key to Joy Is Disobedience", "The Slade Box", "Volume 2 (Billy Bragg album)", "WHITEbox", "TG24", "Tokin", "Apple Interactive Television Box", "At the Roxy", "J\u016bnigatsu no Love Song: Complete Box", "The Chess Box", "The Greatest Cowboy Movie Never Made", "Brescia Casket", "Cist", "Box (Guided by Voices album)", "Boxen (album)", "Ludlow wall box", "Reflections (Graham Nash album)", "The Box (Van der Graaf Generator album)", "The Legend (Johnny Cash box set)", "Anthology (Selena album)", "The Thrill of It All (Roxy Music album)", "Unearthed (Johnny Cash album)", "Painkiller: The Collected Works", "Perception (The Doors album)", "The Byrds (box set)", "Toolbox", "Wishing well (wedding)", "A Collection (The Doors album)", "The Complete Collection (Lisa Stansfield album)", "The Old Masters", "Oshizushihako", "Crewe North Junction signal box", "Boom Box (No Doubt album)", "Early Singles", "Soundtrack to the Apocalypse", "Thirty Years of Maximum R&B", "Gas in a box", "Post box", "50 Best Songs \u2013 The Motown Years: Michael Jackson & The Jackson 5", "Cooler", "La Leyenda", "Fuzz-wah", "Gimme Some Truth (box set)", "Hot Fives & Sevens", "The Apple Years 1968\u201375", "Kara Special Premium Box for Japan", "Beauty Is a Rare Thing", "Complete (The Smiths album)", "Contain Us", "Lesley Gore: It's My Party", "Willisau (Quartet) 1991", "Hell Frost: The Ultimate Collection", "Live After Deaf", "Merzmorphosis", "Strange Euphoria", "The Complete Studio Albums (1983 \u2013 2008)", "The Complete Adventures of The Style Council", "Complete Set Limited Box", "My Dusty Road", "Ravi Shankar: In Celebration", "Stages: Performances 1970\u20132002", "The Bone Box thugs-for-life", "Vitamin Enhanced", "Close-Up Series", "Dead Meat: 10 Years of Blood, Feathers & Lipstick", "Lashes to Ashes, Lust to Dust: A Vinyl Retrospective '96-'03", "R-Kive", "REMTV", "The Elements of King Crimson", "The Well-Known And Some Other Favourite Stories", "EPs 1991\u20132002", "19 Standards (Quartet) 2003", "20 Standards (Quartet) 2003", "23 Standards (Quartet) 2003", "Rush R40", "The CD Single Box", "The Complete Global Albums Collection", "The Music of Johnny Mathis: A Personal Collection", "Three Score and Ten", "Thriller 25: Limited Japanese Single Collection", "Bonfire (album)", "Frame by Frame: The Essential King Crimson", "Heart and Soul (Joy Division album)", "People Get Ready: The Curtis Mayfield Story", "Safe", "Tea caddy", "Treasure Chest (Helloween album)", "Trilogy (Enigma album)", "Elvis the King", "The Complete B'z", "The Complete On the Corner Sessions", "The Traveling Wilburys Collection", "Despina Vandi (album)", "Shinka-ron", "The Epic Masters", "The Good, the Bad & the Live", "The Singles Collection Volume 3", "The Singles Collection Volume 4", "30 Years Sodomized: 1982\u20132012", "L'int\u00e9grale", "Singing bird box", "Ten Freedom Summers", "Surrounded (Bj\u00f6rk album)", "The Art of Courtly Love", "The Crown Jewels", "24 Hours \u2013 A Day of Seals", "2\u00bd Years", "A Box of Their Best", "Eddie's Archive", "Houjoue (album)", "Little Box of Horrors", "New Model Army 3\u00d7CD", "The Fall: The Complete Peel Sessions 1978\u20132004", "Back to the Story", "The Complete 1961 Village Vanguard Recordings", "The Doors: Box Set", "A Century of Song", "Aoi Yoru Shiroi Yoru Complete Edition", "Burl Ives Presents America's Musical Heritage", "Dance of the Rainbow Serpent", "El Cancionero Mas y Mas", "The King of Rock 'n' Roll: The Complete 50's Masters", "Walk a Mile in My Shoes: The Essential '70s Masters", "Hide box", "Cista", "Doctors, Professors, Kings & Queens", "Weatherbox (album)", "Catoptric cistula", "Pyxis of \u010cierne K\u013ea\u010dany", "Okito box", "The Complete Albums Collection", "Chrome Box", "Lowest Music & Arts 1980\u20131983", "Plastic Box", "Room box", "L'Indign\u00e9", "Made in California", "The Complete Roadrunner Collection (1997-2003)", "Woody Shaw: The Complete Columbia Albums Collection", "Woody Shaw: The Complete Muse Sessions", "Singles Collection: 2008-2011", "5 Album Studio Set", "A Study in Frustration", "Blame It All on My Roots: Five Decades of Influences", "Duets: 20th Anniversary Deluxe Edition", "Memphis Jazz Box", "Robbie Williams: Classic Album Selection", "The Complete Vinyl Collection", "The Gemil Box", "Bulk box", "Alive (Bruce Dickinson album)", "Collective (Clock DVA album)", "Frame (GUI)", "Lifelines: The Jimi Hendrix Story", "Nuggets II: Original Artyfacts from the British Empire and Beyond, 1964\u20131969", "Once in a Lifetime (Talking Heads album)", "Phases (The Who album)", "Singles (Nirvana album)", "Sound System (album)", "TG", "The Master (1961\u20131984)", "Cannibal Killers Live", "In Your Room (Yazoo album)", "Longbox Option Package", "Sonic's Rendezvous Band (album)", "The Other Place (theatre)", "The Aeroplane Flies High", "Callbox", "Chrome, Smoke & BBQ", "45 rpm: The Singles, 1977\u20131979", "45 rpm: The Singles, 1980\u20131982", "Between Thought and Expression: The Lou Reed Anthology", "Blitz 5 Days", "Datapanik in the Year Zero", "Demonica", "Love, God, Murder", "Lynyrd Skynyrd (album)", "Silver Box", "Thirty Years of Funk: 1969\u20131999", "Block post", "Polyphon", "Type case", "Ap'Tin Arhi: I Megaliteres Epitihies", "Fire Danger Season", "Musik war ihr Hobby", "One Hell of a Ride", "The Complete Boney M.", "The Smiths Singles Box", "Genesis The Movie Box", "Greatest Songs and More (Great Box)", "The Complete Tony Bennett/Bill Evans Recordings", "The Singles '82\u201388'", "This Is the Story: The '70s Albums, Vol. 1 \u2013 1970\u20131973: The Jean Terrell Years", "Single Cuts", "Gold Edition", "Keith Jarrett at the Blue Note", "Love, Luther", "Turn Out the Stars: The Final Village Vanguard Recordings", "Portrait Edition (Jo Stafford album)", "The Lingua Mortis Trilogy", "Sigtuna box", "Billy Connolly: The Essential Collection", "ANS (album)", "Barrel (horology)", "Elements Box", "Flashback (Electric Light Orchestra album)", "Foundation (Magnum album)", "Monster (David Thomas album)", "Talking Heads (album)", "Tracks (Bruce Springsteen album)", "Acerra (incense box)", "Deathprod (album)", "Joe Satriani Original Album Classics", "Live & Unreleased: The Radio Show", "Living Ornaments '79 and '80", "Looney Tunes Golden Collection: Volume 6", "Love Death Travel Box Set", "No One Here Gets Out Alive (album)", "The Automatic Box", "The Metal Opera: Pt 1 & 2 \u2013 Gold Edition", "The Parachute Years", "Lobe Attachment Module", "Genesis Live 1973\u20132007", "The Casablanca Years: 1974\u20131980", "The Complete Bud Powell on Verve", "The Virgin Years \u2013 Souvenir Box", "The Woodstock Experience", "James Ossuary", "Strait Out of the Box", "With the Lights Out", "Pandora's Box (album)", "Led Zeppelin Boxed Set", "1982\u20131992 (Cassiber album)", "30th Anniversary (Baccara album)", "Boxed (Eurythmics)", "David Bowie (box set)", "Somerton TARDIS", "15 Year Killing Spree", "Beat the Boots II", "Looney Tunes Golden Collection: Volume 1", "Platinum Collection (Genesis album)", "The Instant Monty Python CD Collection", "The Reprise Collection", "Clash on Broadway", "Live Rare Remix Box", "Negur\u0103 Bunget Box", "The Complete Capitol Singles Collection", "F.N. Burt Company Factory", "Archives and Artifacts", "Ayumi Hamasaki Complete Clip Box A", "Back to Mono (1958\u20131969)", "Merzbox", "My Lives", "RT- The Life and Music of Richard Thompson", "Sex, America, Cheap Trick", "The Beatles Box Set", "The Best of the Columbia Years: 1943\u20131952", "The Capitol Albums, Volume 2", "The Complete In a Silent Way Sessions", "The Complete Reprise Studio Recordings", "The Life and Crimes of Alice Cooper", "Volume 1 (Billy Bragg album)", "Cumdach", "Wall box", "Apple Box", "Coat of Many Cupboards", "Hardcore UFOs: Revelations, Epiphanies and Fast Food in the Western Hemisphere", "Martin Scorsese Presents the Blues: A Musical Journey", "Sho' Nuff (album)", "The Complete Reprise Sessions", "The Original Lo-Fi", "The Rox Box/Roxette 86\u201306", "Wipers Box Set", "A Decade in the Grave", "Box of Tricks", "From the Top (album)", "King of the Blues", "Sex Pistols Boxed Set", "The Heavyweight Champion: The Complete Atlantic Recordings", "A Lifetime of Temporary Relief: 10 Years of B-Sides and Rarities", "From Nashville to Memphis: The Essential '60s Masters", "Maison Ikkoku CD Single Memorial File", "The Complete Columbia Recordings of Miles Davis with John Coltrane", "Transformers: Song Universe", "Warchest", "The Birth of Soul", "Roots 'n Blues: The Retrospective 1925\u20131950", "Live & Remastered", "Mermaid Avenue: The Complete Sessions", "Merzphysics", "Occupy This Album", "Singles 1971\u20132006", "The Smithsonian Collection of Classic Jazz", "Caj\u00f3n de tapeo", "DTV receiver", "Despatch box", "Beyonc\u00e9: Platinum Edition", "Trinity in Black", "Electrical Impedance and Diffuse Optical Tomography Reconstruction Software", "A Chord Too Far", "Five Years (1969\u20131973)", "Railway Signal Cabin and Turntable, Ipswich", "20 Years of Dischord", "Blue Rodeo: 1987 - 1993", "Complete Studio Box Set", "Halo I\u2013IV", "Historikill: 1995\u20132007", "Il meglio di Grazie per la splendida serata", "A Piano: The Collection", "Biograph (album)", "Dreams (The Allman Brothers Band album)", "Superstar (Toy-Box song)", "Ledbury Signal Box", "Punnet", "Slave to the Dark", "Don't You Believe What You've Seen or You've Heard", "Emperor: The Complete Works", "Pi\u00f9 forti di prima", "Song Book 1985\u20132010", "The Complete Christmas Collection 1958\u20132010", "Armored citadel", "Cartridge box", "Shaker-style pantry box", "Ayu-mi-x 7 Limited Complete Box Set", "Jubilee Edition", "The Albums 2000\u20132010", "The Ultimate Edition", "Lifehouse Chronicles", "The Complete U2", "This Woman's Work: Anthology 1978\u20131990", "Adjustment handle", "San Fran Sessions", "The 1st Singles Box", "The Brit Pop Blur Box", "The Singles Box", "Eponymous To Anonymous", "Duplais Balance", "HDHomeRun", "The Singles 1999\u20132006", "Salival", "Live in Japan (John Coltrane album)", "Live in Las Vegas (Elvis Presley album)", "The Capitol Years (1998 Frank Sinatra album)", "The Capitol Years (The Beach Boys album)", "The Complete Studio Recordings (Led Zeppelin album)", "The Complete Studio Recordings (The Doors album)", "The Hits/The B-Sides", "The Last Waltz: The Final Recordings", "The Secret Policeman's Balls (DVD box set)", "Z.Vex Fuzz Factory", "Footlocker (luggage)", "From the Beginning (box set)", "So Many Roads (1965\u20131995)", "The Limited Series (1998 album)", "Through the Years (Artillery album)", "Music Bank (album)", "Denshi block", "Fillmore West 1969: The Complete Recordings", "Johnny Cash: The Complete Columbia Album Collection", "Message in a Box: The Complete Recordings", "Miles Davis: The Complete Columbia Album Collection", "The Columbia Years 1943\u20131952: The Complete Recordings", "Lennon (box set)", "Oh What a Feeling: A Vital Collection of Canadian Music", "Rare, Live & Classic", "Singles 1963\u20131965", "Singles 1965\u20131967", "Singles 1968\u20131971", "Singles Box Set 1986\u20131995", "The Bootleg Series Volumes 1\u20133 (Rare & Unreleased) 1961\u20131991", "Time3", "Songs of Freedom", "The Pet Sounds Sessions", "5 Easy Pieces (Scott Walker box set)", "A Musical History", "Box of Fire", "Dark Genesis", "Dead Can Dance (1981\u20131998)", "Downside Up", "Emperors of Soul", "Final V.U. 1971\u20131973", "In a Word: Yes (1969\u2013)", "The 10 Year Limited Edition Anniversary Box Set", "Weird Tales of the Ramones", "Mirror box", "Puzzle box", "Enz to Enz \u2013 The Ultimate Split Enz Box Set", "Selected Works: 1972\u20131999", "The History of Flo & Eddie and the Turtles", "The Patti Smith Masters", "Themes \u2013 Volume 1: March 79\u2013April 82", "Themes \u2013 Volume 2: August 82\u2013April 85", "Themes \u2013 Volume 3: September 85\u2013June 87", "Themes \u2013 Volume 4: February 89\u2013May 90", "Grow Fins: Rarities 1965\u20131982", "I Wanna Go Backwards", "Let's Talk About Love / Falling into You / A New Day Has Come", "The Candlelight Years", "The Motor City Collection", "The Offspring Collection", "The Singles 1991\u20131996", "Genesis Movie Box 1981\u20132007", "The Music Behind the Magic", "Let Them Know: The Story of Youth Brigade and BYO Records", "Sabrana dela", "Sinatra: New York", "Tales from the Brothers Gibb", "Joe Satriani: The Complete Studio Recordings", "Squeezebox Set", "Walt Disney and the 1964 World's Fair", "Wood Flute Songs", "Brick hod", "Beatdown", "Collector's Edition (Antique album)", "Crashing Through", "Guilty: 30 Years of Randy Newman", "15 Years After", "Mastodon (album)", "Anthologies (Magic: The Gathering)", "Early Single Box", "Pillar box", "Poison \u2013 Box Set (Collector's Edition)", "Listen, Learn, Read On", "The Ultimate Collection (ABC album)", "The Ultimate Collection (Michael Jackson album)", "Voyage (David Crosby album)", "Walt Disney Records: The Legacy Collection", "A Perfect Circle Live: Featuring Stone and Echo", "A Traveler's Guide to Space and Time", "Big Country at the BBC", "Collaborations (Ravi Shankar and George Harrison album)", "Consecration: The Final Recordings Part 2", "Desperate Measures (Hollywood Undead album)", "Suitcase: Failed Experiments and Trashed Aircraft", "A Cabinet of Curiosities", "Stellwerk Fichtengrund", "Eddie's Head", "Essentially Yes", "Five Albums", "Last of Analog Sessions", "Livin' Lovin' Rockin' Rollin': The 25th Anniversary Collection", "Nashville Rebel (box set)", "Odds & Sods \u2013 Mis-takes & Out-takes", "The Art Box", "The Soundboard Series", "Turmeric (album)", "X Japan : Complete II", "25th Anniversary Box Set", "Great Pianists of the 20th Century", "P\u00e5 v\u00e4g, 1982\u201386", "Small Town England", "The Desertshore Installation", "The Doors: Vinyl Box Set", "The Remains of Tom Lehrer", "20:20 (Ryan Adams album)", "And They Said it Wouldn't Last: My 50 Years in Music", "At the Close of a Century", "Bird: The Complete Charlie Parker on Verve", "Charlie Parker on Dial", "Complete Charlie Parker on Dial", "The Power of Negative Thinking: B-Sides & Rarities", "This Is the Devo Box", "X Visual Shock DVD Box 1989\u20131992", "Animal Crack Box", "At the BBC (Siouxsie and the Banshees album)", "History of Ritchie Valens", "Jake in a Box", "Kohtumine Albertiga (box set)", "Platinum Box II", "Reformation 1", "The Jazz Singers", "Zombie Heaven", "Shin-ei Companion FY-2", "Looney Tunes Golden Collection: Volume 2", "Looney Tunes Golden Collection: Volume 3", "40 Odd Years", "Heady Nuggs", "Pornoise/1kg", "Roadkill Rising", "SixSixSix (Sleep Chamber album)", "The Secret Jewel Box", "Collected Recordings 1986\u20131993", "Memory box", "Palm World Voices: Mandela", "Free box", "K\u014dbako", "Confirmation dialog box", "Pocket box", "Lepa Brena (HITOVI \u2013 6 CD-a)", "Converter/descrambler", "Wiigwaasi-makak", "Strobo Trip", "The Singles (Johnny Mathis album)", "The Studio Albums 1992\u20132011", "Tom Sawyer (Bing Crosby album)", "Chinese candy box", "Real-estate lock box", "Limoges Box", "Infiltration box", "Johnson Box", "Chocbox", "Litter Robot", "The Freak Box", "Adult Swim in a Box", "Limited-Edition Vinyl Box Set", "Motorola DCT2000", "Colour Sound Oblivion", "Sound Vision (box set)"]}, "open": {}}