{"dirty": {"N1": {"/r/RelatedTo": ["a untidy ", "indecent a ", "a indecent ", "untidy a ", "pig", "slattern", "begrime", "pollutant", "vsoiled", "toilet", "beslurry", "mud fight", "hacky dorty", "soilure", "begrimed", "grungy", "minging", "grotbag", "mucky pup", "saur", "hacky", "reechy", "fingermark", "filthy", "adishonourable", "dirtball", "aobscene", "acorrupt", "solwy", "blacken", "scrotty", "adata", "bedirty", "pooh", "agrime", "filthy dirty", "gunk", "dirtied", "clart", "soap dodger", "vdistort", "dirtsome", "dubby", "oinker", "below belt", "bedizen", "dirties", "smutty", "vdebase", "uncleaned", "beslime", "adirt", "pigpen", "schmutzy", "nasty", "foulwikten 2", "aunclea", "clarty", "clatty", "aindecent", "grub", "dirtbag", "desanitize", "vstai", "slovenly", "dirtilyr", "halvans", "defiled", "scungy", "off color", "gunky", "laundry chute", "amemory", "grubby", "sloven", "horry", "dirtying", "nondirty", "tore up", "grotty", "lorry", "dirtyish", "inquinate"], "/r/UsedFor": [], "/r/LocatedAt": [], "/r/FormOf": ["dirtiest", "dirtier", "dirties"], "/r/IsA": [], "/r/PartOf": [], "/r/HasA": [], "/r/CapableOf": [], "/r/AtLocation": ["bed"], "/r/HasProperty": ["glass", "sex", "hair", "new jersey", "housekeepers can mind floor", "kitche", "clothes", "shoes", "hospital", "slums", "floor"], "/r/CreatedBy": [], "/r/Synonym": ["contaminating a ", "a shoddy ", "unclean a ", "a unsportsmanlike ", "a muddied ", "a marked up ", "bemire contact", "a filthy ", "colly contact", "grime contact", "a ill gotten ", "a pestiferous ", "begrime contact", "soil contact", "soiled a ", "abase", "vsully", "slovenly", "naughty", "adingy", "aindecent", "afilthy"], "/r/LocatedNear": [], "/r/SimilarTo": ["a unswept ", "a travel stained ", "a snot nosed ", "dirty minded a ", "stormy a ", "a filthy ", "sooty a ", "a squalid ", "a smutty ", "a buggy ", "bedraggled a ", "ratty a ", "smudgy a ", "squalid a ", "foul mouthed a ", "a off color ", "dirty faced a ", "filthy a ", "a sooty ", "hostile a ", "a dirty faced ", "a uncleanly ", "a lousy ", "travel stained a ", "a scabrous ", "a mucky ", "a ratty ", "cobwebby a ", "unswept a ", "cruddy a ", "a feculent ", "unwashed a ", "scummy a ", "greasy a ", "a dirty minded ", "off color a ", "a salacious ", "smutty a ", "augean a ", "a blasphemous ", "salacious a ", "feculent a ", "maculate a ", "a bedraggled ", "buggy a ", "uncleanly a ", "a stormy ", "snot nosed a ", "a begrimed ", "begrimed a ", "a foul mouthed ", "scatological a ", "a smudgy ", "a maculate ", "a befouled ", "a scummy ", "a greasy ", "a augean ", "mucky a ", "a cobwebby ", "scabrous a ", "a hostile ", "lousy a ", "befouled a ", "a cruddy ", "blasphemous a ", "a scatological ", "a unwashed "], "/r/MadeOf": [], "/r/ReceivesAction": []}, "N2": {"/r/RelatedTo": {"/r/RelatedTo": [[], [], [], [], ["animal", "pork", "baco", "hog", "oink", "farm", "boar", "swine", "farm animal", "sow", "ham", "snout", "dirty", "oink", "porcine", "tail", "pork animal", "mud", "curly", "source", "curly tail", "sty", "crubeen", "truffle hog", "pig's trotter", "pigsicle", "herd boar", "smallstock", "piggy wiggy", "pig farmer", "hog jaw", "antipig", "warthog", "scalderwikten 1", "hoggery", "trotter", "zampone", "poaka", "hogherd", "swinehood", "porkling", "artiodactyl", "mangalica", "forehock", "bra ", "gamjatang", "pigman", "aardvark", "pig ark", "measly", "chinese zodiac", "porker", "circovirus", "pigloo", "kitti's hog nosed bat", "piggishness", "suckling pig", "pigsit", "farrowing", "thesmophoria", "nitrovin", "pigskin", "pig's ear", "porciculture", "piggery", "large white", "wikten 1piglet", "hyo", "pigshit", "pig run", "skilandis", "brood sow", "tadago pie", "micropig", "suilline", "sowbelly", "vwikten 1give birth", "moronga", "piggy bank", "pigweed", "squeal", "wikten 1edible", "swinish", "hogwash", "leaf", "shootwikten 1", "entelodont", "swineherd", "snarfle", "pigfeed", "peccary", "suovetaurilia", "porket", "guinea pig", "hog maw", "lard", "welsh", "manure", "spit roast", "squealer", "wikten 1dirty", "gestation crate", "pig war", "pigproof", "swill", "whinnock", "pestle", "pig's wool", "united kingdom", "slopwikten 2", "scissorbill", "cockentrice", "garget", "roaster", "dinuguan", "pork loin", "poland china", "griskin", "tamworth", "grunt", "kalua pig", "porciform", "ractopamine", "oinker", "electoral", "loineye", "pork belly", "flitch", "minipig", "cattle", "pannage", "antiporcine", "hoggish", "pigged", "olaquindox", "pigless", "bath chaps", "pork tapeworm", "black soup", "pigtail", "moka", "nonpig", "piggy wig", "pigling", "boar taint", "babirusa", "leaf fat", "piggy", "swine fever", "pighood", "pettitoes", "doll", "baconer"], ["slut", "floozie", "malkin", "daffock", "draggle tail", "slatternliness", "drabble tail", "slatternness", "dirty", "slatternly", "woma", "blowsy", "sloven", "untidy", "mawks"], ["vdirty", "begrimer", "begriming", "grime", "vsoil", "scunge", "begrimes"], ["imposex", "flagfish", "particulate matter", "mononitropyrene", "huma", "phytostabilization", "polybrominated biphenyl", "peroxyacetyl nitrate", "biodilution", "multipollutant", "antismog", "bioaugmentation", "cryoconite", "organochlorinated", "temperature inversion", "electroflotation", "photochemical smog", "impure", "organopollutant", "global distillation", "phytoforensics", "mirex", "first flush", "nitrogen dioxide", "trihalomethane", "pollutants", "pollution", "chemodynamics", "waste", "micropollutant", "dirty", "mermaids tears", "perfluorooctanesulfonic acid", "bioseparation", "bat", "smoke", "oil"], [], ["john", "bathroom", "flush", "bowl wax", "lavatory", "sanitary ware", "restroom", "use", "housebroken", "thunderbox", "secondary", "if it's yellow let it mellow", "shabby", "sitting toilet", "spend penny", "toileted", "facility", "shitpot", "seat", "men's room", "drop anchor", "chapel of ease", "pisshouse", "worship porcelain god", "use toilet", "three quarter bathroom", "smallest room in house", "throne room", "small", "crapper", "toileting", "worship porcelain goddess", "toilet room", "urination station", "toilet training", "flush toilet", "area", "talk to god on big white telephone", "porcelain goddess", "istinja", "septic tank", "bathtub", "kybo", "dry closet", "half bath", "having", "quarter bathroom", "commode", "urinatio", "toiletest", "toilet brush", "jacks", "double u", "go to toilet", "facilities", "fixture", "toileteth", "drop kids off at pool", "windsor soap", "place", "portable toilet", "half bathroom", "water closet", "soil stack", "outhouse", "if it's yellow let it mellow brown flush do ", "nontoilet", "toilets", "vgroom", "groom of stool", "toilet slipper", "drop chalupa", "litter tray", "potty parity", "cludgie", "courtesy flush", "powder one's nose", "karzy", "privy", "those", "sullage", "port o potty", "material", "superloo", "brasco", "very", "flusher", "carsy", "pooper", "hopper", "talk to ralph on big white telephone", "contai", "bathroom break", "quincy", "pray to porcelain god", "particularly", "soil pipe", "shower", "washroom", "powder room", "biffy", "ring", "johnny", "khazi", "cludge", "shitcan", "bogwikten 1", "full bathroom", "big white telephone", "chemical toilet", "wc", "dunny can", "sink", "plumber's helper", "phrontistery", "blumpkin", "throne", "vanity box", "bowl", "closet auger", "defecatio", "cubicle", "spud washer", "bedsit", "primpy", "system", "toiletless", "potwikten 1", "water", "enclosed", "latrine", "vdress", "porta potty", "head", "slopping out", "squat toilet", "dressing room", "caught short", "porcelain god", "flushable", "karsey", "large", "lavvy", "dirty", "waste", "dirty protest", "housebreak", "drop deuce", "shit bowl", "drop bomb", "peemergency", "lavvie", "comfort break", "sewer", "dunny man", "room", "bathroomware", "grooming", "pisser", "ca", "napki", "bathroom fixture", "bath", "lid", "plunge", "pooping", "for pooping", "furniture", "bathroom furniture", "bathroom seat", "twist", "handle", "flush handle", "bathrooms", "in bathrooms", "public", "in bathroom"], ["vsoil", "vsmear", "vdirty", "vexcrement", "vmud"], [], [], ["staining", "soiling", "soilures", "dirty"], ["adirty", "asoil", "agrimy"], ["scrungy", "adirty", "grungilyr", "agrunge", "amusic", "grunginess", "ashabby", "adisrepair"], ["aunclea", "aunattractive", "adirty", "arepulsive"], ["dirty", "unhygienic"], [], ["cowhouse", "dirty", "reptilia", "soil", "water", "dirt", "urine", "dinosaur"], ["ahack", "aamateurish", "aunclea", "dorty", "ahacking", "adirty", "aworkaround", "hacky dorty", "hackaround", "ahacky dorty", "adorty", "afilthy", "hackilyr"], ["asmoky", "adirty", "asqualid"], ["blemish", "fingermarks", "dirty", "finger"], ["grunge", "scrimy", "aoffensive", "aobscene", "cowp", "filthify", "filthy dirty", "filthiness", "ordurous", "hacky dorty", "filthilyr", "adirty", "foulsome", "scatology", "stinkhole", "harpy", "mochadi", "flea ridden", "clarty", "afilth", "unfilthy", "hacky", "augean", "cesspool", "defedation", "fleabag", "slubberdegullion", "nasty", "bawdry", "pig", "smoke"], [], ["sleazy", "dirty"], [], [], ["asullied", "adefiled", "adirty", "asoiled"], ["vfish", "blackener", "nigrify", "blackens", "sooty", "vdirty", "vcook", "toothblack", "vblack", "besmut", "unblackened", "vpepper", "black", "blackened", "blackface", "smoky", "vcoat", "blackeneth", "besoot", "vsear", "vsully", "vmeat", "blackenest", "blackening", "carbonize", "blackwash", "lampblack", "vdefame"], ["agrotty", "adirty", "aunpleasant"], [], ["vsoil", "vdirty"], ["instance", "vsomething", "shit", "piece", "say", "act", "minced oath", "vfeces", "vdefecate", "defecatio", "vsay", "vdirty", "feces", "bear"], [], [], ["gunky", "spooge", "degunker", "degunk", "grime", "vdirty", "vsoil", "gothic", "dirt", "punk", "wax", "tar"], ["undirtied", "unsulliable", "vdirty"], ["fool", "daub", "vmud", "mire", "mud", "vsmear", "vdirty", "vdaub", "vspread", "filth", "clarts"], [], [], ["adirtiness", "rawfully", "adirty", "rvery", "rextremely"], ["amuddy", "awet", "astubby", "ashapeliness", "aremix", "afinesse", "rubby dubby", "astumpy", "adirty", "lubby dubby", "dub"], ["mcp", "male", "oink", "sus", "animal", "oinkers", "officer", "pig", "slovenly", "perso", "glutto", "dirty", "fat", "chauvinist", "police"], [], ["vtasteless", "vcover", "unbedizened", "vdirty", "vfinery", "bedizenment", "vdirt", "vornament", "vshowy", "vgaudy", "dizen", "ageusia"], ["vdirty", "dirty"], ["crocky", "smutfest", "asmut", "smuttilyr", "aindecent", "adirty", "unsmutty", "aobscene", "vsoil", "smuttiness", "ablackened"], [], ["auncleansed", "acleaned", "afoul", "adirty"], ["vslimy", "vcover", "vbefoul", "vinsult", "vdaub", "vslime", "vdirty"], [], ["hogpen", "messy", "enclosure", "dirty", "pigpens", "pigsty"], ["adirty", "amessy", "aschmutz"], ["unpleasant a ", "a unpleasant ", "mea", "aunkind", "grody", "pisspot", "nasties", "nastiness", "wankjob", "aawkward", "dagnasty", "nastic", "aunpleasant", "gross", "alewd", "aoffensive", "fuckbag", "adirty", "hobbesian", "sensitive", "wicked tongue", "sexual intercourse", "agrave", "junkyard dog", "aobjectionable", "paskudnyak", "aspiteful", "aformidable", "acontemptible", "cussed", "hellacious", "mean spirited", "nastilyr", "aobscene", "aindecent", "awicked", "arepellent", "adangerous", "aterrific", "afilthy", "snipey", "crank", "smatchet", "shock", "brat", "thunder", "war", "cruel", "feet", "foul", "sneer"], [], [], ["amuddy", "afoul", "adirty", "afilthy", "asticky"], ["agreasy", "shabby", "ashabby", "adirty", "slovenly"], [], ["scran", "vscrounge", "insect", "stage", "worm", "caseworm", "flagworm", "grubber", "lowlife", "food", "grubworm", "immature", "vscavenge", "strawworm", "life cycle", "dirty", "veat", "grubby", "grugru worm", "caterpillar", "larva", "hornbug", "vdig", "grublike", "leathery jacket", "canegrub", "maggot", "despicable", "grubling"], ["dirtbags", "scumbag", "scuzzbucket", "sleazeball", "scumbucket", "scuzzball", "grimy", "sleazebag", "hosebag", "alpinist", "outdoorsma", "climber", "sleazy", "dirty", "disreputable", "skier"], ["vcleanliness", "vdirty", "vremove"], [], ["piggy", "hashy", "draggle tail", "shuffle", "auntidy", "grotty", "oinker", "slobbish", "taupie", "trollop", "slummock", "aunkempt", "schlumpy", "clatty", "adirty", "schlump", "schlep", "slut", "aunwashed", "slopwork", "frouzy", "adisorderly", "slubberinglyr", "blowsy", "asloppy", "schleppy", "acareless", "pig it", "slack alice", "down at heel", "slovenliness", "anegligent", "slob"], [], ["ore", "impure", "dirty"], ["asullied", "atainted", "solwy", "immaculatelyr", "purification", "sullied", "aimpure", "depravity", "adirty", "vdefile"], ["scunge", "amessy", "ascunge", "asordid", "adirty"], [], ["adirty", "agunk", "agreasy", "amessy", "gungy"], [], [], ["sculpi", "aunclea", "aunwashed", "grubbies", "grubbiness", "agrub", "grubbilyr", "adirty", "species", "cottus", "pig"], ["slovens", "lewd", "untidy", "slubberdegullion", "low", "slatter", "dirty", "slut"], ["aunclea", "aimpure", "afoul", "adirty"], ["vdirty"], ["adirty"], [], ["scrotty", "aslovenly", "grody", "grottilyr", "aoffensive", "grottiness", "aunpleasant", "agrody", "adirty"], ["truck", "juggernaut", "heavy goods vehicle", "coal", "tramway", "truckload", "mean distance between failure", "trunk road", "hgv", "vmud", "lorries", "va", "roller bed", "lorryload", "lorry driver", "wago", "motor vehicle", "baggage", "mammy wagon", "rubbish", "artic", "vdirty", "piggyback", "vbespatter", "transport caf\u00e9", "barrow", "tractor", "vsoil", "electric flower car", "mine", "lorryful", "stovec", "hauler", "sleeper cab", "retarder", "wagon", "tippler", "cart", "lorryless", "transporter", "transport", "goods", "british", "name", "english", "english truck", "vehicle", "british truck", "british term", "term", "big", "big truck"], ["adirty"], ["vpollute", "inquinated", "vdirty"]], "/r/UsedFor": [[], [], [], [], [], [], [], [], [], ["poop", "urinate", "peeing", "dispose of waste", "go potty", "barf i", "shitting", "waste", "pooping", "poop i", "dispose of tissue", "depositing human waste"], [], [], [], [], [], [], [], [], [], [], [], [], [], [], [], [], [], [], [], [], [], [], [], [], [], [], [], [], [], [], [], [], [], [], [], [], [], [], [], [], [], [], [], [], [], [], [], [], [], [], [], [], [], [], [], [], [], [], [], [], [], [], [], [], [], [], [], [], [], [], [], [], []], "/r/LocatedAt": [[], [], [], [], [], [], [], [], [], [], [], [], [], [], [], [], [], [], [], [], [], [], [], [], [], [], [], [], [], [], [], [], [], [], [], [], [], [], [], [], [], [], [], [], [], [], [], [], [], [], [], [], [], [], [], [], [], [], [], [], [], [], [], [], [], [], [], [], [], [], [], [], [], [], [], [], [], [], [], [], [], [], []], "/r/FormOf": [[], [], [], [], ["pigs", "pigged"], ["slatterns"], ["begrimes", "begrimed", "begriming"], ["pollutants"], [], ["toilets", "toilette", "toileted", "toileting"], [], [], [], ["soilures"], ["vbegrime"], ["grungier", "grungey", "grungiest"], [], ["grotbags"], [], [], ["hackier", "hackiest"], [], ["fingermarks"], ["filthied", "filthies", "filthiest", "filthier", "filthying"], [], ["dirtballs"], [], [], [], ["blackening", "blackeneth", "blackened", "blackenest", "blackens"], [], [], ["bedirtying", "bedirties", "bedirtied"], ["pugh", "poo", "vpoo", "poohed", "poohing", "poohs"], [], [], ["gunking", "gunked", "gunks"], ["vdirty"], ["clairt", "clarts", "clarting", "clarted"], [], [], [], [], ["oinkers"], [], ["bedizening", "bedizens", "bedizzen", "bedizened"], ["vdirty"], ["smuttiest", "smuttied", "smuttier", "smutties", "smuttying"], [], [], ["beslimes", "beslimed", "besliming"], [], ["pigpens"], ["shmutzy"], ["nastiest", "nasties", "nastier"], [], [], ["clartier", "clartiest"], ["clattier", "clattiest", "clatties"], [], ["grubs", "grubbing", "grubbed"], ["dirtbags"], ["desanitizes", "desanitizing", "desanitized"], [], ["slovenlier", "slovenliest"], [], [], ["vdefile", "defile"], ["scungier", "scungiest"], [], ["gunkier", "gunkiest"], [], [], ["grubbiest", "grubbies", "grubbier"], ["slovens"], ["hory"], ["vdirty", "dirtyings"], [], [], ["grottier", "grottiest"], ["lorried", "lorrying", "lorries"], [], ["inquinated", "inquinates", "inquinating"]], "/r/IsA": [[], [], [], [], [" artifactingot artifact", "placental mammal", "invective", "animalopencycnon human animal", "sus scrofa", "adult pig", "quadruped", "eate", "domesticated pig", "piglet", "non person animal", "omnivore", "alice"], [" persoslob perso"], [], ["nitrogen oxide substance", " substancewaste substance", "sulfur dioxide substance", "dichlorodiphenyltrichloroethane substance", "chlorofluorocarbon substance", "halon substance", "free methane gas", "tangible thing", "radionuclides", "air pollutant", "industrial waste", "agrochemicals", "smog", "automobile exhaust"], [], ["water closet artifact", " actdressing act", "flushless toilet artifact", "head artifact", " artifactplumbing fixture artifact", "public toilet artifact", "potty seat artifact", "flush toilet artifact", " artifactroom artifact", "washroom artifact", "human waste conversion device", "plumbing fixture", "restroom", "part of room", "commode", "fixture in bathroom", "urinal", "household attachment", "where one urinates and defecates"], [], [], [], [], [], [], [], [], [], [], [], [], [" attributesmudge attribute"], [], [], [], [], [], [], [], [], [], [], ["fictional character"], [], [], [], [], [], [], [], [], [], [], [], [], [], [], [], [], [], [], ["penopencycanimal pe"], [], [], [], [], [], [], [], [" animallarva animal", "leatherjacket animal", "maggot animal", "larva", "beetle", "living thing"], [], [], [], [], [], [], ["synonym for polluted"], [], [], [], [], [], [" animalsculpin animal"], [], [], [], [], [], [], [" artifacttruck artifact", " artifactwagon artifact", "articulated lorry", "funny sounding word", "vehicle", "another name for truck"], [], []], "/r/PartOf": [[], [], [], [], [], [], [], [], [], ["toilet seat artifact", "toilet bowl artifact", " artifact", " artifactbathroom artifact", "drai", "restroom", "bathroom"], [], [], [], [], [], [], [], [], [], [], [], [], [], [], [], [], [], [], [], [], [], [], [], [], [], [], [], [], [], [], [], [], [], [], [], [], [], [], [], [], [], [], [], [], [], [], [], [], [], [], [], [], [], [], [], [], [], [], [], [], [], [], [], [], [], [], [], [], [], [], [], [], []], "/r/HasA": [[], [], [], [], [], [], [], [], [], ["house must"], [], [], [], [], [], [], [], [], [], [], [], [], [], [], [], [], [], [], [], [], [], [], [], [], [], [], [], [], [], [], [], [], [], [], [], [], [], [], [], [], [], [], [], [], [], [], [], [], [], [], [], [], [], [], [], [], [], [], [], [], [], [], [], [], [], [], [], [], [], [], [], [], []], "/r/CapableOf": [[], [], [], [], ["find truffles", "find truffle"], [], [], [], [], ["flush", "smell bad", "refill"], [], [], [], [], [], [], [], [], [], [], [], [], [], [], [], [], [], [], [], [], [], [], [], [], [], [], [], [], [], [], [], [], [], [], [], [], [], [], [], [], [], [], [], [], [], [], [], [], [], [], [], [], [], [], [], [], [], [], [], [], [], [], [], [], [], [], [], [], [], [], [], [], []], "/r/AtLocation": [[], [], [], [], ["porch", "fairgrounds", "poke", "pigsty", "mud", "pe"], [], [], [], [], ["bathroom", "urine", "house", "water", "motel room", "stadium", "rest area", "toilet paper", "hospital", "apartment", "plumbing shop", "hotel", "restaurant", "space shuttle", "cubicle", "bath shower", "trash", "service statio", "toilet tank"], [], [], [], [], [], [], [], [], [], [], [], [], [], [], [], [], [], [], [], [], [], [], [], [], [], [], [], [], [], [], [], [], [], [], [], [], [], [], [], [], [], [], [], [], ["carpet", "trash"], [], [], [], [], [], [], [], [], [], [], [], [], [], [], [], [], [], [], [], [], [], [], [], [], [], ["garage"], [], []], "/r/HasProperty": [[], [], [], [], ["rolling in mud"], [], [], [], [], [], [], [], [], [], [], [], [], [], [], [], [], [], [], [], [], [], [], [], [], [], [], [], [], [], [], [], [], [], [], [], [], [], [], [], [], [], [], [], [], [], [], [], [], [], [], [], [], [], [], [], [], [], [], [], [], [], [], [], [], [], [], [], [], [], [], [], [], [], [], [], [], [], []], "/r/CreatedBy": [[], [], [], [], [], [], [], [], [], [], [], [], [], [], [], [], [], [], [], [], [], [], [], [], [], [], [], [], [], [], [], [], [], [], [], [], [], [], [], [], [], [], [], [], [], [], [], [], [], [], [], [], [], [], [], [], [], [], [], [], [], [], [], [], [], [], [], [], [], [], [], [], [], [], [], [], [], [], [], [], [], [], []], "/r/Synonym": [[], [], [], [], ["pig it stative", " persobull perso", "v bodyfarrow body", " animalhog animal", " persohog perso", " artifactpig bed artifact", "v consumptiodevour consumptio", " persoslob perso", "hog", "buzgut", "patrolma", "briquette", "piglet", "officer", "sow", "boar", "lieutenant", "swine"], ["slovenly woman person perso", "slut person perso", " persostreetwalker perso", "trollop person perso", "floozie", "moggy", "slob"], ["v contactdirty contact"], [], [], ["privy artifact", "throne artifact", "crapper artifact", "lavatory artifact", "potty artifact", "lav artifact", " stategutter state", "head", "commode artifact", "loo", "toilette act", "can artifact", "bathroom artifact", "stool artifact", "john artifact", "pot artifact", "half bath", "crapper", "dunny", "bathroom", "toilet room", "facilities", "lavatory", "khazi", "cloakroom", "joh"], [], [], [], [" actsoiling act"], ["grimy a ", "grubby a ", "raunchy a ", "dingy a ", "grungy a "], ["a begrimed ", "grungelike", "agrungelike"], [], [], [], [], ["ahackish", "hackish"], [], ["fingerprint attribute", "fingerprint"], ["foul a ", "lousy a ", "nasty a ", "a cruddy ", "dirty a ", "dirty", "asleazy", "agruesome"], [], [], [], [], [], ["v cookingchar cooking", "melanize change", "melanise change", "black", "black change", "vblack", "vdefame", "vdirty", "darken"], [], [], [], ["vpooh pooh", "pht"], [], [], [" substancesludge substance", "goop", "muck", "gunge", "goo", "grime"], [], [], [], [], [], ["rubby dub"], ["pig"], [], ["dizen body"], [], ["black a ", "a cruddy "], [], [], [], [], ["pigsty", "sty", " artifactsty artifact"], [], ["a filthy ", "awful a ", "tight a ", "a cruddy ", "yucky", "amea", "mean", "monstrous", "unlikeable", "uncongenial", "vindictive"], [], [], [], [], [], ["v possessiomooch possessio", " foodchow food", "maggot"], ["slubberdegullion"], [], [], ["unkempt", "frowsy a ", "frowzy a ", "untidy", "aunkempt", "anegligent", "auntidy", "adirty", "acareless", "aunwashed", "dishevelled", "asloppy", "sloppy", "adisorderly"], [], [], ["maculate a ", "violated"], ["ascummy"], [], [], [], [], ["a begrimed ", "myxocephalus aenaeus animal"], [" persoslob perso", "slob", "cutterma"], [], [" actsoiling act"], [], [], ["agross", "agrody", "agro", "disgusting"], ["camion artifact", "truck", "rig", "tractor trailer"], [], []], "/r/LocatedNear": [[], [], [], [], [], [], [], [], [], [], [], [], [], [], [], [], [], [], [], [], [], [], [], [], [], [], [], [], [], [], [], [], [], [], [], [], [], [], [], [], [], [], [], [], [], [], [], [], [], [], [], [], [], [], [], [], [], [], [], [], [], [], [], [], [], [], [], [], [], [], [], [], [], [], [], [], [], [], [], [], [], [], []], "/r/SimilarTo": [[], [], [], [], [], [], [], [], [], [], [], [], [], [], ["dirty a ", "a dirty "], [], [], [], [], [], [], [], [], ["a dirty ", "dirty a ", "a nasty ", "nasty a "], [], [], [], [], [], [], [], [], [], [], [], [], [], [], [], [], [], [], [], [], [], [], [], ["a dirty ", "dirty a "], [], [], [], [], [], [], ["hateful a ", "a grotty ", "filthy a ", "a difficult ", "grotty a ", "a hateful ", "a filthy ", "difficult a "], [], [], [], [], [], [], [], [], [], ["a untidy ", "untidy a "], [], [], ["impure a ", "a impure "], [], [], [], [], [], [], [], [], [], [], [], ["a nasty ", "nasty a "], [], [], []], "/r/MadeOf": [[], [], [], [], [], [], [], [], [], ["porcelai"], [], [], [], [], [], [], [], [], [], [], [], [], [], [], [], [], [], [], [], [], [], [], [], [], [], [], [], [], [], [], [], [], [], [], [], [], [], [], [], [], [], [], [], [], [], [], [], [], [], [], [], [], [], [], [], [], [], [], [], [], [], [], [], [], [], [], [], [], [], [], [], [], []], "/r/ReceivesAction": [[], [], [], [], ["found on farm"], [], [], [], [], ["found in bathroom", "found in house", "found in building", "found in bathroom or restroom", "flushed", "found in hospice", "found in restroom"], [], [], [], [], [], [], [], [], [], [], [], [], [], [], [], [], [], [], [], [], [], [], [], [], [], [], [], [], [], [], [], [], [], [], [], [], [], [], [], [], [], [], [], [], [], [], [], [], [], [], [], [], [], [], [], [], [], [], [], [], [], [], [], [], [], [], [], [], [], [], [], [], []]}, "/r/UsedFor": {}, "/r/LocatedAt": {}, "/r/FormOf": {"/r/RelatedTo": [[], [], ["vdirty", "dirty"]], "/r/UsedFor": [[], [], []], "/r/LocatedAt": [[], [], []], "/r/FormOf": [["vdirty", "dirty", "adirty"], ["dirty", "adirty"], ["vdirty"]], "/r/IsA": [[], [], []], "/r/PartOf": [[], [], []], "/r/HasA": [[], [], []], "/r/CapableOf": [[], [], []], "/r/AtLocation": [[], [], []], "/r/HasProperty": [[], [], []], "/r/CreatedBy": [[], [], []], "/r/Synonym": [[], [], []], "/r/LocatedNear": [[], [], []], "/r/SimilarTo": [[], [], []], "/r/MadeOf": [[], [], []], "/r/ReceivesAction": [[], [], []]}, "/r/IsA": {}, "/r/PartOf": {}, "/r/HasA": {}, "/r/CapableOf": {}, "/r/AtLocation": {"/r/RelatedTo": [["sleeping", "sleep", "furniture", "mattress", "place", "pillows", "sleeping place", "sheets", "sleeping furniture", "cot", "pillow", "platform", "sleep furniture", "bedroom", "room", "sleep o", "nest", "four", "sleep place", "slept", "for sleeping", "sleeping platform", "where", "sleep i", "blankets", "surface", "cover", "rest", "has", "resting", "legs", "rectangle", "where sleep", "sleeping o", "night", "resting place", "garde", "device", "soft", "object", " artifactperson", " artifactplant botany", "sleeping thing", "slept i", "sleeping surface", "area", "sleeping device", "table", "sheet", "sleeping area", "locatio", "spot", "bedroom furniture", "covers", "sleeping i", "four legs", "slept o", "comfy", "comfortable", "blanket", "mattress place", "place sleep", "has pillows", "sleeping cot", "for sleep", "lying", "four poster", "poster", "couch", "duvet", "here", "sleep here", "do ", "square", "posts", "sleeping locatio", "in bedroom", "sleeping spot", "sleeper", "people", "pillows blankets", "cradle", "frame", "nightstand", "house", "sleepwear", "ballast", "parasequence", "co bed", "bedhanging", "uptrace", "trundle bed", "water pocket", "bedpan", "ramble", "wadi", "plant", "claybed", "crop out", "lay", "bedful", "clinophobia", "bednet", "bedlessness", "tidal flat", "utility trailer", "trestle bed", "bedwardr", "decubitus", "beds", "bedspring", "clino", "bedquilt", "pannel", "deplantation", "lie in", "bedder", "bedsite", "bedform", "canopy bed", "waywikten 1", "manji", "bedding", "osiery", "waterbed", "rhythmite", "bedrail", "hyporheic", "headsheet", "fourposter", "supper", "hostel", "high riser", "day bed", "multibed", "vpaving", "bedstead", "scratcher", "bedwarmer", "flatbed", "bedsore", "vsleep", "wall", "bedjacket", "course", "bedbound", "roust", "four point", "bedtick", "interbed", "ore", "bedpartner", "headboard", "bedwetter", "crag", "nightie", "bonnywikten 2", "childbed", "bedwear", "turn into pumpkin", "bedshare", "bedhead", "bedframe", "bunk bed", "coal"]], "/r/UsedFor": [["have sex", "resting o", "making love", "sheet", "lie do ", "fucking i", "lying do ", "having sex i", " artifactsleep stative", "napping o", "reading i", "laying do ", "resting", "sit o", " artifacthold stative", "napping", "trampolining o", "watching tv", "demonstrate virility", "getting better i", "taking afternoon nap"]], "/r/LocatedAt": [[]], "/r/FormOf": [["beds", "beddeth"]], "/r/IsA": [["place", "furniture", "double bed artifact", "platform bed artifact", "murphy bed artifact", "ore bed object geology", "turnip bed artifact", "sleigh bed artifact", "marriage bed artifact", "deathbed artifact", "asparagus bed artifact", "cot artifact", "hammock artifact", "railroad bed artifact", "four poster artifact", "sickbed artifact", "hotbed artifact", " objectnatural depression object", "couch artifact", "streambed object", "seedbed artifact", "find inside", "roadbed artifact", " geologystratum organism", "water bed artifact", "lake bed object", "single bed artifact", "berth artifact", " artifactbedroom furniture artifact", " artifactfoundation artifact", "flowerbed artifact", "riverbed object", "good place to lie", "built in bed artifact", " artifactsurface artifact", "bunk bed artifact", "ocean floor object", "trundle bed artifact", "plank bed artifact", "twin bed artifact", " artifactplot locatio", "bunk artifact", "bassinet", "bunk", "cot", "find upstairs", "dog bed", "built in bed", "bedroom furniture", "hospital bed", "good place to have sex", "full sized bed", "cradle", "twin sized bed"]], "/r/PartOf": [["mattress", "bedstead artifact", "mattress artifact", " artifactpress artifact", " artifactbedroom artifact", "frame"]], "/r/HasA": [[]], "/r/CapableOf": [["provide comfort", "rest perso"]], "/r/AtLocation": [["cat", "dust bunny", "floor", "dust", "kitte", "shoes", "bogeyma", "monster", "house", "dust bunnies", "pillow case", "huma", "room", "dust mites", "rest area", "slipper", "neighbor's house", "junk", "hospital", "dirt", "bed sheet", "dirty socks", "snake", "lost sock", "lazy boyfriend", "empty space", "dog", "blankets pillows sheets", "loft", "slippers", "sleeping people", "bed bugs", "socks", "small dog", "old socks", "toys", "lost items", "porno", "carpet", "magazine", "apartment", "clean sheets", "frame", "dust lots of", "scary", "dirty", "linen in closet or", "magazines", "spoo", "dustball", "basement", "mits", "hotel room", "book", "sex toys", "sleeping", "people having anal sex", "bag", "trash", "pillow case i", "student", "barbie dolls", "boogie ma", "mens magazines", "kitty", "man and woma", "monster old photo albums", "continental quilt", "hair", "lost shoe", "teddy bear"]], "/r/HasProperty": [["flat"]], "/r/CreatedBy": [[]], "/r/Synonym": [["bottom object", " locatioseam locatio", "v bodygo to bed body", "v contactroll in hay contact", " artifactlayer artifact", "stratum", "scanbed", "banana equivalent dose", "layer"]], "/r/LocatedNear": [[]], "/r/SimilarTo": [[]], "/r/MadeOf": [[]], "/r/ReceivesAction": [["found in hotel", "found in hospital", "found in monestary"]]}, "/r/HasProperty": {"/r/RelatedTo": [["window", "clear", "material", "drinking", "transparent", "windows", "drink", "sand", "cup", "container", "pane", "window material", "see", "see through", "through", "water", "breakable", " artifactliquid substance", " artifactdrink food", "glassman", "fragile", "vessel", "clear material", "window pane", "drinking vessel", "plate", "silico", "jar", "melted", "melted sand", "solid", "break", "mirror", "panes", "crystal", "holder", "liquid", "in windows", "silica", "made", "tears of wine", "vreflect", "glazier", "ferretto", "lime", "barium copper silicate", "potash", "venetian glass", "vitreous", "lithium oxide", "potichomania", "glass cutter", "sugar glass", "semivitrified", "mullion", "vburnisher", "aquarium", "murrine", "illustrated song", "hyalograph", "gauge glass", "vitrophyre", "glasshouse", "backboard", "telescope", "glassmaker", "vglassy", "quartz halogen lamp", "looking glass", "glass delusion", "optical flat", "riesel iron", "test tube", "red lead", "hyalophagy", "pele's hair", "glarney", "protective", "ambitty", "wine bottle", "volcanic ash", "optical glass", "verrophone", "brouilleur", "shaker", "urinal", "scree", "grozing iron", "glazer", "tankard", "leyden jar", "quarrywikten 3", "milk bottle", "stemware", "mesoglass", "carafe", "sea glass", "cork borer", "chimney", "snow cone", "perlite", "sun room", "polishing slate", "vitrand", "latticinio", "pearlash", "volcanic glass", "flint glass", "bell jar", "tear catcher", "microwire", "boric oxide", "conciator", "vitrified", "schmelze", "verrine", "unglaze", "sandiver", "lattice window", "glass onion", "thermionic valve", "sash door", "lunette", "goldstone", "schwarzlot", "andisol", "rimmer", "wine glass", "glassworks", "polymethyl methyacrylate", "glazen", "caneworking", "limoncello", "vitrinite", "crystallophone", "glass soap", "moonroof", "hyalescence", "nonglass", "glass ceramic", "absinthe spoon", "petalite", "pepsi", "vitrify", "photographic plate", "glassmaking", "vial", "opalotype", "glasslike", "fulgurite", "nonvitrified", "lens blank", "abradant", "crystal ball", "house wine", "tanada effect", "retouching frame", "flacon", "anticoherer", "kelp", "lead crystal", "polymethyl methacrylate", "art glass", "glassless", "marver", "borosilicated", "dramseller", "glassformer", "petri dish", "jingle", "clich\u00e9 verre", "magnifying glass", "prunt", "plate glass", "vitriform", "blow mould", "lead oxide", "legs", "vglaze", "calvados", "knickerbocker glory", "silica glass", "vitrifacture", "casserole", "uviol glass", "water gauge", "strass", "reading stone", "absinthiana", "vaporole", "andic", "orotone", "vmirror", "vsmooth", "devitrification", "mexican breakfast", "tintinnabulation", "autochrome", "pitchstone", "unvitrified", "margarita", "bead proof", "cheval de frise", "glasscutter", "wine flight", "wreath", "fresnel's rhomb", "fibreglass", "substance", "beaufet", "melonade", "pint glass", "patio door", "bocca", "coupe", "double glazing", "crizzle", "glassy", "light mill", "annealing", "fluorite", "dribble glass", "windscreen", "pair of glasses", "paget process", "tumbler", "transparisteel", "interlayer", "bottle bank", "vitrifiable", "microscope slide", "pony glass", "fibre optics", "vlandscape", "frit brick", "glass pane"], ["male", "posh n becks", "wikten 1member", "getting enough", "unisexual", "fuck like rabbits", "easy", "love slave", "necrosadism", "cis person", "sexhibition", "loss of consortium", "wikten 1organism", "unisex", "suggestive", "pander", "demogrant", "heterospory", "pubococcygeus", "pornographic", "heliogabalus", "monosexism", "sex pact", "aristasian", "sexual favour", "sexes", "feminization", "heteronormativity", "fuckstruck", "birds and bees", "fuckie suckie", "estratetraenol", "spintrian", "white sugar", "key party", "sexhood", "sexworthy", "presex", "periplanone", "sexual dichronism", "get physical", "venus", "afterplay", "honeymoon rhinitis", "whorehound", "genderswapping", "female", "antikink", "transvestite", "homosexual", "jade gate", "bi asexual", "hetsmut", "sexed", "monosexual", "cock holster", "heterophobia", "multisexual", "getting any", "isosexual", "sexlinked", "pseudohermaphroditism", "suck off", "sexing", "beta orbiter", "tzeniut", "persuasion", "think of england", "homogametic", "locker room talk", "testosterone", "penetrative sex", "sex talk", "same sexer", "they're only after one thing", "two by twor", "lie with", "manhater", "sexgate", "natural gender", "cismasculine", "diddle", "sexuoerotic", "monosexuality", "gloryholer", "mile long club", "pussy pass", "dyadic", "slag", "secondary sex characteristic", "jump someone's bones", "sextastic", "sexism", "underfucked", "purity test", "steroid", "homeovestism", "lysistratan", "get some", "do it", "toni", "intrasexual", "raw dog", "phyllon", "sexpionage", "cunt", "horndog", "sexer", "shunamitism", "epicene", "gonochorism", "sextravaganza", "androgynous", "same sexness", "genfic", "asexuality", "sex goddess", "bottom bitch", "antisex", "genwikten 1", "breedingwikten 1", "biosex", "achiasmy", "sexable", "sexuality", "yiff", "gagging for it", "genderswap", "chumship", "man cunt", "gender bender", "heterosexual", "genderism", "sexology", "fivesome", "sexologist", "pedication", "altrigenderism", "disorder of sex development", "jizz mopper", "lost weekend", "incubus", "same sex", "on job", "hermaphroditism", "pornology", "nonsex", "postfuck", "sexist", "ride cock carousel", "sex bracelet", "neurosexism", "sexual", "permavirgin"], ["wool", "beard", "flea", "doll", "mane", "wig", "head", "fur", "blonde", "whisker", "wax", "mousse", "sheep", "conditio", "brush", "indumentum", "haircare", "henna", "trichotrophy", "anagen", "gray", "switch", "nonhair", "dustbrush", "rowel", "diving bell spider", "pilosebaceous unit", "haircut", "pigment", "trichite", "trichilemmal", "rapunzel", "trichosensillum", "trichologist", "trichophobia", "dyscromia", "bedhead", "ladies tresses", "long haired", "covering", "box braids", "afro pick", "rehair", "silvery haired", "folliclyr", "folliculitis", "trichophagia", "piliform", "barbate", "hairslide", "perifolliculitis", "shock headed", "weavy", "body hair", "capillature", "powder room", "tzaraath", "comate", "eyelash mite", "menkes disease", "heterochromia", "rhizine", "leiotrichous", "snood", "whitehaired", "hairclip", "trichogen", "chemical depilatory", "pubescence", "split head", "corymbus", "unhair", "riah", "trichogenous", "pigtail", "piliation", "fixature", "hair salt", "sericeous", "penicillate", "waxing", "keratinization", "shaggy", "reim", "monilethrix", "yellow haired", "crinate", "rinse", "centre parting", "vermilion", "shavewikten 1", "shampoo", "mammal", "roulette", "taenia", "carpet matches drapes", "peroxidize", "chromotrichia", "slick back", "chignon", "auricomous", "atrichous", "coppertop", "kerati", "dead end", "hairwork", "pudding bowl", "hairdressing", "follicle", "strigose", "microbraid", "electrologist", "towheaded", "curled hair", "glabrous skin", "canescent", "polish plait", "antifrizz", "carrot topped", "cyanope", "grey haired", "frowzled", "eumelanic", "balayage", "jubate", "capilliform", "intracrinal", "scalp lock", "mass", "endothrix", "unhairer", "hair bro a", "fibrillose", "slut's wool", "brylcreemed", "goathair", "marinesco sj\u00f6gren syndrome", "haircutter", "curlyhead", "topknot", "bandeau", "happy trail", "fetlock", "carvajal syndrome", "verricule", "wiggery", "pashmina", "horripilated", "trichome", "phaeomelanic", "favori", "chevelure", "unhairing", "xanthochroid", "dehair", "silver haired", "mayonnaise", "nitpick", "lissotrichi", "fringe", "electrology", "cellular", "hairbrush", "huma", "detangler", "crinite", "blow dryer", "picky head", "traumatic alopecia", "millerite", "fire crotch", "bald", "mollipilose", "nicety", "permanent wave", "hair dryer", "hippocratic wreath", "dishwater blond", "arrector pili", "cymotrichy", "floccus", "nit comb", "hairen", "frisure", "plumose", "peroxide", "capillaceous", "poliosis", "piloerection", "baldpated", "pheomelanic", "xanthomelanous", "electromotility", "mecate", "purp", "barbellulate", "mastigoneme", "permanent", "depilatory", "poak", "eukeratin", "slick do v", "male pattern baldness"], [], [], [], ["dress", "wool", "cotto", "iro", "fashio", "coat", "wash", "closet", "size", "clothe", "silk", "zipper", "sock", "stitch", "laundry", "underdress", "nankeens", "laundry ball", "dressing stick", "bikewear", "wardrobe", "braiding", "clothes brush", "make over", "dizen", "mannequin", "fashion show", "pinny", "woolens", "trauma naked", "graveclothes", "pressman", "dry clean", "paradoxical undressing", "matchy", "bottomless", "dressmaker", "frump", "spacewear", "cross dress", "ashoebi", "laundrywoman", "mufti day", "clothing", "clothesless", "dress do v", "orleans", "transvest", "stark bollock naked", "togs", "pilch", "washer", "half nakedr", "on blanket", "grubbies", "lavatory", "passementerie", "clothesbrush", "unclothed", "wash bin", "eveningwear", "bureau", "suitcase", "widen", "cloth", "clothesman", "street clothes", "change oneself", "ne er cast clout til may be out", "soapflake", "clothedness", "sympathetic powder", "breeches part", "plainclothes", "daywear", "bushel", "make do and mend", "never nude", "washer dryer", "costume", "fashion doll", "undress", "modeling", "laundry chute", "rickrack", "vestiture", "bathing costume", "tailor's dummy", "suit", "tailor", "trousseau", "fitting", "overshirt", "vclothe", "motley", "leprosy", "underclad", "long clothes", "softgoods", "anticrease", "clothes maiden", "naturist", "ecdysiast", "clothespress", "steamie", "denimwear", "flannelled", "dressing room", "deinsectization", "habiliment", "grow out of", "civvies", "claes", "airing cupboard", "get dressed", "tabinet", "overclothed", "thermogene", "fullery", "strip search", "swishing", "bathhouse", "threadbare", "demob suit", "clothes screen", "dandification", "boutique", "well dressed", "unclothedness", "wash basket", "batlet", "clothesbasket", "gear", "thing", "threads", "retrofashion", "ironing", "beclothe", "is there smaller size", "coordinate", "dude up", "dress sense", "wearing", "sagathy", "slopseller", "overcoat", "catwalk", "washing machine", "underclothes", "squeeze into", "dressable", "anticreasing", "russet", "patdo ", "dude", "pinafore", "fitting room", "bollock naked", "in rags", "dress up", "cyclewear", "transvestite", "dhobying", "slopshop", "clotheswoman", "reviver", "pajamas"], ["feet", "sock", "polish", "foot", "unshoed", "heels", "kicks", "vshoe", "rhythm and blues", "clodhoppers", "lapti", "shoeicide bomber", "shoesmith", "shoeshine girl", "is there smaller size", "flatties", "uppers", "sneakerhead", "shoeless", "shoeshine boy", "heelball", "shoeshine", "shoebox", "shoe", "clothing", "suede", "size", "tap", "box", "wax", "lace", "horse", "footwear", "pair", "ground", "leather", "dance", "clo ", "bow"], ["doctor", "operatio", "hospitality", "in hospital", "ambulance artifact", "building", "medical", "place", "doctors", "rounds", "straitjacket", "intrahospital", "veterinary hospital", "opt out", "hospitable", "inpatient", "emergency", "load and go", "hospital ship", "casualty", "granny dumping", "league table", "bughouse", "houseman", "nonhospital", "fundholding", "externe", "general hospital", "resection", "ward round", "schedule", "grand rounds", "dotation", "hospice", "ahospitalier", "pharmacist", "emergency department", "catchment area", "emergency room", "emerg", "policlinic", "plaster room", "multihospital", "campus", "community psychiatric nurse", "posthospital", "nhs trust", "nosocomiallyr", "inmate", "patient", "infirmary", "operating room", "h\u00f4tel dieu", "clinical pathology", "pill hill", "surgicalist", "surgicenter", "cottage hospital", "nosocomial", "hospitaller", "attending", "spittal", "leprosarium", "check out time", "homeborn", "candy striper", "ambulance", "accident and emergency", "pavilion", "host", "hospitalist", "primary care", "lights out", "maternity", "special measures", "surgical", "fallagate", "interhospital", "almshouse", "hospitalize", "admit", "facility", "bed push", "homeless dumping", "homebirth", "code bro ", "trauma centre", "transinstitutionalization", "fosphenytoin", "retail pharmacy", "visitor", "antihospital", "daughter from california syndrome", "prehospital", "hospitalization", "urgicenter", "outpatient", "sickhouse", "general public", "trayline", "spital", "dead on arrival", "mental institution", "leprosery", "operating theatre", "hospitals", "solarium", "prehospitallyr", "orphanotrophy", "flower service", "inhospitable", "cr\u00e8che", "walk hospitals", "examining room", "pat slide", "caesar's palace", "children's hospital", "bedtable", "sickbay", "maternity ward", "hosp", "teaching hospital", "seabase", "clinician", "cuddler", "chargemaster", "clinic", "delivery room", "valetudinarium", "e", "morgue", "nursery", "sick people", "sick", "people", "patients", "medical building", "vincent van gogh"], ["vslum", "slum"], ["ground", "carpet", "surface", "room", "under", "walking", "stage", "house", "bottom", "wood", "feet", "ceiling", "beneath", "standing", "tiles", "tile", "hardwood", "below", "rug artifact", "inside", "walk", "standing o", "walk o", "walking o", "building", "walking surface", "rug", "under feet", "carpeted", "buildings", "houses", "beneath carpet", "inside ground", "covering", "room bottom", "linoleum", "sand", "vamaze", "lippage", "outside gross area", "floors", "floored", "vsilence", "dance floor", "spirket", "ground floor", "back to floor", "vinyl composition tile", "push up", "nonfloor", "floorlike", "microstylar", "bathroom scales", "floorwardsr", "vretort", "rasabox", "floorwardr", "flooring", "floorcovering", "flatwork", "multifloored", "buccal pumping", "floorwise", "floor length", "cap", "vknock do ", "pugging", "plancher", "wallball", "floorless", "trapdoor", "valance", "vsurprise", "event", "dado rail", "uguisubari", "frontflip", "concretion", "sternsheets", "reflooring", "floormate", "oceanic abyss", "upkick", "flat store", "entresol", "on floor", "hemline", "runghead", "ocean floor", "screeder", "smoker", "floorest", "box bed", "call", "floorward", "divan", "floor cloth", "floorwork", "multifloor", "dutch carpet", "floor cramp", "testudinatum", "floor heating", "whalefall", "fifth wall", "floor box", "downcutting", "refloor", "cervicobregmatic", "subfloor", "underdrift", "brusher", "flooreth", "semianechoic", "machine room", "seafloor", "conventio", "seamount", "earth floor", "oceanography", "floorwiser", "deckscrub", "cinemuck", "ashlaring", "top floor", "tatami", "fire block", "floordrobe", "bridging", "planching", "multilevel", "upstairsr", "seabed", "storey", "parquet", "dumbwaiter", "political opposition", "vfinish", "hearth", "pony wall", "house floor", "vcover", "stairs", "first floor", "wall to", "basement", "floorpan", "floorhead", "floorspace", "transition strip", "vstrike do ", "barnfloor", "second floor", "fl", "thirteenth floor", "vaccelerate", "floorcare", "half landing", "floorboard", "floormat", "wood carpet", "michigan basement", "midfloorr", "plan", "storagewall", "absolute privilege"]], "/r/UsedFor": [["drinking", "holding liquid", "seeing through", "drinking liquid from", " artifacthold stative", "drinking from", "drinking out of", "making windows and for drinking cups", "drink from", "holding liquids and ice cubes", "drink margaritas out of", "holding water", "holding liquids", "holding drink"], ["condom", "prostitute", "procreatio", "making babies", "copulating", "whore", "procreating", "going to bed", "loving else", "master bedroom", "bed", "recreation and procreatio", "lady", "going to party", "playing basketball", "recreatio", "comforting friend", "couch", "pleasure", "pleasure or procreatio", "pleasure garde"], ["warmth", "comb", "gel", "combing", "washing", "haircutting scissors", "shampooing", "keeping head warm", "hair shaping gel", "retaining heat", "aid in spell", "shampoo", "test dna", "providing heat", "fur", "coil"], [], [], [], ["wearing", "denim", "keep warm", "expressio", "dress", "chine cotto", "covering body", "clothing closet", "cover and beautify people's body", "keep bodies warm", "protect people from environment", "cloth", "wool", "armoire"], ["protect feet", "protect feet from tne ground", "running twenty six miles", "tying shoelace", "leather", "wor"], ["emergencies", "healing sick people", "surgery", "having surgery", "delivering babies", "taking large amounts of money", "place for babies", "sick people", "get well", "treating seriously injured people", "workplace for doctors and nurses", "doctors to work withi", "healed", "healing sick", "helping sick people", "have heart transplant", "human repairs", "trauma patients", "hopefully healing people", "curing sick", "treating seriously ill people", "healing injured people", "get surgery", "healing injured", "human recovery", "doctors to work", "caring for patients"], [], ["walk", "walking o", "walk o", "sit o", "standing o", "limit minimum value", "sitting o", "preventing things from falling", "dance o", "standing upo", "setting solid objects o", "stand o", "walking upo"]], "/r/LocatedAt": [[], [], [], [], [], [], [], [], [], [], []], "/r/FormOf": [["glassing", "glassed", "glasses"], ["sexing", "sexes", "sexed"], ["hairs"], [], [], [], ["clotheses"], ["shoe", "vshoe"], ["hospitals"], ["vslum", "slum"], ["floors", "flooring"]], "/r/IsA": [["solid", "natural glass substance", "optical glass substance", " substancesolid substance", "ground glass substance", "beer glass artifact", "water glass artifact", "wire glass substance", "rummer artifact", "liqueur glass artifact", "wineglass artifact", "highball glass artifact", "tumbler artifact", "schooner artifact", "bumper artifact", "stained glass substance", "lead glass substance", "snifter artifact", "safety glass substance", " artifactglassware artifact", "opal glass substance", "shot glass artifact", "crown glass substance", "parfait glass artifact", " artifactcontainer artifact", "seidel artifact", "soft glass substance", "soluble glass substance", "goblet artifact", " quantitycontainerful quantity", "solidopencycsolid state of matter", "liquid at room tempeature", "traditional covering for greenhouses", "inorganic substance", "clear glassopencycglass 413", "something you", "vehicle", "opencycglass 413brittle thing", "amorphous solid", "flying implies", "glass wool", "borophosphosilicate glassopencycsilicate glass", "amorpous solid at room temperature", "container", "physical substance"], ["activity", "three letter word", "good thing", "enjoyable activity", "sweaty activity", "heart pounding experience", "messy activity", "biological functio", "not ofte", " feelingfeeling", "maleness attribute", " groupclass group", "androgyny attribute", "leisure activity", " attributephysiological property attribute", "way to earn money", "femaleness attribute", "malewikten 1", "motivator for most people", "pleasure", "bourgoise"], ["facial hair body", "forelock animal body", "cowlick body", "mane animal body", " bodybody covering body", "ingrown hair body", "lock body", "mane body", "coat animal body", "guard hair animal body", "whisker animal", "eyebrow body", " bodyfilament body", "stinging hair plant", "body hair", "beard animal body", "pubic hair body", "beard plant", " plantplant process plant", "bristle animal", "strand", "eyebrows", "eyelash body", "pilus animal", "dobody", "hairdo body", "seta animal", " animalprocess body", "body hair", "opencychair strandprotrusion", "long and scruffy so", "blondeopencychair stuff", "white thingopencychair stuff", "long fur", "opencychair strandextruded body part", "red thingopencychair stuff", "auburnopencychair stuff", "do ", "opencychair strandsolid object", "opencychair stuffbody part", "gray thingopencychair stuff"], [], [], [], ["shirts", "t shirt", "shirt", "rinsed to remove solid particles", "shoe", "blouses and pants", "normally", "not potable either", "jeans and dresses", "important part of appearance", "scrub", "slacks and shorts", "gloves", "raincoat"], ["clothing", "casual shoes", "clogs", "clothing for feet", "articles of clothing", "stiletto", "wpgui toolkitsoftware"], [" groupmedical institution group", "lazaretto artifact", "creche artifact", " artifactmedical building artifact", "maternity hospital artifact", "sanatorium artifact", "mental hospital artifact", "military hospital artifact", "opencychospital buildingmodern shelter construction", "medical care institution", "psychiatric hospital", "university hospital", "medical center", "sanatorium", "policlinic", "building", "clinic", "maternity hospital", "orphanage", "where go if injured", "intensive care unit", "mental hospital", "general hospital", "place where doctors work", "large building", "lock hospital", "hospice", "local customer contact point", "maternity ward", "private hospital", "non profit hospital", "trauma centre", "teaching hospital", "field hospital", "nursing home", "county hospital", "rifle range", "place", "emergency room", "opencychospital buildingmedical facility", "for profit hospital", "butcher shop", "emergency ward", "organization", "opencychospital buildingbuilding", "military hospital", "emergency department", "cottage hospital", "health service facility", "facility", "polyclinic", "health centre", "casualty department"], [], ["bell deck artifact", " artifacthall artifact", "truck bed artifact", "loft artifact", "wage floor communication communicatio", "price floor communication communicatio", "dance floor artifact", " communicatiocontrol communicatio", " attributeright attribute", "mezzanine artifact", "parquet artifact", " groupgathering group", " objectland object", " artifactstructure artifact", " artifacthorizontal surface artifact", "ground floor artifact", " objectsurface object", " artifactroom artifact", "floorboard artifact", "basement artifact", "dance floor", "part of building", "person supporting object", "dirty vacuum cleaning", "wallopencycwall generic barrier", "find downstairs", "indoor location", "what walk on indoors", "find upstairs"]], "/r/PartOf": [["window", " substance artifact", "eyeglasses"], ["reproductive cycle", "human experience", "procreatio"], ["head", " bodymammal animal", " bodyintegumentary system body", "root body", "hairline body", "part body"], [], [], [], ["zipper"], [], ["clinic artifact", "ward artifact", "intensive care unit group", "hospital room artifact", "burn center artifact", "coronary care unit group"], [], ["room", " artifactbuilding artifact", " objectcave object", " artifactroom artifact", " artifactexchange artifact", " objectlake object", " artifacthallway artifact"]], "/r/HasA": [["resonant frequency", "refractive index", "reflective qualitities"], ["effect of burning calories", "husband and wife", "men and wome", "people", "effect of inseminatio"], ["mammals", "all mammals", "humans", "roots", "cat", "cats", "follicals", "protective functio"], [], [], [], [], ["heel", "very high heels cultural fashio", "heels", "high heels", "velcro", "heels go with womans dress", "sole"], [], [], ["house", "classroom", "bedroom"]], "/r/CapableOf": [["hold liquid", "break easily", "hold water", "appear empty", "harness power of su", "serve as mirror", "cup liquid", "many different colors"], ["making love", "wonderful thing", "feel good", "please perso", "transmit disease", "require condom", "amount to nothing at all", "delight nearly", "cloud judgment"], ["fall out", "grow on leg", "clog sink drai", "vary in colour", "grow in ear"], [], [], [], ["protect skin from su", "get dirty", "air out", "become soiled", "dry in wind", "smell moldy if left wet", "hang in closet", "dry on rail", "give false impressio", "shred into pieces of confetti", "fit", "dry on clothes line"], ["fit poorly", "need to tied when wor"], ["page doctor"], [], ["story"]], "/r/AtLocation": [["water", "cabinet", "window", "kitche", "table", "cen", "dining room", "street", "dishwasher", "hand", "sink"], ["bedroom", "hotel", "backseat of car"], ["head", "hairbrush", "drai", "hair roller", "ribbo", "shampoo", "sink", "arm", "mammals", "brush", "hair brush", "briush", "wig", "mammoth", "bobby pi", "scalp", "moustache", "hair clip", "finger", "soup", "bed"], [], [], ["frying pa", "hot tap"], ["store", "closet", "dresser", "house", "suitcase", "mall", "clothing store", "velvet", "hamper", "woolen fabric", "clothes closet", "felt", "cabinet", "furniture dresser", "bed", "cloth", "drawer", "shop", "trunk", "bedroom"], ["bed", "closet", "feet", "dog shit", "table", "box", "socks", "suitcase", "sand", "desk", "home", "floor", "rug", "store", "stuff"], ["waiting room", "doctor examination room", "beds", "wound", "nurse", "city", "disease", "sticking plaster", "gurney", "bed", "illness", "tourniquet", "emergency ward", "blood", "injury", "people", "emergency care", "nurses", "medicine", "toilet", "to ", "emergency room", "disinfectant", "perso", "armchair", "trash ca", "telephone", "hospital go ", "sick people", "bedpa", "plastic tubes", "death", "trash", "plethera of scapels", "needle", "restaurant dining area", "gurneys", "doctors nurses and bmws", "most cities", "sick perso", "dying bodies", "cafeteria", "intensive care unit", "tape machine room", "oxygen tent", "needles and lots of", "staph infections", "urban and metropolitan areas", "patiens", "wing", "gause", "band aid", "reception area", "thermometer", "doctor", "attache case", "cord", "gauze", "senior", "surgical equipment", "dirty laundry", "dental office", "paper clip", "ventilation system", "ficus", "illness in perso", "heart", "examination table", "detroit", "military base", "nice part of to ", "dentist", "bed pans", "blanket", "laser", "cure humans", "wheel chairs", "medical instruments", "surgical rooms", "fire extinguisher", "medical chart", "sick", "gowns", "urban area", "greedy sadistic money grubbing doctors", "bloody people", "people who suffering", "faucet overflow", "xray machine", "mri", "morgue", "small but active morgue", "major city", "team of surgical doctors", "monitor wall", "every state", "line", "profesional disintrest", "medicines", "bleach", "wheelchari", "billing department", "casualties", "steel", "jello", "trays", "oxygen tents", "syringe", "bright lights", "x ray machine"], [], ["table", "bed", "carpet", "desk", "cat", "closet", "toys", "linoleum", "tiles", "house", "feet", "crumbs", "chairs", "chair", "room", "kitte", "used condom", "classroom", "cat hair", "roaches", "money", "synagogue", "restaurant", "probably dirty", "dirty clothes", "bread crumb", "shoes", "type of room", "clothing", "furniture", "carpet or rug", "newspaper", "book", "bean bag chair", "dirt", "garbage", "store", "batte", "tile", "paper", "library", "dropped", "crumb", "sleeping dog", "dirty sock", "all buildings", "spider", "dust"]], "/r/HasProperty": [["clear", "recyclable", "very fragile", "dirty", "clea", "half empty", "gree", "non porous", "half full", "ceramic", "sharp", "opaque", "fragile", "solid", "empty"], ["fu", "pleasurable", "good", "nice", "great fu", "painful", "dirty", "pleasant", "great", "confusing but fu", "better with like"], ["long or short", "very thi", "only on mammals", "brushed prior to cutting", "different than hare", "smooth", "cut to make shorter", "coloured", "lightweight", "natural", "dirty"], [], [], [], ["dirty", "purple", "hanging on clothes line"], ["very uncomfortable", "white", "most useful in pairs", "dirty", "worn outside of socks"], ["clea", "dirty"], ["dirty"], ["flat", "man made", "wet", "dirty", "sticky"]], "/r/CreatedBy": [[], ["baby"], [], [], [], [], [], [], [], [], []], "/r/Synonym": [[" artifactmethamphetamine artifact", "v changeglaze change", "glass in contact", " artifactfield glass artifact", "glaze possession possessio", "drinking glass artifact", " artifactlooking glass artifact", "glassful quantity", "mirror", "methamphetamine hydrochloride"], [" actsexual activity act", "gender attribute", "v emotioarouse emotio", "sexuality attribute", "sexual urge feeling", "gender", "hexa", "vmake love"], ["pilus body", " quantityhair's breadth quantity", "tomentum plant", "fuzz plant", " artifacthaircloth artifact", "haircolor", "hair dye"], [], [], [], ["clothing", " artifactapparel artifact", "thing", "garment", "apparel"], [" stateplace state", "footgear", "footwear", "wpgui toolkitwpgui toolkit"], ["sickhouse", "infirmary artifact", "veterinary hospital", "infirmary", "jail", ""], [], ["level artifact", "v contactdeck contact", "story artifact", "base communication communicatio", "storey artifact", "v emotioshock emotio", "flooring artifact", "trading floor artifact", "hypocaust", "entier", "flabbergast"]], "/r/LocatedNear": [[], [], [], [], [], [], [], [], [], [], []], "/r/SimilarTo": [[], [], [], [], [], [], [], [], [], [], []], "/r/MadeOf": [["lenses", "lens", "sand", "crt", "tv", "many bottles", "many containers", "plate", "bowl", "vacuum tube", "glasses", "computer monitor", "abottle", "bins"], [], [], [], [], [], ["outfit", "silk"], ["leather"], [], [], ["concrete", "wood"]], "/r/ReceivesAction": [["broke", "recycled", "made from sand", "found in kitche", "found in building", "blown into shapes", "coated", "sent for recycling", "found in bus", "tempered", "found in house", "wrapped in napki", "made from fused silicon dioxide", "found in taxi", "tinted", "melted", "blo "], [], ["found on mammals", "combed when not straight", "styled", "found all over body", "burned"], [], [], [], ["stored in wardrobe", "worn by people", "worn to work", "kept in linen closet", "made out of fabric", "made out of cloth", "washed", "made from cloth", "bought at mall", "purchased at mall", "washed in laundry room", "done with needles and fabrics", "stored in closet", "found at mall", "pressed to remove creases", "made to wor", "worn when in public", "kept in closet"], ["worn on feet", "held on feet by shoelaces", "polished", "meant to protect feet", "worn while weight training", "worn by people"], [], [], ["lie do ", "covered with carpet", "found in house"]]}, "/r/CreatedBy": {}, "/r/Synonym": {"/r/RelatedTo": [[], [], [], [], [], [], [], [], [], [], [], [], [], [], [], ["vdepress", "vabash", "grovel", "abasest", "abaser", "nought", "vfeelings", "abasedlyr", "abasing", "abased", "diminish", "vphysically", "voffice", "abases", "abaseth", "vdegrade", "vhumiliate", "vlife", "reduce"], [], ["piggy", "hashy", "draggle tail", "shuffle", "auntidy", "grotty", "oinker", "slobbish", "taupie", "trollop", "slummock", "aunkempt", "schlumpy", "clatty", "adirty", "schlump", "schlep", "slut", "aunwashed", "slopwork", "frouzy", "adisorderly", "slubberinglyr", "blowsy", "asloppy", "schleppy", "acareless", "pig it", "slack alice", "down at heel", "slovenliness", "anegligent", "slob"], ["naughtiest", "naughtier", "amisbehave", "devil", "amischievous", "mischiefmaking", "ecchi", "arisqu\u00e9", "acheeky", "naughtiness", "naughtilyr", "bad", "brat", "affair", "lust", "coal"], [], [], []], "/r/UsedFor": [[], [], [], [], [], [], [], [], [], [], [], [], [], [], [], [], [], [], [], [], [], []], "/r/LocatedAt": [[], [], [], [], [], [], [], [], [], [], [], [], [], [], [], [], [], [], [], [], [], []], "/r/FormOf": [[], [], [], [], [], [], [], [], [], [], [], [], [], [], [], ["abaseth", "abasest", "abasing", "abased", "abases", "abasedst"], [], ["slovenlier", "slovenliest"], ["naughtier", "naughtiest"], [], [], []], "/r/IsA": [[], [], [], [], [], [], [], [], [], [], [], [], [], [], [], [], [], [], [], [], [], []], "/r/PartOf": [[], [], [], [], [], [], [], [], [], [], [], [], [], [], [], [], [], [], [], [], [], []], "/r/HasA": [[], [], [], [], [], [], [], [], [], [], [], [], [], [], [], [], [], [], [], [], [], []], "/r/CapableOf": [[], [], [], [], [], [], [], [], [], [], [], [], [], [], [], [], [], [], [], [], [], []], "/r/AtLocation": [[], [], [], [], [], [], [], [], [], [], [], [], [], [], [], [], [], [], [], [], [], []], "/r/HasProperty": [[], [], [], [], [], [], [], [], [], [], [], [], [], [], [], [], [], [], ["child"], [], [], []], "/r/CreatedBy": [[], [], [], [], [], [], [], [], [], [], [], [], [], [], [], [], [], [], [], [], [], []], "/r/Synonym": [[], [], [], [], [], [], [], [], [], [], [], [], [], [], [], ["v emotiohumiliate emotio", "mortify", "derogate", "vhumiliate", "vdowngrade", "vdegrade", "debase", "vbring do "], [], ["unkempt", "frowsy a ", "frowzy a ", "untidy", "aunkempt", "anegligent", "auntidy", "adirty", "acareless", "aunwashed", "dishevelled", "asloppy", "sloppy", "adisorderly"], ["a risque ", "mean", "ill", "frolicsome", "amea", "amischievous", "awicked", "wicked", "adirty", "aevil", "evil", "airy fairy", "fresh"], [], [], []], "/r/LocatedNear": [[], [], [], [], [], [], [], [], [], [], [], [], [], [], [], [], [], [], [], [], [], []], "/r/SimilarTo": [[], [], [], [], [], [], [], [], [], [], [], [], [], [], [], [], [], ["a untidy ", "untidy a "], ["bad a ", "a bad "], [], [], []], "/r/MadeOf": [[], [], [], [], [], [], [], [], [], [], [], [], [], [], [], [], [], [], [], [], [], []], "/r/ReceivesAction": [[], [], [], [], [], [], [], [], [], [], [], [], [], [], [], [], [], [], [], [], [], []]}, "/r/LocatedNear": {}, "/r/SimilarTo": {"/r/RelatedTo": [[], [], [], [], [], [], [], [], [], [], [], [], [], [], [], [], [], [], [], [], [], [], [], [], [], [], [], [], [], [], [], [], [], [], [], [], [], [], [], [], [], [], [], [], [], [], [], [], [], [], [], [], [], [], [], [], [], [], [], [], [], [], [], [], [], [], [], []], "/r/UsedFor": [[], [], [], [], [], [], [], [], [], [], [], [], [], [], [], [], [], [], [], [], [], [], [], [], [], [], [], [], [], [], [], [], [], [], [], [], [], [], [], [], [], [], [], [], [], [], [], [], [], [], [], [], [], [], [], [], [], [], [], [], [], [], [], [], [], [], [], []], "/r/LocatedAt": [[], [], [], [], [], [], [], [], [], [], [], [], [], [], [], [], [], [], [], [], [], [], [], [], [], [], [], [], [], [], [], [], [], [], [], [], [], [], [], [], [], [], [], [], [], [], [], [], [], [], [], [], [], [], [], [], [], [], [], [], [], [], [], [], [], [], [], []], "/r/FormOf": [[], [], [], [], [], [], [], [], [], [], [], [], [], [], [], [], [], [], [], [], [], [], [], [], [], [], [], [], [], [], [], [], [], [], [], [], [], [], [], [], [], [], [], [], [], [], [], [], [], [], [], [], [], [], [], [], [], [], [], [], [], [], [], [], [], [], [], []], "/r/IsA": [[], [], [], [], [], [], [], [], [], [], [], [], [], [], [], [], [], [], [], [], [], [], [], [], [], [], [], [], [], [], [], [], [], [], [], [], [], [], [], [], [], [], [], [], [], [], [], [], [], [], [], [], [], [], [], [], [], [], [], [], [], [], [], [], [], [], [], []], "/r/PartOf": [[], [], [], [], [], [], [], [], [], [], [], [], [], [], [], [], [], [], [], [], [], [], [], [], [], [], [], [], [], [], [], [], [], [], [], [], [], [], [], [], [], [], [], [], [], [], [], [], [], [], [], [], [], [], [], [], [], [], [], [], [], [], [], [], [], [], [], []], "/r/HasA": [[], [], [], [], [], [], [], [], [], [], [], [], [], [], [], [], [], [], [], [], [], [], [], [], [], [], [], [], [], [], [], [], [], [], [], [], [], [], [], [], [], [], [], [], [], [], [], [], [], [], [], [], [], [], [], [], [], [], [], [], [], [], [], [], [], [], [], []], "/r/CapableOf": [[], [], [], [], [], [], [], [], [], [], [], [], [], [], [], [], [], [], [], [], [], [], [], [], [], [], [], [], [], [], [], [], [], [], [], [], [], [], [], [], [], [], [], [], [], [], [], [], [], [], [], [], [], [], [], [], [], [], [], [], [], [], [], [], [], [], [], []], "/r/AtLocation": [[], [], [], [], [], [], [], [], [], [], [], [], [], [], [], [], [], [], [], [], [], [], [], [], [], [], [], [], [], [], [], [], [], [], [], [], [], [], [], [], [], [], [], [], [], [], [], [], [], [], [], [], [], [], [], [], [], [], [], [], [], [], [], [], [], [], [], []], "/r/HasProperty": [[], [], [], [], [], [], [], [], [], [], [], [], [], [], [], [], [], [], [], [], [], [], [], [], [], [], [], [], [], [], [], [], [], [], [], [], [], [], [], [], [], [], [], [], [], [], [], [], [], [], [], [], [], [], [], [], [], [], [], [], [], [], [], [], [], [], [], []], "/r/CreatedBy": [[], [], [], [], [], [], [], [], [], [], [], [], [], [], [], [], [], [], [], [], [], [], [], [], [], [], [], [], [], [], [], [], [], [], [], [], [], [], [], [], [], [], [], [], [], [], [], [], [], [], [], [], [], [], [], [], [], [], [], [], [], [], [], [], [], [], [], []], "/r/Synonym": [[], [], [], [], [], [], [], [], [], [], [], [], [], [], [], [], [], [], [], [], [], [], [], [], [], [], [], [], [], [], [], [], [], [], [], [], [], [], [], [], [], [], [], [], [], [], [], [], [], [], [], [], [], [], [], [], [], [], [], [], [], [], [], [], [], [], [], []], "/r/LocatedNear": [[], [], [], [], [], [], [], [], [], [], [], [], [], [], [], [], [], [], [], [], [], [], [], [], [], [], [], [], [], [], [], [], [], [], [], [], [], [], [], [], [], [], [], [], [], [], [], [], [], [], [], [], [], [], [], [], [], [], [], [], [], [], [], [], [], [], [], []], "/r/SimilarTo": [[], [], [], [], [], [], [], [], [], [], [], [], [], [], [], [], [], [], [], [], [], [], [], [], [], [], [], [], [], [], [], [], [], [], [], [], [], [], [], [], [], [], [], [], [], [], [], [], [], [], [], [], [], [], [], [], [], [], [], [], [], [], [], [], [], [], [], []], "/r/MadeOf": [[], [], [], [], [], [], [], [], [], [], [], [], [], [], [], [], [], [], [], [], [], [], [], [], [], [], [], [], [], [], [], [], [], [], [], [], [], [], [], [], [], [], [], [], [], [], [], [], [], [], [], [], [], [], [], [], [], [], [], [], [], [], [], [], [], [], [], []], "/r/ReceivesAction": [[], [], [], [], [], [], [], [], [], [], [], [], [], [], [], [], [], [], [], [], [], [], [], [], [], [], [], [], [], [], [], [], [], [], [], [], [], [], [], [], [], [], [], [], [], [], [], [], [], [], [], [], [], [], [], [], [], [], [], [], [], [], [], [], [], [], [], []]}, "/r/MadeOf": {}, "/r/ReceivesAction": {}}}, "":{}}