{"hold": {"N1": {"/r/RelatedTo": ["grasp", "carry", "grab", "keep", "contai", "have", "grip", "hand", "handle", "actio", "support", "saturated", "crimpwikten 1", "brace", "nelson", "upbear", "afterpeak", "avast", "holds", "no holds barred", "cloakroom", "stemming", "hold out", "coal whipper", "slant", "contain", "pisalis", "collins glass", "forepeak", "title company", "unloose", "bottom", "retain", "haad", "vwikten 1persist", "drop", "cargo net", "tipstock", "wikten 1hair", "ahold", "hold over someone's head", "no bail", "oil pulling"], "/r/UsedFor": ["bag artifact stative", "bucket artifact stative", "bowl artifact stative", "cane artifact contact", "package group stative", "bin artifact stative", "basket artifact stative", "gravy boat artifact stative", "kettle artifact stative", "aquarium artifact stative", "box artifact stative", "bed artifact stative", "barrel artifact stative", "cup artifact stative", "counter artifact contact", "beam artifact contact", "mug artifact stative", "glass artifact stative", "envelope artifact stative", "dish artifact stative", "bottle artifact stative", "crutch artifact contact", "jar artifact stative", "leg artifact contact"], "/r/LocatedAt": [], "/r/FormOf": ["holds", "held", "yholde", "rahold", "holdest", "holded"], "/r/IsA": [" artifactcell artifact", " artifactstronghold artifact", " attributecontrol attribute"], "/r/PartOf": [], "/r/HasA": [], "/r/CapableOf": [], "/r/AtLocation": [], "/r/HasProperty": [], "/r/CreatedBy": [], "/r/Synonym": ["support contact", "bear stative", "v motiohalt motio", "bear contact", "v communicatioagree communicatio", "v emotioharbor emotio", "give creation creatio", " artifactcargo area artifact", "v possessiobear possessio", "v socialreserve social", "v stativecontain stative", "hold up contact", " statedetention state", "v competitiodefend competitio", "v possessiohave possessio", "v contactrestrain contact", " cognitioappreciation cognitio", "v possessioretain possessio", "make creation creatio", "v stativeprevail stative", "throw creation creatio", "v stativeapply stative", "carry stative", "v socialcontrol social", "v stativekeep stative", "v stativeaccommodate stative", "v cognitiodeem cognitio", "take hold contact", "v stativedefy stative", "keep artifact", " artifacthandle artifact", "contain stative", " actclasp act", "carry contact", " timedelay time", "have creation creatio", "sustain contact", "v communicatiooblige communicatio", "v communicatiodeclare communicatio", "v consumptiocarry consumptio", "handle"], "/r/LocatedNear": [], "/r/SimilarTo": ["voccupy"], "/r/MadeOf": [], "/r/ReceivesAction": []}, "N2": {"/r/RelatedTo": {"/r/RelatedTo": [["hold", "reach", "clinch", "begripe", "unseizable", "latch on", "gripe", "graspt", "trichocyst", "beclapwikten 1", "clasp", "impalm", "have handle on", "vseize", "grasped", "befang", "salabhanjika", "glaum", "ungrasped", "comprehend", "lip", "graspless", "vunderstand", "oversit", "squeeze", "take hold", "graspest", "vgrip", "prehensor", "understanding", "recondite", "catch", "ability", "take to", "shake hands", "begrip", "regrasp", "vtake advantage", "sprachgef\u00fchl", "graspful", "take", "intellection", "hold someone's hand", "perspicacity", "jack of all trades master none", "grasps", "accessible", "let go", "bioptome", "grab at", "prehensile", "seize upon", "grasping", "handshake", "ungraspable", "tweeze", "hang on", "pick", "prehensory", "ahold", "fondle", "grasper", "pick up", "foregrasp", "clutches", "take point", "finger", "prehension", "grip", "ladder handle", "key into", "hold on", "two hand sword", "graspeth", "shake"], ["hold", "lift", "holding", "bring", "tote", "take", "transport", "actio", "moving", "lifting", "movable", "retrieve", "chair", "vboarding", "vship", "vpregnant", "tract", "scopawikten 1", "port arms", "schlep", "cartwikten 1", "pomander", "primipara", "approximate", "pack animal", "loadout", "bota bag", "convey", "haul", "vstock", "move", "military load classification", "vdiss", "armorbearer", "vtake over", "vmaintai", "digit", "windshaft", "messenger rna", "breadbasket", "mail merge", "bridal carry", "inbear", "gandy dancer", "withbear", "vhave", "hump it", "vfrost", "ammo humper", "stretcher", "full handed", "uncarried", "wagon", "transaction", "dumper", "armourbearer", "recarry", "porterwikten 1", "flooder", "water"], ["reach", "hold", "grabby", "grabful", "patamar", "catch", "clasp", "swipe", "wikten 1device", "drawing card", "snap", "glom", "grabbed", "palling", "vwikten 1consume", "wikten 1sound bite", "wikten 1card game", "wikten 1violent", "kimedashi", "ungrabbable", "pick at", "grindylow", "stalefish", "vwikten 1quickly", "grabber", "grabfest", "collar", "wikten 2vessel", "grabbing", "vwikten 1sudde", "nabwikten 1", "grabbable", "seize", "wikten 1snatch", "snaffle", "get", "handle", "tax", "smash", "pull", "touch"], ["preserve", "retai", "hold", "continue", "protect", "wallet", "onto", "castle", "keeped", "vprotect", "fortress", "hold on", "cap", "keeps", "monkey in middle", "underkeep", "vpossessio", "vfor keeps", "vlook after", "keep one's pecker up", "sabbatarian", "hang onto", "notch", "hold onto", "garage queen", "vuphold", "keepless", "go back on", "save", "stifle", "speedy delete", "vcontinue", "timekeeper", "vraise", "consort", "sabbatize", "keepsies", "vivarium", "peelhouse", "keepest", "commit", "tower", "vcare", "store away", "outkeep", "shit stirrer", "overkeep", "seclude", "reservative", "posse comitatus", "keepable", "withheld", "kiss", "bridgekeeper", "brian", "reservatory", "miskeep"], [], ["possess", "o ", "must", "need", "hath", "we've", "they've", "have got", "hold", "play", "enjoy", "believe", "vwikten 1argument", "disease free", "they'll've", "vhave got", "vwikten 1buy", "chapleted", "startwikten 2", "hella", "past tense", "hain't", "vwikten 1undergo", "bored", "present perfect continuous", "havingness", "stand chance", "vwikten 1fight", "shaft", "mightn't've", "had've", "vwikten 1trick", "mustn't've", "won't've", "give rat's arse", "lavender", "they\u2019d\u2019ve", "had to", "she\u2019d\u2019ve", "he've", "she've", "havenae", "have to do with", "i'll've", "got", "epicene", "can've", "vwikten 1deceive", "vdecieve", "oughtn't've", "couldn't've", "to've", "can haz", "carry", "been knew", "will've", "haven't", "you'd've", "vwikten 1deliberations", "who've", "vtur", "that'd've", "trifoliate", "he\u2019d\u2019ve", "i'd've", "auxiliary verb", "wouldn't've", "we'd've", "you'dn't've"], ["hold", "handle", "chalk bag", "anchor", "clinch", "conibear", "catch", "vgrope", "begrip", "foothold", "grippywikten 1", "screw shoe", "wikten 3ditch", "loose handedr", "wikten 2inspiring", "soft hand", "hug", "pipe tong", "grasp", "bottom hand", "fingerhold", "menuki", "dead bat", "hold on", "grippie", "wikten 2helpful", "take", "sub hilt", "penholder", "cement hands", "carry", "wikten 2apparatus", "stretcher", "gripless", "traction", "wikten 2move", "wikten 2resize", "roadholding", "gripman", "ascendeur", "gription", "crotch", "begripe", "regrip", "studs", "wikten 2come to grips", "enarmes", "two hand sword", "hilt", "key grip", "flapperwikten 2", "stranglehold", "clench", "vwikten 1drai", "prehension", "cable car", "drop", "wikten 2hella", "overgrip", "pommel horse", "death grip", "ski wax", "circle changeup", "clipwikten 1", "grabwikten 1", "clutchwikten 1", "ahold", "white knuckle ride", "athletic tape", "ungripped", "cling on", "wikten 2help", "monkey glove", "knurl", "mandrel", "shakehand", "wikten 2car", "grippable", "wikten 2assistance", "purchaseless", "hang on", "vwikten 1assist", "holding", "rubber handle", "rubber", "handle wrapping", "wrapping", "bike handle", "bike", "firm", "hold o", "tightly", "holding tightly", "for holding", "tractio", "fingers", "hand", "slip", "tight", "pliers", "clasp", "firmly", "clasp firmly", "holding things", "handshake"], ["fingers", "arm", "finger", "body", "part", "five", "body part", "five fingers", "appendage", "wrist", "palm", "glove", "wave", "limb", "writing", "foot", "has", "touch", "has fingers", "on arm", "holding", "shake", "extremity", "orga", "arms", "grabbing", "attached", "rub", "fingers palm", "wears", "wears glove", "grasping", "hold", "thumb", "arm appendage", "holding things", "ring", "below", "with fingers", "huma", "turkey", "attachment", "fingers thumb", "digits", "arm attachment", "watch", "soap", "palm fingers", "ending", "fingers o", "four", "four fingers", "clavis", "acrofacial", "ulnar loop", "acromelic", "hander", "broken handed", "numb handed", "acrodysplasia", "joy buzzer", "manualwikten 2", "percussion", "boglin", "fourhanded", "pulse glass", "thumb ring", "openhanded", "handful", "spinning wheel", "handtame", "cross check", "quillon", "nearby", "pushstick", "finger fan", "lizard", "pinky finger", "on all fours", "double gut shot", "bullet catch", "nonpalmar", "chirography", "inch", "give someone five", "fast handed", "gambling", "chiro", "tetradactylous", "homology", "unimanuallyr", "valise", "acrocontracture", "present arms", "early position", "handbuilt", "acrokeratoelastoidosis", "clearstarch", "dexterous", "hand rub", "late position", "monster hand", "morra", "basque pelota", "double handedness", "five finger exercise", "speculation", "tender handed", "barra", "god hand", "stalefish", "applause", "acheiropoietic", "handwashing", "forearm", "wicket keeping gloves", "lag", "knifehand", "twiddle muff", "agent", "prehension", "hands free", "royal flush", "inside out", "manus", "velociman", "azonto", "ghoulie", "digit", "blaster", "blow kiss", "many handed", "malleation", "handballing", "shake hands", "running flush", "suck out", "handcarried", "double handed", "laydo ", "jamboree", "handsy", "right handed", "hand turkey", "gunhand", "handpicked", "thumbies", "footwriting", "armstand", "dummy", "native america", "over wicketr", "low five", "arsis", "royal touch", "swift handed", "fidget spinner", "reach", "heart line", "pillory", "mis\u00e8re ouvert", "half glove", "brush do v", "bimanuallyr", "game", "acroaesthesia", "interdigitation", "lavabo", "soft hand", "desderman", "widow", "cheirospasm", "brachymesophalangia", "cat's paw", "wrist spin", "hour hand", "bad beat", "cross handedr", "acrogeria", "acromelia", "kirner", "clock face", "scissors", "rhizome", "madison", "analog clock", "acrodermatosis", "washroom", "fairy clap", "underhanded", "acrodermatitis", "backscratcher", "mawks", "chirognomy", "handbra", "pommel horse", "vfurl", "handguard", "lavatory", "open handed", "wrist drop", "demigauntlet", "available", "downward facing dog", "anatomical snuffbox", "first hand", "handcare", "handcrafted", "animated cartoon", "applaud", "wristwork", "behand", "handwoven", "duplicate", "bricklayer's itch", "acroataxia", "get one's eye in", "cold deck", "smooth call", "second hand", "prestidigitate", "clawhand", "manipulation", "yarborough", "effleurage", "bimanous", "brachiomanual", "sabar", "windup", "rockwikten 1"], ["door", "knob", "grip", "hold", "case", "doors", "holding", "opening", "bat", "bucket", "double team", "handled", "kotyliskos", "centrepin", "unwieldy", "kettlebell", "mop", "trolley jack", "mustaiba", "sadiron", "fromward", "firmer", "manubrial", "skeetwikten 1", "squeegee", "workload", "lydion", "landing net", "carrycot", "bottom hand", "awkward", "handgrip", "toat", "pail", "stockwikten 1", "ballstock", "pocketknife", "corner", "iron", "wolf hook", "nib", "stockwhip", "dustpan", "gargoulette", "staghorn", "praefericulum", "handleth", "ansate", "get one's arms around", "stretcher", "handleless", "beaker", "hand net", "ewer", "popcorn popper", "earwikten 1", "increment borer", "jacob's ladder", "pickaxe", "thumbpiece", "first chance exception", "doorhanger", "drawknife", "warming pan", "ladle", "hilt", "pommel", "mophandle", "dibber", "overhandle", "hammer", "lay glove on", "handbasket", "pilot wheel", "bailwikten 3", "manubrium", "tractator", "balti", "wield", "twistgrip", "quannet", "drizzler", "folding knife", "gearknob", "take care of", "deadlatch", "squeegee mop", "subcomb", "axhandle", "unhandleable", "jug", "bayonet", "starting handle", "one can't hold two watermelons in hand", "demijohn", "utility knife", "pull", "cup", "unhandled", "tough cookie", "endscraper", "handles", "woolder", "teacup", "tenaculum", "tooth", "camel driver", "lurryman", "noisemaker", "tankard", "shaft", "haftwikten 1", "brace", "back scrubber", "pogamoggan", "out of one's depth", "coehorn", "knaggie", "two hand sword", "dip pen", "lakaina", "smack around", "manipulate", "behandle", "wikten 1give handle", "lorgnette", "corncutter", "in turn", "dyno torch", "boul", "handling", "parting cup", "sticky fingered", "frying pan", "lug", "stilt"], ["action"], ["colum", "help", "up", "bone", "aid", "load bearing", "hold", "holding", "neck", "provide", "post", "holding up", "wage earner", "supranationalism", "bus mastering", "blitzkrieg", "take sides", "swarajism", "firebase", "underpinning", "pendulum", "backstop", "underbuild", "stringer", "cheerlead", "b pillar", "unhinge", "trampot", "patriot", "yorkism", "ethnostatism", "encouragement", "buttress", "brachidium", "gee pole", "firedog", "bandage", "suspensor", "footrest", "patronage", "prop up", "fagin", "supported", "bridle iron", "keep", "puppet", "tendril", "prawn sandwich brigade", "portico", "corroborant", "further", "cordon", "welfare mother", "epaulement", "sustaining", "machicolation", "hidewikten 3", "electricity pylon", "wristguard", "peasantist", "outrigger canoe", "tie rod", "sustentacular", "earn one's keep", "patroness", "uphold", "oxtercog", "napoleonism", "advocate", "assertor", "king post", "stand behind", "associatism", "ploughgate", "sspi", "sustentaculum", "keep faith", "fixture", "outrigger", "spirifer", "armrest", "breastgirth", "unsupported", "unsupportedlyr", "stayer", "sarking", "run with hare and hunt hounds", "mainstay", "tubigrip", "adherence", "wishy washy", "extropianism", "resonate", "fly flag", "neurosupportive"], ["sodden", "phosphetane", "fullerane", "cyclopentadecanone", "trioxane", "adrenched", "hexanol", "diphosphinane", "soaky", "asolute", "oxazolidine", "oxazaphospholidine", "dystonic", "oxazepane", "thiirane", "oxepane", "imidazolidine", "transmissivity", "vsaturate", "tetracosanoic acid", "aquic", "hexanone", "phosphinane", "metallacycloalkane", "selenane", "ane", "afull", "n heptane", "tridecane", "arsocane", "deep", "heterocycloalkane", "adissolved", "aorganic", "dithiane", "stanol", "diphosphepane", "technicolor", "diazepane", "perfluorohexane", "subsaturated", "saturatedness", "iodoxol", "oxasilolane", "asoaked", "n hexane", "pyrazolidine", "perhydrosqualene", "acarbo", "base sheet", "heptanol", "dehydrogenation", "heptacosane", "amoisture", "hexamethylene diamine", "margaric acid", "acompound", "undersaturated", "asaturatio", "dioxocane", "sog", "tetraazacyclododecane", "oxathiirane", "oxazocane", "thiocane", "paddlane", "dithiolane", "diazocane", "unsaturated", "acontaining", "quinolizidine", "metallole", "arsetane", "rhenacyclopentane", "xanthiol", "heptane", "diazetidine", "dithiocane", "asingle bond", "histic", "squalane", "azocane", "decahydroisoquinoline", "oxadiazinane", "oxaziridine", "disaturated", "alcoholized", "debrine", "peritonic", "acontai", "pyrrolidine", "dew point", "octanol", "dolichol", "azane", "diazaborolane", "thiepane", "cycloalkane", "hexacontane", "phosphocane", "molybdenacyclopentane", "octatriacontane", "atemperature", "hypersaturated", "saturatedlyr", "semisaturated", "soaking", "cycloalkanone", "tetracontanoic acid", "quinuclidine", "avalence", "afilled", "n butane", "dioxaborolane", "aatom", "diaziridine", "oxygen saturation", "thiane", "thiazinane", "brilliant", "saturation", "thietane", "trithiane", "dithiirane", "nonacosane", "water table", "n pentane", "hexanal", "arsepane", "asaturate", "oxazaphosphorine", "perhydro", "trioxolane", "glukodine", "octanal", "anormally", "homopropargylic", "monosaturated", "pentatriacontanoic acid", "azetidine", "phosphepane", "tetradecanol", "heptathiocane", "oxathiane", "oxocane", "ahold", "tetraoxane", "azepane", "saturable", "asaturity", "pentadecane", "nonacontane", "arsane", "desaturation", "propargylic", "nonadecane", "hexadecanal", "lignoceric acid", "norbornane", "iceane", "myristic acid", "dithiepane", "pentacosane", "arsenolidine", "aunable", "diazinane", "hectane", "n octane", "menthane", "throughflow", "hendecane", "diphosphirane", "propellane", "aavailable", "dioxepane", "thiolane", "metallacyclopentane", "undecanal", "trisaturated", "hexatriacontane", "thiomorpholine", "polyquinane", "diphosphocane", "tungstacyclopentane", "piperazine", "abond", "octacontane", "dioxirane", "hexadecanedioic acid", "heptacontane", "tetratriacontane", "amore", "color"], [], ["stemming", "iro", "transmit", "ligament", "wood", "girth", "abasiophilia", "futtock shroud", "retainer", "vship", "accolade", "weight", "bolster", "goal", "braced", "vsail", "drum", "vswing", "pointed", "brace oneself", "shouldering", "cam walker", "brace by", "braceless", "strut", "pedestal", "tensio", "angle bracket", "falsework", "square bracket", "bracer", "tie", "pair", "connect", "handle", "gudgeo", "reeved", "crossback", "braces", "calipers", "cross spall", "stave", "triangular", "box off", "directio", "brace abox", "hold", "tiger paw", "halo", "vefficient", "instrument", "underbrace", "pressure", "curly bracket", "trussing", "legatura", "vdirectio", "music", "yard", "line", "role", "scapulary", "firmly", "tightly", "horizontally", "rebrace", "bracing", "body jacket", "cord", "at double", "curved", "truss", "brace about", "word", "vsquare rigged", "score", "brace aback", "supports", "grand staff", "block", "frame", "portal", "cripple", "counterbrace", "couple", "bitstock", "rudder", "consider", "vsurface", "brace sharp", "brace of shakes", "latticing", "rod", "orthosis", "roll", "rope", "brace i", "change", "support"], ["nevada", "hold", "new york", "new zealand", "wisconsi", "united states", "nuckolls county", "lord", "nebraska", "england", "georgia", "missouri", "nelsons", "british", "hope", "new hampshire", "lancashire", "minnesota", "australia", "illinois", "victoria", "admiral", "wrestler", "unlucky", "locked", "score", "british columbia", "wrestling", "back", "county seat", "arm", "colum", "rick"], ["vhold up", "vraise", "valoft", "vhold", "upbearer", "upbears", "upbearing"], ["afterpeaks", "ster", "compartment", "ship", "hold", "forepeak"], ["arr", "stay", "hold", "fast", "liste", "pay attentio", "desist"], ["wallet", "plate", "case", "neck", "nest", "head", "tenant", "vhold", "hold", "placeholder", "bank", "glass", "hand", "bottle", "safe", "paper", "box", "stitch", "easel", "post", "wall", "pier", "colum", "support", "egg", "tack", "cage", "cabinet", "branch", "grave", "account", "ur", "mule", "pocket", "cloud", "compact", "bag", "jar", "ear", "but", "phial", "locker"], [], ["next to", "theater", "men's room", "legislative", "private", "intend", "airport", "outerwear", "hold", "lounge", "coatroom", "cloakrooms", "secondary", "chamber", "small", "luggage", "other", "particularly", "guest", "lavatory", "cloak", "ladies cloakroom", "heavy", "now", "room"], ["tidal current", "inflexional", "derivational", "bridging", "vstem", "hold", "affix", "current", "brace"], [], [], ["slope", "inclinatio", "being", "container", "reslant", "backhandedness", "aslantr", "italic", "slanteth", "text", "committed", "glance", "strike", "inclination", "oblique", "medium", "angle", "line", "biased", "shallow", "heading", "look", "pronunciatio", "use", "movement", "bias", "course", "sloping", "go", "slantest", "vincline", "somewhere", "incline", "settlement", "area", "spin", "vslent", "transport", "seam", "surface", "diagonally", "slent", "slants", "opportunity", "dip", "hold", "its", "paintbrush", "crime", "slanted", "coal", "weight", "watercolor", "point of view", "scouter", "set off", "vskew", "purpose", "vbias", "vlea", "pa", "major", "bear", "apprehend", "drive", "vtilt", "culture", "particularly", "antimongoloid", "other", "upslanting", "bottom", "ru", "vaslant", "loot", "lea", "view"], ["hold", "hold back", "closed", "outhouse", "sexagenary", "trondhjemitic", "amalgam", "vcontainable", "gassy", "vhold", "vcontent", "grape", "water closet", "leading question", "contains", "restroom", "containable", "mucoserous", "peril", "lavatory", "vsubset", "bathroom", "white", "saturated", "uncontrollable", "continuous", "almost everywherer", "sacchariferous", "subsume", "encompass", "vpart", "organic chemistry", "cradle", "comprise", "vinside", "multialarm", "fence", "velement", "islets of langerhans", "reaction vessel", "incontinent", "purulosanguinous", "contained", "ambient", "saline", "uncontainable", "erroneous", "feature", "beef", "containing", "dreamworker", "sextupole", "container", "vcontainment", "vinclude", "content", "control", "vcontainer", "circumfix", "allusive", "containeth", "half bath", "inhold", "i", "enclose", "vcontinence", "toilet", "containest", "keep", "withi", "inside", "include", "keep withi", "stuff", "hold withi", "encapsulate", "tupperware", "have", "have inside", "holding", "holding stuff", "count te", "count", "te", "has contents", "contents", "has", "keep i", "like", "like water", "water", "inside something", "stomach", "inclusio", "stuff inside", "co", "longer", "longer co", "descriptio"], ["convent", "communal", "hold", "monastery", "fire", "abbey", "room"], [], ["ship", "hold", "forepeaks", "bow", "afterpeak"], [], ["vhold", "vfaste", "unloosing", "outwind", "vfree", "vundo", "unlooses", "vloose", "unloosen", "ventangle", "vinterlock", "unlooser"], ["floor", "base", "feet", "top", "bum", "seat", "foot", "part", "solewikten 5", "basal", "undermost", "foot rest", "bottomless", "barnacle", "sexual", "bucktooth", "bandikini", "deaf and dumb", "bottoms", "reliability", "semipelagic", "sound", "buttock", "column", "nektobenthic", "bottom out", "pussyboy", "bottomer", "bootstripe", "riverbed", "botty", "vsubmissive", "bottomedness", "bottomgate", "hold", "agroundr", "pig pile", "bottoming", "halterini", "bahookie", "subtitled", "astragal", "inning", "cargo", "saddle pain", "ridge", "eggs sardou", "bottomwardsr", "pond liner", "vfound", "pelagic zone", "halterkini", "skirtini", "boi", "orphan", "bottomless pit", "bamsee", "grecque", "netherward", "sbottom", "derri\u00e8re", "vfall", "seabed", "bottomed", "footloose", "bandkini", "flavor", "cunt", "boot topping", "deep", "judgment", "louis heel", "gulf", "cock pilot", "bottomwardr", "abottommost", "cong\u00e9", "pyramid", "bottomward", "sugar baby", "inner trigram", "sadomasochistic", "undersurface", "downstrike", "cum dumpster", "sampan", "boottopping", "upside do a", "tushie", "spermasaurus", "bitchboy", "btm", "cellar dweller", "saggar maker", "bottom most", "catcher", "distopalmar", "slant", "dignity", "doup", "sit upon", "substrate", "subscribe", "valley", "belly dumper", "aground", "derriere", "bottomhood", "lakebed", "integrity", "cuntboy", "potpie", "lowest", "staying power", "algal mat", "iron", "underside", "upside do r", "vlowest", "turn upside do v", "character", "vsupport", "vauthority", "seafloor", "undersigned", "bed load", "vjustify", "fucktoy", "break ground", "kickboard", "vbdsm", "open bite", "bottom quark", "beaked salmon", "turn over", "camikini", "intercourse", "underwater", "bandini", "fundament"], ["keep", "golden handcuffs", "stick clip", "auding", "retentive", "vpay", "auscultator", "retains", "anal retentive", "colour retention agent", "retent", "read only memory", "retentivity", "leachy", "vpossessio", "subsist", "retainment", "state", "flood test", "stereoretentive", "retention", "keep one's hand in", "incontinent", "bacon and cabbage", "continue", "vkeep", "retaineth", "keepsake", "ancient lights", "offhold", "memory span", "vservice", "retainable", "irretentive", "vhold", "warping bank", "reserve", "vuse", "ephemera", "vretainer", "distress", "thermophore", "minimum naturale", "unretained", "retainer", "keep faith", "retaining", "hypomelanistic", "vsecure", "irretention", "grat", "withtake", "retainest", "retainal", "retainablyr", "retained", "vemploy", "fugitive", "forhold", "for keeps", "hold"], ["vhold"], [], ["fall", "rai", "water", "let", "falling", "tear", "go", "let fall", "actio", "let go", "small", "shape", "letting", "do ", "liquid", "drip", "bit", "release", "unit", "letting go", "particle", "drop back", "single", "like", "gravity", "piece", "amount", "accident", "letting fall", "tiny", "fumble", "object", "dew", "part", "ball", "tear shape", "little", "rain particle", "rain shape", "vdecrease", "disdrometer", "stage", "desaturate", "spilling", "bead", "egg and spoon race", "waterdrop", "vdegree", "curtai", "vdismiss", "bind on pickup", "droppable", "vhold", "lozenge", "vlesse", "earring", "pancake landing", "decline", "swivel", "vkey", "vmentio", "vbatsma", "coulure", "drops", "flump", "hanger", "punctum vasculosum", "litter", "drabbler", "immersion lens", "airdroppable", "get rid of", "misly", "chest", "eavedrop", "shaft", "mass", "droplike", "waist", "misdrop", "theatrical", "stillicide", "name dropping", "bust", "dribble", "vcease", "vvisit", "mizzly", "collect", "dropitis", "distil", "nanodrop", "vplay", "plummet", "solo", "enhydrous", "dropside", "diamond", "chandelier", "stilliform", "droplet", "stillatitious", "gtt", "vdispose", "butterfingers", "debris", "cover"], [], ["gunstock", "hold", "barrel", "fore", "detachable", "movable", "part"], [], ["grip", "hold", "grasp"], [], [], []], "/r/UsedFor": [[], ["carrier bag", "holding point", "handle", "vanity case"], ["use", "grasper"], ["jar artifact stative"], [], [], [], ["arm to transmitting control"], ["open door", "hold tool", "pulling", "carry", "gripping", "carry purse", "hang onto", "opening door", "lifting", "put in motio", "carrying things", "open drawer", "holding onto", "carry object", "make easier to carry", "turn on water", "manipulate"], [], ["colum", "bone", "beam", "cane artifact act", "mental illness"], [], [], ["walk on bad knee"], [], [], [], [], [], [], [], [], [], [], [], [], [], [], [], [], [], [], [], [], [], [], [], [], [], [], [], [], []], "/r/LocatedAt": [[], [], [], [], [], [], [], [], [], [], [], [], [], [], [], [], [], [], [], [], [], [], [], [], [], [], [], [], [], [], [], [], [], [], [], [], [], [], [], [], [], [], []], "/r/FormOf": [["grasping", "grasps", "graspeth", "grasped", "graspest"], ["carrying"], ["grabbing", "grabbed", "grabs"], ["keeps", "keptest", "keeping", "kept"], [], ["had", "haeing", "ve", "has", "haveing", "haves"], ["grips", "gript", "gripping", "gripped", "grippeth", "grippest"], ["handed", "handest"], ["handles"], [], ["supporting", "supports", "supported"], ["vsaturate"], [], ["braces", "bracing", "braceth", "bracest"], ["nelsons"], ["upbore", "upbears", "upborne"], ["afterpeaks"], [], ["vhold", "hold"], [], ["cloakrooms", "cloak room"], ["stemmings", "vstem"], [], [], ["slants", "slanted", "slanting"], ["contained", "containing", "contains", "containeth", "containest"], [], [], ["forepeaks"], [], ["unloosed", "unlooseth", "unloosest", "unloosing", "unlooses"], ["bottoms", "bottomed", "bottoming"], ["retained", "retains", "retaineth", "retaining", "retainest"], [], [], ["dropt", "dropped", "drops"], [], ["tipstocks"], [], ["holdr"], [], [], []], "/r/IsA": [[], ["portage act", "fireman's carry act", "packing act", "porterage act", " acttransportation act", "piggyback act"], [" artifactmechanical device artifact"], [" artifactstronghold artifact"], [], [], [" carfriction phenomeno", " persoskilled worker perso", "tentacle attribute", " attributeinfluence attribute", "synonomous with to hold", "holding object", "applying cold pack", "human activity", "wpsoftwaresoftware"], ["minute hand artifact", " groupcollection group", "second hand artifact", "left body", " actaid act", " artifactpointer artifact", "hour hand artifact", " locatioside locatio", " cognitioside cognitio", " bodyextremity body", "poker hand group", "right body", "hooks body", " communicatioapplause communicatio", " quantityhandbreadth quantity", "fist body", " animalforepaw animal", " cognitioability cognitio", " persosailor perso", "bridge hand group", "holder", "middle pair", "human hand", "left hand", "bottom pair"], ["panhandle artifact", "rake handle artifact", "hilt artifact", " artifactappendage artifact", "pommel artifact", "hoe handle artifact", "stock artifact", "broomstick artifact", "crop artifact", "mop handle artifact", "knob artifact", "ax handle artifact", "haft artifact", "broom handle", "non powered device", "handlebar", "handgrip", "strap", "pointer"], [], ["bridge artifact", "blessing act", "comforts possession possessio", "rocker artifact", "brace artifact", "shoring act", "foundation artifact", "meal ticket possession possessio", "pier architecture artifact", "tailstock artifact", "architrave artifact", "step artifact", "endorsement act", " cognitioinfluence cognitio", "rest artifact", " militaryoperation military", "foothold artifact", "stock artifact", "headstock artifact", "abutment artifact", "buttress artifact", "base artifact", "baluster artifact", "yoke artifact", "close support act military", "maintenance possession possessio", "tee artifact", "undercarriage artifact", "hanger artifact", "lifeline cognition cognitio", "pillow block artifact", "pedestal artifact", "andiron artifact", "seat artifact", "spoke artifact", " possessioresource possessio", " actactivity act", "pier artifact", "bookend artifact", "harness artifact", "bedpost artifact", "anchor cognition cognitio", "rib artifact", " artifactdevice artifact", "structural member artifact", "prop artifact", "harp artifact", "foot artifact", "handrest artifact", "arch support artifact", " actaid act", " artifactsupporting structure artifact", "logistic support military act", "leg artifact", "back artifact", "advocacy act", "suspension act", "bracket artifact", "stirrup artifact", "perch artifact", "subsistence possession possessio", "bearing artifact", "backboard artifact", "reassurance act", "bearing wall artifact", "rack artifact", "basement artifact", "attachment act", "sponsorship act", "sustenance act", "shelf artifact", "bar artifact", "providing technological assistanceopencycshowing support for", "changing diaperopencycshowing support for", "auspice", "euthanasiaopencycshowing support for"], [], [], ["back brace artifact", "tie artifact", " communicatiopunctuation communicatio", "stay seafaring artifact", " artifactdental appliance dentistry", " artifactman's clothing artifact", "skeg artifact", " artifactstructural member artifact", "ankle brace artifact", "crosspiece artifact", "strut artifact", "knee brace artifact", " artifactrope artifact", "stringer artifact", "neck brace artifact", " artifactstock artifact", "gusset artifact", "royal brace artifact", " artifactsupport artifact", "guy artifact", " artifactstrengthener artifact", "opencycsupport brace to wearwearable item", "opencycsupport brace to wearmobility aid", "opencycbraces for teethdental appliance", "crosspieceopencycbrace structural member", "neck braceopencycsupport brace to wear", "opencycbrace structural memberstructural member", "wpsingermusical artist"], [" actwrestling hold act", "half nelson act", "full nelson wrestling act"], [], [], [], [], [], [" artifactlounge artifact", " artifactroom artifact"], [], [], [], [" cognitiopoint of view cognitio"], [], [], [], [], [], [], ["base artifact locatio", " locatioregion locatio", " locatioside locatio", "rock bottom location locatio", " artifactcargo ship artifact", "foot location locatio", "base anatomy locatio", "sole artifact locatio", "bilge artifact locatio", " timeturn sport", "underbelly location locatio", "heel artifact locatio", "quark", "member of copper bottoms", "side"], [], [], [], ["droplet quantity", "tear body quantity", " drughiding place locatio", "correction attribute", "precipitation event", "voltage drop attribute", "eyedrop quantity", " actdescent act", "dead drop location drug", " attributedecrease attribute", "free fall event", "raindrop phenomenon quantity", " quantitysmall indefinite quantity", " eventgravitation event", "teardrop shape", " shapesphere shape", " eventdescent event", "plunge event", "dewdrop shape", " artifactdepository artifact", "maildrop artifact", "particle", "dewdrop", "raindrop", "eyedrop"], [], [], [], ["company"], [], [], []], "/r/PartOf": [[], [], [], [" artifactcastle artifact"], [], [], ["hilt"], ["body", "palm", "long suit group", "metacarpal vein body", "ball body", "palm body", "metacarpal artery body", "digital arteries body", " bodyhomo animal", " artifacttimepiece artifact", "metacarpus body", "intercapitular vein body", " bodyarm body", "arm", "finger body", "fingernail", "huma", "finger"], ["door", " artifactcheese cutter artifact", " artifactracket artifact", " artifacthandlebar artifact", "shank artifact", " artifactcarrycot artifact", " artifactbrush artifact", " artifactaspergill artifact", " artifactwatering can artifact", " artifacthandcart artifact", " artifactbriefcase artifact", " artifactfaucet artifact", " artifactcoffee cup artifact", " artifactcoffeepot artifact", " artifactteacup artifact", " artifacthand tool artifact", " artifactcutlery artifact", " artifactbaggage artifact", "hammer", " artifactedge tool artifact", " artifactfrying pan artifact", " artifacthandset artifact", " artifactcarpet beater artifact", " artifacthandbarrow artifact", " artifactmug artifact", " artifactspatula artifact", " artifactumbrella artifact", " artifactcricket bat artifact", " artifactsaucepan artifact", " artifactladle artifact", " artifactbaseball bat artifact", "object"], [], [], [], [], [" artifactbrace and bit artifact", " artifactframework artifact", "strap artifact", "brace drill"], [], [], [], [], [], [], [], [], [], [], [], [], [], [], [], [], [], [" timeinning baseball"], [], [], [], [], [], [], [], [], [], [], []], "/r/HasA": [[], [], [], [], [], [], [], ["arm"], ["door", "attache case", "frying pa"], [], [], [], [], [], [], [], [], [], [], [], [], [], [], [], [], [], [], [], [], [], [], [], [], [], [], [], [], [], [], [], [], [], []], "/r/CapableOf": [[], ["bag"], [], ["if find money sometimes"], [], ["ships"], [], ["cup water", "cup breast", "cup face", "fix collar", "push door", "", "reach ass", "hold another hand", "hit person's face", "fix zipper", "do pat", "cup beautiful breast", "turn valve", "cover enough for little modesty"], ["lower bucket"], [], [], [], [], [], [], [], [], [], [], [], [], [], [], [], [], [], [], [], [], [], [], [], [], [], [], ["can labor or"], [], [], [], [], [], [], []], "/r/AtLocation": [[], [], [], [], [], [], [], ["finger", "pocket", "cigarette", "molecule", "briefcase", "toothbrush handle", "writing instrument", "harmonica", "opera ticket", "stylus"], ["fridge", "door", "drawer", "hardware store"], [], [], [], [], [], [], [], [], [], [], [], [], [], [], [], [], [], [], [], [], [], [], ["water"], [], [], [], [], [], [], [], [], [], [], []], "/r/HasProperty": [[], [], [], [], [], [], [], [], [], [], [], [], [], [], [], [], [], [], [], [], [], [], [], [], [], [], [], [], [], [], [], [], [], [], [], [], [], [], [], [], [], [], []], "/r/CreatedBy": [[], [], [], [], [], [], [], [], [], [], [], [], [], [], [], [], [], [], [], [], [], [], [], [], [], [], [], [], [], [], [], [], [], [], [], [], [], [], [], [], [], [], []], "/r/Synonym": [[" cognitioappreciation cognitio", " attributegrip attribute", "v cognitioget picture cognitio", " cognitiocompass cognitio", " actclasp act", "hold on contact", "gripe", "vcomprehend", "vjump at chance", "general responsibility assignment software patterns", "vclasp", "take", "make out", "understanding", "pick up on", "catch", "hold"], ["v socialbehave social", "v contacthold contact", "v possessiostock possessio", "sway social", "v contacttransport contact", "hold consumption consumptio", "take stative", "persuade social", "convey communication communicatio", "v bodyhave bun in oven body", "v sportdribble sport", "extend change", "v possessiopost possessio", "run creation creatio", "pack stative", "v stativehold stative", "express communication communicatio", "v motioconduct motio", "conduct", "take", "vhave", "vtransmit", "vadopt"], ["seize cognition cognitio", "v contactcatch contact", " actcatch act", "v possessiosnap up possessio", "take", "wikten 1catch", "wikten 1snatch", "wikten 1clutch"], ["maintain stative", "v stativecontinue stative", "dungeon artifact", "donjon artifact", " possessiosupport possessio", "v cognitioobserve cognitio", "v socialretain social", "preserve stative", "v changehold back change", "hold stative", "maintain possession possessio", "v socialobserve social", " artifacthold artifact", "maintain communication communicatio", "v changepreserve change", "v socialprevent social", "v consumptiosustain consumptio", "stay fresh stative", "v possessiokeep open possessio", "hold on possession possessio", "hold on", "care", "stay over", "retain", "hang on"], [], ["v communicatioinduce communicatio", "v creatiohold creatio", "feature stative", "v changeget change", "v possessioaccept possessio", "v bodygive birth body", " persorich person perso", "v perceptioexperience perceptio", "v possessioo possessio", "experience change", "get possession possessio", "v bodysuffer body", "v consumptioconsume consumptio", "make possession possessio", "v contacttake contact", "hold possession possessio", "have got possession possessio", "v possessioreceive possessio", "vconquer", "vhave got", "acquire", "got", "take", "veat", "haven\u2019t", "vpossess"], ["v emotiofascinate emotio", " actclasp act", " artifactbag artifact", "traction car", "v contactgrapple contact", " artifacthandle artifact", "adhesive friction car", " artifactbobby pin artifact", "grasp attribute", "hairgrip", "bow grip", "vwikten 1aid", "handle", "wpsoftwarewpsoftware"], ["deal group", "helping hand act", "manus body", " persohired hand perso", " handwritinghandwriting handwriting", "v possessiopass possessio", "mitt body", "paw body", " persobridge player perso", "handle"], ["v socialtreat social", "hold artifact", "v socialmanage social", "palm contact", "grip artifact", "v contactwield contact", "v communicatiocover communicatio", "handgrip artifact", "deal with", "hand", "tap", "nickname", "vsteer", "pull", "hilt"], [], ["v socialback social", "bread and butter possession possessio", "v cognitioconfirm cognitio", "financial backing possession possessio", " communicatioaccompaniment communicatio", "financial support possession possessio", "v communicatiodefend communicatio", "backing possession possessio", "living possession possessio", "reenforcement military", "reinforcement military", "v contacthold contact", " actdocumentation act", "v communicatiosubscribe communicatio", "sustenance possession possessio", "v cognitiodigest cognitio", "keep possession possessio", "livelihood possession possessio", "back up social", "v communicatiopatronize communicatio", "supporting act", "funding possession possessio", "v stativecorroborate stative", "bankroll", "vunderprop", "root for", "solace"], ["pure a ", "concentrated a ", "brilliant"], [], ["v bodystimulate body", "orthodontic braces artifact", "braces artifact", "bracing artifact", "poise emotion emotio", " quantitycouple quantity", "stabilize contact", "gallus artifact", " grouppair group", "suspender artifact", "stabilise contact", "steady contact", "bitstock artifact", "couple", "buttress", "curly brace", "fathom", "curly bracket", "gird up one's loins", "wpsingerwpsinger"], [" persoviscount nelson perso"], [], [], [], [], [], ["coatroom", "coatroom artifact", "half bath", "cloaks", "lost and found", "toilet"], [], [], [], ["v motiolean motio", "v motiocant motio", " attributepitch attribute", "angle cognition cognitio", "weight cognition cognitio", "slash", "tilt", "virgule"], ["hold stative", "take stative", "v competitiocheck competitio", "v stativehold stative", "v socialcontrol social", "v stativeincorporate stative", "vcontrol", "vcomprise", "venclose"], [], [], [], [], ["v socialfree social", "unloosen contact", "disengage", "release"], [" bodybuttocks body", " objectbed object", "merchant ship artifact", "v cognitiopenetrate cognitio", "underside location locatio", "undersurface location locatio", "bottom of inning time", "merchantman artifact", " objectbottomland object", "freighter artifact", "catcher", "sit upo", "butt", "tokus", "base", "arse", "bottom quark", "backside"], ["withhold", "continue social", "keep back possession possessio", "hold possession possessio", "keep on social", "hold back possession possessio", "keep social", "hang onto", "vkeep", "detain", "keep"], [], [], ["v cognitioneglect cognitio", "put do v contact", "fall attribute", "bead shape", "drop off contact", "pearl shape", "v motiosink motio", "v musicflatten music", "free fall attribute", "unload contact", "fall event", "dip attribute", "v bodydevolve body", " objectcliff object", "discharge contact", "v stativedangle stative", "knock off change", "drib quantity", "driblet quantity", "v contactdribble contact", " artifactdrop curtain artifact", "v contactfell contact", "v contactshed contact", "v socialdismiss social", "set do v contact", "v possessiospend possessio", "trapdoor", "scrub", "reject"], [], [], [], [""], [], [], []], "/r/LocatedNear": [[], [], [], [], [], [], [], [], [], [], [], [], [], [], [], [], [], [], [], [], [], [], [], [], [], [], [], [], [], [], [], [], [], [], [], [], [], [], [], [], [], [], []], "/r/SimilarTo": [["notice", "perceive", "discern"], [], [], [], [], [], [], [], [], [], ["advocacy"], ["a vivid ", "a supersaturated ", "supersaturated a ", "vivid a "], [], [], [], [], [], [], [], [], ["ladies cloakroom", "powder room"], [], [], [], [], [], [], [], [], [], [], ["inferior anatomy ", "bottommost a ", "worst a ", "a worst ", "a bottommost ", "a nether ", "nether a ", "a inferior anatomy"], [], [], [], [], [], [], [], [], [], [], []], "/r/MadeOf": [[], [], [], [], [], [], [], ["fist"], [], [], [], [], [], [], [], [], [], [], [], [], [], [], [], [], [], [], [], [], [], [], [], [], [], [], [], [], [], [], [], [], [], [], []], "/r/ReceivesAction": [[], [], [], [], [], [], [], ["found in watch"], [], [], [], [], [], [], [], [], [], [], [], [], [], [], [], [], [], [], [], [], [], [], [], [], [], [], [], [], [], [], [], [], [], [], []]}, "/r/UsedFor": {"/r/RelatedTo": [[], [], [], [], [], [], [], [], [], [], [], [], [], [], [], [], [], [], [], [], [], [], [], []], "/r/UsedFor": [[], [], [], [], [], [], [], [], [], [], [], [], [], [], [], [], [], [], [], [], [], [], [], []], "/r/LocatedAt": [[], [], [], [], [], [], [], [], [], [], [], [], [], [], [], [], [], [], [], [], [], [], [], []], "/r/FormOf": [[], [], [], [], [], [], [], [], [], [], [], [], [], [], [], [], [], [], [], [], [], [], [], []], "/r/IsA": [[], [], [], [], [], [], [], [], [], [], [], [], [], [], [], [], [], [], [], [], [], [], [], []], "/r/PartOf": [[], [], [], [], [], [], [], [], [], [], [], [], [], [], [], [], [], [], [], [], [], [], [], []], "/r/HasA": [[], [], [], [], [], [], [], [], [], [], [], [], [], [], [], [], [], [], [], [], [], [], [], []], "/r/CapableOf": [[], [], [], [], [], [], [], [], [], [], [], [], [], [], [], [], [], [], [], [], [], [], [], []], "/r/AtLocation": [[], [], [], [], [], [], [], [], [], [], [], [], [], [], [], [], [], [], [], [], [], [], [], []], "/r/HasProperty": [[], [], [], [], [], [], [], [], [], [], [], [], [], [], [], [], [], [], [], [], [], [], [], []], "/r/CreatedBy": [[], [], [], [], [], [], [], [], [], [], [], [], [], [], [], [], [], [], [], [], [], [], [], []], "/r/Synonym": [[], [], [], [], [], [], [], [], [], [], [], [], [], [], [], [], [], [], [], [], [], [], [], []], "/r/LocatedNear": [[], [], [], [], [], [], [], [], [], [], [], [], [], [], [], [], [], [], [], [], [], [], [], []], "/r/SimilarTo": [[], [], [], [], [], [], [], [], [], [], [], [], [], [], [], [], [], [], [], [], [], [], [], []], "/r/MadeOf": [[], [], [], [], [], [], [], [], [], [], [], [], [], [], [], [], [], [], [], [], [], [], [], []], "/r/ReceivesAction": [[], [], [], [], [], [], [], [], [], [], [], [], [], [], [], [], [], [], [], [], [], [], [], []]}, "/r/LocatedAt": {}, "/r/FormOf": {"/r/RelatedTo": [["wallet", "plate", "case", "neck", "nest", "head", "tenant", "vhold", "hold", "placeholder", "bank", "glass", "hand", "bottle", "safe", "paper", "box", "stitch", "easel", "post", "wall", "pier", "colum", "support", "egg", "tack", "cage", "cabinet", "branch", "grave", "account", "ur", "mule", "pocket", "cloud", "compact", "bag", "jar", "ear", "but", "phial", "locker"], ["fiefhold", "penghu", "in commo", "kuaiji", "e cash", "vhold", "commando", "auxiliary", "long held", "loosewikten 1", "nundine", "duumvirate", "fiefholding", "unheld", "holded", "under fire", "pescadores", "unsteady", "unrestrained", "present arms", "justiciary", "afternoon", "tenuto", "handshape", "armload", "order arms", "pratas", "sustained", "captive", "grudge", "shield", "lanter", "prisoner", "accordio", "class", "handle", "equity"], [], [], [], ["vheld", "vhold"]], "/r/UsedFor": [[], [], [], [], [], []], "/r/LocatedAt": [[], [], [], [], [], []], "/r/FormOf": [["vhold", "hold"], ["hold", "vhold"], ["vhold"], [], ["vhold"], ["vhold"]], "/r/IsA": [[], [], [], [], [], []], "/r/PartOf": [[], [], [], [], [], []], "/r/HasA": [[], [], [], [], [], []], "/r/CapableOf": [[], [], [], [], [], []], "/r/AtLocation": [[], [], [], [], [], []], "/r/HasProperty": [[], [], [], [], [], []], "/r/CreatedBy": [[], [], [], [], [], []], "/r/Synonym": [[], [], [], [], [], []], "/r/LocatedNear": [[], [], [], [], [], []], "/r/SimilarTo": [[], [], [], [], [], []], "/r/MadeOf": [[], [], [], [], [], []], "/r/ReceivesAction": [[], ["courthouse where trials", "place where trials"], [], [], [], []]}, "/r/IsA": {"/r/RelatedTo": [[], [], []], "/r/UsedFor": [[], [], []], "/r/LocatedAt": [[], [], []], "/r/FormOf": [[], [], []], "/r/IsA": [[], [], []], "/r/PartOf": [[], [], []], "/r/HasA": [[], [], []], "/r/CapableOf": [[], [], []], "/r/AtLocation": [[], [], []], "/r/HasProperty": [[], [], []], "/r/CreatedBy": [[], [], []], "/r/Synonym": [[], [], []], "/r/LocatedNear": [[], [], []], "/r/SimilarTo": [[], [], []], "/r/MadeOf": [[], [], []], "/r/ReceivesAction": [[], [], []]}, "/r/PartOf": {}, "/r/HasA": {}, "/r/CapableOf": {}, "/r/AtLocation": {}, "/r/HasProperty": {}, "/r/CreatedBy": {}, "/r/Synonym": {"/r/RelatedTo": [[], [], [], [], [], [], [], [], [], [], [], [], [], [], [], [], [], [], [], [], [], [], [], [], [], [], [], [], [], [], [], [], [], [], [], [], [], [], [], [], ["door", "knob", "grip", "hold", "case", "doors", "holding", "opening", "bat", "bucket", "double team", "handled", "kotyliskos", "centrepin", "unwieldy", "kettlebell", "mop", "trolley jack", "mustaiba", "sadiron", "fromward", "firmer", "manubrial", "skeetwikten 1", "squeegee", "workload", "lydion", "landing net", "carrycot", "bottom hand", "awkward", "handgrip", "toat", "pail", "stockwikten 1", "ballstock", "pocketknife", "corner", "iron", "wolf hook", "nib", "stockwhip", "dustpan", "gargoulette", "staghorn", "praefericulum", "handleth", "ansate", "get one's arms around", "stretcher", "handleless", "beaker", "hand net", "ewer", "popcorn popper", "earwikten 1", "increment borer", "jacob's ladder", "pickaxe", "thumbpiece", "first chance exception", "doorhanger", "drawknife", "warming pan", "ladle", "hilt", "pommel", "mophandle", "dibber", "overhandle", "hammer", "lay glove on", "handbasket", "pilot wheel", "bailwikten 3", "manubrium", "tractator", "balti", "wield", "twistgrip", "quannet", "drizzler", "folding knife", "gearknob", "take care of", "deadlatch", "squeegee mop", "subcomb", "axhandle", "unhandleable", "jug", "bayonet", "starting handle", "one can't hold two watermelons in hand", "demijohn", "utility knife", "pull", "cup", "unhandled", "tough cookie", "endscraper", "handles", "woolder", "teacup", "tenaculum", "tooth", "camel driver", "lurryman", "noisemaker", "tankard", "shaft", "haftwikten 1", "brace", "back scrubber", "pogamoggan", "out of one's depth", "coehorn", "knaggie", "two hand sword", "dip pen", "lakaina", "smack around", "manipulate", "behandle", "wikten 1give handle", "lorgnette", "corncutter", "in turn", "dyno torch", "boul", "handling", "parting cup", "sticky fingered", "frying pan", "lug", "stilt"]], "/r/UsedFor": [[], [], [], [], [], [], [], [], [], [], [], [], [], [], [], [], [], [], [], [], [], [], [], [], [], [], [], [], [], [], [], [], [], [], [], [], [], [], [], [], ["open door", "hold tool", "pulling", "carry", "gripping", "carry purse", "hang onto", "opening door", "lifting", "put in motio", "carrying things", "open drawer", "holding onto", "carry object", "make easier to carry", "turn on water", "manipulate"]], "/r/LocatedAt": [[], [], [], [], [], [], [], [], [], [], [], [], [], [], [], [], [], [], [], [], [], [], [], [], [], [], [], [], [], [], [], [], [], [], [], [], [], [], [], [], []], "/r/FormOf": [[], [], [], [], [], [], [], [], [], [], [], [], [], [], [], [], [], [], [], [], [], [], [], [], [], [], [], [], [], [], [], [], [], [], [], [], [], [], [], [], ["handles"]], "/r/IsA": [[], [], [], [], [], [], [], [], [], [], [], [], [], [], [], [], [], [], [], [], [], [], [], [], [], [], [], [], [], [], [], [], [], [], [], [], [], [], [], [], ["panhandle artifact", "rake handle artifact", "hilt artifact", " artifactappendage artifact", "pommel artifact", "hoe handle artifact", "stock artifact", "broomstick artifact", "crop artifact", "mop handle artifact", "knob artifact", "ax handle artifact", "haft artifact", "broom handle", "non powered device", "handlebar", "handgrip", "strap", "pointer"]], "/r/PartOf": [[], [], [], [], [], [], [], [], [], [], [], [], [], [], [], [], [], [], [], [], [], [], [], [], [], [], [], [], [], [], [], [], [], [], [], [], [], [], [], [], ["door", " artifactcheese cutter artifact", " artifactracket artifact", " artifacthandlebar artifact", "shank artifact", " artifactcarrycot artifact", " artifactbrush artifact", " artifactaspergill artifact", " artifactwatering can artifact", " artifacthandcart artifact", " artifactbriefcase artifact", " artifactfaucet artifact", " artifactcoffee cup artifact", " artifactcoffeepot artifact", " artifactteacup artifact", " artifacthand tool artifact", " artifactcutlery artifact", " artifactbaggage artifact", "hammer", " artifactedge tool artifact", " artifactfrying pan artifact", " artifacthandset artifact", " artifactcarpet beater artifact", " artifacthandbarrow artifact", " artifactmug artifact", " artifactspatula artifact", " artifactumbrella artifact", " artifactcricket bat artifact", " artifactsaucepan artifact", " artifactladle artifact", " artifactbaseball bat artifact", "object"]], "/r/HasA": [[], [], [], [], [], [], [], [], [], [], [], [], [], [], [], [], [], [], [], [], [], [], [], [], [], [], [], [], [], [], [], [], [], [], [], [], [], [], [], [], ["door", "attache case", "frying pa"]], "/r/CapableOf": [[], [], [], [], [], [], [], [], [], [], [], [], [], [], [], [], [], [], [], [], [], [], [], [], [], [], [], [], [], [], [], [], [], [], [], [], [], [], [], [], ["lower bucket"]], "/r/AtLocation": [[], [], [], [], [], [], [], [], [], [], [], [], [], [], [], [], [], [], [], [], [], [], [], [], [], [], [], [], [], [], [], [], [], [], [], [], [], [], [], [], ["fridge", "door", "drawer", "hardware store"]], "/r/HasProperty": [[], [], [], [], [], [], [], [], [], [], [], [], [], [], [], [], [], [], [], [], [], [], [], [], [], [], [], [], [], [], [], [], [], [], [], [], [], [], [], [], []], "/r/CreatedBy": [[], [], [], [], [], [], [], [], [], [], [], [], [], [], [], [], [], [], [], [], [], [], [], [], [], [], [], [], [], [], [], [], [], [], [], [], [], [], [], [], []], "/r/Synonym": [[], [], [], [], [], [], [], [], [], [], [], [], [], [], [], [], [], [], [], [], [], [], [], [], [], [], [], [], [], [], [], [], [], [], [], [], [], [], [], [], ["v socialtreat social", "hold artifact", "v socialmanage social", "palm contact", "grip artifact", "v contactwield contact", "v communicatiocover communicatio", "handgrip artifact", "deal with", "hand", "tap", "nickname", "vsteer", "pull", "hilt"]], "/r/LocatedNear": [[], [], [], [], [], [], [], [], [], [], [], [], [], [], [], [], [], [], [], [], [], [], [], [], [], [], [], [], [], [], [], [], [], [], [], [], [], [], [], [], []], "/r/SimilarTo": [[], [], [], [], [], [], [], [], [], [], [], [], [], [], [], [], [], [], [], [], [], [], [], [], [], [], [], [], [], [], [], [], [], [], [], [], [], [], [], [], []], "/r/MadeOf": [[], [], [], [], [], [], [], [], [], [], [], [], [], [], [], [], [], [], [], [], [], [], [], [], [], [], [], [], [], [], [], [], [], [], [], [], [], [], [], [], []], "/r/ReceivesAction": [[], [], [], [], [], [], [], [], [], [], [], [], [], [], [], [], [], [], [], [], [], [], [], [], [], [], [], [], [], [], [], [], [], [], [], [], [], [], [], [], []]}, "/r/LocatedNear": {}, "/r/SimilarTo": {"/r/RelatedTo": [[]], "/r/UsedFor": [[]], "/r/LocatedAt": [[]], "/r/FormOf": [[]], "/r/IsA": [[]], "/r/PartOf": [[]], "/r/HasA": [[]], "/r/CapableOf": [[]], "/r/AtLocation": [[]], "/r/HasProperty": [[]], "/r/CreatedBy": [[]], "/r/Synonym": [[]], "/r/LocatedNear": [[]], "/r/SimilarTo": [[]], "/r/MadeOf": [[]], "/r/ReceivesAction": [[]]}, "/r/MadeOf": {}, "/r/ReceivesAction": {}}},"":{}}