{"poke": {"N1": {"/r/RelatedTo": ["stick", "adrudging", "aservile", "finger", "thor"], "/r/UsedFor": [], "/r/LocatedAt": [], "/r/FormOf": ["vpoke", "pokings", "poke"], "/r/IsA": [], "/r/PartOf": [], "/r/HasA": [], "/r/CapableOf": [], "/r/AtLocation": [], "/r/HasProperty": [], "/r/CreatedBy": [], "/r/Synonym": [" actjab act"], "/r/LocatedNear": [], "/r/SimilarTo": [], "/r/MadeOf": [], "/r/ReceivesAction": []}, "N2": {"/r/RelatedTo": {"/r/RelatedTo": [["branch", "wood", "twig", "tree", "bat", "woode", "pole", "walking", "rod", "small", "piece", "long", "glue", "cane", "sticks", "sticky", "small branch", "trees", "thi", "wand", "bone", "tree branch", "club", "ruler", "wooden pole", "poking", "broke", "bato", "part", "like", "wood piece", "limb", "tree part", "rigoll", "stickproof", "wikten 1hockey", "cross check", "singlestick", "bahareque", "lathi", "stick up", "yunluo", "burr puzzle", "catstick", "dipstick", "staffwikten 1", "pinata", "wikten 1corporal punishment", "catch", "toothpick", "coupstick", "castlebuilder", "maulstick", "lollipop", "weet", "stickshift", "chatwood", "clonk", "stickery", "firebrand", "coup stick", "stickman", "vwikten 2glue", "balafon", "draw straws", "vwikten 2stick sling", "wikten 1surfboard", "limerod", "vwikten 2stick one's oar i", "fish finger", "hobby horse", "quoits", "wikten 1billiards", "torch", "vwikten 2firm", "garrot", "batonnet", "cake pop", "claves", "stickless", "pooler", "stake", "nonstick", "wikten 1wood", "ringette", "ice pop", "drubwikten 2", "gatka", "wikten 1cue", "fascine", "wikten 1lacrosse", "cookie pop", "vwikten 2stick out like sore thumb", "paste", "wikten 1furniture", "stickhandling", "shish kebab", "tipcat"], [], [], ["ring", "hand", "digit", "point", "touch", "part", "thumb", "appendage", "on hand", "hand digit", "hands", "body", "knuckle", "middle finger", "body part", "five", "toe", "thimble", "nail", "hand part", "nails", "pointing", "digits", "hand appendage", "on hands", "pourer", "other", "brachydactyly", "hitchhike", "finger fan", "interdigitation", "chopsticks", "demigauntlet", "swipe", "didactylism", "batting glove", "dactylo", "multidigitate", "vturn i", "hypodactyly", "digitate", "glass harp", "eclipse", "vsqueal o", "otopalatodigital", "leptodactylous", "cm", "fingerpicking", "dactylonomy", "macrodactyly", "vprobe", "writer's cramp", "fingered", "pick", "intend", "variously", "fingery", "artiodactyl", "width", "animal", "didactyl", "perso", "poland syndrome", "dactylar", "pashmak", "agency", "vinstructions", "thumbscrew", "roman salute", "acrosclerosis", "befinger", "two in pink one stink", "forefinger", "vrat o", "pterodactyl", "spinning top", "choke", "langer giedion syndrome", "former", "class ring", "dactylology", "dactylography", "light fingered", "stab", "fingerbone", "vmusical instrument", "dactylosymphysis", "pianoing", "foot", "squidge", "glove", "boutonniere deformity", "diascopy", "fairy clap", "fingerlike", "interdigital", "dermatoglyphics", "notionally", "thumb one's nose", "base", "videntify", "finger spin", "finger fuck", "trudeau salute", "dactyl", "data glove", "brachysyndactyly", "height", "shackle", "vquery", "fingerful", "informal", "gesture", "vfingerbang", "fingercot", "give", "slender", "fingersucking", "dital", "digitorium", "fingers", "fingerlessness", "larger", "extremity", "posie ring", "length", "something", "nanofinger", "vpositio", "similarly", "observe", "cut", "devil's tattoo", "octobass", "prestidigitatio", "fingerpick", "monodigit", "paradactylum", "finger work", "compare", "thumbwheel", "arrhythmokinesis", "huma", "unguis", "functio", "apposable", "pilliwinks", "cover", "fingle", "dactylospasm", "extremities", "zill", "hunt and peck", "perissodactyl", "marriage finger", "swan neck deformity", "seal finger", "manual alphabet", "overdenture", "grasp", "finger bar", "alcohol", "triradius", "fingernail", "interdigitallyr", "crack one's fingers", "flip bird", "oligodactyly", "fingerblast", "vpoke", "bidigitate"], ["thorium", "tyr", "freya", "redbeard", "sif", "scandinavia", "thunor", "rthey're", "ullr", "j\u00f6rmungandr", "rthey", "tiu", "mjollnir", "thor's hammer", "their", "thor's beard", "jotun", "odin", "\u00e6sir", "rthere", "rare", "thunder"]], "/r/UsedFor": [["help build campfire", "fuel", "finding water", "beating", "building stick house", "writing in dirt", "hitting", "hit burglar", "reaching banana", "propping open door", "hitting ball", "keeping window ope", "walk with", "defending yourself in attack"], [], [], ["typing", "point", "pulling binder rings ope", "create shadow", "push butto", "picking nose", "pick nose", "as standard for gauging length", "quieting alarm", "testing if plaster dry", "filling out glove", "test piece of chocolate", "block light", "tap key", "hook handle", "move into positio", "popping balloo", "flip open lid", "making jump", "carry water to dry spot", "counting", "picking banjo", "taste frosting", "removing tack", "gripping during climbing", "test water temperature from faucette", "press enter", "hold stick of flag", "picking irish harp", "point out danger", "scratch itch", "rubbing spot on clothing", "poke", "pull elastic", "work with thumb", "picking hawaiin guitar", "clear out ear", "imitate little creature", "picking harp", "create decorations", "scratching yourself", "straighten nail", "wipe with toilet paper", "check bruise", "picking ukele", "make mark", "finger saxaphone", "picking bouzouki", "war", "get into crack", "wipe milk from lips", "create special handshake", "picking bandurria", "clean teeth", "getting taste of cooking", "picking sarod", "picking lute", "transfer moisture", "feel location of liquid", "hold handle", "answer questio", "testing for interior contents", "dial phone number", "smearing on shaving cream", "touch nose", "knock on door", "picking autoharp", "point to heave", "finger clarinet", "wipe sawdust off board", "wipe tears", "clean between fingers", "push in tack", "ring doorbell", "indicate number one", "tip over cup", "test water temperature from faucet", "wipe eyelid", "picking tanbur", "test baked goods for freshness", "clean between toes", "hold stick", "hold bow while tieing", "tip basketball", "hold elses finger", "picking guitar", "press doorbell", "grooming another perso", "inch forward", "wipe whip cream from lip", "turn knob", "scrape off salt", "pull string", "remove chad", "add weight to scale", "pry open yoghurt top", "wipe humidity from window", "play harp", "picking banjoli", "testing if paint dry", "thousand everyday things", "pry ope", "arranging hair", "create hole in clay", "create hole in mud", "adjust volume", "soothing", "remove excess lipstick", "wipe perspiratio", "press computer keys", "dip in sauce", "control tv", "oppose thumb for many uses", "clean nostril", "stop tape recorder", "picking bissex", "pressing piano key", "twist bottle cap", "write in sand", "point at what want", "showing paying attentio", "tear open envelope", "signal have idea", "lifting out staples", "tap drum", "locate pencil under chair", "wipe spinach from tooth", "peeling off label", "start tape playing", "push in thumb tack", "measure length", "read braile", "move out of view", "pressing pins into cork board", "write on fogged mirror", "test sharpness of knife", "picking cello", "feeling condition of internal organs", "gather moisture from tongue", "tuck i", "fill hole in dike"], []], "/r/LocatedAt": [[], [], [], [], []], "/r/FormOf": [["sticks", "sticketh"], [], [], ["fingered", "fingering", "fingers"], []], "/r/IsA": [["stob artifact", "bow artifact", "staff artifact", "hockey stick artifact ice", " foodmargarine food", "linstock artifact", "bato", " artifactlever artifact", "polo mallet artifact ice hockey", "divining rod artifact", "walking stick artifact", "maulstick artifact", "club artifact", "swizzle stick artifact", " plantlimb plant", " foodbutter food", "singlestick artifact", " actpunishment act", "spindle artifact", " artifactimplement artifact", "drumstick artifact", "matchstick artifact", " ice hockeysports equipment artifact", "cane", "batte"], [], [], [" bodydigit body", "ring finger", "middle finger", "pinkie body", "index finger", " bodyextremity body", "thumb body", "ring finger body", " artifactcovering artifact", "digit", "middle finger body", "thumb", "index body", " quantitylinear unit quantity", "forefinger", "body part"], []], "/r/PartOf": [["ice hockey"], [], [], ["knuckle", "knuckle body", "pad animal body", "fingernail body", "fingertip body", " bodyhand body", " artifactglove artifact", "fingerprint", "hand", "fingertip", "nail"], []], "/r/HasA": [[], [], [], [], []], "/r/CapableOf": [["post notes", "poke eye out"], [], [], ["push butto", "point at", "point", "fit in nose", "pointing at object", "pointing at", "point at object", "touch mouse"], []], "/r/AtLocation": [["forest", "tree", "grass"], [], [], ["ring", "hand", "fingerprint", "fingernail", "scar", "glove", "wrinkles", "nail", "ski", "knuckle", "fingerprints", "baby poo", "wedding band", "hair", "diamond ring", "finger nail", "wart", "ring i", "wedding ring", "lady bug", "knuckels", "dirt", "nose"], []], "/r/HasProperty": [[], [], [], [], []], "/r/CreatedBy": [[], [], [], [], []], "/r/Synonym": [[" artifactjoint artifact", "lodge contact", "v stativestand by stative", "deposit contact", "v motiostay motio", "sting communication communicatio", "joystick artifact", "v contactcling contact", "control stick artifact", "v stativeadhere stative", "wedge contact", "v cognitioperplex cognitio", "v contactadhere contact", " bodypin body", "sticky"], [], [], ["finger's breadth quantity", "digit quantity", "fingerbreadth quantity", "v contactfeel contact", "digit", "thumb contact", "jet bridge", "chicken finger", "vinform", "bird", "fingering", "bloke"], ["wprocket familywprocket family", ""]], "/r/LocatedNear": [[], [], [], [], []], "/r/SimilarTo": [[], [], [], ["toe"], []], "/r/MadeOf": [[], [], [], [], []], "/r/ReceivesAction": [[], [], [], ["inserted into holes"], []]}, "/r/UsedFor": {}, "/r/LocatedAt": {}, "/r/FormOf": {"/r/RelatedTo": [[], [], ["broddle", "wiktfr 2pocket", "probe", "wikten 1animal", "unpoked", "dibber", "wikten 2bag", "wikten 1device", "punchwikten 1", "root about", "wikten 1stupid", "knee", "boke", "pokerwikten 1", "prong", "pote", "poked", "wikten 1program", "broggle", "pocket", "pocan", "wikten 1memory", "jab", "wikten 3pokeweed", "stokewikten 1", "phytolacca", "holk", "wikten 4herb", "digwikten 1", "poke out", "wikten 2sack", "wikten 1dawdler", "wikten 4sea salt", "wikten 2ice cream cone", "pokable", "wikten 1video game", "nose poke", "finger", "stick", "master", "touch", "tap"]], "/r/UsedFor": [[], [], ["finger", "pike"]], "/r/LocatedAt": [[], [], []], "/r/FormOf": [[], ["poking"], ["poking", "pokes", "poked"]], "/r/IsA": [[], [], [" plantpokeweed plant"]], "/r/PartOf": [[], [], []], "/r/HasA": [[], [], []], "/r/CapableOf": [[], [], []], "/r/AtLocation": [[], [], ["pig"]], "/r/HasProperty": [[], [], []], "/r/CreatedBy": [[], [], []], "/r/Synonym": [[], [], [" artifactsack artifact", "pigeon berry plant", "v contactthump contact", " persodawdler perso", "phytolacca americana plant", "v contactjab contact", "scoke plant", "v perceptiopry perceptio", " actjab act", " boxingpunch boxing", "garget plant", "horse power", "purse", "pokey", "yank someone's chain", "jook", "vstir", "nudge", "bag", "pokeweed"]], "/r/LocatedNear": [[], [], []], "/r/SimilarTo": [[], [], []], "/r/MadeOf": [[], [], []], "/r/ReceivesAction": [[], [], []]}, "/r/IsA": {}, "/r/PartOf": {}, "/r/HasA": {}, "/r/CapableOf": {}, "/r/AtLocation": {}, "/r/HasProperty": {}, "/r/CreatedBy": {}, "/r/Synonym": {"/r/RelatedTo": [[]], "/r/UsedFor": [[]], "/r/LocatedAt": [[]], "/r/FormOf": [[]], "/r/IsA": [[]], "/r/PartOf": [[]], "/r/HasA": [[]], "/r/CapableOf": [[]], "/r/AtLocation": [[]], "/r/HasProperty": [[]], "/r/CreatedBy": [[]], "/r/Synonym": [[]], "/r/LocatedNear": [[]], "/r/SimilarTo": [[]], "/r/MadeOf": [[]], "/r/ReceivesAction": [[]]}, "/r/LocatedNear": {}, "/r/SimilarTo": {}, "/r/MadeOf": {}, "/r/ReceivesAction": {}}}, "":{}}