{"shine": {"N1": {"/r/RelatedTo": ["polish", "wax", "resplend", "shiningness", "brilliant", "interlucent", "transluminescent", "vwikten 2polish", "flashwikten 1", "effulge", "wikten 1quality", "wikten 1cricket ball", "wikten 1sunshine", "shoe polish", "tinsel", "blicken", "overshine", "gem", "shineless", "irradiate", "shiner", "illuminate", "beam", "nuclear fusion", "outblaze", "unshone", "gloze", "lackluster", "scintillate", "wikten 1antic", "buff up", "flashing", "wikten 1shininess", "wikten 1excellence", "shines", "backshine", "gleamer", "glimmer", "glisten", "vwikten 2cricket ball", "plique \u00e0 jour", "shined", "vwikten 1reflect", "dewshine", "vwikten 1effulgent", "gleam", "shineth"], "/r/UsedFor": ["beam phenomenon weather"], "/r/LocatedAt": [], "/r/FormOf": ["shining", "shined", "shines", "shone", "shinest", "shineth", "shonest", "shinedst"], "/r/IsA": [], "/r/PartOf": [], "/r/HasA": [], "/r/CapableOf": [], "/r/AtLocation": [], "/r/HasProperty": [], "/r/CreatedBy": [], "/r/Synonym": ["v emotioglow emotio", "beam weather", "v stativefall stative", "v perceptioglitter perceptio", "v contactpolish contact", "v perceptioglow perceptio", "v weatherreflect weather", " attributeradiance attribute", "vgliste", "wikten 1moonshine", "vwikten 1gleam", "wikten 1effulgence", "coruscate", "wikten 1shoeshine", "blick"], "/r/LocatedNear": [], "/r/SimilarTo": [], "/r/MadeOf": [], "/r/ReceivesAction": []}, "N2": {"/r/RelatedTo": {"/r/RelatedTo": [["shine", "shiny", "shoes", "shoe", "shining", "wax", "nail", "make", "nationality", "cleaning", "rub", "furniture", "silver", "polite", "nails", "poland", "clea", "make shiny", "from poland", "cleaner", "buff", "warsaw", "paint", "sausage", "shoe shine", "shiner", "dyngus day", "malinowskian", "tripoli powder", "lechitic", "sand do v", "rouge", "ceresin", "dzierzynszczyzna", "glacial polish", "varnish polish", "refinement", "vpolish up", "rub up", "polished", "putty powder", "jeweller's rouge", "polishness", "cleanliness", "french polish", "sleek", "rabot", "burnish", "nail polish", "shoeshine boy", "polglish", "heelball", "wa\u0142\u0119sa", "\u0142ukasiewiczian", "carnauba", "repolish", "low prussian", "spodik", "polishability", "sejm", "tripoli", "polish up", "substance", "shoeshine girl", "diamond wheel", "unpolished", "vshine", "ozocerite", "re polonizing", "carnauba wax", "micropolish", "golabki", "furniture polish", "wharp", "locative case", "shoe polish", "polonized", "vocative case", "leather", "polonization", "spit and polish", "mazurka", "shoeblack", "unpolish", "marchlewszczyzna", "brush wheel", "polissoir", "vapply", "polishing slate", "rabat", "polishment", "polisht", "upper silesia", "paczki", "polonaise", "conradian", "grosz", "simonize", "pole", "samian stone", "polander", "yorkshire grit", "levigate", "inelegance", "vpolite", "lower silesian", "language", "mazurzenie", "uhlan", "speculum metal", "wikibooks:polish", "krakowiak", "krzyzaniak", "chinese magic mirror", "szlachcic", "overpolish", "emery", "polishing", "furbish", "bush hammer", "vshoe polish", "instrumental case", "roll latten", "znanieckian", "varsovienne", "starost", "glass", "vsmooth", "pan polish", "polonism", "goldwasser", "limation", "vernicose", "chinese wax", "chrusciki", "golumpki", "polishable", "vinterpolish", "abramsky", "lapidary", "vpolish off", "polishes", "supermirror", "polonize", "accomplish", "stove polish", "nugget", "placki", "plate powder", "executionism", "rywingate", "refine", "apoland", "beeswax", "grypsera", "polish remover"], ["candle", "candles", "material", "bees", "ear", "candle material", "ears", "bee", "polish", "substance", "stuff", "car", "product", "sticky", "melted", "hair", "candle stuff", "ingredient", "candle ingredient", "shine", "slippery", "goo", "museum", "hot", "wax comb", "icarus", "sealing wax", "oilfish", "ediphone", "cierge", "fatty alcohol", "octacosanol", "increase", "wickwikten 1", "waxless", "lanolin", "increment", "waxlight", "graphophone", "lipid", "dewax", "cerofer", "vwikten 2taxwax", "investment", "waxable", "aural toilet", "blastine", "waxing", "china pencil", "simonize", "zietrisikite", "ceroplasty", "beeswax", "cerograph", "wikten 1polish", "firelighter", "wikten 1sugar maple", "ceroplastic", "vwikten 1hair", "tart burner", "waxed", "jojoba ester", "colored pencil", "inceration", "polytrack", "hair wax", "chamberstick", "chaffwax", "polycosanol", "cerography", "increscent", "extractor", "waxworker", "hydrodewaxing", "ceryl", "slumgum", "wikten 1long chai", "vwikten 2forthwax", "invultuation", "ceric", "pugillare", "acetate", "dewaxing", "trywikten 1", "waxywikten 1", "unwaxed", "hollywood", "cerotic acid", "washboard", "stripless", "carnauba", "histowax", "bintsuke", "cheese paper", "cerated", "heelball", "rewax", "keriorrhea", "eceriferum", "crayon", "company seal", "agnus dei", "wikten 1butane", "goudron", "waxenwikten 2", "phthiocerol", "candlewax", "cerate", "grease pencil", "klister", "transfer paper", "young moon", "new moon", "kerotherapy", "waxloke", "tealight", "vwikten 2grow", "cetyl", "tjanting", "walling wax", "wax pencil", "spermaceti", "melt", "pisang wax", "waning gibbous", "vwikten 2assume", "ceroplastics", "cavalry moustache", "encaustic", "adiopocere", "waxlike", "honey bee", "wikten 1beeswax", "waxer", "wikten 1alcohol", "waxen kernel", "jojoba", "cero", "chinese wax", "overwax", "cere", "waxplay", "paper cup", "manscaper", "ceroma", "cerotype", "cerolein", "cerecloth", "melted candle", "candle substance", "in ears", "paper", "hair removal", "removal", "make", "polishing", "melting", "residue", "car polish", "slippery paper", "drippings", "in candles", "making", "candle drippings", "bee product", "in ear", "cars", "dripping", "hives", "ear stuff", "solid", "dirt", "candlelight", "candles material", "floor", "shiny", "paraffin wax", "for candles", "from bees", "shoes", "from candles", "making candles", "bees make", "excrement", "paste", "furniture", "shaving", "compound", "soft", "floor polish", "bees candles", "paraffi", "clear", "creates shine", "creates", "buildup", "sticky hot", "ear dirt", "bee material", "turtle", "made"], ["vshine", "resplends", "splendid", "resplendent", "vresplendent", "resplended", "vsplendid", "vradiantly", "vsplendor"], ["shininess", "shine", "brightness"], ["abrilliantine", "glitz", "culasse", "technicolored", "standardize", "fundu", "shit hot", "unbrilliant", "brilliants", "sunny", "brilliancy", "abrilliantness", "brillo", "aexcellence", "strass", "tvisha", "brilliantlyr", "gemlike", "excelsior", "awonderful", "amagnificent", "asharp", "savage", "banging", "beryl", "atone", "type", "sweet gum", "gemstone", "titanium dioxide", "dazzling", "splendid", "irradiate", "aclear", "flame", "vermilion", "master class", "abright", "cut", "minikin", "pane", "heliodoxa", "abrilliantly", "diamondwikten 2", "diamond", "champion", "micaceous", "rose diamond", "abrightly", "culet", "size", "ashine", "cotto", "point", "\u00e9clat", "prismatic", "ultramarine", "iodine yellow", "coruscate", "bright", "marvy", "day glo", "blinding", "iridescent", "brilliance", "perfecto", "egg of columbus", "aintelligent", "vernicose", "abrilliance", "flamboyer", "brilliantness", "asaturated", "embeam", "shagtastic", "bezel", "hummingbird", "if you can't dazzle them with brilliance baffle bull", "brighter", "smart", "excellent", "adjective", "very", "very smart", "brightness", "diamond brightness", "brightest", "idea", "best", "genius", "super", "smartness", "super smartness", "really smart", "really", "amazing", "greatness", "skilled", "amazingly", "shiny", "amazingly shiny"], ["ashine", "abetwee"], ["alight", "ashine", "atransluminescence", "transluminescence"], [], [], ["vbeam", "vradiate", "vshine"], [], [], [], [], ["ashowy", "shine", "metallic", "decoratio", "passementerie", "aglittering", "scintillate", "gaudy", "vador", "glitter", "drape", "trim up", "trimmings", "christmas", "paper chai", "tinselly", "scintilla", "streamer", "vsparkle", "agaudy", "christmas tree", "clinquant", "ornament"], ["vpale", "vshine", "blike"], ["villumine", "vshine", "voutshine"], ["diamond", "stone", "precious", "opal", "moth", "geometrid", "jewel", "ore", "gemsmith", "sieve set", "gemmiferous", "begem", "gemmaceous", "durangite", "programming language", "vador", "cullet", "beauty", "orthonama obstipata", "library", "dactyliography", "shine", "faceter", "necklace", "ruby", "value", "sparkler", "lapidary", "gemmate", "scarab", "gemlike", "crusta", "pendeloque", "lecanomancy", "program", "dactyliology", "baguette", "substantial", "sparklies", "gemmy", "deposit", "california", "gemmology", "bejewel", "gems", "kansas", "gemmeous", "diamantaire", "gemmed", "idaho", "gemmated", "begemmed", "gemology", "precious stone", "lithotome", "rough", "gemmification", "gemmery", "water sapphire", "lithoglyptics", "chrysolite", "epigram", "occidental", "phenacite", "cadrans", "gemstone", "peridot", "prize", "solitaire", "indiana", "lithoglyph", "industrial diamond", "monetary", "package", "emerald", "pearl", "sapphire", "valuable", "facets", "cro ", "valuable stone", "crystal", "precious things", "quartz", "carat", "sparkle", "expensive stone", "expensive", "diamonds", "diamonds ruby", "diamond ruby", "gangster", "jewelry stone", "gangster jewelry", "jewelry"], ["adull", "ashine"], ["radura", "irradiating", "vheat", "vshed", "irradiant", "vdiffuse", "vbrighte", "vanimate", "vshine", "vray", "irradiator", "vradiate", "vbacteria", "irradiative", "vemit", "abrilliant", "vlight", "asplendid", "ailluminate", "airradiated", "vador", "venlighte", "villuminate", "vdestroy", "vionizing radiatio", "x radiate", "irradiated", "x irradiate", "vluster", "irradiancy", "irradiates", "irradiance", "irradiatio", "vintellectually"], ["polish", "luminary", "black eye", "coon eyes", "horsefish", "reflective", "cyprinoid", "notropis", "redfi", "silverfish", "money", "surface", "shiners", "genus", "fish", "species", "freshwater", "card game", "shine", "cheat", "menhade", "moonfish", "sovereig", "silvery", "america", "moonshiner", "moo"], ["limelight", "luminant", "streetlamp", "vlight up", "enlightenment", "illumination", "relumine", "vclarify", "enlimn", "light up", "enlighten", "relume", "glim", "unilluminable", "lumination", "twilight", "reilluminate", "overlight", "illumine", "shed light upon", "vdecorate", "gaslit", "ray tracing", "vbook", "light table", "unshadow", "illuminant", "moonlighted", "photoflood", "vshine", "scriptorium", "sunlit", "vpage", "vexposed", "backlight", "headlight", "vunderstandable", "footlight", "prelight", "twilit", "illuminates", "vmanuscript", "houselights", "photochromoscope", "firelit", "illuminateth", "irradiate", "light microscope", "floodlight", "gloomy", "luminous", "starlit", "vspectacular", "unilluminated", "lightscape", "emblaze", "radiate", "shed light on", "illuminer", "vglow", "vlight", "illuminator", "enlight", "edifying", "vornamental", "lantern", "illuminating", "illuminated", "vdesig", "photodrome", "illuminatest", "interilluminate", "spotlight", "light"], [" artifactbuilding artifact", "beamspace", "overbeaming", "searchlight", "architrave", "warp", "keelson", "cantilever", "vemit", "vmatter", "hawk", "ring laser", "convergence", "scanning transmission electron microscope", "abeamr", "colter", "ladder beam", "raftage", "microbeam", "beams", "crank", "carriage", "dipped headlight", "minibeam", "shank", "ray", "steel", "blaster", "sheth", "collider", "ship", "recombiner", "glulam", "hurter", "truss", "multibeam", "metric", "merry dancers", "thermal rocket", "beta beam", "i beam", "photogate", "camber beam", "crosshead", "rusine", "gamma knife", "column", "quartering", "stem", "thwart", "stringer", "maglite", "dolly", "madrier", "debunching", "biofact", "outbeam", "radar horizon", "beamless", "blanking", "supported", "pseudorapidity", "trabeation", "beamilyr", "emicant", "beamed", "ridge beam", "beampipe", "plate girder", "pisto", "knee", "lever", "magnetic lens", "beak", "vshine", "paint", "beaminglyr", "transverse", "overglow", "wiggler", "outcouple", "treviss", "bitt heads", "tudor", "royal", "russian bar", "fish beam", "axletree", "camber", "hersillon", "beamwalking", "antler", "madreporier", "close reach", "bridgetree", "pile driver", "monochromatization", "polychromator", "beamlet", "unbeamed", "feather", "catmill", "box girder", "crossbeam", "beamstrahlung", "iro", "sextupole", "torsel", "beam engine", "plug rod", "bressummer", "framework", "optical trap", "trimmer", "loom", "radial arm saw", "shaft", "beamlike", "rood beam", "vcheerfully", "midrapidity", "crosspiece", "ashlaring", "beamtime", "crux ordinaria", "spring beam", "transom", "shear centre", "secondary ion mass spectrometry", "solive", "gyrotron", "cross member", "trabecula", "sandwich girder", "pole", "ridgepole", "wood", "manograph", "vradiate", "half timbering", "sunray", "black and white village", "plow", "energy weapon", "collimate", "rapidity", "beamwidth", "woode", "nogging", "backstay", "keel", "rantle tree", "piece", "bitts", "herisson", "photoflood", "rapid transit", "projector", "roofbeam", "quadrupole", "defocus", "stilyard", "floodlight", "balkwikten 1", "handle", "steam engine", "effulge", "girder", "q switching", "ion milling", "cross", "lintel", "cylinder", "embeam", "photophone", "colonette", "scalebeam", "bez", "radio altimeter", "nanobeam", "isocentre", "h beam", "scattering", "note", "timber framing", "electron microscope", "radiosurgery", "sealed beam", "sister", "beamsome", "timber", "retrace", "goniostat", "vsmile", "supermirror", "tiebeam", "multileaf collimator", "laser cooling", "nanoscope", "outrigger", "de broglie wavelength", "flyback", "tie beam", "heliomicroscopy", "schuyt", "vinformatio", "beamer", "superbeam", "lightsaber", "collimator", "gleam", "beambird", "oscillating", "collectio", "crux simplex", "buncher", "headstock", "effective energy", "rooftree", "crossbar"], [], ["vshine", "vbur"], ["ashine"], ["vgloss", "vflatter", "explanatory", "deceit", "vextenuate", "gloss", "specious", "margi", "vshine", "appearance", "note", "comment", "glozing", "vpalliate", "vsmooth over", "flattery", "commentary", "false"], ["melanoacanthoma", "ainterest", "abrilliance", "intelligence", "lack", "brilliance", "amerit", "lacklusterness", "aexceptional", "ashine", "alustre", "avitality", "aintelligence", "meh", "adull", "soylent", "aattentio"], ["scintillator", "scintillescent", "vemanate", "vglow", "vtwinkle", "scintillates", "vshine", "vtinsel", "scintilla", "vscintilla", "vstencil", "scintillated", "vspark", "scintillating", "scintillant", "scintillation"], [], [], ["light", "perimeter", "upstand", "lamping", "expansion joint", "interrupted", "open valley", "weatherproof", "penetratio", "blues and twos", "raggle", "channel flashing", "flaunching", "blinking", "durability", "blink", "light bulb", "rhodium", "counterflashing", "apron flashing", "cap sheet", "ring", "blinkenlights", "filleting", "flash", "streaking", "flashings", "drip edge", "blue light", "shine", "flash mob", "vflash", "computer", "plating", "neoprene", "cursor", "belisha beacon", "terminated", "refulgent", "idea", "flicker"], [], [], ["shine", "vshine", "moo"], ["vshine", "vreflect", "reflected", "light"], ["product", "cosmetic", "face", "shine"], ["waver", "vfaint", "glimmered", "flash", "light", "glow", "dim", "glimmering", "stime", "shimmering", "vunsteady", "mica", "glimmers", "faint", "glimmereth", "vshine", "owllight", "gloom", "glist", "glimmery", "possibility", "glimmerest", "twinkle", "remote", "blink", "unglimmering", "spark", "shiny"], ["vsparkle", "vreflect", "vglittering", "glisteneth", "vcoruscate", "vglint", "vflash", "vluster", "dewy eyed", "gleam", "sparklewikten 2", "glistened", "vlight", "beglisten", "shine", "glistens", "glisteninglyr", "glistenest", "glistening"], [], [], ["vshine", "unshined"], [], ["fuel", "shine", "methanol", "lethal", "dew", "racing", "drink"], [], ["gleaming", "gleams", "vgliste", "gleamest", "leam", "shininess", "vglitter", "blink", "foregleam", "indistinct", "glimpse", "shining", "gleameth", "beam", "brightness", "small", "sig", "shimmering", "hint", "winkwikten 1", "splendor", "gleamed", "vbriefly", "stime", "razzle dazzle", "shimmer", "vstrongly", "catchlight", "light", "sparkling", "gleaminglyr", "shaft", "vapparent", "vshine", "clea", "shiny clea", "shiny", "shine"], ["vshine"]], "/r/UsedFor": [["file artifact contact", "cloth", "cleaning"], [], [], [], [], [], [], [], [], [], [], [], [], [], [], [], [], [], [], [], [], ["lights", "lightbulbs"], ["support", "supporting roof", "support roof", " phenomenoshine weather", " artifacthold contact", " phenomenoscan motio", "joining two structures horizontally", "constructing buildings", "building buildings", "used in gymnastics", "support floor or roof", "magnify light", "build structure", "support floor", "support wall", "structural support", "building skyscrapers", "shining light o"], [], [], [], [], [], [], [], [], [], [], [], [], [], [], [], [], [], [], [], [], [], [], [], []], "/r/LocatedAt": [[], [], [], [], [], [], [], [], [], [], [], [], [], [], [], [], [], [], [], [], [], [], [], [], [], [], [], [], [], [], [], [], [], [], [], [], [], [], [], [], [], [], [], [], [], [], []], "/r/FormOf": [["polishest", "polishing", "polishes", "polished"], ["waxes", "waxeth", "waxing", "waxest", "waxedst", "waxed"], ["resplends", "resplending", "resplended"], [], ["brilliants"], [], [], [], [], ["effulging", "effulges", "effulged"], [], [], [], [], ["tinseling", "tinsels", "tinselling", "tinseled", "tinselled"], ["blickening", "blickens", "blickened"], ["overshining", "overshines", "overshone"], ["gems", "gemming", "gemed", "geming", "gemmed"], [], ["irradiates", "irradiating", "irradiated"], ["shiners"], ["illuminateth", "illuminated", "illuminatest", "illuminating", "illuminates"], ["beamed", "beaming", "beams", "beames"], [], ["outblazing", "outblazed", "outblazes"], [], ["glozed", "glozes", "glozing"], ["lack lustre", "lacklustre", "lacklusters"], ["scintillates", "scintillated", "scintillating"], [], [], ["flashings", "vflash"], [], [], ["vshine", "shine"], [], ["gleamers"], ["glimmers", "glimmering", "glimmered"], ["glistens", "glistening", "glisteneth", "glistened"], [], [], ["vshine", "shone", "shine"], [], [], [], ["gleams", "gleaming", "gleem", "gleamed"], ["vshine"]], "/r/IsA": [[" attributeradiance attribute", "language", " attributesmoothness attribute", "glaze attribute", " stateperfection state", " substanceformulation substance", " communicatioslavic communicatio", "french polish attribute", "shoe polish substance", "polish person", "person"], ["bayberry wax plant substance", "ski wax substance", "gondang wax substance", "pisang wax substance", "cerumen substance", "carnauba wax plant substance", "floor wax substance", "beeswax substance", "paraffin substance", "vegetable wax substance", "montan wax substance", " substancelipid substance", "ceresin substance", "spermaceti substance", "scale wax substance", "shellac wax substance", "japan wax substance", "candelilla wax substance", "fuel in candles", "fuel", "coating", "beeswax", "parfi", "white", "fuelopencyccombustible fuel substance", "solid object", "wpsingermusical artist"], [], [], [], [], [], [], [], [], [], [], [], [], [" artifactdecoration artifact", " artifactthread artifact", "christmas tree decoration"], [], [], ["transparent gem substance", "opaque gem substance", "cabochon substance", " substancecrystal substance", " artifactart art", "stone", "precious stone", "bloodstone", "semi precious stone", "mineral", "tangible thing", "stoneopencycstone stuff", "diamondopencycdiamond gem"], [], [], ["common shiner animal", "golden shiner animal", " animalcyprinid animal", "emerald shiner animal", " statebruise state", "twinkler object", " objectobject"], [], [" phenomenoelectromagnetic radiation phenomeno", "header artifact", "particle beam phenomenon phenomeno", "rider plate artifact", "tie artifact", "trave artifact", "cantilever artifact", " artifactstructural member artifact", " artifactpiece artifact", "sunbeam phenomenon phenomeno", "high beam phenomenon phenomeno", "shore artifact", "low beam phenomenon phenomeno", "joist artifact", " artifactside artifact", "cathode ray phenomenon phenomeno", "girder artifact", "keelson artifact", "heat ray phenomenon phenomeno", "rafter artifact", "moonbeam phenomenon phenomeno", " phenomenolight physics", "timber artifact", "laser beam phenomenon phenomeno", "ridge artifact", "box beam artifact", " shipwidth attribute", "keel artifact", "architectural structure", "three dimensional rectangle", "column", "thick rod", "structural support", "support structure", "wooden ceiling support", "fore beam"], [], [], [], [], [], [], [], [], [" artifactsheet metal artifact"], [], [], [], [], [], [], [], [], [], [], [], [], [], [" attributeradiance attribute", " eventflash event", "glitter", "metal", "chrome", "sequin", "satin cloth", "tangible thing"], []], "/r/PartOf": [[], [], [], [], [], [], [], [], [], [], [], [], [], [], [], [], [], [" substancejewelry artifact"], [], [], [], [], ["gymnastics"], [], [], [], [], [], [], [], [], [], [], [], [], [], [], [], [], [], [], [], [], [], [], [], []], "/r/HasA": [[], ["shellac"], [], [], [], [], [], [], [], [], [], [], [], [], [], [], [], [], [], [], [], [], [], [], [], [], [], [], [], [], [], [], [], [], [], [], [], [], [], [], [], [], [], [], [], [], []], "/r/CapableOf": [["shine metal", "perfect carving"], ["melt", "moulded", "bur", "shine up car", "coat car", "bu used in candles"], [], [], [], [], [], [], [], [], [], [], [], [], [], [], [], [], [], [], [], ["lamp", "light"], ["ray of light"], [], [], [], [], [], [], [], [], [], [], [], [], [], [], [], [], [], [], [], [], [], [], [], []], "/r/AtLocation": [["shoe", "table", "garage"], ["table", "car show", "floor", "sporting goods store"], [], [], [], [], [], [], [], [], [], [], [], [], [], [], [], [], [], [], [], [], ["house", "bridge", "building", "ceiling", "large building", "roof", "construction site", "new constructio", "building to support", "gym", "metal shop", "warehouse", "bar"], [], [], [], [], [], [], [], [], [], [], [], [], [], [], [], [], [], [], [], [], [], [], [], []], "/r/HasProperty": [[], ["shaped when warm", "man made"], [], [], [], [], [], [], [], [], [], [], [], [], [], [], [], [], [], [], [], [], [], [], [], [], [], [], [], [], [], [], [], [], [], [], [], [], [], [], [], [], [], [], [], [], []], "/r/CreatedBy": [[], [], [], [], [], [], [], [], [], [], [], [], [], [], [], [], [], [], [], [], [], [], ["cutting wood"], [], [], [], [], [], [], [], [], [], [], [], [], [], [], [], [], [], [], [], [], [], [], [], []], "/r/Synonym": [["refinement state", "smoothen contact", "brush up change", "class", "wax", "round off change", "glossiness attribute", "fine tune change", "finish state", "do v change", "burnish attribute", "smooth contact", "polish up change", "culture state", "gloss attribute", "refine change", "round change", "shine contact", "cultivation state", "vhone", "pole", "refinement", "elegance", "panache", "finish", "vwax", "work over", "glosswikten 1"], ["climb change", "polish", "mount change", "rise change", "full change", "wikten 1polish", "furbish", "increase", "shinewikten 1", "earwax", "buff", "wikten 1cerume", "vinyl", "sealing wax", "burnish", "shoe polish", "cerume", "beeswax", "wikten 1beeswax", "", "wpsingerwpsinger"], [], [], ["aglittering", "a magnificent ", "terrific", "bright a ", "abrainy", "aexceptional", "a smart as whip ", "superb a ", "vivid a ", "asplendid", "aingenious", "awonderful", "lucid", "aclear", "asharp", "aexcellent", "brightsome", "amagnificent", "aglorious", "fantastic", "exemplary", "amarvellous", "asaturated", "crash hot", "amarvelous", "ashining"], [], [], [], [], [], [], [], [], [], [], [], [], ["treasure artifact", " foodmuffin food", " persojewel perso", " artifactjewel artifact", "gemstone substance", "gemstone", "stone substance", "vbegem", "beauty"], [], ["v communicatioenlighten communicatio", "ray change", "radiate"], [" animalcommon mackerel animal", "black eye state", "mouse state", "redfin", "coon eyes"], ["v changelight change", "v cognitioclear cognitio", "illumine", "vbring home", "vgleam", "shed light on", "vbelight", "light", "villustrate"], ["v emotioglow emotio", "ray of light phenomenon phenomeno", "v weathershine weather", "beam of light phenomenon phenomeno", "v perceptioglow perceptio", "ray phenomenon phenomeno", "electron beam phenomenon phenomeno", "shaft of light phenomenon phenomeno", "irradiation phenomenon phenomeno", "light beam phenomenon phenomeno", " artifactbalance beam artifact", "shaft phenomenon phenomeno", " communicatioradio beam communicatio", "v broadcast mediumair medium", "baulk", "vgive", "working beam", "teleport", "breadth", "gleam", "vsmile", "vtransmit", "beam feather", "vglow"], [], [], [], [], ["lacklustre a ", "lustreless a ", "a lacklustre ", "lusterless a ", "dull"], ["v celestial bodytwinkle body", "coruscate", "v weathersparkle weather", "v changesparkle change", "twinkle"], [], [], [" eventflash event", "bright"], [], [], [], [], [], ["v perceptiogleam perceptio", " eventgleam event", "coruscate", " cognitioinkling cognitio", "vflicker", "ghost", "twinkle", "sparkle", "vshimmer"], ["coruscate", " attributeglitter attribute", "v perceptioglitter perceptio", "sparkling", "shine", "gleam", "vgleam"], [], [], [], [], [], [], ["glimmer event", "glimmer perception perceptio", "gleaming attribute", "lambency attribute", "gleaming event", "coruscate", "glow attribute", "v perceptioglitter perceptio", "dazzle", "flicker", "shine", "beam", "blick", "sheen", "shee", "illuminate", "vgliste", "glisten"], []], "/r/LocatedNear": [[], [], [], [], [], [], [], [], [], [], [], [], [], [], [], [], [], [], [], [], [], [], [], [], [], [], [], [], [], [], [], [], [], [], [], [], [], [], [], [], [], [], [], [], [], [], []], "/r/SimilarTo": [[], [], [], [], ["a bright ", "bright a ", "a colorful ", "a superior ", "superior a ", "colorful a ", "reverberant a ", "a reverberant ", "jewelfront"], [], [], [], [], [], [], [], [], [], [], [], [], ["jewel"], [], [], [], [], ["girder", "shinewikten 1"], [], [], [], [], ["dull a ", "a dull "], [], [], [], [], [], [], [], [], [], [], [], [], [], [], [], [], [], [], []], "/r/MadeOf": [[], [], [], [], [], [], [], [], [], [], [], [], [], [], [], [], [], [], [], [], [], [], [], [], [], [], [], [], [], [], [], [], [], [], [], [], [], [], [], [], [], [], [], [], [], [], []], "/r/ReceivesAction": [[], ["melted", "imbedded with pigment", "formed into candles", "used in candles", "boiled", "carved"], [], [], [], [], [], [], [], [], [], [], [], [], [], [], [], [], [], [], [], [], [], [], [], [], [], [], [], [], [], [], [], [], [], [], [], [], [], [], [], [], [], [], [], [], []]}, "/r/UsedFor": {"/r/RelatedTo": [[]], "/r/UsedFor": [[]], "/r/LocatedAt": [[]], "/r/FormOf": [[]], "/r/IsA": [[]], "/r/PartOf": [[]], "/r/HasA": [[]], "/r/CapableOf": [[]], "/r/AtLocation": [[]], "/r/HasProperty": [[]], "/r/CreatedBy": [[]], "/r/Synonym": [[]], "/r/LocatedNear": [[]], "/r/SimilarTo": [[]], "/r/MadeOf": [[]], "/r/ReceivesAction": [[]]}, "/r/LocatedAt": {}, "/r/FormOf": {"/r/RelatedTo": [["polish", "splendent", "relucent", "subfulgent", "sunshiny", "brightsome", "fulgent", "incandescent", "ardent", "aglimmer", "glistering", "sun shower", "ashee", "rutilant", "alight", "apolish", "areflecting", "shininess", "noctilucent", "lucent", "ashine", "blicant", "beamy", "shininglyr", "gleam", "effulgent", "glorious", "shimmer", "nightshining", "unshining", "aemitting", "nitid", "amerit", "bright", "light", "su", "knight", "shade", "flash", "wax", "star", "silver"], ["vshine", "unshined"], ["shine", "vshine", "moo"], ["transfiguration"], [], ["vshine"], [], []], "/r/UsedFor": [[], [], [], [], [], [], [], []], "/r/LocatedAt": [[], [], [], [], [], [], [], []], "/r/FormOf": [["shine", "shinings", "vshine"], ["vshine", "shone", "shine"], ["vshine", "shine"], ["shine", "vshine", "shined"], ["vshine"], ["vshine"], ["vshine"], ["vshine"]], "/r/IsA": [["shoeshine act", " actwork act", "aiming", "wpnovelbook"], [], [], [], [], [], [], []], "/r/PartOf": [[], [], [], [], [], [], [], []], "/r/HasA": [[], [], [], [], [], [], [], []], "/r/CapableOf": [[], [], [], [], [], [], [], []], "/r/AtLocation": [[], [], [], [], [], [], [], []], "/r/HasProperty": [["in night moo", "su", "nice weather when su"], [], [], [], [], [], [], []], "/r/CreatedBy": [[], [], [], [], [], [], [], []], "/r/Synonym": [["polishing act", "a glistening ", "a burnished ", "effulgent", "gleaming", "brilliant", "bright", "wpnovelwpnovel"], [], [], [], [], [], [], []], "/r/LocatedNear": [[], [], [], [], [], [], [], []], "/r/SimilarTo": [["superior a ", "a superior "], [], [], [], [], [], [], []], "/r/MadeOf": [[], [], [], [], [], [], [], []], "/r/ReceivesAction": [[], [], [], [], [], [], [], []]}, "/r/IsA": {}, "/r/PartOf": {}, "/r/HasA": {}, "/r/CapableOf": {}, "/r/AtLocation": {}, "/r/HasProperty": {}, "/r/CreatedBy": {}, "/r/Synonym": {"/r/RelatedTo": [[], [], [], [], [], [], [], [], [], [], [], [], ["vbrilliant", "glisten", "vexhibit", "coruscates", "vstyle", "vtechnique", "coruscated", "vsparkle", "coruscating", "spangle"], [], ["wikten 2iridescence", "blike", "blicks", "blicked", "blicking"]], "/r/UsedFor": [[], [], [], [], [], [], [], [], [], [], [], [], [], [], []], "/r/LocatedAt": [[], [], [], [], [], [], [], [], [], [], [], [], [], [], []], "/r/FormOf": [[], [], [], [], [], [], [], [], [], [], [], [], ["coruscating", "coruscated", "coruscates"], [], ["blicks", "blicked", "blicking"]], "/r/IsA": [[], [], [], [], [], [], [], [], [], [], [], [], [], [], ["newspaper"]], "/r/PartOf": [[], [], [], [], [], [], [], [], [], [], [], [], [], [], []], "/r/HasA": [[], [], [], [], [], [], [], [], [], [], [], [], [], [], []], "/r/CapableOf": [[], [], [], [], [], [], [], [], [], [], [], [], [], [], []], "/r/AtLocation": [[], [], [], [], [], [], [], [], [], [], [], [], [], [], []], "/r/HasProperty": [[], [], [], [], [], [], [], [], [], [], [], [], [], [], []], "/r/CreatedBy": [[], [], [], [], [], [], [], [], [], [], [], [], [], [], []], "/r/Synonym": [[], [], [], [], [], [], [], [], [], [], [], [], ["vglimmer", "vgleam", "v weathersparkle weather", "vglitter", "vradiate", "v changesparkle change", "vtwinkle", "vscintillate", "vsparkle", "vgliste", "spangle", "vshee", "vshine"], [], ["vshine", "vgleam", "fulguration", ""]], "/r/LocatedNear": [[], [], [], [], [], [], [], [], [], [], [], [], [], [], []], "/r/SimilarTo": [[], [], [], [], [], [], [], [], [], [], [], [], [], [], []], "/r/MadeOf": [[], [], [], [], [], [], [], [], [], [], [], [], [], [], []], "/r/ReceivesAction": [[], [], [], [], [], [], [], [], [], [], [], [], [], [], []]}, "/r/LocatedNear": {}, "/r/SimilarTo": {}, "/r/MadeOf": {}, "/r/ReceivesAction": {}}}, "":{{}}