{"uncover": {"N1": {"/r/RelatedTo": ["uncoverest", "uncovers", "uncowl", "uncovered", "covering", "uncovereth", "uncase", "reveal", "unshroud", "disinvolve", "blow lid off", "exposure", "unearth", "exhume", "uncovering", "vreveal", "disclose", "uncoverer", "dismask", "unmantle", "lay bare", "denude", "undrape", "expose", "bring up", "unmuffle", "unveil", "find"], "/r/UsedFor": [], "/r/LocatedAt": [], "/r/FormOf": ["uncoverest", "uncovereth", "uncovering", "uncovers"], "/r/IsA": [], "/r/PartOf": [], "/r/HasA": [], "/r/CapableOf": [], "/r/AtLocation": [], "/r/HasProperty": [], "/r/CreatedBy": [], "/r/Synonym": ["v perceptiodisclose perceptio", "expose contact", "v communicatiodisclose communicatio", "reveal", "unbare", "disrobe"], "/r/LocatedNear": [], "/r/SimilarTo": [], "/r/MadeOf": [], "/r/ReceivesAction": []}, "N2": {"/r/RelatedTo": {"/r/RelatedTo": [["vuncover"], ["vuncover"], ["vremove", "vcowl", "vuncover", "vunveil", "vdivest", "vdeprive"], ["awikten 2covered", "barewikten 1", "vuncover", "cattle wagon", "assless", "awikten 2protected", "democrat", "awikten 2insurance", "open fire", "backless", "deglaciate", "barelegged"], ["paint", "sock", "shade", "shoe", "wool", "cover", "sand", "carpet", "floor", "coat", "integumentary system", "cased", "roof", "stack guard", "decorticated", "handgrip", "tegument", "water hugging", "cladding", "vesture", "gnathotheca", "investiture", "mouffle", "pan palestinian", "chador", "matting", "cleading", "capillament", "shawl", "headwear", "companion", "tunic", "lathing", "wrap up", "uncover", "dismantle", "gun sock", "tippet", "capping", "veneer", "disenshrouded", "perispore", "derm", "unbreech", "head rag", "pare", "palempore", "wallcovering", "white easter", "nose cap", "blinds", "trotcozy", "uncase", "enarmour", "rooftop", "white christmas", "wood carpet", "lagging", "flipper", "shingling", "rigolette", "pavilion", "trapper", "sheet", "jaffa cake", "personalzine", "full length", "dichlamydeous", "blind", "field jacket", "dutch carpet", "tanbark", "rhinotheca", "tortoiseshell", "vinolay", "hair", "blindfold", "helmet", "simar", "plastering", "breasted", "floorcovering", "lining", "headcover", "rooflet", "podotheca", "hibernaculum", "reupholster", "sheathe", "pave", "upholster", "living bandage", "couverture", "wrappage", "tectorium", "grass", "grasscloth", "barrel shroud", "gas mask", "shortclothes", "covert", "setation", "head covering", "piliation", "tinning", "sarcoderm", "perifibrum", "tonneau cover", "pilch", "haycap", "bancal", "unfelted", "shell", "facemask", "vinyl composition tile", "belyi's theorem", "barehanded", "exuviae", "lined", "quilt", "cup", "coverchief", "beanbag", "bareheaded", "headpiece", "incrustation", "tatami", "under cover", "indutive", "coverings", "chaussure", "slip case", "clothing", "bootikin", "bedclothes", "o", "tegmen", "resist", "over", "unclothe", "pan american", "scutellation", "glove", "shutter", "patch", "peel", "veil", "blanket", "wrap", "scale", "sauce", "ski", "hide", "hat", "pants", "polish", "smother", "umbrella", "drape", "gravel", "asphalt", "napki", "cro ", "foil", "enamel", "lip", "jacket", "payment", "upholstery", "glass", "fur", "table", "sheep", "spa", "grave", "tent", "window", "flesh", "dome", "bark", "cape", "bandage", "ground", "body", "peal", "hood", "dress", "atmosphere", "soot", "egg", "rib", "felt", "wax", "armour", "rug", "stitch", "leaf"], ["vuncover"], ["vuncover", "vcovering", "vcase"], ["revelation", "scratch card", "put one's cards on table", "telltale", "frame", "leak out", "tell all", "betray", "blind item", "outer", "vsupernatural", "unscreen", "revealing", "vdisplay", "vinstructio", "come to light", "unconceal", "unhide", "unlock", "unfold", "door", "namefag", "keep one's cards close to chest", "muck", "shit stirrer", "side", "vuncover", "discover", "irrevealable", "unveil", "spill beans", "lay bare", "revealer", "jamb", "open up", "fantasy collapse", "confess", "show cloven foot", "peekaboo", "babble", "vdivine", "revealed", "bust out", "open kimono", "vcommunicate", "kithe", "revealee", "too much informatio", "show ankle", "take something to grave", "show one's cards", "drop hint", "unmask", "revealest", "uncover", "leprechaun", "let something slip", "disguise", "window", "revealeth", "underboob", "betrayer", "descry", "dead men tell no tales", "drop bomb", "lay open", "semicovering", "revelator", "anacrisis", "unroll", "soliloquy", "betrayinglyr", "speak truth to power", "muhammad", "undelve", "give away", "reveals", "revelatio", "vshow", "uncurtain", "unvisor", "let on", "expose", "forthspeak", "tip one's hand", "vrevelatio", "find", "show"], ["vuncover", "vshroud"], ["vdisentangle", "vunfold", "vuncover", "vunroll"], [], ["expose", "face", "rapatronic", "suberosis", "pyrophorus", "parachrose", "lightstruck", "thermochromic", "finlaycolor", "microatoll", "oil paint", "craze", "phosphonecrosis", "dodge", "incubation period", "parelectronomy", "liver spot", "ozone resistance", "white phosphorus", "frame counter", "chemical dermatitis", "windburn", "weather beaten", "multiexposure", "birthday suit", "coexposure", "sun worshipper", "film badge", "ferrocalcite", "casse", "eremacausis", "light struck", "airing", "time lapse", "crossresistant", "album graecum", "square tab shingle", "deadhouse", "autowinder", "bleachwikten 3", "firing point", "uncover", "photoepinasty", "xeromammography", "rub off on", "daylight", "underexpose", "nip slip", "steam bath", "su", "underexposure", "acute toxicity", "film", "scandal", "view", "air dry", "bronze", "conditio", "wind", "postexposure", "isopepsin", "xanthopsin", "purification rundo ", "worn out", "exposures", "rent quote", "erythrocyanosis crurum", "dogger bank itch", "shutter priority", "preexposure", "scorched", "nippage", "autoexposure", "prostrate", "perniosis", "melotype", "erythema ab igne", "photodegrade", "sky", "mediatize", "mithridaticallyr", "oxymyoglobin", "drying oil", "time", "r\u00f6ntgen", "velcroid", "graduator", "exposimeter", "thermal paper", "wet plate", "elements", "primary hypothermia", "post exposure prophylaxis", "antiexposure", "myoneme", "carbro", "reexposure", "kynodesme", "overexposure", "sunbeaten", "pre exposure prophylaxis", "roast", "exposome", "photostress", "moonburn", "grayscale", "wearwikten 1", "halogenoderma", "vandenbergh effect", "weather", "heatsick", "baritosis", "ventilation", "calcium diglutamate", "nitroglycerine", "sunburn", "bruce effect", "printing frame", "conspicuousness", "aperture priority", "exposure treatment", "sunseeker", "unprotected", "photograph", "xylorcin", "alphabetitis", "f number", "seismic design", "phototoxicity", "wear out", "exposure meter", "hedge", "motion blur", "hueing", "rainburn", "heliosis", "heliotherapy", "exposal", "sunbur", "shock", "developing", "camera film", "camera", "shot", "one shot", "photography"], ["unearthing", "vdraw", "unburrow", "unearthed", "uneartheth", "vearth", "unearthest", "vconcealment", "vuncover", "dig up", "vfind", "unearths", "plow up", "vdig up", "vdrive"], ["untomb", "exhumable", "exhuming", "humation", "uncoffin", "exhumed", "exhumer", "feroher", "vdisinter", "vdig out", "bodysnatching", "exhumes", "uncharnel", "vbring to light", "vtake out", "vburial", "famadihana", "vuncover", "vground", "unexhumed"], ["vuncover"], [], ["disclosure", "disclosing", "vuncover", "disclude", "undisclosable", "non disclosure agreement", "up front", "spill tea", "bring to light", "yield up", "squawk", "nondisclosed", "unsecret", "undisclosing", "unbosomer", "bewrayinglyr", "let out", "heartbleed", "vknowledge", "make kno v", "discloses", "vexpose", "spill beans", "let cat out of bag", "red face test", "descry", "scotoscope", "intimate", "disclosed", "unlock", "redisclosure", "index", "blow whistle", "vkno ", "discloser", "betray", "vdisclosure", "break cover", "let in on", "leak", "confess", "inspire", "redisclose", "millionaire's defence", "patefaction", "vview", "nondisclosure", "shoot off at mouth"], ["agent nou", "uncoverers", "uncover"], ["dismasking", "dismasks", "vmask", "vuncover"], ["vmantle", "vuncover"], [], ["disrobe", "vstrip", "denudement", "nude", "uncover", "vdivest", "denuded", "vnaked", "denudes", "denuding", "kerotherapy"], ["vdrapery", "vclothing", "vuncover", "vunveil"], ["exposure", "pin", "exposinglyr", "vbring to light", "exposable", "outlay", "batty rider", "zyklon b", "exhibitionist", "overexpose", "reexpose", "put someone on blast", "muckraker", "third degree burn", "semicovering", "liability", "insolation", "myelocele", "attraction", "insolate", "on blast", "incur", "smoke out", "exposeome", "bromoil process", "ventilate", "flush out", "magazine camera", "unbare", "vvisible", "radiation dose", "flasher", "vimage", "bring to light", "deplume", "vfilm", "expos\u00e9", "exposing", "betray", "ureterolysis", "leaky abstraction", "vprogram", "cyphonism", "zincotype", "vintroduce", "vreveal", "debunk", "x ray", "exposer", "unsheltered", "give away", "pyrophoric", "solarize", "photoplotter", "immunologically na\u00efve", "coexpose", "exposition", "unface", "whetted", "gibbet", "vertex figure", "jeopard", "vuncover", "exteriorize", "stretcher", "expos", "lay open", "quackbusting", "sunbathe", "weathering steel", "show up", "number needed to harm", "vphotograph", "nail to counter", "vabando", "weather", "disclose", "vavailable", "unmask", "commit", "quackbuster", "lay bare", "exponent", "exposed", "out"], [], ["vdrum", "vmuffling", "vuncover", "vface", "vconcealment"], ["ivy day", "unveiler", "disabuse", "unveilest", "unvisor", "vreveal", "unveils", "uncowl", "unveileth", "unveiled", "unveiling", "vremove", "vuncover", "undrape", "vveil", "disenshrouded", "disenshroud"], ["discover", "search", "locate", "seek", "run across", "look", "dig out", "founde", "lay hands on", "factfinder", "finder", "stumble upon", "catch", "vdetermine", "run up against", "unearth", "vlocate", "vpoint out", "come upon", "vsearch", "two body problem", "vencounter", "scout out", "run to earth", "vopinio", "cast about", "finds", "hunt out", "refindable", "puzzle out", "found", "luck into", "convict", "spot", "chance upon", "strike gold", "scare up", "hunt do v", "centrobaric", "vdiscover", "forward genetics", "vjudge", "finders keepers", "dope out", "refind", "come across", "fumble", "finding", "findeth", "shengnan", "nose out", "thief taker", "detect", "run do v", "happen on", "sorting table", "happen across"]], "/r/UsedFor": [[], [], [], [], ["canvas", "shirt", "roof", "lid", "vinyl", "tile", "cloth", "blanketing"], [], [], [], [], [], [], ["selling new book"], [], [], [], [], [], [], [], [], [], [], [], [], [], [], [], ["telephone directory"]], "/r/LocatedAt": [[], [], [], [], [], [], [], [], [], [], [], [], [], [], [], [], [], [], [], [], [], [], [], [], [], [], [], []], "/r/FormOf": [["vuncover"], ["vuncover"], ["uncowls", "uncowling", "uncowled"], [], ["vcover", "cover", "coverings"], ["vuncover"], ["uncasing", "uncases"], ["reveals", "revealest", "revealeth", "revealing", "revealed"], ["unshrouding", "unshrouds"], ["disinvolving", "disinvolves", "disinvolved"], [], ["exposures"], ["unearthed", "unearthing", "unearths"], ["exhuming", "exhumes", "exhumed"], ["vuncover", "uncoverings"], [], ["disclosing", "discloses", "disclosed", "discloseth", "disclosest"], ["uncoverers"], ["dismasking", "dismasks", "dismasked"], ["unmantling", "unmantles"], [], ["denudes", "denuding", "denuded"], ["undrapes", "undraping"], ["exposing", "exposeth", "exposest", "exposes", "exposed"], [], ["unmuffles", "unmuffling"], ["unveiled", "unveilest", "unveiling", "unveils", "unveileth"], ["finding", "founde", "found", "finds", "founded", "foundest", "yfound", "findeth", "findest"]], "/r/IsA": [[], [], [], [], ["cloak artifact", "scale animal object", "dressing act", "top artifact", "shell object", "body covering object", "thumb artifact", "finger artifact", "perianth plant object", "toe artifact", "chafing gear artifact", "blanket object", "skim object", "hood artifact", "instep artifact", "planking ship artifact", " objectnatural object", "swathing artifact", "imbrication artifact", "earmuff artifact", "folder artifact", "coating artifact", "footwear artifact", "indumentum object", "bark plant object", "floor cover artifact", "mask artifact", "bubble artifact", "envelope object", " actprotection act", "shell animal object", "canopy artifact", "hood falconry artifact", "sheath body object", "drape artifact", "crust object", "mercy seat artifact", "slough object", "fig leaf artifact", "roof object", "integument body object", "bootleg artifact", " artifactartifact", "test animal object", "paddle box artifact", "matting artifact", "cloth covering artifact", "hood object", "artificial skin artifact", "casing artifact", "vesture object", "cover plate artifact", "flap artifact", "peridium plant object", "theca plant object", "clothing artifact", "screen artifact", "protective covering artifact", "wrapping artifact", "upholstery artifact", "snowcap object", "pericarp plant object", "indusium plant object", "opencyccovering objecttangible thing", "interring", "portal coveringopencyccovering object", "horse sweatsopencyccovering object", "linoleumopencyccovering object", "helmet", "floor coveringopencyccovering object", "skidless bathtub matopencyccovering object", "laminating", "wigopencyccovering object", "acrosomeopencyccovering object", "opencyccovering protectingactively protecting", "burying", "opencyccovering putting on clothing itemdressingopencycputting item", "getting dressed", "decorative coveringopencyccovering object", "interposed coveringopencyccovering object", "tileopencyccovering object", "wrapping", "wrapping paperopencyccovering object", "covering one's face", "protective coveringopencyccovering object", "clothingopencyccovering object", "opencyccovering working as substitute forsubbing", "enveloping coveringopencyccovering object", "putting onto else", "lampshade"], [], [], [], [], [], [], [" actinfluence act", " actabandonment act", " quantitylight unit quantity", "expose communication communicatio", "repudiation act", " attributevulnerability attribute", " communicatiodisclosure communicatio", " actpresentation act", "overexposure act", "underexposure act", "time exposure act", " actphotography act", "solarization attribute", "muckraking communication communicatio", " cognitioview cognitio", "windage attribute", "exposure through eye contactopencycexposure to substance", "exposure to harmful substanceopencycexposure substance", "catalase production testopencycexposure to substance", "opencycexposure eventevent", "opencycexposure to substancephysical event", "entering fluidopencycexposure to substance", "exposure through skin contactopencycexposure to substance", "opencycexposure to substanceopencycexposure event", "microficheopencycphotographic film exposed", "exposure of organismopencycexposure to substance", "photolithography semiconductoropencycexposure event", "sun tanningopencycexposure event", "opencycexposure eventproviding", "contaminatingopencyccontamination eventopencycexposure to substance", "opencycphotographic film exposedphotographic", "gram stain testopencycexposure to substance"], [], [], ["undressing", "exposing", "unwrapping", "removal by moving"], [], [], [], [], [], [], [], [], [" communicatioexposure communicatio"], [], [], [], []], "/r/PartOf": [[], [], [], [], [], [], [], [], [], [], [], [], [], [], [], [], [], [], [], [], [], [], [], [], [], [], [], []], "/r/HasA": [[], [], [], [], [], [], [], [], [], [], [], [], [], [], [], [], [], [], [], [], [], [], [], [], [], [], [], []], "/r/CapableOf": [[], [], [], [], [], [], [], [], [], [], [], [], [], [], [], [], [], [], [], [], [], [], [], [], [], [], [], ["gundog"]], "/r/AtLocation": [[], [], [], [], [], [], [], [], [], [], [], [], [], [], [], [], [], [], [], [], [], [], [], [], [], [], [], []], "/r/HasProperty": [[], [], [], [], [], [], [], [], [], [], [], [], [], [], [], [], [], [], [], [], [], [], [], [], [], [], [], []], "/r/CreatedBy": [[], [], [], [], [], [], [], [], [], [], [], [], [], [], [], [], [], [], [], [], [], [], [], [], [], [], [], []], "/r/Synonym": [[], [], [], ["exposed a "], ["cover object", " actapplication act", "natural covering object", " actcover act"], [], ["v bodyundress body"], ["v communicatiodisclose communicatio", "vdivulge", "unveil perception perceptio", "bring out perception perceptio", "divulge", "transpire", "publish", "vdisclose", "vuncover", "vope", "detect", "vcommunicate", "vshow", "vbewray", "make kno v", "vunveil", "vunfold", "vimpart", "revel", "vdiscover", "jamb"], [], ["disentangle stative", "disembroil stative"], [], [" statevulnerability state", " artifactpicture artifact"], ["v perceptioexcavate perceptio"], ["v socialdisinter social", "vdig up", "ungrave"], [" actdenudation act", " actdiscovery act"], [], ["reveal communication communicatio", "expose communication communicatio", "bring out communication communicatio", "give away communication communicatio", "break communication communicatio", "publish", "let out communication communicatio", "uncover perception perceptio", "unwrap communication communicatio", "let on communication communicatio", "uncover communication communicatio", "divulge communication communicatio", "discover communication communicatio", "expose perception perceptio", "vimpart", "vbring to light", "reveal", "impart", "herald", "declare", "divulge", "let on", "proclaim", "promulge"], [], [], [], [], ["strip change", "denudate change", "bare change"], [], ["v communicatiodisclose communicatio", "unmasking communication communicatio", "display perception perceptio", "exhibit perception perceptio", "v perceptiodisclose perceptio", "v communicatiodebunk communicatio", "v contactuncover contact", "v communicatioqueer communicatio", "discover", "detect", "vnake", "vbewray"], [], [], ["v perceptioreveal perceptio", "reveal"], ["encounter possession possessio", " actdiscovery act", "bump possession possessio", " cognitiodiscovery cognitio", "v possessioline up possessio", "v changefind oneself change", "regain possession possessio", "v perceptiowitness perceptio", "v communicatiorule communicatio", "v communicatiodetermine communicatio", "v creatiodiscover creatio", "feel cognition cognitio", "v changereceive change", "chance possession possessio", "v perceptiodetect perceptio", "v possessiorecover possessio", "happen possession possessio", "v cognitiodiscover cognitio", "discovery", "attain"]], "/r/LocatedNear": [[], [], [], [], [], [], [], [], [], [], [], [], [], [], [], [], [], [], [], [], [], [], [], [], [], [], [], []], "/r/SimilarTo": [[], [], [], ["a unclothed ", "unclothed a "], [], [], [], ["let know"], [], [], [], [], [], [], [], [], [], [], [], [], [], [], [], [], [], [], [], ["locate"]], "/r/MadeOf": [[], [], [], [], [], [], [], [], [], [], [], [], [], [], [], [], [], [], [], [], [], [], [], [], [], [], [], []], "/r/ReceivesAction": [[], [], [], [], [], [], [], [], [], [], [], [], [], [], [], [], [], [], [], [], [], [], [], [], [], [], [], []]}, "/r/UsedFor": {}, "/r/LocatedAt": {}, "/r/FormOf": {"/r/RelatedTo": [["vuncover"], ["vuncover"], ["vuncover"], ["vuncover"]], "/r/UsedFor": [[], [], [], []], "/r/LocatedAt": [[], [], [], []], "/r/FormOf": [["vuncover"], ["vuncover"], ["vuncover", "uncoverings"], ["vuncover"]], "/r/IsA": [[], [], ["undressing", "exposing", "unwrapping", "removal by moving"], []], "/r/PartOf": [[], [], [], []], "/r/HasA": [[], [], [], []], "/r/CapableOf": [[], [], [], []], "/r/AtLocation": [[], [], [], []], "/r/HasProperty": [[], [], [], []], "/r/CreatedBy": [[], [], [], []], "/r/Synonym": [[], [], [" actdenudation act", " actdiscovery act"], []], "/r/LocatedNear": [[], [], [], []], "/r/SimilarTo": [[], [], [], []], "/r/MadeOf": [[], [], [], []], "/r/ReceivesAction": [[], [], [], []]}, "/r/IsA": {}, "/r/PartOf": {}, "/r/HasA": {}, "/r/CapableOf": {}, "/r/AtLocation": {}, "/r/HasProperty": {}, "/r/CreatedBy": {}, "/r/Synonym": {"/r/RelatedTo": [[], [], [], ["revelation", "scratch card", "put one's cards on table", "telltale", "frame", "leak out", "tell all", "betray", "blind item", "outer", "vsupernatural", "unscreen", "revealing", "vdisplay", "vinstructio", "come to light", "unconceal", "unhide", "unlock", "unfold", "door", "namefag", "keep one's cards close to chest", "muck", "shit stirrer", "side", "vuncover", "discover", "irrevealable", "unveil", "spill beans", "lay bare", "revealer", "jamb", "open up", "fantasy collapse", "confess", "show cloven foot", "peekaboo", "babble", "vdivine", "revealed", "bust out", "open kimono", "vcommunicate", "kithe", "revealee", "too much informatio", "show ankle", "take something to grave", "show one's cards", "drop hint", "unmask", "revealest", "uncover", "leprechaun", "let something slip", "disguise", "window", "revealeth", "underboob", "betrayer", "descry", "dead men tell no tales", "drop bomb", "lay open", "semicovering", "revelator", "anacrisis", "unroll", "soliloquy", "betrayinglyr", "speak truth to power", "muhammad", "undelve", "give away", "reveals", "revelatio", "vshow", "uncurtain", "unvisor", "let on", "expose", "forthspeak", "tip one's hand", "vrevelatio", "find", "show"], ["vlay bare", "vexpose"], ["disrobeth", "disrober", "denude", "fan dance", "vundress", "disrobing", "unrobe", "derobe", "disrobes", "disrobed", "divest", "disrobest", "disapparel"]], "/r/UsedFor": [[], [], [], [], [], []], "/r/LocatedAt": [[], [], [], [], [], []], "/r/FormOf": [[], [], [], ["reveals", "revealest", "revealeth", "revealing", "revealed"], ["unbaring", "unbares"], ["disrobed", "disrobes", "disrobing"]], "/r/IsA": [[], [], [], [], [], []], "/r/PartOf": [[], [], [], [], [], []], "/r/HasA": [[], [], [], [], [], []], "/r/CapableOf": [[], [], [], [], [], []], "/r/AtLocation": [[], [], [], [], [], []], "/r/HasProperty": [[], [], [], [], [], []], "/r/CreatedBy": [[], [], [], [], [], []], "/r/Synonym": [[], [], [], ["v communicatiodisclose communicatio", "vdivulge", "unveil perception perceptio", "bring out perception perceptio", "divulge", "transpire", "publish", "vdisclose", "vuncover", "vope", "detect", "vcommunicate", "vshow", "vbewray", "make kno v", "vunveil", "vunfold", "vimpart", "revel", "vdiscover", "jamb"], ["vstrip", "vuncover"], ["vdismantle", "v bodyundress body", "vuncover", "vunclothe", "vstrip", "slip off", "doff"]], "/r/LocatedNear": [[], [], [], [], [], []], "/r/SimilarTo": [[], [], [], ["let know"], [], []], "/r/MadeOf": [[], [], [], [], [], []], "/r/ReceivesAction": [[], [], [], [], [], []]}, "/r/LocatedNear": {}, "/r/SimilarTo": {}, "/r/MadeOf": {}, "/r/ReceivesAction": {}}}, "":{}}